scope,key,period,speed_kmh,dwell_s,stop_delay_s,per_stop_time_s,terminal_hold_s,intercept_s,n_obs,rmse_s,se_speed_kmh
mode,bus,all,54.042221388056554,25.0,77.05569215586958,102.05569215586958,79.72840288222753,0.0,1574064,386.1420269500016,0.1758020804640564
mode,bus,am_peak,45.89461890075134,25.0,93.26415894091743,118.26415894091743,79.72840288222753,0.0,313651,446.1889688214208,0.41236093009028935
mode,bus,pm_peak,52.535577874184234,25.0,84.8795250515198,109.8795250515198,79.72840288222753,0.0,240249,378.3548027982502,0.4057853861803343
mode,bus,off_peak,59.11878711404788,25.0,74.30910888293965,99.30910888293965,79.72840288222753,0.0,1001750,344.29732071060266,0.22358485875975184
mode,bus,night,46.355123957214374,25.0,35.16202190477492,60.16202190477492,79.72840288222753,0.0,18414,339.7550485638262,1.0186032584568483
line,101路(百万庄西口--红庙路口东),all,34.89551918834847,25.0,77.05569215586958,102.05569215586958,79.72840288222753,0.0,3571,410.4712050905975,0.6478379856533596
line,101路(百万庄西口--红庙路口东),am_peak,30.30195838886372,25.0,93.26415894091743,118.26415894091743,79.72840288222753,0.0,659,306.0428786373237,1.149798062353643
line,101路(百万庄西口--红庙路口东),pm_peak,31.939471079448982,25.0,84.8795250515198,109.8795250515198,79.72840288222753,0.0,372,255.99654943800132,1.0547170651523599
line,101路(百万庄西口--红庙路口东),off_peak,37.58578266869849,25.0,74.30910888293965,99.30910888293965,79.72840288222753,0.0,2512,428.0656496649063,0.7581321010332589
line,101路(红庙路口东--百万庄西口),all,35.42161745335022,25.0,77.05569215586958,102.05569215586958,79.72840288222753,0.0,4235,510.44639722897887,0.8524988101304943
line,101路(红庙路口东--百万庄西口),am_peak,31.159256591074225,25.0,93.26415894091743,118.26415894091743,79.72840288222753,0.0,968,460.966269802117,1.1617219847211289
line,101路(红庙路口东--百万庄西口),pm_peak,29.81223050453113,25.0,84.8795250515198,109.8795250515198,79.72840288222753,0.0,474,590.593196857996,3.1401801351483454
line,101路(红庙路口东--百万庄西口),off_peak,39.15014050885424,25.0,74.30910888293965,99.30910888293965,79.72840288222753,0.0,2756,495.07604631833357,1.0236203814886282
line,102路(动物园枢纽站--角门南站),all,47.88821655167743,25.0,77.05569215586958,102.05569215586958,79.72840288222753,0.0,4498,350.49286708948733,1.321097260846327
line,102路(动物园枢纽站--角门南站),am_peak,66.3668408722168,25.0,93.26415894091743,118.26415894091743,79.72840288222753,0.0,684,306.4817818913863,5.575287911741289
line,102路(动物园枢纽站--角门南站),pm_peak,36.52392733485959,25.0,84.8795250515198,109.8795250515198,79.72840288222753,0.0,877,416.52566663796057,2.5747584944789508
line,102路(动物园枢纽站--角门南站),off_peak,50.20996428797342,25.0,74.30910888293965,99.30910888293965,79.72840288222753,0.0,2891,316.7700495103067,1.500182335159738
line,102路(角门南站--动物园枢纽站),all,50.05158410122172,25.0,77.05569215586958,102.05569215586958,79.72840288222753,0.0,3732,378.31976605884887,1.6378437576946852
line,102路(角门南站--动物园枢纽站),am_peak,27.10774243344995,25.0,93.26415894091743,118.26415894091743,79.72840288222753,0.0,544,426.2652177184322,2.290650658561204
line,102路(角门南站--动物园枢纽站),pm_peak,77.47547278189694,25.0,84.8795250515198,109.8795250515198,79.72840288222753,0.0,546,482.10554130515453,14.881799795784715
line,102路(角门南站--动物园枢纽站),off_peak,51.82569033805172,25.0,74.30910888293965,99.30910888293965,79.72840288222753,0.0,2619,294.45118242030577,1.6837843913799748
line,103路(动物园枢纽站--北京站西),all,59.02811436570436,25.0,77.05569215586958,102.05569215586958,79.72840288222753,0.0,4455,336.61360557634333,1.2970174721134393
line,103路(动物园枢纽站--北京站西),am_peak,37.592989404243916,25.0,93.26415894091743,118.26415894091743,79.72840288222753,0.0,825,319.4851679423698,2.1929928493897783
line,103路(动物园枢纽站--北京站西),pm_peak,54.11977345979545,25.0,84.8795250515198,109.8795250515198,79.72840288222753,0.0,528,322.9038482133251,3.799898103184562
line,103路(动物园枢纽站--北京站西),off_peak,64.17839238803435,25.0,74.30910888293965,99.30910888293965,79.72840288222753,0.0,3064,289.33452249843606,1.5106685275383396
line,103路(北京站西--动物园枢纽站),all,49.76453364012703,25.0,77.05569215586958,102.05569215586958,79.72840288222753,0.0,4571,292.7998530091854,0.9765572238015721
line,103路(北京站西--动物园枢纽站),am_peak,37.47028593910099,25.0,93.26415894091743,118.26415894091743,79.72840288222753,0.0,571,377.0439021223174,2.8208390974315822
line,103路(北京站西--动物园枢纽站),pm_peak,53.7724346795057,25.0,84.8795250515198,109.8795250515198,79.72840288222753,0.0,548,234.68301306427298,3.7331546309176034
line,103路(北京站西--动物园枢纽站),off_peak,48.208950447381525,25.0,74.30910888293965,99.30910888293965,79.72840288222753,0.0,3399,252.75120834369204,0.9059976894259733
line,104路(北京站西--地铁柳芳站),all,58.50106786982327,25.0,77.05569215586958,102.05569215586958,79.72840288222753,0.0,2062,281.9495381253066,2.277589158159916
line,104路(北京站西--地铁柳芳站),am_peak,79.99999999999999,25.0,93.26415894091743,118.26415894091743,79.72840288222753,0.0,483,233.29356626813956,5.532665506393956
line,104路(北京站西--地铁柳芳站),pm_peak,43.76837930790171,25.0,84.8795250515198,109.8795250515198,79.72840288222753,0.0,230,251.34042004245876,4.01422386047113
line,104路(北京站西--地铁柳芳站),off_peak,61.773134400268134,25.0,74.30910888293965,99.30910888293965,79.72840288222753,0.0,1327,295.0589960677045,3.461651586742928
line,104路(地铁柳芳站--北京站西),all,56.18191686590471,25.0,77.05569215586958,102.05569215586958,79.72840288222753,0.0,4577,379.6982098028038,1.690583132272466
line,104路(地铁柳芳站--北京站西),am_peak,49.606079257035965,25.0,93.26415894091743,118.26415894091743,79.72840288222753,0.0,1178,427.34573684394104,4.374536480843228
line,104路(地铁柳芳站--北京站西),pm_peak,35.08248031678316,25.0,84.8795250515198,109.8795250515198,79.72840288222753,0.0,404,407.52815183434456,3.327511038319592
line,104路(地铁柳芳站--北京站西),off_peak,64.38535573753546,25.0,74.30910888293965,99.30910888293965,79.72840288222753,0.0,2974,335.74459672610254,1.8391593654827543
line,105路(天桥--白石桥东),all,38.108042463558846,25.0,77.05569215586958,102.05569215586958,79.72840288222753,0.0,5248,299.1928877016761,0.5365478517291375
line,105路(天桥--白石桥东),am_peak,30.535103082395462,25.0,93.26415894091743,118.26415894091743,79.72840288222753,0.0,830,304.5660651013415,1.2619617666177254
line,105路(天桥--白石桥东),pm_peak,37.92601820462562,25.0,84.8795250515198,109.8795250515198,79.72840288222753,0.0,635,214.8840664881658,1.5465512100894512
line,105路(天桥--白石桥东),off_peak,40.121588082604234,25.0,74.30910888293965,99.30910888293965,79.72840288222753,0.0,3741,285.7796945552142,0.6230459599068542
line,105路(白石桥东--天桥),all,41.27489878444348,25.0,77.05569215586958,102.05569215586958,79.72840288222753,0.0,5506,270.5808015322799,0.6889621724801659
line,105路(白石桥东--天桥),am_peak,40.37107518178612,25.0,93.26415894091743,118.26415894091743,79.72840288222753,0.0,766,224.45554927114517,1.3661723699221826
line,105路(白石桥东--天桥),pm_peak,32.46470063530694,25.0,84.8795250515198,109.8795250515198,79.72840288222753,0.0,778,276.11833345099694,1.145921870354945
line,105路(白石桥东--天桥),off_peak,44.54517249808904,25.0,74.30910888293965,99.30910888293965,79.72840288222753,0.0,3856,252.41298412233462,0.7698598216338491
line,106路(东直门枢纽站--北京南站),all,36.76609645796218,25.0,77.05569215586958,102.05569215586958,79.72840288222753,0.0,6562,555.5098842547551,0.9155432889107259
line,106路(东直门枢纽站--北京南站),am_peak,33.09041347546074,25.0,93.26415894091743,118.26415894091743,79.72840288222753,0.0,1043,526.865347908271,2.0566963262663283
line,106路(东直门枢纽站--北京南站),pm_peak,40.364623835635676,25.0,84.8795250515198,109.8795250515198,79.72840288222753,0.0,868,436.9681011196559,2.4684678175985884
line,106路(东直门枢纽站--北京南站),off_peak,38.7238365350803,25.0,74.30910888293965,99.30910888293965,79.72840288222753,0.0,4595,576.4653792440291,1.157652787746257
line,106路(北京南站--东直门枢纽站),all,39.80968833750855,25.0,77.05569215586958,102.05569215586958,79.72840288222753,0.0,6982,537.4230500266589,0.9028580598574809
line,106路(北京南站--东直门枢纽站),am_peak,24.17716442094467,25.0,93.26415894091743,118.26415894091743,79.72840288222753,0.0,945,496.32246357536457,1.1473819455219694
line,106路(北京南站--东直门枢纽站),pm_peak,70.0606192238249,25.0,84.8795250515198,109.8795250515198,79.72840288222753,0.0,773,458.7004109511086,5.4578471973239635
line,106路(北京南站--东直门枢纽站),off_peak,39.98284613203219,25.0,74.30910888293965,99.30910888293965,79.72840288222753,0.0,5207,527.6252879170105,0.8733127991738766
line,107路(东直门枢纽站--白石桥东),all,54.719393931616054,25.0,77.05569215586958,102.05569215586958,79.72840288222753,0.0,5254,482.97931251811195,1.8668391855513191
line,107路(东直门枢纽站--白石桥东),am_peak,50.72437177839169,25.0,93.26415894091743,118.26415894091743,79.72840288222753,0.0,993,492.6816363551122,4.591138603850788
line,107路(东直门枢纽站--白石桥东),pm_peak,40.105765806201845,25.0,84.8795250515198,109.8795250515198,79.72840288222753,0.0,517,466.52791018603597,3.33112566862892
line,107路(东直门枢纽站--白石桥东),off_peak,60.450132488337815,25.0,74.30910888293965,99.30910888293965,79.72840288222753,0.0,3720,474.6065766062645,2.404417357186473
line,107路(白石桥东--东直门枢纽站),all,38.29617739920957,25.0,77.05569215586958,102.05569215586958,79.72840288222753,0.0,4415,450.10912704477647,1.0260048992624564
line,107路(白石桥东--东直门枢纽站),am_peak,36.65506266925586,25.0,93.26415894091743,118.26415894091743,79.72840288222753,0.0,859,420.0484535258616,2.198415858462475
line,107路(白石桥东--东直门枢纽站),pm_peak,50.33494725236962,25.0,84.8795250515198,109.8795250515198,79.72840288222753,0.0,412,463.6118373409454,6.716544453180383
line,107路(白石桥东--东直门枢纽站),off_peak,38.45973056783723,25.0,74.30910888293965,99.30910888293965,79.72840288222753,0.0,3099,452.4125947215631,1.1417160778770978
line,108路(大屯东--崇文门),all,35.280197573536036,25.0,77.05569215586958,102.05569215586958,79.72840288222753,0.0,3938,503.5986504486493,1.3610492859257377
line,108路(大屯东--崇文门),am_peak,25.755698241453675,25.0,93.26415894091743,118.26415894091743,79.72840288222753,0.0,624,375.94196956804734,1.3443442772588468
line,108路(大屯东--崇文门),pm_peak,39.16935186062314,25.0,84.8795250515198,109.8795250515198,79.72840288222753,0.0,497,459.746975435709,4.99664141356127
line,108路(大屯东--崇文门),off_peak,39.312578599190665,25.0,74.30910888293965,99.30910888293965,79.72840288222753,0.0,2783,528.9496890954797,1.8433401310864486
line,108路(崇文门--大屯南),all,37.82596212274064,25.0,77.05569215586958,102.05569215586958,79.72840288222753,0.0,4654,410.09004211216995,0.8632625554419026
line,108路(崇文门--大屯南),am_peak,57.40570349771735,25.0,93.26415894091743,118.26415894091743,79.72840288222753,0.0,892,346.6079833761208,3.522724139028558
line,108路(崇文门--大屯南),pm_peak,45.595026136259825,25.0,84.8795250515198,109.8795250515198,79.72840288222753,0.0,759,316.6467881859413,2.4257391044338226
line,108路(崇文门--大屯南),off_peak,34.855108716824304,25.0,74.30910888293965,99.30910888293965,79.72840288222753,0.0,2956,444.4606142864719,1.062247235920857
line,109路(东大桥公交场站--北京西站南广场),all,36.67702654066407,25.0,77.05569215586958,102.05569215586958,79.72840288222753,0.0,6708,470.2106517813141,0.6097942821315956
line,109路(东大桥公交场站--北京西站南广场),am_peak,42.34493952265251,25.0,93.26415894091743,118.26415894091743,79.72840288222753,0.0,851,403.2510815758876,2.225879829743345
line,109路(东大桥公交场站--北京西站南广场),pm_peak,30.77482906010115,25.0,84.8795250515198,109.8795250515198,79.72840288222753,0.0,836,606.3416824326877,1.6422546639394984
line,109路(东大桥公交场站--北京西站南广场),off_peak,37.69509818755887,25.0,74.30910888293965,99.30910888293965,79.72840288222753,0.0,4982,442.00018076980075,0.6821335846613857
line,109路(北京西站南广场--东大桥公交场站),all,33.321318532004604,25.0,77.05569215586958,102.05569215586958,79.72840288222753,0.0,7585,553.5344433045296,0.6166390245298916
line,109路(北京西站南广场--东大桥公交场站),am_peak,25.78125283830584,25.0,93.26415894091743,118.26415894091743,79.72840288222753,0.0,1619,648.4901962345047,0.786171529409264
line,109路(北京西站南广场--东大桥公交场站),pm_peak,36.874151100344065,25.0,84.8795250515198,109.8795250515198,79.72840288222753,0.0,833,563.8275666538314,2.3550992937408455
line,109路(北京西站南广场--东大桥公交场站),off_peak,36.8731872161004,25.0,74.30910888293965,99.30910888293965,79.72840288222753,0.0,5058,480.09285113989057,0.6928391805669076
line,10路(南菜园--航天桥东),all,36.26059027357344,25.0,77.05569215586958,102.05569215586958,79.72840288222753,0.0,2452,523.3002395788903,2.9535521569721626
line,10路(南菜园--航天桥东),am_peak,24.36805228578559,25.0,93.26415894091743,118.26415894091743,79.72840288222753,0.0,360,625.6191613706027,4.462785936762566
line,10路(南菜园--航天桥东),pm_peak,65.22793618985912,25.0,84.8795250515198,109.8795250515198,79.72840288222753,0.0,529,448.2829972886087,12.435469189913032
line,10路(南菜园--航天桥东),off_peak,35.67283112700086,25.0,74.30910888293965,99.30910888293965,79.72840288222753,0.0,1547,498.6435156370751,3.5886890265935847
line,10路(航天桥东--南菜园),all,40.77675834217636,25.0,77.05569215586958,102.05569215586958,79.72840288222753,0.0,3528,489.99980597097164,2.239642530595781
line,10路(航天桥东--南菜园),am_peak,39.29040918957322,25.0,93.26415894091743,118.26415894091743,79.72840288222753,0.0,1046,502.5447344115261,4.3268614011476965
line,10路(航天桥东--南菜园),pm_peak,36.6367168026108,25.0,84.8795250515198,109.8795250515198,79.72840288222753,0.0,429,682.7597690274422,3.3877585299929396
line,10路(航天桥东--南菜园),off_peak,53.0457181871773,25.0,74.30910888293965,99.30910888293965,79.72840288222753,0.0,2026,417.13961613801524,3.836086263049441
line,110路(北纬路东站--地铁柳芳站),all,36.59305794932305,25.0,77.05569215586958,102.05569215586958,79.72840288222753,0.0,6827,400.150804569027,0.5240628572633539
line,110路(北纬路东站--地铁柳芳站),am_peak,41.67378266291774,25.0,93.26415894091743,118.26415894091743,79.72840288222753,0.0,1245,374.6343215147052,1.1554943696191489
line,110路(北纬路东站--地铁柳芳站),pm_peak,33.08490642164481,25.0,84.8795250515198,109.8795250515198,79.72840288222753,0.0,864,374.53217957948095,1.2294508577555159
line,110路(北纬路东站--地铁柳芳站),off_peak,39.380584360723425,25.0,74.30910888293965,99.30910888293965,79.72840288222753,0.0,4650,405.2432340087408,0.7157814267897729
line,110路(地铁柳芳站--北纬路东站),all,33.226090416367036,25.0,77.05569215586958,102.05569215586958,79.72840288222753,0.0,7095,314.6264557119159,0.40337072222007236
line,110路(地铁柳芳站--北纬路东站),am_peak,37.94049934104569,25.0,93.26415894091743,118.26415894091743,79.72840288222753,0.0,1144,343.9883594105529,1.5558192218234956
line,110路(地铁柳芳站--北纬路东站),pm_peak,35.04479000377295,25.0,84.8795250515198,109.8795250515198,79.72840288222753,0.0,946,263.7928579610142,1.2293450481991903
line,110路(地铁柳芳站--北纬路东站),off_peak,32.609046644956464,25.0,74.30910888293965,99.30910888293965,79.72840288222753,0.0,4851,307.12951517495384,0.43922246365939305
line,110路(地铁柳芳站--北纬路东站),night,39.88509251962148,25.0,35.16202190477492,60.16202190477492,79.72840288222753,0.0,154,102.10222236243352,1.5725297546204597
line,111路(崇文门--白石桥东),all,42.09927710584455,25.0,77.05569215586958,102.05569215586958,79.72840288222753,0.0,4820,442.58644002809257,1.0853335254411518
line,111路(崇文门--白石桥东),am_peak,42.3649623608629,25.0,93.26415894091743,118.26415894091743,79.72840288222753,0.0,786,360.18421236803346,2.133572604148584
line,111路(崇文门--白石桥东),pm_peak,45.653818139515224,25.0,84.8795250515198,109.8795250515198,79.72840288222753,0.0,466,382.38208937237385,4.769667885262159
line,111路(崇文门--白石桥东),off_peak,44.67003827278545,25.0,74.30910888293965,99.30910888293965,79.72840288222753,0.0,3544,463.7280317177556,1.3783919946620042
line,111路(白石桥东--崇文门),all,29.77001204262619,25.0,77.05569215586958,102.05569215586958,79.72840288222753,0.0,5166,520.1219727807622,0.7171195413178733
line,111路(白石桥东--崇文门),am_peak,22.884416974189165,25.0,93.26415894091743,118.26415894091743,79.72840288222753,0.0,1027,628.4135815780866,1.0281775498536987
line,111路(白石桥东--崇文门),pm_peak,42.772512474422165,25.0,84.8795250515198,109.8795250515198,79.72840288222753,0.0,447,399.7045774296349,2.6279190698641015
line,111路(白石桥东--崇文门),off_peak,32.445330865776896,25.0,74.30910888293965,99.30910888293965,79.72840288222753,0.0,3670,472.7450820093355,0.8114757256907023
line,113路(大北窑南--祁家豁子),all,79.08960275892171,25.0,77.05569215586958,102.05569215586958,79.72840288222753,0.0,3996,302.1880582443278,2.4039581571416084
line,113路(大北窑南--祁家豁子),am_peak,45.946060097576954,25.0,93.26415894091743,118.26415894091743,79.72840288222753,0.0,548,313.45598087745265,5.199014069116395
line,113路(大北窑南--祁家豁子),pm_peak,79.99999999999999,25.0,84.8795250515198,109.8795250515198,79.72840288222753,0.0,741,253.06066528827134,4.1363777780547535
line,113路(大北窑南--祁家豁子),off_peak,79.99999999999916,25.0,74.30910888293965,99.30910888293965,79.72840288222753,0.0,2655,292.45168318475163,2.671044530813408
line,113路(祁家豁子--大北窑南),all,61.12069336813105,25.0,77.05569215586958,102.05569215586958,79.72840288222753,0.0,4522,428.66936049752667,2.4509512292605575
line,113路(祁家豁子--大北窑南),am_peak,57.48125356502419,25.0,93.26415894091743,118.26415894091743,79.72840288222753,0.0,1050,336.47010328381464,4.009359092699316
line,113路(祁家豁子--大北窑南),pm_peak,70.49463149840707,25.0,84.8795250515198,109.8795250515198,79.72840288222753,0.0,622,468.31526752623853,7.407986439444888
line,113路(祁家豁子--大北窑南),off_peak,71.00668332120073,25.0,74.30910888293965,99.30910888293965,79.72840288222753,0.0,2799,445.34573419668766,3.7727351090728822
line,114路(南坞--白云路),all,77.6498561151842,25.0,77.05569215586958,102.05569215586958,79.72840288222753,0.0,1930,232.82153943786966,2.6770193733000065
line,114路(南坞--白云路),am_peak,79.99999999999999,25.0,93.26415894091743,118.26415894091743,79.72840288222753,0.0,566,208.33197871369285,5.372048639920078
line,114路(南坞--白云路),pm_peak,79.99999999999557,25.0,84.8795250515198,109.8795250515198,79.72840288222753,0.0,231,207.4131654136634,10.286428671824183
line,114路(南坞--白云路),off_peak,79.99999999999999,25.0,74.30910888293965,99.30910888293965,79.72840288222753,0.0,1117,246.1628000124391,3.483996084684159
line,114路(白云路--南坞),all,69.36448217729767,25.0,77.05569215586958,102.05569215586958,79.72840288222753,0.0,2641,380.2425819513701,3.689513208231142
line,114路(白云路--南坞),am_peak,69.95489348881307,25.0,93.26415894091743,118.26415894091743,79.72840288222753,0.0,576,279.29848694406223,5.538671013544089
line,114路(白云路--南坞),pm_peak,47.176722181004614,25.0,84.8795250515198,109.8795250515198,79.72840288222753,0.0,447,495.3974849414717,5.665026685893629
line,114路(白云路--南坞),off_peak,79.99999999999999,25.0,74.30910888293965,99.30910888293965,79.72840288222753,0.0,1603,358.01550454324985,5.1251244431141805
line,115路(东黄城根北口--康家沟),all,42.52496545544886,25.0,77.05569215586958,102.05569215586958,79.72840288222753,0.0,4287,307.85447376722925,0.7771916364698533
line,115路(东黄城根北口--康家沟),am_peak,79.99999999999999,25.0,93.26415894091743,118.26415894091743,79.72840288222753,0.0,728,196.61191996764242,5.060824104550017
line,115路(东黄城根北口--康家沟),pm_peak,36.46367587674885,25.0,84.8795250515198,109.8795250515198,79.72840288222753,0.0,712,408.9385730640958,2.2281527467434454
line,115路(东黄城根北口--康家沟),off_peak,39.77673500859579,25.0,74.30910888293965,99.30910888293965,79.72840288222753,0.0,2743,286.9001193282261,0.8034112666308479
line,115路(康家沟--东黄城根北口),all,39.85936963642308,25.0,77.05569215586958,102.05569215586958,79.72840288222753,0.0,2825,286.6860339440492,1.1819414675487612
line,115路(康家沟--东黄城根北口),am_peak,42.85384398496912,25.0,93.26415894091743,118.26415894091743,79.72840288222753,0.0,599,215.9260756687995,2.6942462905030427
line,115路(康家沟--东黄城根北口),pm_peak,48.057440788280545,25.0,84.8795250515198,109.8795250515198,79.72840288222753,0.0,296,388.2702964411949,6.023710224477853
line,115路(康家沟--东黄城根北口),off_peak,41.18211047495041,25.0,74.30910888293965,99.30910888293965,79.72840288222753,0.0,1884,283.65168873153914,1.5603636582730218
line,116路(地铁柳芳站--龙潭公园),all,32.135362325187195,25.0,77.05569215586958,102.05569215586958,79.72840288222753,0.0,1957,480.07781189359724,1.5448916021457582
line,116路(地铁柳芳站--龙潭公园),am_peak,42.71277616955098,25.0,93.26415894091743,118.26415894091743,79.72840288222753,0.0,320,559.2426741874744,5.796804687294758
line,116路(地铁柳芳站--龙潭公园),pm_peak,24.81065885448227,25.0,84.8795250515198,109.8795250515198,79.72840288222753,0.0,325,346.72874114895217,2.385663049809148
line,116路(地铁柳芳站--龙潭公园),off_peak,35.226156661433706,25.0,74.30910888293965,99.30910888293965,79.72840288222753,0.0,1285,475.635081369758,2.4965815921421566
line,116路(龙潭公园--地铁柳芳站),all,49.72475899702573,25.0,77.05569215586958,102.05569215586958,79.72840288222753,0.0,1878,400.9024544845263,2.9382389418175845
line,116路(龙潭公园--地铁柳芳站),am_peak,42.817901230941565,25.0,93.26415894091743,118.26415894091743,79.72840288222753,0.0,350,433.52296886353037,10.885090764724184
line,116路(龙潭公园--地铁柳芳站),off_peak,45.90668867145528,25.0,74.30910888293965,99.30910888293965,79.72840288222753,0.0,1335,397.9512160912527,2.554909671336113
line,117路(五路居--红庙路口东),all,35.90063354819289,25.0,77.05569215586958,102.05569215586958,79.72840288222753,0.0,4397,361.062038491672,0.6094103044793304
line,117路(五路居--红庙路口东),am_peak,41.93893484430646,25.0,93.26415894091743,118.26415894091743,79.72840288222753,0.0,620,362.66928031624406,2.537309136324033
line,117路(五路居--红庙路口东),pm_peak,27.63548652935094,25.0,84.8795250515198,109.8795250515198,79.72840288222753,0.0,691,409.43126310641645,1.8608492911387007
line,117路(五路居--红庙路口东),off_peak,37.33126532170687,25.0,74.30910888293965,99.30910888293965,79.72840288222753,0.0,3041,337.37088544247115,0.6455332692587383
line,117路(红庙路口东--五路居),all,43.69574535892506,25.0,77.05569215586958,102.05569215586958,79.72840288222753,0.0,4656,406.0373758010914,1.0717946410207726
line,117路(红庙路口东--五路居),am_peak,44.21024533628209,25.0,93.26415894091743,118.26415894091743,79.72840288222753,0.0,1032,369.40719698376927,2.342490280284906
line,117路(红庙路口东--五路居),pm_peak,51.55266079677218,25.0,84.8795250515198,109.8795250515198,79.72840288222753,0.0,509,403.59990429847454,3.3821474325022636
line,117路(红庙路口东--五路居),off_peak,46.50320667669212,25.0,74.30910888293965,99.30910888293965,79.72840288222753,0.0,3048,414.3665726604898,1.4321622163999501
line,118路(紫竹院南门--红庙路口东),all,42.82919984739392,25.0,77.05569215586958,102.05569215586958,79.72840288222753,0.0,4164,367.3073961705879,0.7576161451209441
line,118路(紫竹院南门--红庙路口东),am_peak,48.98076031534564,25.0,93.26415894091743,118.26415894091743,79.72840288222753,0.0,842,239.35742882490814,1.4610926698389646
line,118路(紫竹院南门--红庙路口东),pm_peak,47.22793451997853,25.0,84.8795250515198,109.8795250515198,79.72840288222753,0.0,575,339.16215076520206,2.7288098105462755
line,118路(紫竹院南门--红庙路口东),off_peak,44.79618585429201,25.0,74.30910888293965,99.30910888293965,79.72840288222753,0.0,2720,399.79196967883524,0.9253294366048366
line,118路(红庙路口东--紫竹院南门),all,48.25860086398312,25.0,77.05569215586958,102.05569215586958,79.72840288222753,0.0,4329,378.76364317220003,1.2258288136779323
line,118路(红庙路口东--紫竹院南门),am_peak,42.297331719960724,25.0,93.26415894091743,118.26415894091743,79.72840288222753,0.0,627,402.46851613066474,2.311969569512526
line,118路(红庙路口东--紫竹院南门),pm_peak,35.36981901490816,25.0,84.8795250515198,109.8795250515198,79.72840288222753,0.0,765,327.5053321926239,1.4160101257267306
line,118路(红庙路口东--紫竹院南门),off_peak,55.449289967713526,25.0,74.30910888293965,99.30910888293965,79.72840288222753,0.0,2885,354.65703637263,1.5307467428464716
line,119路(地铁芍药居站--安定门),all,46.216507605565525,25.0,77.05569215586958,102.05569215586958,79.72840288222753,0.0,1092,280.97350283487725,2.1913510619528833
line,119路(地铁芍药居站--安定门),am_peak,45.67815721747329,25.0,93.26415894091743,118.26415894091743,79.72840288222753,0.0,261,282.8866378381341,4.2823999694795845
line,119路(地铁芍药居站--安定门),off_peak,49.31295966227049,25.0,74.30910888293965,99.30910888293965,79.72840288222753,0.0,796,278.97683573040496,2.5290284711556206
line,119路(安定门--地铁芍药居站),all,79.99999999999999,25.0,77.05569215586958,102.05569215586958,79.72840288222753,0.0,1646,252.46819882215294,5.009257605854338
line,119路(安定门--地铁芍药居站),am_peak,79.99999999999999,25.0,93.26415894091743,118.26415894091743,79.72840288222753,0.0,529,260.913252892559,13.993843810683753
line,119路(安定门--地铁芍药居站),off_peak,79.99999999999999,25.0,74.30910888293965,99.30910888293965,79.72840288222753,0.0,1038,229.0058944966671,4.569218437339071
line,11路(大北窑东--孛罗营),all,30.458987892415504,25.0,77.05569215586958,102.05569215586958,79.72840288222753,0.0,875,377.4015058747491,3.900183885340061
line,11路(大北窑东--孛罗营),pm_peak,21.067273636429306,25.0,84.8795250515198,109.8795250515198,79.72840288222753,0.0,176,359.63995060324237,3.7488036117655077
line,11路(大北窑东--孛罗营),off_peak,43.32816647366527,25.0,74.30910888293965,99.30910888293965,79.72840288222753,0.0,468,347.4100427333636,7.926484345795537
line,11路(孛罗营--大北窑东),all,28.70762184525141,25.0,77.05569215586958,102.05569215586958,79.72840288222753,0.0,313,268.9649851374917,3.408826692075636
line,11路(孛罗营--大北窑东),off_peak,30.511788271958828,25.0,74.30910888293965,99.30910888293965,79.72840288222753,0.0,217,258.51884324122375,4.416166455089556
line,120路(左家庄--石榴园东),all,61.227955928772886,25.0,77.05569215586958,102.05569215586958,79.72840288222753,0.0,7129,207.7017141330538,0.6608842428070159
line,120路(左家庄--石榴园东),am_peak,79.99999999999999,25.0,93.26415894091743,118.26415894091743,79.72840288222753,0.0,1302,183.65641988994133,2.3636873118855624
line,120路(左家庄--石榴园东),pm_peak,56.25700730354576,25.0,84.8795250515198,109.8795250515198,79.72840288222753,0.0,1205,207.16964844148217,1.415301080406171
line,120路(左家庄--石榴园东),off_peak,62.27303179481131,25.0,74.30910888293965,99.30910888293965,79.72840288222753,0.0,4499,195.523835376181,0.8041991010170334
line,120路(石榴园东--左家庄),all,45.257381787834376,25.0,77.05569215586958,102.05569215586958,79.72840288222753,0.0,6482,292.2388634785058,0.6848874495620674
line,120路(石榴园东--左家庄),am_peak,37.60329540480798,25.0,93.26415894091743,118.26415894091743,79.72840288222753,0.0,1254,253.37569783166788,0.8001996589056809
line,120路(石榴园东--左家庄),pm_peak,42.915340850453006,25.0,84.8795250515198,109.8795250515198,79.72840288222753,0.0,722,346.19333835661047,2.445643200074019
line,120路(石榴园东--左家庄),off_peak,50.08477562514206,25.0,74.30910888293965,99.30910888293965,79.72840288222753,0.0,4455,257.32117763931035,0.792528652166823
line,121路(南坞--阜成门内),all,76.16650935727455,25.0,77.05569215586958,102.05569215586958,79.72840288222753,0.0,1993,222.30042715426066,3.224658669507861
line,121路(南坞--阜成门内),am_peak,48.72990442650512,25.0,93.26415894091743,118.26415894091743,79.72840288222753,0.0,684,195.95830205917716,1.9526818742220629
line,121路(南坞--阜成门内),pm_peak,79.99999999999999,25.0,84.8795250515198,109.8795250515198,79.72840288222753,0.0,190,179.67705013704466,8.412308259730136
line,121路(南坞--阜成门内),off_peak,79.99999999999999,25.0,74.30910888293965,99.30910888293965,79.72840288222753,0.0,1116,195.84106219548684,3.661283871383915
line,121路(阜成门内--南坞),all,79.99999999999999,25.0,77.05569215586958,102.05569215586958,79.72840288222753,0.0,2494,304.0341617510204,3.7240300777156885
line,121路(阜成门内--南坞),am_peak,79.99999999999999,25.0,93.26415894091743,118.26415894091743,79.72840288222753,0.0,510,289.6817823630834,7.306556440094653
line,121路(阜成门内--南坞),pm_peak,67.67344353516312,25.0,84.8795250515198,109.8795250515198,79.72840288222753,0.0,461,325.1536529768829,7.228194027336423
line,121路(阜成门内--南坞),off_peak,79.99999999999999,25.0,74.30910888293965,99.30910888293965,79.72840288222753,0.0,1494,286.3516133213227,4.566067524394303
line,122路(北京站东街--北京西站南广场),all,79.99999999999999,25.0,77.05569215586958,102.05569215586958,79.72840288222753,0.0,6428,372.9673887739952,1.447846761478445
line,122路(北京站东街--北京西站南广场),am_peak,39.805842296923544,25.0,93.26415894091743,118.26415894091743,79.72840288222753,0.0,1131,411.222023362164,1.8276118680912046
line,122路(北京站东街--北京西站南广场),pm_peak,79.99999999999999,25.0,84.8795250515198,109.8795250515198,79.72840288222753,0.0,954,329.98688083902783,4.206617424875206
line,122路(北京站东街--北京西站南广场),off_peak,79.99999999999999,25.0,74.30910888293965,99.30910888293965,79.72840288222753,0.0,4198,285.8552316309778,1.2912426514524302
line,122路(北京西站南广场--北京站东街),all,79.99999999999999,25.0,77.05569215586958,102.05569215586958,79.72840288222753,0.0,6522,413.45088993699073,1.7539104559218512
line,122路(北京西站南广场--北京站东街),am_peak,38.850247231632245,25.0,93.26415894091743,118.26415894091743,79.72840288222753,0.0,1304,444.71424330300687,1.912119872982391
line,122路(北京西站南广场--北京站东街),pm_peak,79.99999999999999,25.0,84.8795250515198,109.8795250515198,79.72840288222753,0.0,865,302.33332267498173,3.2315435870604485
line,122路(北京西站南广场--北京站东街),off_peak,79.99999999999999,25.0,74.30910888293965,99.30910888293965,79.72840288222753,0.0,4223,323.5632614528002,1.8609591070574758
line,123路(左家庄桥西--牡丹园西),all,79.99999999999999,25.0,77.05569215586958,102.05569215586958,79.72840288222753,0.0,5001,362.06994460343356,3.0044230868594757
line,123路(左家庄桥西--牡丹园西),am_peak,63.71064237072126,25.0,93.26415894091743,118.26415894091743,79.72840288222753,0.0,1130,531.5024105261331,5.53249673889972
line,123路(左家庄桥西--牡丹园西),pm_peak,79.99999999999997,25.0,84.8795250515198,109.8795250515198,79.72840288222753,0.0,698,298.0971004282898,7.868961763351632
line,123路(左家庄桥西--牡丹园西),off_peak,79.99999999999999,25.0,74.30910888293965,99.30910888293965,79.72840288222753,0.0,3142,265.893907376982,2.7977701730583515
line,123路(牡丹园西--香河园桥),all,79.99999999999999,25.0,77.05569215586958,102.05569215586958,79.72840288222753,0.0,4582,339.4517701663063,3.376788207872683
line,123路(牡丹园西--香河园桥),am_peak,77.2378034522124,25.0,93.26415894091743,118.26415894091743,79.72840288222753,0.0,537,378.95581152204034,9.064377911459937
line,123路(牡丹园西--香河园桥),pm_peak,79.99999999999999,25.0,84.8795250515198,109.8795250515198,79.72840288222753,0.0,770,372.1048178409684,10.291628137853259
line,123路(牡丹园西--香河园桥),off_peak,79.99999999999999,25.0,74.30910888293965,99.30910888293965,79.72840288222753,0.0,3242,311.739570589064,3.3149759247542914
line,124路(大屯东--西四丁字街),all,55.39627163100957,25.0,77.05569215586958,102.05569215586958,79.72840288222753,0.0,3957,237.83423407282027,1.1424398086150187
line,124路(大屯东--西四丁字街),am_peak,45.367908473662844,25.0,93.26415894091743,118.26415894091743,79.72840288222753,0.0,886,220.5468728366288,2.2096173353940287
line,124路(大屯东--西四丁字街),pm_peak,79.99999999999999,25.0,84.8795250515198,109.8795250515198,79.72840288222753,0.0,377,266.5144075285683,8.590938670470988
line,124路(大屯东--西四丁字街),off_peak,60.44199504251177,25.0,74.30910888293965,99.30910888293965,79.72840288222753,0.0,2670,200.8255283414841,1.4036436264709145
line,124路(西四路口东--大屯南),all,59.995941799352835,25.0,77.05569215586958,102.05569215586958,79.72840288222753,0.0,3891,249.67814674843044,1.1562164402215303
line,124路(西四路口东--大屯南),am_peak,77.49065208840365,25.0,93.26415894091743,118.26415894091743,79.72840288222753,0.0,497,265.6433474820858,6.557208748268582
line,124路(西四路口东--大屯南),pm_peak,57.12505448813017,25.0,84.8795250515198,109.8795250515198,79.72840288222753,0.0,495,392.80981301338664,3.8163960648415136
line,124路(西四路口东--大屯南),off_peak,58.654362037857155,25.0,74.30910888293965,99.30910888293965,79.72840288222753,0.0,2864,203.09210103849827,1.1192075342216272
line,125路(安定门--芍药居),all,79.99999999999999,25.0,77.05569215586958,102.05569215586958,79.72840288222753,0.0,510,225.29030395074986,9.64364986126511
line,125路(安定门--芍药居),off_peak,79.99999999999999,25.0,74.30910888293965,99.30910888293965,79.72840288222753,0.0,394,226.35113191156455,9.460182921358818
line,125路(芍药居--安定门),all,66.94227601494211,25.0,77.05569215586958,102.05569215586958,79.72840288222753,0.0,330,324.2660191081744,6.723585068305605
line,125路(芍药居--安定门),off_peak,76.23710953244903,25.0,74.30910888293965,99.30910888293965,79.72840288222753,0.0,193,116.26943303911139,8.050474811201905
line,126路(北京站东--石各庄),all,41.48720598330339,25.0,77.05569215586958,102.05569215586958,79.72840288222753,0.0,999,232.07235416611414,1.195123707431601
line,126路(北京站东--石各庄),pm_peak,34.81346013984763,25.0,84.8795250515198,109.8795250515198,79.72840288222753,0.0,202,254.6245434149909,3.4362870794857217
line,126路(北京站东--石各庄),off_peak,42.94893442760402,25.0,74.30910888293965,99.30910888293965,79.72840288222753,0.0,678,216.49059862765623,1.266059774259569
line,126路(石各庄--北京站东),all,54.427223621207226,25.0,77.05569215586958,102.05569215586958,79.72840288222753,0.0,1007,188.63008669309215,3.3281028117333347
line,126路(石各庄--北京站东),am_peak,56.403892160869425,25.0,93.26415894091743,118.26415894091743,79.72840288222753,0.0,264,147.28949810379206,4.356236526714339
line,126路(石各庄--北京站东),off_peak,71.06962016431372,25.0,74.30910888293965,99.30910888293965,79.72840288222753,0.0,643,181.61672224135103,5.9632704992989085
line,128路(北京三十九中学--红寺桥),all,32.59685105924286,25.0,77.05569215586958,102.05569215586958,79.72840288222753,0.0,6813,512.1796640542832,0.6270946650400243
line,128路(北京三十九中学--红寺桥),am_peak,27.593186802955216,25.0,93.26415894091743,118.26415894091743,79.72840288222753,0.0,600,494.15625629247137,1.3454790855821566
line,128路(北京三十九中学--红寺桥),pm_peak,34.32677591577025,25.0,84.8795250515198,109.8795250515198,79.72840288222753,0.0,1051,454.1019214059988,1.4445847054752405
line,128路(北京三十九中学--红寺桥),off_peak,33.19260339634792,25.0,74.30910888293965,99.30910888293965,79.72840288222753,0.0,5081,520.1864756003557,0.7403057290569316
line,128路(肖村桥北--北京三十九中学),all,48.63581725321443,25.0,77.05569215586958,102.05569215586958,79.72840288222753,0.0,6629,465.71350747313517,1.3414761491547111
line,128路(肖村桥北--北京三十九中学),am_peak,29.842002648740188,25.0,93.26415894091743,118.26415894091743,79.72840288222753,0.0,1564,532.9625458987518,1.5508690036242478
line,128路(肖村桥北--北京三十九中学),pm_peak,79.99999999999999,25.0,84.8795250515198,109.8795250515198,79.72840288222753,0.0,373,330.8999467705929,11.554761889904157
line,128路(肖村桥北--北京三十九中学),off_peak,58.46059615507047,25.0,74.30910888293965,99.30910888293965,79.72840288222753,0.0,4689,381.3393610620262,1.7149860555565972
line,130路(东湖--北官厅),all,77.98271818666329,25.0,77.05569215586958,102.05569215586958,79.72840288222753,0.0,2591,258.93148429468323,4.540629106046545
line,130路(东湖--北官厅),am_peak,79.99999999999999,25.0,93.26415894091743,118.26415894091743,79.72840288222753,0.0,582,332.63146779204465,22.238447952418017
line,130路(东湖--北官厅),pm_peak,54.732993346706614,25.0,84.8795250515198,109.8795250515198,79.72840288222753,0.0,409,252.35758721650507,6.194970510524819
line,130路(东湖--北官厅),off_peak,79.99999999999588,25.0,74.30910888293965,99.30910888293965,79.72840288222753,0.0,1592,220.5367889149929,4.699977186707936
line,130路(北官厅--东湖),all,79.84721440068704,25.0,77.05569215586958,102.05569215586958,79.72840288222753,0.0,2809,220.23305827023896,4.224468201573689
line,130路(北官厅--东湖),am_peak,79.99999999999999,25.0,93.26415894091743,118.26415894091743,79.72840288222753,0.0,455,186.49801881690163,11.40992991669387
line,130路(北官厅--东湖),pm_peak,63.801485782449674,25.0,84.8795250515198,109.8795250515198,79.72840288222753,0.0,455,298.2270841087262,11.012629250634493
line,130路(北官厅--东湖),off_peak,79.00587994315745,25.0,74.30910888293965,99.30910888293965,79.72840288222753,0.0,1872,207.7981597567059,4.278836602614207
line,132路(东湖--东直门枢纽站),all,37.37498188906107,25.0,77.05569215586958,102.05569215586958,79.72840288222753,0.0,886,193.4677597231921,1.4021420800360447
line,132路(东湖--东直门枢纽站),am_peak,30.920795336693317,25.0,93.26415894091743,118.26415894091743,79.72840288222753,0.0,220,178.17115016804073,2.1744135010887846
line,132路(东湖--东直门枢纽站),off_peak,45.77175649293195,25.0,74.30910888293965,99.30910888293965,79.72840288222753,0.0,539,176.5836297758414,2.1252065698246976
line,132路(东直门枢纽站--东湖),all,41.910429574591745,25.0,77.05569215586958,102.05569215586958,79.72840288222753,0.0,927,210.94843273446904,1.7626309216988856
line,132路(东直门枢纽站--东湖),off_peak,42.22982145754071,25.0,74.30910888293965,99.30910888293965,79.72840288222753,0.0,645,218.8901174930147,1.861723708881366
line,133路(北京南站--晓月苑小区),all,64.16432865520099,25.0,77.05569215586958,102.05569215586958,79.72840288222753,0.0,3486,272.2644533250305,1.9056180004161907
line,133路(北京南站--晓月苑小区),am_peak,56.592243079017734,25.0,93.26415894091743,118.26415894091743,79.72840288222753,0.0,459,262.91298894714794,5.152312623207175
line,133路(北京南站--晓月苑小区),pm_peak,48.68209749551811,25.0,84.8795250515198,109.8795250515198,79.72840288222753,0.0,711,230.02875288270084,2.4123294572361624
line,133路(北京南站--晓月苑小区),off_peak,78.20965862918445,25.0,74.30910888293965,99.30910888293965,79.72840288222753,0.0,2282,270.979003971544,2.6312391685088277
line,133路(晓月苑小区--北京南站),all,53.54786860637447,25.0,77.05569215586958,102.05569215586958,79.72840288222753,0.0,3270,237.90875621544828,1.2132520911931521
line,133路(晓月苑小区--北京南站),am_peak,35.56304305726579,25.0,93.26415894091743,118.26415894091743,79.72840288222753,0.0,876,280.4570890435514,1.4955629847800902
line,133路(晓月苑小区--北京南站),pm_peak,74.63673900305626,25.0,84.8795250515198,109.8795250515198,79.72840288222753,0.0,476,132.27285508566555,3.917694719392785
line,133路(晓月苑小区--北京南站),off_peak,60.87366643359654,25.0,74.30910888293965,99.30910888293965,79.72840288222753,0.0,1907,180.94441524924937,1.5708600372465438
line,138路(唐家村--石佛营西里),all,13.378689355737114,25.0,77.05569215586958,102.05569215586958,79.72840288222753,0.0,902,330.96071310554515,0.771678773019343
line,138路(唐家村--石佛营西里),am_peak,14.423197616936266,25.0,93.26415894091743,118.26415894091743,79.72840288222753,0.0,195,302.0941497789053,1.9376711702486866
line,138路(唐家村--石佛营西里),off_peak,12.990621364116416,25.0,74.30910888293965,99.30910888293965,79.72840288222753,0.0,581,333.36112163238755,0.8712322938628467
line,138路(石佛营西里--唐家村),all,20.921187139417363,25.0,77.05569215586958,102.05569215586958,79.72840288222753,0.0,272,187.18085391029794,1.42993477917087
line,139路(东大桥公交场站--宋家庄枢纽站),all,29.90949940963849,25.0,77.05569215586958,102.05569215586958,79.72840288222753,0.0,4139,294.4235650516575,0.4371044284727359
line,139路(东大桥公交场站--宋家庄枢纽站),am_peak,51.73555006857902,25.0,93.26415894091743,118.26415894091743,79.72840288222753,0.0,497,156.69427905708463,2.0559597839675527
line,139路(东大桥公交场站--宋家庄枢纽站),pm_peak,25.417560012594205,25.0,84.8795250515198,109.8795250515198,79.72840288222753,0.0,868,373.27384366564456,1.1235376053748654
line,139路(东大桥公交场站--宋家庄枢纽站),off_peak,29.744200606119247,25.0,74.30910888293965,99.30910888293965,79.72840288222753,0.0,2707,258.8669352373685,0.5034230583126249
line,139路(宋家庄枢纽站--东大桥公交场站),all,27.997105694241196,25.0,77.05569215586958,102.05569215586958,79.72840288222753,0.0,4205,419.754052999464,0.6096996404200438
line,139路(宋家庄枢纽站--东大桥公交场站),am_peak,17.80413656823971,25.0,93.26415894091743,118.26415894091743,79.72840288222753,0.0,1029,346.29562516263724,0.35259282392080366
line,139路(宋家庄枢纽站--东大桥公交场站),pm_peak,38.30511172815804,25.0,84.8795250515198,109.8795250515198,79.72840288222753,0.0,432,498.5199809079356,2.203593088823258
line,139路(宋家庄枢纽站--东大桥公交场站),off_peak,34.422359727029566,25.0,74.30910888293965,99.30910888293965,79.72840288222753,0.0,2722,325.1101332981888,0.6422658040524396
line,13路(小营公交场站--西城三里河),all,53.37590536759087,25.0,77.05569215586958,102.05569215586958,79.72840288222753,0.0,5034,283.97760541091327,0.991412653285247
line,13路(小营公交场站--西城三里河),am_peak,43.4252170427814,25.0,93.26415894091743,118.26415894091743,79.72840288222753,0.0,932,278.7688508910772,1.6399485259537707
line,13路(小营公交场站--西城三里河),pm_peak,60.081364505173525,25.0,84.8795250515198,109.8795250515198,79.72840288222753,0.0,669,322.16885975,3.414636251714617
line,13路(小营公交场站--西城三里河),off_peak,58.42500328268086,25.0,74.30910888293965,99.30910888293965,79.72840288222753,0.0,3377,241.57164102624998,1.1677486026092758
line,13路(西城三里河--小营公交场站),all,52.622237822124475,25.0,77.05569215586958,102.05569215586958,79.72840288222753,0.0,6273,343.8515474134927,1.0320491331140402
line,13路(西城三里河--小营公交场站),am_peak,57.251326848753685,25.0,93.26415894091743,118.26415894091743,79.72840288222753,0.0,918,357.5795048625454,3.2877069097599843
line,13路(西城三里河--小营公交场站),pm_peak,37.06749593151521,25.0,84.8795250515198,109.8795250515198,79.72840288222753,0.0,976,352.9352404906273,1.8542648867501654
line,13路(西城三里河--小营公交场站),off_peak,57.36173300159525,25.0,74.30910888293965,99.30910888293965,79.72840288222753,0.0,4317,308.5310313903011,1.126295008995825
line,140路(北京站东街--石佛营西里),all,79.99999999999999,25.0,77.05569215586958,102.05569215586958,79.72840288222753,0.0,165,240.2524704835657,11.567781086747035
line,14路(北京三十九中学--角门南站),all,34.99870714649168,25.0,77.05569215586958,102.05569215586958,79.72840288222753,0.0,4056,412.0943302193633,0.6775095991982512
line,14路(北京三十九中学--角门南站),am_peak,46.34147146648201,25.0,93.26415894091743,118.26415894091743,79.72840288222753,0.0,605,394.7616689398904,4.332502384882324
line,14路(北京三十九中学--角门南站),pm_peak,25.70344081285698,25.0,84.8795250515198,109.8795250515198,79.72840288222753,0.0,611,495.593403082072,0.8660190712656098
line,14路(北京三十九中学--角门南站),off_peak,35.98714914976379,25.0,74.30910888293965,99.30910888293965,79.72840288222753,0.0,2791,382.51032742514263,0.6945836257795698
line,14路(角门南站--北京三十九中学),all,29.980852316445898,25.0,77.05569215586958,102.05569215586958,79.72840288222753,0.0,3776,550.5607278328105,1.2068748664780038
line,14路(角门南站--北京三十九中学),am_peak,17.202378926468395,25.0,93.26415894091743,118.26415894091743,79.72840288222753,0.0,1019,507.04699950011604,0.4577730729833775
line,14路(角门南站--北京三十九中学),pm_peak,62.65012517659903,25.0,84.8795250515198,109.8795250515198,79.72840288222753,0.0,331,283.877051790487,5.039247628762376
line,14路(角门南站--北京三十九中学),off_peak,37.55137055363949,25.0,74.30910888293965,99.30910888293965,79.72840288222753,0.0,2386,483.69254765448295,1.1283497673225786
line,15路(动物园枢纽站--天桥商场),all,33.729246797546686,25.0,77.05569215586958,102.05569215586958,79.72840288222753,0.0,3124,480.5135512067847,1.03913230014912
line,15路(动物园枢纽站--天桥商场),am_peak,29.729190245510765,25.0,93.26415894091743,118.26415894091743,79.72840288222753,0.0,651,405.96179606196876,2.079471570704589
line,15路(动物园枢纽站--天桥商场),pm_peak,17.413984615287276,25.0,84.8795250515198,109.8795250515198,79.72840288222753,0.0,458,663.9022820579361,1.4506031562915402
line,15路(动物园枢纽站--天桥商场),off_peak,40.249157947207756,25.0,74.30910888293965,99.30910888293965,79.72840288222753,0.0,1977,364.6381473317034,1.3014490241336256
line,15路(天桥商场--动物园枢纽站),all,29.983184762963404,25.0,77.05569215586958,102.05569215586958,79.72840288222753,0.0,2842,478.1401429689984,1.0012696558414123
line,15路(天桥商场--动物园枢纽站),am_peak,16.609167978957434,25.0,93.26415894091743,118.26415894091743,79.72840288222753,0.0,479,445.35999560635804,0.8888888466119609
line,15路(天桥商场--动物园枢纽站),pm_peak,36.280656443494784,25.0,84.8795250515198,109.8795250515198,79.72840288222753,0.0,380,449.1950576465057,2.664964711917916
line,15路(天桥商场--动物园枢纽站),off_peak,33.21173266920976,25.0,74.30910888293965,99.30910888293965,79.72840288222753,0.0,1950,440.18211093057,1.194605297456377
line,16路(二里庄--动物园枢纽站),all,79.99999999999999,25.0,77.05569215586958,102.05569215586958,79.72840288222753,0.0,2262,239.4466050980481,3.9599470906935346
line,16路(二里庄--动物园枢纽站),am_peak,79.99999999999999,25.0,93.26415894091743,118.26415894091743,79.72840288222753,0.0,481,312.80477145565686,10.424081564508496
line,16路(二里庄--动物园枢纽站),pm_peak,79.99999999999999,25.0,84.8795250515198,109.8795250515198,79.72840288222753,0.0,469,175.14537923103848,5.147545143536553
line,16路(二里庄--动物园枢纽站),off_peak,79.99999999999999,25.0,74.30910888293965,99.30910888293965,79.72840288222753,0.0,1265,221.60878162759545,5.3360103075321925
line,16路(动物园枢纽站--二里庄),all,60.118229216820545,25.0,77.05569215586958,102.05569215586958,79.72840288222753,0.0,2445,236.56984329572998,1.871863345793836
line,16路(动物园枢纽站--二里庄),am_peak,55.55236076353085,25.0,93.26415894091743,118.26415894091743,79.72840288222753,0.0,576,228.72656431466532,3.4540496191570393
line,16路(动物园枢纽站--二里庄),pm_peak,57.0966579609514,25.0,84.8795250515198,109.8795250515198,79.72840288222753,0.0,461,238.4295674336445,4.734318621489262
line,16路(动物园枢纽站--二里庄),off_peak,73.90315673108525,25.0,74.30910888293965,99.30910888293965,79.72840288222753,0.0,1357,224.44611440960762,2.7941383822567007
line,18路(国际展览中心--惠新东桥西),all,76.31402588698147,25.0,77.05569215586958,102.05569215586958,79.72840288222753,0.0,1932,131.6080883273053,1.906435861888072
line,18路(国际展览中心--惠新东桥西),am_peak,79.99999999999999,25.0,93.26415894091743,118.26415894091743,79.72840288222753,0.0,542,130.04625797340103,4.937368236578623
line,18路(国际展览中心--惠新东桥西),pm_peak,54.42330218351404,25.0,84.8795250515198,109.8795250515198,79.72840288222753,0.0,318,161.07938510834896,3.010508734244147
line,18路(国际展览中心--惠新东桥西),off_peak,79.99999999999996,25.0,74.30910888293965,99.30910888293965,79.72840288222753,0.0,1060,108.254959814169,2.1940422758598612
line,18路(惠新东桥南--国际展览中心),all,45.38154969088677,25.0,77.05569215586958,102.05569215586958,79.72840288222753,0.0,2011,231.27870927446926,1.4939539276171747
line,18路(惠新东桥南--国际展览中心),am_peak,48.43760338992093,25.0,93.26415894091743,118.26415894091743,79.72840288222753,0.0,546,203.11636184434408,3.552122357515642
line,18路(惠新东桥南--国际展览中心),pm_peak,59.59532587645655,25.0,84.8795250515198,109.8795250515198,79.72840288222753,0.0,296,229.41546386268118,7.8899142129439115
line,18路(惠新东桥南--国际展览中心),off_peak,47.33663335284707,25.0,74.30910888293965,99.30910888293965,79.72840288222753,0.0,1163,237.0197264082935,1.902550235622067
line,19路(动物园枢纽站--翠林小区),all,46.85437490192555,25.0,77.05569215586958,102.05569215586958,79.72840288222753,0.0,3312,390.16957632074616,1.1060386297051954
line,19路(动物园枢纽站--翠林小区),am_peak,20.387872891582802,25.0,93.26415894091743,118.26415894091743,79.72840288222753,0.0,384,386.07161375174763,1.2179515024717298
line,19路(动物园枢纽站--翠林小区),pm_peak,33.45300974675744,25.0,84.8795250515198,109.8795250515198,79.72840288222753,0.0,497,383.0914209505028,1.627778422617379
line,19路(动物园枢纽站--翠林小区),off_peak,51.79359604243606,25.0,74.30910888293965,99.30910888293965,79.72840288222753,0.0,2346,299.83278409992977,1.337749094199492
line,19路(翠林小区--动物园枢纽站),all,49.0032940225542,25.0,77.05569215586958,102.05569215586958,79.72840288222753,0.0,2702,690.582061555426,2.2660807334298245
line,19路(翠林小区--动物园枢纽站),am_peak,9.996230333781972,25.0,93.26415894091743,118.26415894091743,79.72840288222753,0.0,428,1025.983533186137,0.957847133966355
line,19路(翠林小区--动物园枢纽站),pm_peak,46.23473367526213,25.0,84.8795250515198,109.8795250515198,79.72840288222753,0.0,366,282.1934281153519,2.9060015996828668
line,19路(翠林小区--动物园枢纽站),off_peak,60.662667286972024,25.0,74.30910888293965,99.30910888293965,79.72840288222753,0.0,1873,467.82991701976727,2.6699852316177104
line,1路(四惠枢纽站--老山公交场站),all,56.55601075635675,25.0,77.05569215586958,102.05569215586958,79.72840288222753,0.0,18429,321.2856568909412,0.40999775182188986
line,1路(四惠枢纽站--老山公交场站),am_peak,33.35958878357607,25.0,93.26415894091743,118.26415894091743,79.72840288222753,0.0,3148,406.2124866229258,0.9470303463108738
line,1路(四惠枢纽站--老山公交场站),pm_peak,53.06282487094524,25.0,84.8795250515198,109.8795250515198,79.72840288222753,0.0,2507,230.5044990490618,0.7462483010841041
line,1路(四惠枢纽站--老山公交场站),off_peak,61.22291397580906,25.0,74.30910888293965,99.30910888293965,79.72840288222753,0.0,12550,245.83255664533013,0.41283170195315433
line,1路(四惠枢纽站--老山公交场站),night,46.578555427536855,25.0,35.16202190477492,60.16202190477492,79.72840288222753,0.0,224,169.39093129661254,0.7709009939415488
line,1路(老山公交场站--四惠枢纽站),all,50.91681279084806,25.0,77.05569215586958,102.05569215586958,79.72840288222753,0.0,16044,348.5695091122242,0.35323614565490785
line,1路(老山公交场站--四惠枢纽站),am_peak,55.56459908823357,25.0,93.26415894091743,118.26415894091743,79.72840288222753,0.0,2670,240.9884555379399,0.9535501100845307
line,1路(老山公交场站--四惠枢纽站),pm_peak,35.78297622962473,25.0,84.8795250515198,109.8795250515198,79.72840288222753,0.0,2289,583.7329078333486,1.0221071706482718
line,1路(老山公交场站--四惠枢纽站),off_peak,53.8066400486204,25.0,74.30910888293965,99.30910888293965,79.72840288222753,0.0,10818,242.80822012321835,0.40565305963976084
line,1路(老山公交场站--四惠枢纽站),night,40.65246851871335,25.0,35.16202190477492,60.16202190477492,79.72840288222753,0.0,267,183.73320621882152,0.8994353945685344
line,20路(北京南站--北京站东),all,79.99999999999916,25.0,77.05569215586958,102.05569215586958,79.72840288222753,0.0,213,687.3875877050166,48.145445728619386
line,20路(北京南站--北京站东),off_peak,79.99999999999999,25.0,74.30910888293965,99.30910888293965,79.72840288222753,0.0,151,674.7504013907834,82.64645519804894
line,21路(北京西站--安华桥北),all,49.83025409430748,25.0,77.05569215586958,102.05569215586958,79.72840288222753,0.0,6572,304.9094264996599,0.7582345794850345
line,21路(北京西站--安华桥北),am_peak,39.49082715787214,25.0,93.26415894091743,118.26415894091743,79.72840288222753,0.0,1217,378.8332478736861,1.9195113690926127
line,21路(北京西站--安华桥北),pm_peak,50.493171839226044,25.0,84.8795250515198,109.8795250515198,79.72840288222753,0.0,1148,235.47794729898203,1.4908932987214032
line,21路(北京西站--安华桥北),off_peak,53.89695718628942,25.0,74.30910888293965,99.30910888293965,79.72840288222753,0.0,4141,265.65197157693996,0.889581981214177
line,21路(安华桥北--北京西站),all,47.661976752513816,25.0,77.05569215586958,102.05569215586958,79.72840288222753,0.0,6171,278.92230434112196,0.7361476355948637
line,21路(安华桥北--北京西站),am_peak,34.14072474691943,25.0,93.26415894091743,118.26415894091743,79.72840288222753,0.0,1500,233.56366629166408,0.6303547174425137
line,21路(安华桥北--北京西站),pm_peak,35.7000636711659,25.0,84.8795250515198,109.8795250515198,79.72840288222753,0.0,855,252.77850299194995,1.0248551278794045
line,21路(安华桥北--北京西站),off_peak,59.119214809217155,25.0,74.30910888293965,99.30910888293965,79.72840288222753,0.0,3749,219.82907420529799,0.8804050039049651
line,22路(前门--牡丹园西),all,42.55426784237614,25.0,77.05569215586958,102.05569215586958,79.72840288222753,0.0,9045,350.7363785132528,0.6390092738261256
line,22路(前门--牡丹园西),am_peak,49.214597257540134,25.0,93.26415894091743,118.26415894091743,79.72840288222753,0.0,1201,340.244038174894,2.257409605399375
line,22路(前门--牡丹园西),pm_peak,37.56550926841276,25.0,84.8795250515198,109.8795250515198,79.72840288222753,0.0,1337,334.33217226906004,1.3335874356580848
line,22路(前门--牡丹园西),off_peak,43.47699353834928,25.0,74.30910888293965,99.30910888293965,79.72840288222753,0.0,6387,351.2547216636022,0.7092086424529668
line,22路(牡丹园西--前门),all,54.158895603593734,25.0,77.05569215586958,102.05569215586958,79.72840288222753,0.0,9716,393.0940968277578,1.1426446619341062
line,22路(牡丹园西--前门),am_peak,44.63657617026011,25.0,93.26415894091743,118.26415894091743,79.72840288222753,0.0,1662,396.6659985693563,1.6751100057454875
line,22路(牡丹园西--前门),pm_peak,48.43996832632459,25.0,84.8795250515198,109.8795250515198,79.72840288222753,0.0,1321,464.97848992245804,2.7965257616536863
line,22路(牡丹园西--前门),off_peak,62.60900206450038,25.0,74.30910888293965,99.30910888293965,79.72840288222753,0.0,6577,353.8835458315975,1.4165951844129154
line,22路(牡丹园西--前门),night,43.51718380132688,25.0,35.16202190477492,60.16202190477492,79.72840288222753,0.0,156,431.0243037228293,6.720877007954579
line,23路(朝阳半壁店--虎坊路),all,79.99999999999999,25.0,77.05569215586958,102.05569215586958,79.72840288222753,0.0,3904,304.65043858421564,3.3993061815889924
line,23路(朝阳半壁店--虎坊路),am_peak,49.33200111719332,25.0,93.26415894091743,118.26415894091743,79.72840288222753,0.0,754,412.6517580476731,6.68428582643355
line,23路(朝阳半壁店--虎坊路),pm_peak,79.99999999999999,25.0,84.8795250515198,109.8795250515198,79.72840288222753,0.0,649,299.92989421775565,12.346565087647045
line,23路(朝阳半壁店--虎坊路),off_peak,79.99999999999997,25.0,74.30910888293965,99.30910888293965,79.72840288222753,0.0,2438,214.01790654793257,2.9986632104366278
line,23路(虎坊路--朝阳半壁店),all,79.99999999999999,25.0,77.05569215586958,102.05569215586958,79.72840288222753,0.0,4265,346.99842586797195,3.497602462464366
line,23路(虎坊路--朝阳半壁店),am_peak,79.99999999999991,25.0,93.26415894091743,118.26415894091743,79.72840288222753,0.0,759,403.6145335974795,9.652647752488614
line,23路(虎坊路--朝阳半壁店),pm_peak,79.99999999999999,25.0,84.8795250515198,109.8795250515198,79.72840288222753,0.0,699,295.46052009954565,8.410905976619832
line,23路(虎坊路--朝阳半壁店),off_peak,79.99999999999999,25.0,74.30910888293965,99.30910888293965,79.72840288222753,0.0,2709,342.0559112591457,4.2317199498990465
line,24路(北京站前街--左家庄),all,63.74616466023883,25.0,77.05569215586958,102.05569215586958,79.72840288222753,0.0,4763,188.0118449583721,1.1156756633106961
line,24路(北京站前街--左家庄),am_peak,79.99999999999984,25.0,93.26415894091743,118.26415894091743,79.72840288222753,0.0,765,222.58798305016802,4.560267156161863
line,24路(北京站前街--左家庄),pm_peak,56.57939493676787,25.0,84.8795250515198,109.8795250515198,79.72840288222753,0.0,630,168.346820767126,2.0822200034247293
line,24路(北京站前街--左家庄),off_peak,62.411555639302655,25.0,74.30910888293965,99.30910888293965,79.72840288222753,0.0,3321,177.81498875417577,1.285838441772647
line,24路(左家庄--北京站),all,79.99999999999999,25.0,77.05569215586958,102.05569215586958,79.72840288222753,0.0,5058,191.08566197085835,2.5614883346364326
line,24路(左家庄--北京站),am_peak,79.99999999999999,25.0,93.26415894091743,118.26415894091743,79.72840288222753,0.0,1194,194.76828641278914,5.499424682086126
line,24路(左家庄--北京站),pm_peak,78.22862319535545,25.0,84.8795250515198,109.8795250515198,79.72840288222753,0.0,544,211.21623500731272,8.349525813240984
line,24路(左家庄--北京站),off_peak,79.99999999999999,25.0,74.30910888293965,99.30910888293965,79.72840288222753,0.0,3295,180.01571040700802,2.7595475959747984
line,25路(友谊医院--红寺桥),all,79.99999999999999,25.0,77.05569215586958,102.05569215586958,79.72840288222753,0.0,384,217.85408559073025,11.215068482712864
line,25路(友谊医院--红寺桥),off_peak,70.24179161349845,25.0,74.30910888293965,99.30910888293965,79.72840288222753,0.0,272,238.90541770379042,11.418805236913432
line,25路(肖村桥北--友谊医院),all,79.99999999999972,25.0,77.05569215586958,102.05569215586958,79.72840288222753,0.0,504,497.0237001791395,23.30836178675544
line,25路(肖村桥北--友谊医院),off_peak,79.99997477816271,25.0,74.30910888293965,99.30910888293965,79.72840288222753,0.0,377,514.5560019450996,27.214461955165156
line,26路(二里庄--天宁寺桥东),all,50.2393249376821,25.0,77.05569215586958,102.05569215586958,79.72840288222753,0.0,5247,450.22230174016505,1.0783836972994636
line,26路(二里庄--天宁寺桥东),am_peak,62.479156291754066,25.0,93.26415894091743,118.26415894091743,79.72840288222753,0.0,1039,464.5462973935048,3.4972316980149087
line,26路(二里庄--天宁寺桥东),pm_peak,46.4498580223747,25.0,84.8795250515198,109.8795250515198,79.72840288222753,0.0,1025,579.7559973571081,2.464333925034648
line,26路(二里庄--天宁寺桥东),off_peak,53.07891974562286,25.0,74.30910888293965,99.30910888293965,79.72840288222753,0.0,3132,396.4639359341985,1.3611111213657385
line,26路(天宁寺桥东--二里庄),all,40.382360170153866,25.0,77.05569215586958,102.05569215586958,79.72840288222753,0.0,5799,344.118326203663,0.7553912015700344
line,26路(天宁寺桥东--二里庄),am_peak,36.559491916543365,25.0,93.26415894091743,118.26415894091743,79.72840288222753,0.0,1333,353.5847480474698,1.4874122421780225
line,26路(天宁寺桥东--二里庄),pm_peak,38.22782997376403,25.0,84.8795250515198,109.8795250515198,79.72840288222753,0.0,1062,290.7725476544671,1.1876337883885089
line,26路(天宁寺桥东--二里庄),off_peak,47.89158754963995,25.0,74.30910888293965,99.30910888293965,79.72840288222753,0.0,3316,340.37291155118146,1.3084006655045717
line,27路(安定门外--定慧寺东),all,52.13607238179362,25.0,77.05569215586958,102.05569215586958,79.72840288222753,0.0,8424,322.1797464279542,0.8085838024975132
line,27路(安定门外--定慧寺东),am_peak,53.715619539280816,25.0,93.26415894091743,118.26415894091743,79.72840288222753,0.0,1675,281.0579917546264,1.9413594360563262
line,27路(安定门外--定慧寺东),pm_peak,39.451698765084465,25.0,84.8795250515198,109.8795250515198,79.72840288222753,0.0,1208,328.14540138292784,1.1446965532197395
line,27路(安定门外--定慧寺东),off_peak,59.8360411520842,25.0,74.30910888293965,99.30910888293965,79.72840288222753,0.0,5457,317.69494777172434,1.0637870169794246
line,27路(定慧寺东--安定门外),all,44.9306422262112,25.0,77.05569215586958,102.05569215586958,79.72840288222753,0.0,8291,334.67004022717344,0.6320051606100034
line,27路(定慧寺东--安定门外),am_peak,38.87749949995259,25.0,93.26415894091743,118.26415894091743,79.72840288222753,0.0,1797,299.62763962804854,1.0555672681894397
line,27路(定慧寺东--安定门外),pm_peak,49.44463599003061,25.0,84.8795250515198,109.8795250515198,79.72840288222753,0.0,1106,414.5283272132828,2.38745679073052
line,27路(定慧寺东--安定门外),off_peak,49.87476614831158,25.0,74.30910888293965,99.30910888293965,79.72840288222753,0.0,5333,310.1025946377031,0.7955599036479084
line,28路(东大桥公交场站--弘燕公交场站),all,40.76877309723382,25.0,77.05569215586958,102.05569215586958,79.72840288222753,0.0,4872,335.5498715523524,0.954923200378485
line,28路(东大桥公交场站--弘燕公交场站),am_peak,55.56378508223951,25.0,93.26415894091743,118.26415894091743,79.72840288222753,0.0,689,366.13297886558496,5.974653197925496
line,28路(东大桥公交场站--弘燕公交场站),pm_peak,30.3586944333295,25.0,84.8795250515198,109.8795250515198,79.72840288222753,0.0,816,295.4536287647176,1.4115511776660428
line,28路(东大桥公交场站--弘燕公交场站),off_peak,42.72860982896125,25.0,74.30910888293965,99.30910888293965,79.72840288222753,0.0,3240,329.1959124961136,1.1480154579980986
line,28路(弘燕公交场站--东大桥公交场站),all,31.57353808322991,25.0,77.05569215586958,102.05569215586958,79.72840288222753,0.0,5000,481.53093590445826,0.889864458431468
line,28路(弘燕公交场站--东大桥公交场站),am_peak,21.41769280306337,25.0,93.26415894091743,118.26415894091743,79.72840288222753,0.0,1211,565.0029166587406,1.50740456434878
line,28路(弘燕公交场站--东大桥公交场站),pm_peak,37.146950255624986,25.0,84.8795250515198,109.8795250515198,79.72840288222753,0.0,501,334.34873211056754,2.838463369925397
line,28路(弘燕公交场站--东大桥公交场站),off_peak,36.652719303738905,25.0,74.30910888293965,99.30910888293965,79.72840288222753,0.0,3271,433.53113865384313,1.1505665660891748
line,29路(北京站东街--弘燕公交场站),all,30.083034013569257,25.0,77.05569215586958,102.05569215586958,79.72840288222753,0.0,2062,553.4202925285572,1.981349128232546
line,29路(北京站东街--弘燕公交场站),am_peak,15.17752447256335,25.0,93.26415894091743,118.26415894091743,79.72840288222753,0.0,456,638.8703177652151,1.5033852164793167
line,29路(北京站东街--弘燕公交场站),pm_peak,76.34213045384048,25.0,84.8795250515198,109.8795250515198,79.72840288222753,0.0,245,594.7914520740621,26.3767538701116
line,29路(北京站东街--弘燕公交场站),off_peak,36.69418433854286,25.0,74.30910888293965,99.30910888293965,79.72840288222753,0.0,1344,442.7249591828253,2.1884528924706927
line,29路(弘燕公交场站--北京站东街),all,60.5937192031245,25.0,77.05569215586958,102.05569215586958,79.72840288222753,0.0,1336,433.55353171278927,5.61225805612885
line,29路(弘燕公交场站--北京站东街),pm_peak,51.934631824652236,25.0,84.8795250515198,109.8795250515198,79.72840288222753,0.0,293,535.825747105514,13.747975002064296
line,29路(弘燕公交场站--北京站东街),off_peak,66.08541160524356,25.0,74.30910888293965,99.30910888293965,79.72840288222753,0.0,885,384.95173373417146,6.663006139682243
line,2路(双庙--宽街路口南),all,36.974110084792486,25.0,77.05569215586958,102.05569215586958,79.72840288222753,0.0,5664,518.2915079562117,1.1505881840791001
line,2路(双庙--宽街路口南),am_peak,29.982714582429445,25.0,93.26415894091743,118.26415894091743,79.72840288222753,0.0,1541,338.11087818837683,0.6320253372803873
line,2路(双庙--宽街路口南),pm_peak,61.08045364170494,25.0,84.8795250515198,109.8795250515198,79.72840288222753,0.0,563,433.30503085204714,7.892440714185193
line,2路(双庙--宽街路口南),off_peak,47.492133559747266,25.0,74.30910888293965,99.30910888293965,79.72840288222753,0.0,3533,568.3639345580004,2.1046626294199506
line,2路(宽街路口南--双庙),all,58.64971960052225,25.0,77.05569215586958,102.05569215586958,79.72840288222753,0.0,4136,391.89296842689515,1.355125678426847
line,2路(宽街路口南--双庙),am_peak,79.99999999999999,25.0,93.26415894091743,118.26415894091743,79.72840288222753,0.0,735,294.48348099348397,5.559213532158794
line,2路(宽街路口南--双庙),pm_peak,53.55310022575711,25.0,84.8795250515198,109.8795250515198,79.72840288222753,0.0,755,418.97929665307066,2.186178494134492
line,2路(宽街路口南--双庙),off_peak,59.63870025579669,25.0,74.30910888293965,99.30910888293965,79.72840288222753,0.0,2507,398.6264133991675,1.854527553141246
line,300路内环(和平东桥--和平东桥),all,65.55539579710587,25.0,77.05569215586958,102.05569215586958,79.72840288222753,0.0,23330,318.66497804029063,0.30011481968258186
line,300路内环(和平东桥--和平东桥),am_peak,58.16584685179999,25.0,93.26415894091743,118.26415894091743,79.72840288222753,0.0,5960,357.35954090825,0.7236198994397796
line,300路内环(和平东桥--和平东桥),pm_peak,74.88465643542628,25.0,84.8795250515198,109.8795250515198,79.72840288222753,0.0,4232,263.58529332639563,0.9039823964335221
line,300路内环(和平东桥--和平东桥),off_peak,69.67751249586853,25.0,74.30910888293965,99.30910888293965,79.72840288222753,0.0,13010,267.0166258530574,0.3372135665333598
line,300路外环(十里河桥北--十里河桥西),all,66.07337476633118,25.0,77.05569215586958,102.05569215586958,79.72840288222753,0.0,24211,363.2669154936886,0.41705917450355257
line,300路外环(十里河桥北--十里河桥西),am_peak,57.208293738513795,25.0,93.26415894091743,118.26415894091743,79.72840288222753,0.0,5848,449.105336379617,1.63653100774644
line,300路外环(十里河桥北--十里河桥西),pm_peak,60.91185773466783,25.0,84.8795250515198,109.8795250515198,79.72840288222753,0.0,4116,246.01861931935494,0.5896397990925869
line,300路外环(十里河桥北--十里河桥西),off_peak,72.72790256535637,25.0,74.30910888293965,99.30910888293965,79.72840288222753,0.0,14037,317.8565231662748,0.4511675191230549
line,300路外环(十里河桥北--十里河桥西),night,58.050704633531396,25.0,35.16202190477492,60.16202190477492,79.72840288222753,0.0,210,106.48272229493855,0.8665302906823111
line,300路快外(大钟寺--大钟寺),all,55.097141812804715,25.0,77.05569215586958,102.05569215586958,79.72840288222753,0.0,22821,454.6188170976203,0.37511702931688273
line,300路快外(大钟寺--大钟寺),am_peak,42.82276983616839,25.0,93.26415894091743,118.26415894091743,79.72840288222753,0.0,5818,568.2256196585228,1.5155982040072813
line,300路快外(大钟寺--大钟寺),pm_peak,52.61855972899154,25.0,84.8795250515198,109.8795250515198,79.72840288222753,0.0,4352,245.82852387052137,0.5228939257659193
line,300路快外(大钟寺--大钟寺),off_peak,60.112786324287256,25.0,74.30910888293965,99.30910888293965,79.72840288222753,0.0,12548,387.177958377639,0.47990981980180636
line,301路(天通北苑--安定门),all,55.345007998091674,25.0,77.05569215586958,102.05569215586958,79.72840288222753,0.0,155,145.94259126059686,7.977800443988004
line,301路(安定门--天通北苑),all,58.82977218409301,25.0,77.05569215586958,102.05569215586958,79.72840288222753,0.0,199,118.5854737227387,4.660055834266728
line,302路(巴沟村--辛庄),all,63.93458590037398,25.0,77.05569215586958,102.05569215586958,79.72840288222753,0.0,9635,271.20768332244296,0.5991682209756031
line,302路(巴沟村--辛庄),am_peak,53.592719428274776,25.0,93.26415894091743,118.26415894091743,79.72840288222753,0.0,1910,242.53661428916493,1.0505565703313429
line,302路(巴沟村--辛庄),pm_peak,57.26026011927395,25.0,84.8795250515198,109.8795250515198,79.72840288222753,0.0,1728,287.10364624075373,1.178576171088283
line,302路(巴沟村--辛庄),off_peak,72.7110358661657,25.0,74.30910888293965,99.30910888293965,79.72840288222753,0.0,5745,224.13217716997056,0.7900922966731451
line,302路(巴沟村--辛庄),night,47.06110453325954,25.0,35.16202190477492,60.16202190477492,79.72840288222753,0.0,252,190.91003648999344,2.260374007738417
line,302路(辛庄--巴沟村),all,65.2190072902481,25.0,77.05569215586958,102.05569215586958,79.72840288222753,0.0,8740,242.18070213005274,0.5668861555256208
line,302路(辛庄--巴沟村),am_peak,57.09381197286069,25.0,93.26415894091743,118.26415894091743,79.72840288222753,0.0,2168,207.6702426661249,0.7723028670235139
line,302路(辛庄--巴沟村),pm_peak,66.60080568162508,25.0,84.8795250515198,109.8795250515198,79.72840288222753,0.0,1371,224.429401055367,1.4699435344108607
line,302路(辛庄--巴沟村),off_peak,72.88686826075578,25.0,74.30910888293965,99.30910888293965,79.72840288222753,0.0,5087,221.05212244697418,0.6282572038552335
line,307路(巴沟村--龙域北街东口),all,23.659289359430893,25.0,77.05569215586958,102.05569215586958,79.72840288222753,0.0,227,185.21436121567262,1.6745249265518025
line,307路(巴沟村--龙域北街东口),off_peak,24.987980776437688,25.0,74.30910888293965,99.30910888293965,79.72840288222753,0.0,176,158.49947217519224,2.0300851603237677
line,308路(白云路--衙门口公交场站),all,50.866096083640144,25.0,77.05569215586958,102.05569215586958,79.72840288222753,0.0,2252,339.22764391497714,1.723731196633762
line,308路(白云路--衙门口公交场站),am_peak,79.99999999999999,25.0,93.26415894091743,118.26415894091743,79.72840288222753,0.0,189,243.07014068683048,13.385333371853081
line,308路(白云路--衙门口公交场站),pm_peak,46.196635115797214,25.0,84.8795250515198,109.8795250515198,79.72840288222753,0.0,701,389.5601832057852,2.8783149955772096
line,308路(白云路--衙门口公交场站),off_peak,53.81358558698999,25.0,74.30910888293965,99.30910888293965,79.72840288222753,0.0,1327,319.76383833149634,2.4115723991911153
line,308路(衙门口--白云路),all,73.27713523777749,25.0,77.05569215586958,102.05569215586958,79.72840288222753,0.0,1218,180.75492212944243,3.1831906588403784
line,308路(衙门口--白云路),am_peak,60.04614333811547,25.0,93.26415894091743,118.26415894091743,79.72840288222753,0.0,441,208.75890552611665,4.261915233546732
line,308路(衙门口--白云路),off_peak,79.99999999999999,25.0,74.30910888293965,99.30910888293965,79.72840288222753,0.0,672,134.16053544603412,3.3656453356050386
line,309路(太子峪陵园--北京西站南广场),all,33.88514332037739,25.0,77.05569215586958,102.05569215586958,79.72840288222753,0.0,260,336.4724324922541,5.334245238006905
line,309路(太子峪陵园--北京西站南广场),off_peak,48.954745150959475,25.0,74.30910888293965,99.30910888293965,79.72840288222753,0.0,153,271.6669163023587,12.926125585266737
line,315路(大钟寺--新都东站),all,62.004063992722344,25.0,77.05569215586958,102.05569215586958,79.72840288222753,0.0,940,400.689618773777,3.1117334165583372
line,315路(大钟寺--新都东站),am_peak,79.99999999999929,25.0,93.26415894091743,118.26415894091743,79.72840288222753,0.0,179,168.91934120133809,8.011525275780745
line,315路(大钟寺--新都东站),pm_peak,33.33673070842921,25.0,84.8795250515198,109.8795250515198,79.72840288222753,0.0,179,457.73606313558355,8.731817176706741
line,315路(大钟寺--新都东站),off_peak,71.31957132428528,25.0,74.30910888293965,99.30910888293965,79.72840288222753,0.0,575,404.6300644890722,4.2037762094392574
line,315路(新都东站--大钟寺),all,69.16172454399073,25.0,77.05569215586958,102.05569215586958,79.72840288222753,0.0,610,150.03005265767288,2.3276579001527873
line,315路(新都东站--大钟寺),off_peak,73.33904127263034,25.0,74.30910888293965,99.30910888293965,79.72840288222753,0.0,407,120.85684663989568,2.4327773807171176
line,31路(甜水园街北口--金蝉南里),all,36.13798905363242,25.0,77.05569215586958,102.05569215586958,79.72840288222753,0.0,1272,428.4112457995537,2.1121607518327123
line,31路(甜水园街北口--金蝉南里),am_peak,61.791813264011935,25.0,93.26415894091743,118.26415894091743,79.72840288222753,0.0,235,457.5060075346471,13.904292571763618
line,31路(甜水园街北口--金蝉南里),pm_peak,25.168017934899098,25.0,84.8795250515198,109.8795250515198,79.72840288222753,0.0,176,363.3248867209517,4.009650796472641
line,31路(甜水园街北口--金蝉南里),off_peak,36.513217092120136,25.0,74.30910888293965,99.30910888293965,79.72840288222753,0.0,844,428.66808575659815,2.1484198275381043
line,31路(金蝉南里--甜水园街北口),all,38.57707350670739,25.0,77.05569215586958,102.05569215586958,79.72840288222753,0.0,1558,305.6013097612433,1.4481862167785098
line,31路(金蝉南里--甜水园街北口),am_peak,39.810802102562995,25.0,93.26415894091743,118.26415894091743,79.72840288222753,0.0,311,354.62048286145256,4.061688458561331
line,31路(金蝉南里--甜水园街北口),pm_peak,47.11575613990917,25.0,84.8795250515198,109.8795250515198,79.72840288222753,0.0,300,340.01492640812785,3.6658538446430478
line,31路(金蝉南里--甜水园街北口),off_peak,39.08305161170198,25.0,74.30910888293965,99.30910888293965,79.72840288222753,0.0,930,274.32617117928163,1.9913206915248132
line,320路(北京西站--清河火车站),all,40.46958494312439,25.0,77.05569215586958,102.05569215586958,79.72840288222753,0.0,5068,480.0155783303995,0.9230824974906414
line,320路(北京西站--清河火车站),am_peak,37.17129345670373,25.0,93.26415894091743,118.26415894091743,79.72840288222753,0.0,1031,479.37357644268116,1.84892029180671
line,320路(北京西站--清河火车站),pm_peak,43.035019918064066,25.0,84.8795250515198,109.8795250515198,79.72840288222753,0.0,990,429.020286749662,2.7174463299744485
line,320路(北京西站--清河火车站),off_peak,45.03629186762427,25.0,74.30910888293965,99.30910888293965,79.72840288222753,0.0,2954,484.1398067853242,1.2322565532597078
line,320路(清河火车站--北京西站),all,44.766567581026294,25.0,77.05569215586958,102.05569215586958,79.72840288222753,0.0,3913,292.5623727415237,0.8428635366753902
line,320路(清河火车站--北京西站),am_peak,54.35841633728379,25.0,93.26415894091743,118.26415894091743,79.72840288222753,0.0,718,207.05941887652162,2.282375808893381
line,320路(清河火车站--北京西站),pm_peak,25.528361930860395,25.0,84.8795250515198,109.8795250515198,79.72840288222753,0.0,647,373.0266441809055,1.081987080521958
line,320路(清河火车站--北京西站),off_peak,50.15980591045856,25.0,74.30910888293965,99.30910888293965,79.72840288222753,0.0,2464,229.89877186509625,0.9915086031391311
line,323路(富丰桥西--知春里),all,50.20778178886581,25.0,77.05569215586958,102.05569215586958,79.72840288222753,0.0,5737,481.9498277136739,1.2165010480349006
line,323路(富丰桥西--知春里),am_peak,32.42937360002756,25.0,93.26415894091743,118.26415894091743,79.72840288222753,0.0,1505,496.30394210237205,0.8574679147666611
line,323路(富丰桥西--知春里),pm_peak,79.99999999999999,25.0,84.8795250515198,109.8795250515198,79.72840288222753,0.0,718,296.0663260276275,5.810506244808013
line,323路(富丰桥西--知春里),off_peak,59.88718891251348,25.0,74.30910888293965,99.30910888293965,79.72840288222753,0.0,3487,437.5462873450571,1.4435554193101534
line,323路(知春里东站--富丰桥西),all,50.75637127253548,25.0,77.05569215586958,102.05569215586958,79.72840288222753,0.0,5602,335.4159080040743,0.6650455959407693
line,323路(知春里东站--富丰桥西),am_peak,60.23901522708656,25.0,93.26415894091743,118.26415894091743,79.72840288222753,0.0,890,416.82351245385314,2.5916286693000252
line,323路(知春里东站--富丰桥西),pm_peak,46.15325454274744,25.0,84.8795250515198,109.8795250515198,79.72840288222753,0.0,1028,301.0622827863498,1.3026019845674996
line,323路(知春里东站--富丰桥西),off_peak,52.502180849623926,25.0,74.30910888293965,99.30910888293965,79.72840288222753,0.0,3609,297.97868763956194,0.7650706646124252
line,328路(和平东桥--龙泉驾校公交场站),all,79.99999999999999,25.0,77.05569215586958,102.05569215586958,79.72840288222753,0.0,260,367.65935601752284,11.687029978030733
line,328路(龙泉驾校公交场站--和平东桥),all,70.20659921500733,25.0,77.05569215586958,102.05569215586958,79.72840288222753,0.0,300,292.2143046344093,8.05149308094752
line,32路(公主坟西--月坛南街北站),all,32.51425901110048,25.0,77.05569215586958,102.05569215586958,79.72840288222753,0.0,986,316.904187107505,1.7489914155651185
line,32路(公主坟西--月坛南街北站),am_peak,24.37104360739334,25.0,93.26415894091743,118.26415894091743,79.72840288222753,0.0,379,331.53197591957775,2.4030348398441785
line,32路(公主坟西--月坛南街北站),off_peak,47.308307752329426,25.0,74.30910888293965,99.30910888293965,79.72840288222753,0.0,543,222.93953776763163,3.220034369842218
line,32路(月坛南街北站--公主坟西),all,58.21238958167587,25.0,77.05569215586958,102.05569215586958,79.72840288222753,0.0,857,193.10022148786365,2.9050691624945757
line,32路(月坛南街北站--公主坟西),am_peak,79.99999999999999,25.0,93.26415894091743,118.26415894091743,79.72840288222753,0.0,153,191.2915376030462,13.386381426805773
line,32路(月坛南街北站--公主坟西),pm_peak,47.08729570729287,25.0,84.8795250515198,109.8795250515198,79.72840288222753,0.0,156,143.39698970668428,2.5604650728967355
line,32路(月坛南街北站--公主坟西),off_peak,67.37076806420542,25.0,74.30910888293965,99.30910888293965,79.72840288222753,0.0,548,198.86514348586792,4.334773750688836
line,331路(新街口豁口--西苑北站),all,31.030765872104453,25.0,77.05569215586958,102.05569215586958,79.72840288222753,0.0,2317,337.7562234213905,0.8545976679706
line,331路(新街口豁口--西苑北站),am_peak,42.63002439980688,25.0,93.26415894091743,118.26415894091743,79.72840288222753,0.0,473,441.4302760794753,2.7843592167405533
line,331路(新街口豁口--西苑北站),pm_peak,31.72248947102715,25.0,84.8795250515198,109.8795250515198,79.72840288222753,0.0,272,234.48941055368962,2.259841383825698
line,331路(新街口豁口--西苑北站),off_peak,29.40464814361682,25.0,74.30910888293965,99.30910888293965,79.72840288222753,0.0,1555,314.32169183365704,1.065233308232965
line,331路(西苑北站--新街口豁口),all,71.96770998069499,25.0,77.05569215586958,102.05569215586958,79.72840288222753,0.0,1323,182.75659708921384,2.8950709204705327
line,331路(西苑北站--新街口豁口),pm_peak,79.99999999999945,25.0,84.8795250515198,109.8795250515198,79.72840288222753,0.0,158,130.59343601755452,9.47098504003634
line,331路(西苑北站--新街口豁口),off_peak,64.13721876960605,25.0,74.30910888293965,99.30910888293965,79.72840288222753,0.0,1022,183.53798491153583,2.778068938914835
line,332路(前门--地铁北宫门站),all,36.89685560669101,25.0,77.05569215586958,102.05569215586958,79.72840288222753,0.0,1074,328.8639266381274,0.9842094209196475
line,332路(前门--地铁北宫门站),pm_peak,31.64392737269394,25.0,84.8795250515198,109.8795250515198,79.72840288222753,0.0,208,432.1778908042727,3.08200433052815
line,332路(前门--地铁北宫门站),off_peak,37.98434254627191,25.0,74.30910888293965,99.30910888293965,79.72840288222753,0.0,658,291.1808894259736,1.1988689376835535
line,332路(地铁北宫门站--前门),all,41.4724189444733,25.0,77.05569215586958,102.05569215586958,79.72840288222753,0.0,900,269.9540627655262,1.1171109861132769
line,332路(地铁北宫门站--前门),off_peak,41.01089229243025,25.0,74.30910888293965,99.30910888293965,79.72840288222753,0.0,672,277.50943824346547,1.0689350358692133
line,334路(动物园枢纽站--吴庄公交场站),all,18.80700682648463,25.0,77.05569215586958,102.05569215586958,79.72840288222753,0.0,457,620.0920621328272,4.829126902128188
line,334路(动物园枢纽站--吴庄公交场站),off_peak,23.66544029180965,25.0,74.30910888293965,99.30910888293965,79.72840288222753,0.0,312,579.4996234294948,6.080241127348589
line,334路(吴庄公交场站--动物园枢纽站),all,79.99999999999999,25.0,77.05569215586958,102.05569215586958,79.72840288222753,0.0,311,122.6749898080562,6.0794151201526025
line,334路(吴庄公交场站--动物园枢纽站),off_peak,79.99999999999999,25.0,74.30910888293965,99.30910888293965,79.72840288222753,0.0,181,110.79922290913085,6.755715189139767
line,335路(前泥洼--地铁海淀五路居站),all,29.01972988830804,25.0,77.05569215586958,102.05569215586958,79.72840288222753,0.0,971,326.7212229100908,0.9818690009468506
line,335路(前泥洼--地铁海淀五路居站),am_peak,29.40872957697099,25.0,93.26415894091743,118.26415894091743,79.72840288222753,0.0,224,444.73810444878154,2.4891306994586277
line,335路(前泥洼--地铁海淀五路居站),off_peak,30.648533415680234,25.0,74.30910888293965,99.30910888293965,79.72840288222753,0.0,614,265.61075953929463,1.3009773368386945
line,335路(地铁海淀五路居站--前泥洼),all,27.43752366219769,25.0,77.05569215586958,102.05569215586958,79.72840288222753,0.0,1395,346.7219857421373,0.951263345498653
line,335路(地铁海淀五路居站--前泥洼),am_peak,27.331672037343157,25.0,93.26415894091743,118.26415894091743,79.72840288222753,0.0,189,284.078959969723,2.967229135898791
line,335路(地铁海淀五路居站--前泥洼),pm_peak,24.504012472347593,25.0,84.8795250515198,109.8795250515198,79.72840288222753,0.0,272,228.15088865424858,1.0215665147225306
line,335路(地铁海淀五路居站--前泥洼),off_peak,29.678049882699387,25.0,74.30910888293965,99.30910888293965,79.72840288222753,0.0,911,386.61583018002113,1.231892896570386
line,337路(公主坟西--石景山),all,79.99999999999999,25.0,77.05569215586958,102.05569215586958,79.72840288222753,0.0,632,424.2670079649567,21.63375051918101
line,337路(公主坟西--石景山),am_peak,79.99999999999845,25.0,93.26415894091743,118.26415894091743,79.72840288222753,0.0,255,377.9081462587183,29.799777998983103
line,337路(公主坟西--石景山),off_peak,79.99999999999994,25.0,74.30910888293965,99.30910888293965,79.72840288222753,0.0,317,438.2728728039801,34.613503186388556
line,337路(石景山--公主坟西),all,64.65396072470011,25.0,77.05569215586958,102.05569215586958,79.72840288222753,0.0,582,129.89958945349744,4.655014939667151
line,337路(石景山--公主坟西),pm_peak,53.2053108845259,25.0,84.8795250515198,109.8795250515198,79.72840288222753,0.0,193,152.41206920933016,7.64029215131233
line,337路(石景山--公主坟西),off_peak,72.58440136663027,25.0,74.30910888293965,99.30910888293965,79.72840288222753,0.0,325,110.94556227660313,6.142348815064795
line,33路(公主坟西--远大路东口),all,58.53748724041703,25.0,77.05569215586958,102.05569215586958,79.72840288222753,0.0,856,474.87352981936147,8.230100425907265
line,33路(公主坟西--远大路东口),am_peak,44.0723877580939,25.0,93.26415894091743,118.26415894091743,79.72840288222753,0.0,218,489.280727244182,8.7782145332621
line,33路(公主坟西--远大路东口),off_peak,70.60122809237913,25.0,74.30910888293965,99.30910888293965,79.72840288222753,0.0,541,429.3508606740344,9.622657604012424
line,33路(远大路东口--公主坟西),all,63.724766703452744,25.0,77.05569215586958,102.05569215586958,79.72840288222753,0.0,344,455.4516333058749,17.578636434213774
line,33路(远大路东口--公主坟西),off_peak,71.04859274949102,25.0,74.30910888293965,99.30910888293965,79.72840288222753,0.0,207,326.2072357296733,17.470090370585794
line,343路(北京南站南广场--地铁新宫站),all,79.99999999999999,25.0,77.05569215586958,102.05569215586958,79.72840288222753,0.0,499,171.5517398723183,11.691082747128164
line,343路(北京南站南广场--地铁新宫站),off_peak,79.99999999999999,25.0,74.30910888293965,99.30910888293965,79.72840288222753,0.0,330,163.97369915261214,14.26095530501147
line,343路(地铁新宫站--北京南站南广场),all,73.51042069873756,25.0,77.05569215586958,102.05569215586958,79.72840288222753,0.0,430,209.74204825456175,18.14756117303779
line,343路(地铁新宫站--北京南站南广场),off_peak,79.99999999999893,25.0,74.30910888293965,99.30910888293965,79.72840288222753,0.0,220,204.92771857716423,23.71334875779482
line,344路(小辛庄--德胜门西),all,38.837594682835544,25.0,77.05569215586958,102.05569215586958,79.72840288222753,0.0,230,260.46938722933817,1.3943449644872234
line,345路(德胜门西--昌平北站),all,24.83689630343344,25.0,77.05569215586958,102.05569215586958,79.72840288222753,0.0,409,185.96941400517747,1.1464925223083482
line,345路(德胜门西--昌平北站),off_peak,28.791682927163613,25.0,74.30910888293965,99.30910888293965,79.72840288222753,0.0,235,175.0720665127634,1.407578866839048
line,345路快车(德胜门西--朝凤庵村),all,65.94982126683439,25.0,77.05569215586958,102.05569215586958,79.72840288222753,0.0,1085,617.6495597525245,3.7892153668842368
line,345路快车(德胜门西--朝凤庵村),am_peak,79.99999999999999,25.0,93.26415894091743,118.26415894091743,79.72840288222753,0.0,357,124.31250954422306,7.174651019334018
line,345路快车(德胜门西--朝凤庵村),pm_peak,79.99999999999999,25.0,84.8795250515198,109.8795250515198,79.72840288222753,0.0,153,106.41996178741742,12.611831240521074
line,345路快车(德胜门西--朝凤庵村),off_peak,55.21918645810369,25.0,74.30910888293965,99.30910888293965,79.72840288222753,0.0,574,836.2227528849086,4.523653142542388
line,347路(新街口豁口--雍王府),all,64.01045561619324,25.0,77.05569215586958,102.05569215586958,79.72840288222753,0.0,1473,453.08599759636763,2.6110891088304466
line,347路(新街口豁口--雍王府),am_peak,79.99999999999999,25.0,93.26415894091743,118.26415894091743,79.72840288222753,0.0,343,352.3400914717496,6.498351454841348
line,347路(新街口豁口--雍王府),pm_peak,28.43346935461819,25.0,84.8795250515198,109.8795250515198,79.72840288222753,0.0,242,495.6011011221972,2.800340867453066
line,347路(新街口豁口--雍王府),off_peak,70.87297048966715,25.0,74.30910888293965,99.30910888293965,79.72840288222753,0.0,887,428.46564008719855,3.432525256756416
line,347路(雍王府--新街口豁口),all,54.16135611805274,25.0,77.05569215586958,102.05569215586958,79.72840288222753,0.0,831,210.92118216106772,2.5201146826264362
line,347路(雍王府--新街口豁口),am_peak,40.722189746858795,25.0,93.26415894091743,118.26415894091743,79.72840288222753,0.0,150,207.27672025582692,4.414193806237854
line,347路(雍王府--新街口豁口),pm_peak,47.279480298649574,25.0,84.8795250515198,109.8795250515198,79.72840288222753,0.0,174,239.91011053718378,5.895424790339405
line,347路(雍王府--新街口豁口),off_peak,65.72918599920365,25.0,74.30910888293965,99.30910888293965,79.72840288222753,0.0,506,179.65547094890113,3.2055270328491847
line,348路(大北窑南--大鲁店南口),all,62.831041406430856,25.0,77.05569215586958,102.05569215586958,79.72840288222753,0.0,827,120.64755476885672,2.691065138545278
line,348路(大北窑南--大鲁店南口),off_peak,60.08031130150636,25.0,74.30910888293965,99.30910888293965,79.72840288222753,0.0,536,104.60695187621788,2.7165322824901237
line,348路(大鲁店南口--大北窑南),all,32.95683900409412,25.0,77.05569215586958,102.05569215586958,79.72840288222753,0.0,633,254.31682966324303,1.7034003873517938
line,348路(大鲁店南口--大北窑南),off_peak,37.1679096290319,25.0,74.30910888293965,99.30910888293965,79.72840288222753,0.0,415,179.24888489610692,1.9805667043780832
line,349路(丰台西站--北京西站南广场),all,54.59830631333757,25.0,77.05569215586958,102.05569215586958,79.72840288222753,0.0,1371,285.06104923258215,2.9104791864713406
line,349路(丰台西站--北京西站南广场),am_peak,37.85297044302716,25.0,93.26415894091743,118.26415894091743,79.72840288222753,0.0,344,270.8969031752716,3.4892895711951977
line,349路(丰台西站--北京西站南广场),pm_peak,79.99999999998776,25.0,84.8795250515198,109.8795250515198,79.72840288222753,0.0,175,308.7037369711301,17.56598659765694
line,349路(丰台西站--北京西站南广场),off_peak,66.31926625101711,25.0,74.30910888293965,99.30910888293965,79.72840288222753,0.0,852,258.0880058269329,3.9996728526100487
line,349路(北京西站南广场--丰台西站),all,50.73474772896308,25.0,77.05569215586958,102.05569215586958,79.72840288222753,0.0,1690,370.07895495330763,2.269438091953103
line,349路(北京西站南广场--丰台西站),am_peak,79.99999999999999,25.0,93.26415894091743,118.26415894091743,79.72840288222753,0.0,266,244.08533529449232,11.49772288805674
line,349路(北京西站南广场--丰台西站),pm_peak,28.40406837329161,25.0,84.8795250515198,109.8795250515198,79.72840288222753,0.0,238,437.15231622579375,2.968754230414978
line,349路(北京西站南广场--丰台西站),off_peak,51.319263216403186,25.0,74.30910888293965,99.30910888293965,79.72840288222753,0.0,1186,366.6629205576902,2.4187696152411267
line,34路(孛罗营--虎坊桥路口南),all,79.99999999999999,25.0,77.05569215586958,102.05569215586958,79.72840288222753,0.0,4838,374.6418221216673,2.7959836167886816
line,34路(孛罗营--虎坊桥路口南),am_peak,27.474702523197458,25.0,93.26415894091743,118.26415894091743,79.72840288222753,0.0,1165,334.2165562305095,0.8387917599861927
line,34路(孛罗营--虎坊桥路口南),pm_peak,79.99999999999999,25.0,84.8795250515198,109.8795250515198,79.72840288222753,0.0,527,254.2898259165805,8.866457458423017
line,34路(孛罗营--虎坊桥路口南),off_peak,79.99999999999999,25.0,74.30910888293965,99.30910888293965,79.72840288222753,0.0,3104,297.2217157428665,2.2957815590126134
line,34路(虎坊桥路口东--孛罗营),all,69.99765783726139,25.0,77.05569215586958,102.05569215586958,79.72840288222753,0.0,6262,297.0295872923549,1.570558286258036
line,34路(虎坊桥路口东--孛罗营),am_peak,75.22456003228464,25.0,93.26415894091743,118.26415894091743,79.72840288222753,0.0,834,283.3177652106556,5.643817639148425
line,34路(虎坊桥路口东--孛罗营),pm_peak,69.61550279349723,25.0,84.8795250515198,109.8795250515198,79.72840288222753,0.0,910,351.39967013118354,3.7888675957115745
line,34路(虎坊桥路口东--孛罗营),off_peak,72.6881327259816,25.0,74.30910888293965,99.30910888293965,79.72840288222753,0.0,4457,280.08245141039043,1.737572768715708
line,351路(丰台体育中心--地铁首经贸站),all,36.097095807306715,25.0,77.05569215586958,102.05569215586958,79.72840288222753,0.0,1290,258.996058305358,1.4657861430377765
line,351路(丰台体育中心--地铁首经贸站),am_peak,30.363775107062036,25.0,93.26415894091743,118.26415894091743,79.72840288222753,0.0,386,239.11155672309556,1.4780278239387736
line,351路(丰台体育中心--地铁首经贸站),pm_peak,40.76786358121548,25.0,84.8795250515198,109.8795250515198,79.72840288222753,0.0,164,216.07406088685792,5.5725318483118835
line,351路(丰台体育中心--地铁首经贸站),off_peak,43.04876542531645,25.0,74.30910888293965,99.30910888293965,79.72840288222753,0.0,737,265.86457949492365,2.389684142046929
line,351路(地铁首经贸站--丰台路口),all,79.99999999999999,25.0,77.05569215586958,102.05569215586958,79.72840288222753,0.0,1098,126.3816528100334,2.9700762941497767
line,351路(地铁首经贸站--丰台路口),am_peak,79.50712757323915,25.0,93.26415894091743,118.26415894091743,79.72840288222753,0.0,231,141.69778296012265,9.818102856626835
line,351路(地铁首经贸站--丰台路口),pm_peak,79.99999999999999,25.0,84.8795250515198,109.8795250515198,79.72840288222753,0.0,172,110.1033030870118,7.23891334831194
line,351路(地铁首经贸站--丰台路口),off_peak,79.99999999999999,25.0,74.30910888293965,99.30910888293965,79.72840288222753,0.0,690,105.2761437716313,3.3200177949837855
line,352路(劲松中街--旧宫路口北),all,50.396662545313625,25.0,77.05569215586958,102.05569215586958,79.72840288222753,0.0,1937,402.9761107314408,1.49733722086441
line,352路(劲松中街--旧宫路口北),am_peak,60.192029173958915,25.0,93.26415894091743,118.26415894091743,79.72840288222753,0.0,448,178.07771352928327,3.1378783528660867
line,352路(劲松中街--旧宫路口北),pm_peak,41.73572681637289,25.0,84.8795250515198,109.8795250515198,79.72840288222753,0.0,312,410.66657175664017,2.8187140066839955
line,352路(劲松中街--旧宫路口北),off_peak,57.961401128188854,25.0,74.30910888293965,99.30910888293965,79.72840288222753,0.0,1160,459.43333402385866,2.397717673902195
line,352路(旧宫路口北--劲松中街),all,72.05925575397406,25.0,77.05569215586958,102.05569215586958,79.72840288222753,0.0,863,411.561695367954,4.321119623191136
line,352路(旧宫路口北--劲松中街),am_peak,52.03022766855017,25.0,93.26415894091743,118.26415894091743,79.72840288222753,0.0,245,335.6084466323512,5.196023062301065
line,352路(旧宫路口北--劲松中街),off_peak,74.7103308726324,25.0,74.30910888293965,99.30910888293965,79.72840288222753,0.0,519,452.6847591058171,5.8969934081421025
line,353路(万源路--富丰桥西),all,70.76181901750076,25.0,77.05569215586958,102.05569215586958,79.72840288222753,0.0,506,218.687189153478,15.775261002247252
line,353路(万源路--富丰桥西),off_peak,79.99999999999999,25.0,74.30910888293965,99.30910888293965,79.72840288222753,0.0,334,145.5779371844473,16.660132383133046
line,353路(富丰桥西--万源路),all,79.99999999999999,25.0,77.05569215586958,102.05569215586958,79.72840288222753,0.0,281,172.63701904592494,13.814027071440712
line,353路(富丰桥西--万源路),off_peak,79.99999999999999,25.0,74.30910888293965,99.30910888293965,79.72840288222753,0.0,200,165.53889446326951,14.88827473931776
line,355路(三义庙--育新小区),all,27.961389054242925,25.0,77.05569215586958,102.05569215586958,79.72840288222753,0.0,409,291.57527934007175,1.5413175769095175
line,355路(三义庙--育新小区),off_peak,26.42461485510466,25.0,74.30910888293965,99.30910888293965,79.72840288222753,0.0,239,242.57323654379542,1.4361643752929918
line,355路(育新小区--三义庙),all,36.31019732700068,25.0,77.05569215586958,102.05569215586958,79.72840288222753,0.0,244,142.80347017308398,2.6175235806754706
line,355路(育新小区--三义庙),off_peak,36.074028573175106,25.0,74.30910888293965,99.30910888293965,79.72840288222753,0.0,177,125.38652250922549,2.690145201087224
line,359路(东直门外--首都机场路北口),all,56.966624842209804,25.0,77.05569215586958,102.05569215586958,79.72840288222753,0.0,180,273.3042100154749,5.865809731092161
line,35路(天桥--小郊亭公交场站),all,71.24360767188962,25.0,77.05569215586958,102.05569215586958,79.72840288222753,0.0,2748,279.76058125566385,2.060228419001693
line,35路(天桥--小郊亭公交场站),am_peak,68.92955100804434,25.0,93.26415894091743,118.26415894091743,79.72840288222753,0.0,407,208.0611202571114,6.4290032341389995
line,35路(天桥--小郊亭公交场站),pm_peak,57.4265783780279,25.0,84.8795250515198,109.8795250515198,79.72840288222753,0.0,512,381.94395191440384,4.55790436465574
line,35路(天桥--小郊亭公交场站),off_peak,78.23332114223116,25.0,74.30910888293965,99.30910888293965,79.72840288222753,0.0,1785,237.7044813383424,2.580119171063677
line,35路(小郊亭公交场站--天桥),all,51.58658063376353,25.0,77.05569215586958,102.05569215586958,79.72840288222753,0.0,2635,317.989944686805,1.68421992945916
line,35路(小郊亭公交场站--天桥),am_peak,32.522088743387634,25.0,93.26415894091743,118.26415894091743,79.72840288222753,0.0,534,195.81161905642887,1.2689806981179999
line,35路(小郊亭公交场站--天桥),pm_peak,79.9999999999999,25.0,84.8795250515198,109.8795250515198,79.72840288222753,0.0,380,373.20182632962616,8.82777949344722
line,35路(小郊亭公交场站--天桥),off_peak,59.34406219279346,25.0,74.30910888293965,99.30910888293965,79.72840288222753,0.0,1706,315.9282523704689,2.008012104268837
line,360路(西直门公交场站--香泉环岛),all,79.99999999999999,25.0,77.05569215586958,102.05569215586958,79.72840288222753,0.0,2249,304.8531174181184,1.9746185419016045
line,360路(西直门公交场站--香泉环岛),am_peak,79.99999999999999,25.0,93.26415894091743,118.26415894091743,79.72840288222753,0.0,321,311.31156727867807,7.273810772887255
line,360路(西直门公交场站--香泉环岛),pm_peak,60.10303238327588,25.0,84.8795250515198,109.8795250515198,79.72840288222753,0.0,428,254.13585566329837,2.4229992008122863
line,360路(西直门公交场站--香泉环岛),off_peak,79.99999999999963,25.0,74.30910888293965,99.30910888293965,79.72840288222753,0.0,1491,312.84736773946076,2.125566224077405
line,360路(香泉环岛--西直门公交场站),all,78.41792380332225,25.0,77.05569215586958,102.05569215586958,79.72840288222753,0.0,1387,251.1804158381073,2.4017836520534597
line,360路(香泉环岛--西直门公交场站),am_peak,48.435221165225805,25.0,93.26415894091743,118.26415894091743,79.72840288222753,0.0,343,299.0386759584336,3.5262585260002033
line,360路(香泉环岛--西直门公交场站),pm_peak,79.99999999999999,25.0,84.8795250515198,109.8795250515198,79.72840288222753,0.0,209,349.60969431220394,5.876584825500416
line,360路(香泉环岛--西直门公交场站),off_peak,79.99999999999982,25.0,74.30910888293965,99.30910888293965,79.72840288222753,0.0,826,142.76830635623605,2.1557212281287383
line,360路快车(香泉环岛--动物园枢纽站),all,79.99999999999999,25.0,77.05569215586958,102.05569215586958,79.72840288222753,0.0,456,149.50194505565088,5.583376270239773
line,360路快车(香泉环岛--动物园枢纽站),off_peak,79.99999999998694,25.0,74.30910888293965,99.30910888293965,79.72840288222753,0.0,285,157.87309117514573,9.59835028854721
line,361路(巴沟村--望京科技创业园),all,64.38477289660875,25.0,77.05569215586958,102.05569215586958,79.72840288222753,0.0,3302,234.03564172905124,1.518217760110358
line,361路(巴沟村--望京科技创业园),am_peak,52.50953618818367,25.0,93.26415894091743,118.26415894091743,79.72840288222753,0.0,792,243.03343276497588,2.551109282413786
line,361路(巴沟村--望京科技创业园),pm_peak,58.31539443471779,25.0,84.8795250515198,109.8795250515198,79.72840288222753,0.0,532,197.98878681820426,2.5350580828296914
line,361路(巴沟村--望京科技创业园),off_peak,77.41262979173355,25.0,74.30910888293965,99.30910888293965,79.72840288222753,0.0,1899,182.5519967757397,2.0672798018944354
line,361路(望京科技创业园--巴沟村),all,79.99999999999099,25.0,77.05569215586958,102.05569215586958,79.72840288222753,0.0,2642,186.98014588427563,1.8801814012955402
line,361路(望京科技创业园--巴沟村),am_peak,73.38532383725104,25.0,93.26415894091743,118.26415894091743,79.72840288222753,0.0,520,161.5341330723462,3.2889238414783173
line,361路(望京科技创业园--巴沟村),pm_peak,79.99999999999999,25.0,84.8795250515198,109.8795250515198,79.72840288222753,0.0,518,149.3169009553534,3.730171982545107
line,361路(望京科技创业园--巴沟村),off_peak,79.99999999999999,25.0,74.30910888293965,99.30910888293965,79.72840288222753,0.0,1554,182.92211877769915,2.2107652422171387
line,362路(地铁西二旗公交场站--西直门公交场站),all,44.213915426264066,25.0,77.05569215586958,102.05569215586958,79.72840288222753,0.0,475,130.49019870720522,1.1451300448589787
line,362路(地铁西二旗公交场站--西直门公交场站),off_peak,49.41233493462505,25.0,74.30910888293965,99.30910888293965,79.72840288222753,0.0,219,106.09005338880458,1.7315475819498671
line,362路(西直门公交场站--地铁西二旗站南),all,62.8917401444285,25.0,77.05569215586958,102.05569215586958,79.72840288222753,0.0,852,139.77846904648837,1.2904293747458944
line,362路(西直门公交场站--地铁西二旗站南),am_peak,79.99999999999925,25.0,93.26415894091743,118.26415894091743,79.72840288222753,0.0,192,179.22489442219126,4.131056061734109
line,362路(西直门公交场站--地铁西二旗站南),off_peak,61.8729461144351,25.0,74.30910888293965,99.30910888293965,79.72840288222753,0.0,516,131.6422127406516,1.6240717275330407
line,365路(永丰公交场站--闵庄南里),all,46.34961190623452,25.0,77.05569215586958,102.05569215586958,79.72840288222753,0.0,1027,136.68175569917472,1.0850390293345131
line,365路(永丰公交场站--闵庄南里),pm_peak,44.37341652421059,25.0,84.8795250515198,109.8795250515198,79.72840288222753,0.0,205,146.14802410042097,2.534123120878271
line,365路(永丰公交场站--闵庄南里),off_peak,46.224353877102786,25.0,74.30910888293965,99.30910888293965,79.72840288222753,0.0,694,134.62998494620683,1.3042437218988037
line,365路(闵庄南里--永丰公交场站),all,36.08345700185905,25.0,77.05569215586958,102.05569215586958,79.72840288222753,0.0,1250,223.1285796450259,1.1408211796134806
line,365路(闵庄南里--永丰公交场站),am_peak,25.48696987112798,25.0,93.26415894091743,118.26415894091743,79.72840288222753,0.0,276,176.03431026284102,1.0784235899140042
line,365路(闵庄南里--永丰公交场站),pm_peak,41.849723188,25.0,84.8795250515198,109.8795250515198,79.72840288222753,0.0,164,136.9410597444826,2.500334047174707
line,365路(闵庄南里--永丰公交场站),off_peak,41.73330427699852,25.0,74.30910888293965,99.30910888293965,79.72840288222753,0.0,803,221.61768994643748,1.599041802763793
line,366路(宋家庄枢纽站--黄村火车站),all,17.323315534354006,25.0,77.05569215586958,102.05569215586958,79.72840288222753,0.0,185,179.06667007810506,1.393036921626699
line,366路(黄村火车站--宋家庄枢纽站),all,41.22329958576142,25.0,77.05569215586958,102.05569215586958,79.72840288222753,0.0,183,110.93994676566265,5.366490679810916
line,36路(华威路南口--天坛南门),all,36.62417010610045,25.0,77.05569215586958,102.05569215586958,79.72840288222753,0.0,1123,456.70440508644776,2.3296545809050904
line,36路(华威路南口--天坛南门),am_peak,22.3714167787769,25.0,93.26415894091743,118.26415894091743,79.72840288222753,0.0,263,503.6457513589668,2.374726689705475
line,36路(华威路南口--天坛南门),off_peak,44.398319862710714,25.0,74.30910888293965,99.30910888293965,79.72840288222753,0.0,722,376.73395794784886,2.803698538776881
line,36路(天坛南门--华威路南口),all,79.99999999999999,25.0,77.05569215586958,102.05569215586958,79.72840288222753,0.0,1195,394.80439038080937,5.167272610432041
line,36路(天坛南门--华威路南口),am_peak,65.3944364682289,25.0,93.26415894091743,118.26415894091743,79.72840288222753,0.0,159,250.87284792967785,11.408719628231694
line,36路(天坛南门--华威路南口),pm_peak,79.99999999999999,25.0,84.8795250515198,109.8795250515198,79.72840288222753,0.0,174,466.4848073209314,31.251788706751316
line,36路(天坛南门--华威路南口),off_peak,79.99999999999999,25.0,74.30910888293965,99.30910888293965,79.72840288222753,0.0,862,392.27174330413476,5.440939400790567
line,374路(北京西站--颐和园新建宫门),all,45.72083614008913,25.0,77.05569215586958,102.05569215586958,79.72840288222753,0.0,3528,378.79115658658776,1.0717894944546686
line,374路(北京西站--颐和园新建宫门),am_peak,40.656080323139875,25.0,93.26415894091743,118.26415894091743,79.72840288222753,0.0,878,380.6721667520445,1.3284009334182914
line,374路(北京西站--颐和园新建宫门),pm_peak,48.07810086813692,25.0,84.8795250515198,109.8795250515198,79.72840288222753,0.0,436,303.34556979027656,2.56370419551096
line,374路(北京西站--颐和园新建宫门),off_peak,52.887649289460875,25.0,74.30910888293965,99.30910888293965,79.72840288222753,0.0,2171,373.623295754992,1.3786080343666427
line,374路(颐和园新建宫门--北京西站),all,42.05655076710566,25.0,77.05569215586958,102.05569215586958,79.72840288222753,0.0,3015,327.4944191834875,0.844599387251374
line,374路(颐和园新建宫门--北京西站),am_peak,39.93903144786684,25.0,93.26415894091743,118.26415894091743,79.72840288222753,0.0,539,213.8744580302743,1.496952277476374
line,374路(颐和园新建宫门--北京西站),pm_peak,31.632958460362612,25.0,84.8795250515198,109.8795250515198,79.72840288222753,0.0,539,310.1972809748054,1.1377651883922832
line,374路(颐和园新建宫门--北京西站),off_peak,47.04719210365869,25.0,74.30910888293965,99.30910888293965,79.72840288222753,0.0,1912,332.29719904517015,0.8852587046176531
line,375路(东北旺中路--北京北站),all,79.99999999999999,25.0,77.05569215586958,102.05569215586958,79.72840288222753,0.0,258,432.4239413052306,16.071405945901457
line,375路(北京北站--东北旺中路),all,79.99999999999936,25.0,77.05569215586958,102.05569215586958,79.72840288222753,0.0,611,494.86606551976024,14.012778487785983
line,375路(北京北站--东北旺中路),am_peak,79.99999999999997,25.0,93.26415894091743,118.26415894091743,79.72840288222753,0.0,183,518.8621588022314,31.16294445141764
line,375路(北京北站--东北旺中路),off_peak,79.99999999999999,25.0,74.30910888293965,99.30910888293965,79.72840288222753,0.0,332,379.8760052690499,14.471021873632578
line,377路(永定门汽车站--西红门西站),all,79.99999999999999,25.0,77.05569215586958,102.05569215586958,79.72840288222753,0.0,656,181.2139275928453,5.031202370248513
line,377路(永定门汽车站--西红门西站),off_peak,79.99999999999999,25.0,74.30910888293965,99.30910888293965,79.72840288222753,0.0,431,119.99316801858158,5.37045810347427
line,377路(西红门西站--永定门汽车站),all,79.99999999999999,25.0,77.05569215586958,102.05569215586958,79.72840288222753,0.0,629,397.93623455402843,8.489325042315572
line,377路(西红门西站--永定门汽车站),off_peak,79.99999999999999,25.0,74.30910888293965,99.30910888293965,79.72840288222753,0.0,412,151.97906770881636,8.33992396640693
line,378路(华威路南口--老君堂北站),all,42.94354813084049,25.0,77.05569215586958,102.05569215586958,79.72840288222753,0.0,803,556.9887201558159,3.7871419424868242
line,378路(华威路南口--老君堂北站),am_peak,54.859812425112366,25.0,93.26415894091743,118.26415894091743,79.72840288222753,0.0,173,565.2394251868909,20.071825943077897
line,378路(华威路南口--老君堂北站),off_peak,46.20885475597172,25.0,74.30910888293965,99.30910888293965,79.72840288222753,0.0,535,469.3684910545727,4.443539750036743
line,378路(老君堂北站--华威路南口),all,40.70899711547597,25.0,77.05569215586958,102.05569215586958,79.72840288222753,0.0,629,245.04449966210737,2.149980348886608
line,378路(老君堂北站--华威路南口),off_peak,44.858936653660116,25.0,74.30910888293965,99.30910888293965,79.72840288222753,0.0,379,233.51483095474828,3.3250274684527423
line,379路(左家庄--育新小区),all,36.70282357638282,25.0,77.05569215586958,102.05569215586958,79.72840288222753,0.0,1523,285.28768119299394,0.8946206146398488
line,379路(左家庄--育新小区),am_peak,44.89080180640561,25.0,93.26415894091743,118.26415894091743,79.72840288222753,0.0,364,251.14336768608777,2.332963389533053
line,379路(左家庄--育新小区),pm_peak,37.31944901717588,25.0,84.8795250515198,109.8795250515198,79.72840288222753,0.0,213,304.88443063403554,2.6459057933182706
line,379路(左家庄--育新小区),off_peak,37.570917794038984,25.0,74.30910888293965,99.30910888293965,79.72840288222753,0.0,943,290.25458413267853,1.244562674178143
line,379路(育新小区--左家庄),all,35.65397270504952,25.0,77.05569215586958,102.05569215586958,79.72840288222753,0.0,971,203.39652639748152,1.0634243883542684
line,379路(育新小区--左家庄),am_peak,31.646477637346962,25.0,93.26415894091743,118.26415894091743,79.72840288222753,0.0,167,266.2945560068491,3.0398224825007714
line,379路(育新小区--左家庄),off_peak,35.70843384314055,25.0,74.30910888293965,99.30910888293965,79.72840288222753,0.0,712,182.59895616023164,1.2823131876839964
line,380路(嘉铭园公交场站--德胜门),all,79.99999999999999,25.0,77.05569215586958,102.05569215586958,79.72840288222753,0.0,1026,177.74312631415447,6.91108625064756
line,380路(嘉铭园公交场站--德胜门),am_peak,79.9999999999999,25.0,93.26415894091743,118.26415894091743,79.72840288222753,0.0,264,208.32772470483206,17.54918058458807
line,380路(嘉铭园公交场站--德胜门),off_peak,79.99999999999999,25.0,74.30910888293965,99.30910888293965,79.72840288222753,0.0,617,172.15085964964507,8.835845520569046
line,380路(德胜门--嘉铭园公交场站),all,79.99999999999999,25.0,77.05569215586958,102.05569215586958,79.72840288222753,0.0,1288,217.44500914740746,6.874540830625587
line,380路(德胜门--嘉铭园公交场站),am_peak,79.99999999999999,25.0,93.26415894091743,118.26415894091743,79.72840288222753,0.0,230,241.2681490579624,23.53719178793535
line,380路(德胜门--嘉铭园公交场站),pm_peak,79.99999999999999,25.0,84.8795250515198,109.8795250515198,79.72840288222753,0.0,246,250.44297052008795,14.809317638111615
line,380路(德胜门--嘉铭园公交场站),off_peak,79.99999999999999,25.0,74.30910888293965,99.30910888293965,79.72840288222753,0.0,809,213.28420310330958,9.568218283140208
line,381路(永定门汽车站--西红门公交场站),all,42.14432347455283,25.0,77.05569215586958,102.05569215586958,79.72840288222753,0.0,1535,211.55941400278041,1.0835026978852225
line,381路(永定门汽车站--西红门公交场站),am_peak,42.102593949642255,25.0,93.26415894091743,118.26415894091743,79.72840288222753,0.0,331,212.76679115777915,3.1938460957560624
line,381路(永定门汽车站--西红门公交场站),pm_peak,40.16138269564622,25.0,84.8795250515198,109.8795250515198,79.72840288222753,0.0,257,208.38172799671196,2.6654680150575665
line,381路(永定门汽车站--西红门公交场站),off_peak,45.38014795472676,25.0,74.30910888293965,99.30910888293965,79.72840288222753,0.0,929,201.61363632263598,1.4492697232513874
line,381路(西红门公交场站--永定门汽车站),all,50.11311854292463,25.0,77.05569215586958,102.05569215586958,79.72840288222753,0.0,1078,312.486588329285,1.9587407386164821
line,381路(西红门公交场站--永定门汽车站),am_peak,32.633737938183856,25.0,93.26415894091743,118.26415894091743,79.72840288222753,0.0,264,419.1026101172605,2.368459622477445
line,381路(西红门公交场站--永定门汽车站),off_peak,59.15539470031739,25.0,74.30910888293965,99.30910888293965,79.72840288222753,0.0,660,234.57498257803397,2.5781051923971194
line,386路(七星路南口--巴沟村),all,60.33806245759838,25.0,77.05569215586958,102.05569215586958,79.72840288222753,0.0,1848,224.9822387058914,1.6234711010788612
line,386路(七星路南口--巴沟村),am_peak,49.80448475087498,25.0,93.26415894091743,118.26415894091743,79.72840288222753,0.0,455,217.8137524464413,2.598686377553646
line,386路(七星路南口--巴沟村),pm_peak,59.54140624532198,25.0,84.8795250515198,109.8795250515198,79.72840288222753,0.0,241,233.51351005244368,3.4862632277981596
line,386路(七星路南口--巴沟村),off_peak,74.48400656428961,25.0,74.30910888293965,99.30910888293965,79.72840288222753,0.0,1137,184.7859381761349,2.710556097094735
line,386路(巴沟村--七星路南口),all,79.9999999999992,25.0,77.05569215586958,102.05569215586958,79.72840288222753,0.0,1986,276.06407071078434,3.262049398584722
line,386路(巴沟村--七星路南口),am_peak,79.99999999999999,25.0,93.26415894091743,118.26415894091743,79.72840288222753,0.0,328,168.37594577890093,6.321145277139403
line,386路(巴沟村--七星路南口),pm_peak,54.27047257508869,25.0,84.8795250515198,109.8795250515198,79.72840288222753,0.0,359,247.7958174418997,3.448564546338216
line,386路(巴沟村--七星路南口),off_peak,79.99999999999999,25.0,74.30910888293965,99.30910888293965,79.72840288222753,0.0,1284,288.990536219613,4.117625101512367
line,387路(六圈路西口--慧忠路东口),all,36.79372005405823,25.0,77.05569215586958,102.05569215586958,79.72840288222753,0.0,4758,387.35437372386673,0.49438490401115504
line,387路(六圈路西口--慧忠路东口),am_peak,26.165363311900283,25.0,93.26415894091743,118.26415894091743,79.72840288222753,0.0,1056,440.32237084395774,1.1098036586347497
line,387路(六圈路西口--慧忠路东口),pm_peak,35.99681007011641,25.0,84.8795250515198,109.8795250515198,79.72840288222753,0.0,728,220.54979627464016,0.8118650348309188
line,387路(六圈路西口--慧忠路东口),off_peak,40.77031272566646,25.0,74.30910888293965,99.30910888293965,79.72840288222753,0.0,2841,338.52676176672827,0.5857225824745733
line,387路(慧忠路东口--六圈路西口),all,45.84019309418416,25.0,77.05569215586958,102.05569215586958,79.72840288222753,0.0,3850,320.51991637437163,0.6463442036942693
line,387路(慧忠路东口--六圈路西口),am_peak,43.15056173765669,25.0,93.26415894091743,118.26415894091743,79.72840288222753,0.0,910,246.65362736075494,1.185544696422215
line,387路(慧忠路东口--六圈路西口),pm_peak,26.015409525116223,25.0,84.8795250515198,109.8795250515198,79.72840288222753,0.0,697,413.10605312016725,1.3640282970141564
line,387路(慧忠路东口--六圈路西口),off_peak,52.05988747250572,25.0,74.30910888293965,99.30910888293965,79.72840288222753,0.0,2197,193.0234903294754,0.7037919115275536
line,38路(六里桥东公交场站--西安门),all,21.233063126993827,25.0,77.05569215586958,102.05569215586958,79.72840288222753,0.0,2730,652.3503826365736,1.265639882554234
line,38路(六里桥东公交场站--西安门),am_peak,16.312902618079054,25.0,93.26415894091743,118.26415894091743,79.72840288222753,0.0,626,671.5863936392462,2.371233979003077
line,38路(六里桥东公交场站--西安门),pm_peak,28.351588597822765,25.0,84.8795250515198,109.8795250515198,79.72840288222753,0.0,252,750.7553700413426,6.857860279701766
line,38路(六里桥东公交场站--西安门),off_peak,21.913430001584107,25.0,74.30910888293965,99.30910888293965,79.72840288222753,0.0,1844,616.4482677356666,1.4229053609006819
line,38路(西安门--六里桥东),all,30.920404727451942,25.0,77.05569215586958,102.05569215586958,79.72840288222753,0.0,1652,581.3189743746054,2.8196441392990224
line,38路(西安门--六里桥东),pm_peak,22.326167504156636,25.0,84.8795250515198,109.8795250515198,79.72840288222753,0.0,382,601.0931808958288,3.249986267463196
line,38路(西安门--六里桥东),off_peak,40.867812742519874,25.0,74.30910888293965,99.30910888293965,79.72840288222753,0.0,1185,559.929023775954,5.892157685293528
line,390路(南五里店--西便门),all,35.221252416245036,25.0,77.05569215586958,102.05569215586958,79.72840288222753,0.0,967,407.5525835941029,1.5169503452015334
line,390路(南五里店--西便门),am_peak,15.575328435473807,25.0,93.26415894091743,118.26415894091743,79.72840288222753,0.0,299,395.60228883565924,1.1248681721977047
line,390路(南五里店--西便门),off_peak,43.40273548064877,25.0,74.30910888293965,99.30910888293965,79.72840288222753,0.0,552,174.36059595301882,1.419194617412819
line,390路(西便门--南五里店),all,42.90678551581496,25.0,77.05569215586958,102.05569215586958,79.72840288222753,0.0,884,422.88872025810025,5.633091643910277
line,390路(西便门--南五里店),pm_peak,25.842321893667084,25.0,84.8795250515198,109.8795250515198,79.72840288222753,0.0,265,439.7106078672718,6.14869345738852
line,390路(西便门--南五里店),off_peak,55.98211176481344,25.0,74.30910888293965,99.30910888293965,79.72840288222753,0.0,497,372.63718892922674,8.28110938623866
line,392路(海淀桥东--西二旗北站),all,18.54831005778504,25.0,77.05569215586958,102.05569215586958,79.72840288222753,0.0,361,616.5619585727576,3.5870321789832618
line,392路(海淀桥东--西二旗北站),off_peak,18.31543029496049,25.0,74.30910888293965,99.30910888293965,79.72840288222753,0.0,183,627.0163613136476,5.175748537714144
line,394路(北京西站--韩家川),all,79.99999999999997,25.0,77.05569215586958,102.05569215586958,79.72840288222753,0.0,996,388.62693258301533,3.8239141513707717
line,394路(北京西站--韩家川),am_peak,79.99999999999999,25.0,93.26415894091743,118.26415894091743,79.72840288222753,0.0,440,482.51737457841597,5.9598757331735355
line,394路(北京西站--韩家川),off_peak,79.99999999999999,25.0,74.30910888293965,99.30910888293965,79.72840288222753,0.0,506,259.0777291115732,5.032104679649522
line,394路(韩家川--北京西站),all,79.99999999999999,25.0,77.05569215586958,102.05569215586958,79.72840288222753,0.0,600,187.73292896841542,5.5772153688874955
line,394路(韩家川--北京西站),off_peak,79.99999999999999,25.0,74.30910888293965,99.30910888293965,79.72840288222753,0.0,407,200.39755682618153,6.000045435167966
line,395路(复兴门南--富丰桥西),all,45.29764723627734,25.0,77.05569215586958,102.05569215586958,79.72840288222753,0.0,2591,322.21592948931914,1.0112837518329674
line,395路(复兴门南--富丰桥西),am_peak,70.92656426453813,25.0,93.26415894091743,118.26415894091743,79.72840288222753,0.0,349,379.3965031938192,10.120036873100787
line,395路(复兴门南--富丰桥西),pm_peak,40.10656698907935,25.0,84.8795250515198,109.8795250515198,79.72840288222753,0.0,516,406.0206414863076,2.476906985058353
line,395路(复兴门南--富丰桥西),off_peak,45.37783455853263,25.0,74.30910888293965,99.30910888293965,79.72840288222753,0.0,1701,264.0582680731873,1.0276409779690956
line,395路(富丰桥西--复兴门南),all,48.79219206479864,25.0,77.05569215586958,102.05569215586958,79.72840288222753,0.0,2234,434.33394139247446,1.3102055649910807
line,395路(富丰桥西--复兴门南),am_peak,24.879170017646995,25.0,93.26415894091743,118.26415894091743,79.72840288222753,0.0,472,551.3959516361052,1.754986223475731
line,395路(富丰桥西--复兴门南),pm_peak,67.48525821641799,25.0,84.8795250515198,109.8795250515198,79.72840288222753,0.0,405,164.52396301540344,3.8310104432932994
line,395路(富丰桥西--复兴门南),off_peak,54.58423624940826,25.0,74.30910888293965,99.30910888293965,79.72840288222753,0.0,1357,272.4339132590702,1.634867500040187
line,39路(北京站东--双庙),all,57.90957482799465,25.0,77.05569215586958,102.05569215586958,79.72840288222753,0.0,4338,359.1117465443727,1.3208660835991528
line,39路(北京站东--双庙),am_peak,48.34909261487718,25.0,93.26415894091743,118.26415894091743,79.72840288222753,0.0,574,532.0626242010088,3.0191665619212067
line,39路(北京站东--双庙),pm_peak,57.593567824412794,25.0,84.8795250515198,109.8795250515198,79.72840288222753,0.0,954,302.00979139841706,2.777171259224418
line,39路(北京站东--双庙),off_peak,63.055872019011275,25.0,74.30910888293965,99.30910888293965,79.72840288222753,0.0,2695,321.18463551341017,1.7823462638090135
line,39路(双庙--北京站东),all,41.52371820509942,25.0,77.05569215586958,102.05569215586958,79.72840288222753,0.0,4023,381.73066587488114,1.4231831589184252
line,39路(双庙--北京站东),am_peak,22.05414128129082,25.0,93.26415894091743,118.26415894091743,79.72840288222753,0.0,1112,323.4679903645461,0.728846835556114
line,39路(双庙--北京站东),pm_peak,52.48148353011552,25.0,84.8795250515198,109.8795250515198,79.72840288222753,0.0,389,400.62514682292436,4.3240924017060705
line,39路(双庙--北京站东),off_peak,52.8535632493705,25.0,74.30910888293965,99.30910888293965,79.72840288222753,0.0,2486,335.31086975810143,1.9132995021292771
line,3路(东直门枢纽站--金家村桥东),all,41.73167894069534,25.0,77.05569215586958,102.05569215586958,79.72840288222753,0.0,5765,753.7607904990276,1.0115728804835704
line,3路(东直门枢纽站--金家村桥东),am_peak,22.639489756152212,25.0,93.26415894091743,118.26415894091743,79.72840288222753,0.0,1312,1031.8848281478379,4.178402152169556
line,3路(东直门枢纽站--金家村桥东),pm_peak,38.6942544503832,25.0,84.8795250515198,109.8795250515198,79.72840288222753,0.0,712,577.8982798676424,2.8633098006428397
line,3路(东直门枢纽站--金家村桥东),off_peak,45.068818520406346,25.0,74.30910888293965,99.30910888293965,79.72840288222753,0.0,3695,557.5190404309449,0.8827031414042353
line,3路(金家村桥东--东直门枢纽站),all,37.215085889786174,25.0,77.05569215586958,102.05569215586958,79.72840288222753,0.0,4849,673.8663980614726,1.1288565863786606
line,3路(金家村桥东--东直门枢纽站),am_peak,26.581779971452846,25.0,93.26415894091743,118.26415894091743,79.72840288222753,0.0,758,801.5857420582461,2.536529739209654
line,3路(金家村桥东--东直门枢纽站),pm_peak,26.93883245106806,25.0,84.8795250515198,109.8795250515198,79.72840288222753,0.0,919,656.0289744260698,2.9735495826849654
line,3路(金家村桥东--东直门枢纽站),off_peak,42.542688489229526,25.0,74.30910888293965,99.30910888293965,79.72840288222753,0.0,3146,588.3639831725249,0.9423881051492511
line,401路(东直门枢纽站--南十里居),all,48.53653492161955,25.0,77.05569215586958,102.05569215586958,79.72840288222753,0.0,3957,315.6683175693102,1.1462677876378626
line,401路(东直门枢纽站--南十里居),am_peak,67.25628364551363,25.0,93.26415894091743,118.26415894091743,79.72840288222753,0.0,1073,305.84669491234524,3.5515348160868307
line,401路(东直门枢纽站--南十里居),pm_peak,42.71968190813907,25.0,84.8795250515198,109.8795250515198,79.72840288222753,0.0,595,213.05626274023064,2.305202280586556
line,401路(东直门枢纽站--南十里居),off_peak,49.66681447352237,25.0,74.30910888293965,99.30910888293965,79.72840288222753,0.0,2199,337.3976812652552,1.6693843883375394
line,401路(南十里居--东直门枢纽站),all,44.12274378679014,25.0,77.05569215586958,102.05569215586958,79.72840288222753,0.0,3751,358.7605596092465,1.3613637318196659
line,401路(南十里居--东直门枢纽站),am_peak,79.99999999999856,25.0,93.26415894091743,118.26415894091743,79.72840288222753,0.0,955,272.474477069963,6.400402091206946
line,401路(南十里居--东直门枢纽站),pm_peak,29.42338147935554,25.0,84.8795250515198,109.8795250515198,79.72840288222753,0.0,695,435.9467710671939,2.920228143720425
line,401路(南十里居--东直门枢纽站),off_peak,43.52301552725537,25.0,74.30910888293965,99.30910888293965,79.72840288222753,0.0,2033,326.49703105365376,1.7628218576814412
line,402路(地铁东坝西站--祁家坟),all,38.21876594980723,25.0,77.05569215586958,102.05569215586958,79.72840288222753,0.0,2763,211.27952934879102,0.6020239805267968
line,402路(地铁东坝西站--祁家坟),am_peak,51.95596070871472,25.0,93.26415894091743,118.26415894091743,79.72840288222753,0.0,382,154.545956621925,2.4386281421378277
line,402路(地铁东坝西站--祁家坟),pm_peak,33.32245710656342,25.0,84.8795250515198,109.8795250515198,79.72840288222753,0.0,532,242.04207244722647,1.1969573504329656
line,402路(地铁东坝西站--祁家坟),off_peak,38.42304643246563,25.0,74.30910888293965,99.30910888293965,79.72840288222753,0.0,1770,202.96009427338313,0.7750705536254789
line,402路(祁家坟--地铁东坝西站),all,47.933823427764814,25.0,77.05569215586958,102.05569215586958,79.72840288222753,0.0,3100,405.7187005752138,1.3506522596776878
line,402路(祁家坟--地铁东坝西站),am_peak,28.8113993358946,25.0,93.26415894091743,118.26415894091743,79.72840288222753,0.0,716,479.6973810118547,1.7194176911964016
line,402路(祁家坟--地铁东坝西站),pm_peak,55.27424444711803,25.0,84.8795250515198,109.8795250515198,79.72840288222753,0.0,418,312.7005947134866,3.647422775213663
line,402路(祁家坟--地铁东坝西站),off_peak,57.821078178018965,25.0,74.30910888293965,99.30910888293965,79.72840288222753,0.0,1898,307.58257968191117,1.6254339490849308
line,403路(北京站东街--环行铁道),all,41.16732871496967,25.0,77.05569215586958,102.05569215586958,79.72840288222753,0.0,2960,331.8600224178066,1.0574594821481875
line,403路(北京站东街--环行铁道),am_peak,72.32797248143002,25.0,93.26415894091743,118.26415894091743,79.72840288222753,0.0,480,306.3203148471431,6.44377760002906
line,403路(北京站东街--环行铁道),pm_peak,31.876898933202458,25.0,84.8795250515198,109.8795250515198,79.72840288222753,0.0,573,296.8451911143921,1.4464749568874802
line,403路(北京站东街--环行铁道),off_peak,41.29348346822786,25.0,74.30910888293965,99.30910888293965,79.72840288222753,0.0,1838,332.30211475520963,1.1829787556518834
line,403路(环行铁道--北京站东街),all,51.49417902088041,25.0,77.05569215586958,102.05569215586958,79.72840288222753,0.0,2628,352.1325717244493,1.3822107519636553
line,403路(环行铁道--北京站东街),am_peak,70.34925176872305,25.0,93.26415894091743,118.26415894091743,79.72840288222753,0.0,662,332.27785757000515,4.02384446826403
line,403路(环行铁道--北京站东街),pm_peak,30.168199964822776,25.0,84.8795250515198,109.8795250515198,79.72840288222753,0.0,272,427.90998834415973,1.8691155728471591
line,403路(环行铁道--北京站东街),off_peak,55.9254212372572,25.0,74.30910888293965,99.30910888293965,79.72840288222753,0.0,1659,326.658194817753,1.8339781534621773
line,404路(东直门枢纽站--来广营西桥东),all,46.53394143103626,25.0,77.05569215586958,102.05569215586958,79.72840288222753,0.0,2890,291.2212491147471,1.001405883560349
line,404路(东直门枢纽站--来广营西桥东),am_peak,69.07224625753706,25.0,93.26415894091743,118.26415894091743,79.72840288222753,0.0,710,229.63901413808898,3.024417666152403
line,404路(东直门枢纽站--来广营西桥东),pm_peak,42.94423132265628,25.0,84.8795250515198,109.8795250515198,79.72840288222753,0.0,519,194.82821388573038,1.3867011132527611
line,404路(东直门枢纽站--来广营西桥东),off_peak,48.11651532611861,25.0,74.30910888293965,99.30910888293965,79.72840288222753,0.0,1622,335.2289349272835,1.6594499958980384
line,404路(来广营西桥东--东直门枢纽站),all,32.1699876204702,25.0,77.05569215586958,102.05569215586958,79.72840288222753,0.0,439,157.0255370815731,2.1641026577449427
line,404路(来广营西桥东--东直门枢纽站),off_peak,33.090966163105975,25.0,74.30910888293965,99.30910888293965,79.72840288222753,0.0,290,156.20496398354638,2.7879299766221712
line,405路(四惠枢纽站--孙河公交场站),all,40.47755498613074,25.0,77.05569215586958,102.05569215586958,79.72840288222753,0.0,3462,412.1238031660509,0.7775770936927446
line,405路(四惠枢纽站--孙河公交场站),am_peak,36.77772573060192,25.0,93.26415894091743,118.26415894091743,79.72840288222753,0.0,811,249.00815278814042,1.4841666914058798
line,405路(四惠枢纽站--孙河公交场站),pm_peak,34.9929601602898,25.0,84.8795250515198,109.8795250515198,79.72840288222753,0.0,391,512.8893697971225,2.486230418353857
line,405路(四惠枢纽站--孙河公交场站),off_peak,45.518837833784985,25.0,74.30910888293965,99.30910888293965,79.72840288222753,0.0,2219,420.0780138677749,0.9919259358258302
line,405路(孙河公交场站--四惠枢纽站),all,33.559890730021195,25.0,77.05569215586958,102.05569215586958,79.72840288222753,0.0,2932,311.3437092236172,0.6705435672099179
line,405路(孙河公交场站--四惠枢纽站),am_peak,48.68376736094517,25.0,93.26415894091743,118.26415894091743,79.72840288222753,0.0,445,239.38043242561997,2.73443089314671
line,405路(孙河公交场站--四惠枢纽站),pm_peak,20.116325547457926,25.0,84.8795250515198,109.8795250515198,79.72840288222753,0.0,428,371.166494650307,0.9582613380956565
line,405路(孙河公交场站--四惠枢纽站),off_peak,34.48809539939812,25.0,74.30910888293965,99.30910888293965,79.72840288222753,0.0,2032,253.6722965287525,0.7161121280409563
line,407路(惠新东桥西--马连店),all,79.99999999999999,25.0,77.05569215586958,102.05569215586958,79.72840288222753,0.0,248,119.00486359749306,8.65357082187806
line,408路(慧忠里--石佛营西里),all,56.822296279989786,25.0,77.05569215586958,102.05569215586958,79.72840288222753,0.0,1912,228.19356391854782,1.75427119233987
line,408路(慧忠里--石佛营西里),am_peak,51.89272913655478,25.0,93.26415894091743,118.26415894091743,79.72840288222753,0.0,423,218.37367866011226,2.7657966608304907
line,408路(慧忠里--石佛营西里),pm_peak,50.11366232644514,25.0,84.8795250515198,109.8795250515198,79.72840288222753,0.0,247,203.79773055647584,3.2161383105592667
line,408路(慧忠里--石佛营西里),off_peak,70.86557854799635,25.0,74.30910888293965,99.30910888293965,79.72840288222753,0.0,1221,217.85694313593703,2.4759481149857545
line,408路(石佛营西里--慧忠里),all,56.92933869488315,25.0,77.05569215586958,102.05569215586958,79.72840288222753,0.0,1887,253.07595299722405,1.7890664624981638
line,408路(石佛营西里--慧忠里),am_peak,52.414690812016936,25.0,93.26415894091743,118.26415894091743,79.72840288222753,0.0,281,195.57702869791405,3.7801482795214882
line,408路(石佛营西里--慧忠里),pm_peak,29.39131445659589,25.0,84.8795250515198,109.8795250515198,79.72840288222753,0.0,282,314.12658212849055,2.461485990223256
line,408路(石佛营西里--慧忠里),off_peak,68.0797846956981,25.0,74.30910888293965,99.30910888293965,79.72840288222753,0.0,1293,199.60911006662892,2.353583792855712
line,409路(来广营西桥东--阜成门内),all,79.99999999999999,25.0,77.05569215586958,102.05569215586958,79.72840288222753,0.0,5243,266.4254710413391,2.004417449894681
line,409路(来广营西桥东--阜成门内),am_peak,57.77878037755046,25.0,93.26415894091743,118.26415894091743,79.72840288222753,0.0,989,307.3821175752867,4.1039099792195195
line,409路(来广营西桥东--阜成门内),pm_peak,79.99999999999999,25.0,84.8795250515198,109.8795250515198,79.72840288222753,0.0,671,240.91780072447202,6.39364961468666
line,409路(来广营西桥东--阜成门内),off_peak,79.99999999999999,25.0,74.30910888293965,99.30910888293965,79.72840288222753,0.0,3562,220.02586075898537,2.0382210364402464
line,409路(阜成门内公交场站--来广营西桥东),all,79.99999999999999,25.0,77.05569215586958,102.05569215586958,79.72840288222753,0.0,5432,317.51394429282584,2.2400557784075086
line,409路(阜成门内公交场站--来广营西桥东),am_peak,79.99999999999999,25.0,93.26415894091743,118.26415894091743,79.72840288222753,0.0,823,278.8359467326949,6.184341087249847
line,409路(阜成门内公交场站--来广营西桥东),pm_peak,79.99999999999937,25.0,84.8795250515198,109.8795250515198,79.72840288222753,0.0,1023,362.2673391894297,6.056513682710097
line,409路(阜成门内公交场站--来广营西桥东),off_peak,79.99999999999994,25.0,74.30910888293965,99.30910888293965,79.72840288222753,0.0,3537,310.8503768584506,2.7988715912386657
line,40路(五路--木樨园桥北),all,44.24767008569565,25.0,77.05569215586958,102.05569215586958,79.72840288222753,0.0,5974,363.78888089452613,0.5708489536912561
line,40路(五路--木樨园桥北),am_peak,33.3824140393591,25.0,93.26415894091743,118.26415894091743,79.72840288222753,0.0,997,488.1822861251921,1.3001638694619408
line,40路(五路--木樨园桥北),pm_peak,45.99986126137212,25.0,84.8795250515198,109.8795250515198,79.72840288222753,0.0,565,237.14921312351575,1.9905900542249257
line,40路(五路--木樨园桥北),off_peak,46.22635071404393,25.0,74.30910888293965,99.30910888293965,79.72840288222753,0.0,4355,305.46585997381663,0.5593476892438554
line,40路(木樨园--五路),all,48.27867130005722,25.0,77.05569215586958,102.05569215586958,79.72840288222753,0.0,7051,418.15394636821236,0.8674500726914111
line,40路(木樨园--五路),am_peak,24.91800714364092,25.0,93.26415894091743,118.26415894091743,79.72840288222753,0.0,1227,474.1466329821481,1.1114652853248874
line,40路(木樨园--五路),pm_peak,56.164017749356994,25.0,84.8795250515198,109.8795250515198,79.72840288222753,0.0,887,303.9445484109096,2.073500737832653
line,40路(木樨园--五路),off_peak,53.263019061472825,25.0,74.30910888293965,99.30910888293965,79.72840288222753,0.0,4877,346.4628847231592,0.970585284456721
line,410路(丽园路公交场站--北京西站南广场),all,79.99999999999999,25.0,77.05569215586958,102.05569215586958,79.72840288222753,0.0,1137,211.57100355658827,6.257645331363196
line,410路(丽园路公交场站--北京西站南广场),pm_peak,79.99999999999999,25.0,84.8795250515198,109.8795250515198,79.72840288222753,0.0,270,197.3071978513841,13.05239895517934
line,410路(丽园路公交场站--北京西站南广场),off_peak,79.99999999999986,25.0,74.30910888293965,99.30910888293965,79.72840288222753,0.0,763,211.92073175227912,7.1580239904224
line,410路(北京西站南广场--丽园路公交场站),all,79.99999999999999,25.0,77.05569215586958,102.05569215586958,79.72840288222753,0.0,1168,268.4674498601486,7.800260647249018
line,410路(北京西站南广场--丽园路公交场站),am_peak,79.99999999999999,25.0,93.26415894091743,118.26415894091743,79.72840288222753,0.0,375,289.96825960197845,13.006402191558015
line,410路(北京西站南广场--丽园路公交场站),off_peak,79.99999999999999,25.0,74.30910888293965,99.30910888293965,79.72840288222753,0.0,691,279.7955825333808,11.899017845916578
line,413路(东直门--北京朝阳站),all,48.34597197413053,25.0,77.05569215586958,102.05569215586958,79.72840288222753,0.0,1164,318.9629090901408,2.9021752182657843
line,413路(东直门--北京朝阳站),am_peak,79.99999999999999,25.0,93.26415894091743,118.26415894091743,79.72840288222753,0.0,349,209.95854690886935,13.63166903166671
line,413路(东直门--北京朝阳站),pm_peak,35.18868471655887,25.0,84.8795250515198,109.8795250515198,79.72840288222753,0.0,380,394.9471598452034,2.4080311102517094
line,413路(东直门--北京朝阳站),off_peak,57.51621646979218,25.0,74.30910888293965,99.30910888293965,79.72840288222753,0.0,435,272.63886913063965,4.948750108678963
line,413路(北京朝阳站--东直门),all,69.6369736038786,25.0,77.05569215586958,102.05569215586958,79.72840288222753,0.0,927,157.7187830053104,3.034229648139957
line,413路(北京朝阳站--东直门),am_peak,79.99999999999999,25.0,93.26415894091743,118.26415894091743,79.72840288222753,0.0,380,158.03446772833058,7.297822320500334
line,413路(北京朝阳站--东直门),pm_peak,79.99999999936726,25.0,84.8795250515198,109.8795250515198,79.72840288222753,0.0,231,140.45746575980752,8.847839803296262
line,413路(北京朝阳站--东直门),off_peak,56.74993150277643,25.0,74.30910888293965,99.30910888293965,79.72840288222753,0.0,316,192.06456703499302,3.67500612558659
line,414路(北京南站南广场--地铁海淀五路居站),all,30.382346378919628,25.0,77.05569215586958,102.05569215586958,79.72840288222753,0.0,1587,321.9982872636458,1.2970158016428306
line,414路(北京南站南广场--地铁海淀五路居站),am_peak,28.91339109327336,25.0,93.26415894091743,118.26415894091743,79.72840288222753,0.0,305,223.11113144845498,2.1448560846736955
line,414路(北京南站南广场--地铁海淀五路居站),pm_peak,33.565152700793604,25.0,84.8795250515198,109.8795250515198,79.72840288222753,0.0,237,423.60501796297046,5.132854824196322
line,414路(北京南站南广场--地铁海淀五路居站),off_peak,31.60354167504493,25.0,74.30910888293965,99.30910888293965,79.72840288222753,0.0,1045,316.5234971633645,1.565052632405159
line,414路(地铁海淀五路居站--北京南站南广场),all,29.3699878771698,25.0,77.05569215586958,102.05569215586958,79.72840288222753,0.0,2092,379.47069149198796,1.3926168101629308
line,414路(地铁海淀五路居站--北京南站南广场),am_peak,20.360792969354875,25.0,93.26415894091743,118.26415894091743,79.72840288222753,0.0,704,402.27943578626514,1.5375581090867163
line,414路(地铁海淀五路居站--北京南站南广场),pm_peak,26.43467275398362,25.0,84.8795250515198,109.8795250515198,79.72840288222753,0.0,167,366.39490297084944,3.6259743345055564
line,414路(地铁海淀五路居站--北京南站南广场),off_peak,40.54197387215744,25.0,74.30910888293965,99.30910888293965,79.72840288222753,0.0,1221,308.14134150437945,2.4923032893854917
line,416路(东直门枢纽站--来广营西桥东),all,41.319077021722364,25.0,77.05569215586958,102.05569215586958,79.72840288222753,0.0,1543,299.50120336895935,1.29348258968567
line,416路(东直门枢纽站--来广营西桥东),am_peak,40.91957818300618,25.0,93.26415894091743,118.26415894091743,79.72840288222753,0.0,354,266.49081429868914,5.920577238771231
line,416路(东直门枢纽站--来广营西桥东),pm_peak,25.460910675287955,25.0,84.8795250515198,109.8795250515198,79.72840288222753,0.0,219,374.6595705714199,2.2716579854547674
line,416路(东直门枢纽站--来广营西桥东),off_peak,46.64125807976649,25.0,74.30910888293965,99.30910888293965,79.72840288222753,0.0,945,234.5324904213952,1.44103288295423
line,416路(来广营西桥东--东直门枢纽站),all,37.517367686648335,25.0,77.05569215586958,102.05569215586958,79.72840288222753,0.0,1353,248.9907929618724,1.2645962816890872
line,416路(来广营西桥东--东直门枢纽站),am_peak,30.437916556874985,25.0,93.26415894091743,118.26415894091743,79.72840288222753,0.0,238,283.9404288505324,2.790328696863114
line,416路(来广营西桥东--东直门枢纽站),pm_peak,32.63752001841104,25.0,84.8795250515198,109.8795250515198,79.72840288222753,0.0,280,247.32787475126233,1.5518744598419896
line,416路(来广营西桥东--东直门枢纽站),off_peak,45.771069842981134,25.0,74.30910888293965,99.30910888293965,79.72840288222753,0.0,829,201.1742209295606,1.9212358668267158
line,418路(东直门枢纽站--金盏),all,43.54300421139523,25.0,77.05569215586958,102.05569215586958,79.72840288222753,0.0,4040,430.9872021610865,1.418823830643731
line,418路(东直门枢纽站--金盏),am_peak,79.99999999999999,25.0,93.26415894091743,118.26415894091743,79.72840288222753,0.0,682,233.53941181812817,8.494947064756271
line,418路(东直门枢纽站--金盏),pm_peak,30.84974123445761,25.0,84.8795250515198,109.8795250515198,79.72840288222753,0.0,519,469.00748520623887,2.101683586099138
line,418路(东直门枢纽站--金盏),off_peak,45.94057976531818,25.0,74.30910888293965,99.30910888293965,79.72840288222753,0.0,2626,423.51313932624765,1.825547885301169
line,418路(东直门枢纽站--金盏),night,13.681325607571962,25.0,35.16202190477492,60.16202190477492,79.72840288222753,0.0,213,617.0398335574024,3.5958228375198376
line,418路(金盏--东直门枢纽站),all,48.1995937812513,25.0,77.05569215586958,102.05569215586958,79.72840288222753,0.0,2427,226.93306151513679,1.2814647572251021
line,418路(金盏--东直门枢纽站),am_peak,62.52507004757638,25.0,93.26415894091743,118.26415894091743,79.72840288222753,0.0,450,159.43390966008005,3.281275214154797
line,418路(金盏--东直门枢纽站),pm_peak,34.678976518974586,25.0,84.8795250515198,109.8795250515198,79.72840288222753,0.0,402,273.7102066055611,2.729463853833511
line,418路(金盏--东直门枢纽站),off_peak,52.067606574961296,25.0,74.30910888293965,99.30910888293965,79.72840288222753,0.0,1536,219.35527094497394,1.8859332882800464
line,419路(国家体育场东--甘露园北),all,40.04470783519379,25.0,77.05569215586958,102.05569215586958,79.72840288222753,0.0,4048,254.4332934193633,0.6049185382197865
line,419路(国家体育场东--甘露园北),am_peak,42.40905598857964,25.0,93.26415894091743,118.26415894091743,79.72840288222753,0.0,741,302.2788373800598,2.653612802822872
line,419路(国家体育场东--甘露园北),pm_peak,39.5258407777343,25.0,84.8795250515198,109.8795250515198,79.72840288222753,0.0,669,301.42404254964714,1.3213094287675926
line,419路(国家体育场东--甘露园北),off_peak,40.583993850085875,25.0,74.30910888293965,99.30910888293965,79.72840288222753,0.0,2554,213.7843553430109,0.6932920647719918
line,419路(甘露园北--国家体育场东),all,47.29382694195652,25.0,77.05569215586958,102.05569215586958,79.72840288222753,0.0,3780,297.1515956508568,1.0814843386114281
line,419路(甘露园北--国家体育场东),am_peak,56.50867062650429,25.0,93.26415894091743,118.26415894091743,79.72840288222753,0.0,747,292.4434901444469,2.767673547349594
line,419路(甘露园北--国家体育场东),pm_peak,33.192840909434146,25.0,84.8795250515198,109.8795250515198,79.72840288222753,0.0,662,354.1315213960973,1.4108705861135746
line,419路(甘露园北--国家体育场东),off_peak,57.2805605970945,25.0,74.30910888293965,99.30910888293965,79.72840288222753,0.0,2370,246.22557995596904,1.6212402312142142
line,41路(东单路口南--金蝉西路南口),all,44.88459406815,25.0,77.05569215586958,102.05569215586958,79.72840288222753,0.0,3799,262.6286511654013,0.6594985169388616
line,41路(东单路口南--金蝉西路南口),am_peak,57.16277538159381,25.0,93.26415894091743,118.26415894091743,79.72840288222753,0.0,449,220.44333787246262,4.253399847758362
line,41路(东单路口南--金蝉西路南口),pm_peak,38.455238166694535,25.0,84.8795250515198,109.8795250515198,79.72840288222753,0.0,591,258.59266955828696,1.451237526216858
line,41路(东单路口南--金蝉西路南口),off_peak,44.87362744898452,25.0,74.30910888293965,99.30910888293965,79.72840288222753,0.0,2686,265.9010404460182,0.707999243092138
line,41路(金蝉西路南口--东单路口南),all,42.079239398317505,25.0,77.05569215586958,102.05569215586958,79.72840288222753,0.0,4560,320.8036938309608,0.7646738038076821
line,41路(金蝉西路南口--东单路口南),am_peak,19.853518671528892,25.0,93.26415894091743,118.26415894091743,79.72840288222753,0.0,1173,323.91354321297285,0.5872712625784617
line,41路(金蝉西路南口--东单路口南),pm_peak,63.58959648153217,25.0,84.8795250515198,109.8795250515198,79.72840288222753,0.0,570,158.38574555038505,2.9515140385364464
line,41路(金蝉西路南口--东单路口南),off_peak,50.03323251639264,25.0,74.30910888293965,99.30910888293965,79.72840288222753,0.0,2789,191.3348402830861,0.9429895109232964
line,423路(明春苑--阜成门内),all,47.033468978869884,25.0,77.05569215586958,102.05569215586958,79.72840288222753,0.0,1484,622.0590430611913,3.274108976032636
line,423路(明春苑--阜成门内),am_peak,15.149375562802081,25.0,93.26415894091743,118.26415894091743,79.72840288222753,0.0,357,609.8788490224765,1.3667329185370398
line,423路(明春苑--阜成门内),pm_peak,79.99999999999999,25.0,84.8795250515198,109.8795250515198,79.72840288222753,0.0,176,317.13253476316623,15.179973660851584
line,423路(明春苑--阜成门内),off_peak,62.942037457417364,25.0,74.30910888293965,99.30910888293965,79.72840288222753,0.0,945,454.95842921649694,4.331348182892745
line,423路(阜成门内--明春苑),all,55.606533461922396,25.0,77.05569215586958,102.05569215586958,79.72840288222753,0.0,2256,499.97514181353137,2.573034246363108
line,423路(阜成门内--明春苑),am_peak,79.99999999999999,25.0,93.26415894091743,118.26415894091743,79.72840288222753,0.0,253,568.0536022623686,21.691011366430953
line,423路(阜成门内--明春苑),pm_peak,44.35466062818007,25.0,84.8795250515198,109.8795250515198,79.72840288222753,0.0,464,467.983641081918,2.934826056278269
line,423路(阜成门内--明春苑),off_peak,65.12463095364383,25.0,74.30910888293965,99.30910888293965,79.72840288222753,0.0,1502,485.144550728515,3.2373438404242187
line,425路(南坞--小营公交场站),all,66.5792996254739,25.0,77.05569215586958,102.05569215586958,79.72840288222753,0.0,5549,364.15417460136405,2.071950464047834
line,425路(南坞--小营公交场站),am_peak,51.07075631088616,25.0,93.26415894091743,118.26415894091743,79.72840288222753,0.0,1190,342.883790926735,3.277630712337871
line,425路(南坞--小营公交场站),pm_peak,67.30939882153572,25.0,84.8795250515198,109.8795250515198,79.72840288222753,0.0,1190,408.2292170829307,3.6837211605766513
line,425路(南坞--小营公交场站),off_peak,79.99999999999999,25.0,74.30910888293965,99.30910888293965,79.72840288222753,0.0,3071,334.21907318661687,3.2733922241664843
line,425路(小营公交场站--南坞),all,79.99999999999936,25.0,77.05569215586958,102.05569215586958,79.72840288222753,0.0,3305,228.24608869798902,2.869940170647236
line,425路(小营公交场站--南坞),am_peak,79.99999999999999,25.0,93.26415894091743,118.26415894091743,79.72840288222753,0.0,751,163.5569728758996,4.227938625541048
line,425路(小营公交场站--南坞),pm_peak,79.9999999999951,25.0,84.8795250515198,109.8795250515198,79.72840288222753,0.0,728,262.3263589906892,6.748284199129587
line,425路(小营公交场站--南坞),off_peak,79.99999999999999,25.0,74.30910888293965,99.30910888293965,79.72840288222753,0.0,1739,226.93785008524893,3.762095799082279
line,42路(东四十条桥--广外甘石桥),all,42.18885364551464,25.0,77.05569215586958,102.05569215586958,79.72840288222753,0.0,3967,401.50671441308697,1.1454153673301282
line,42路(东四十条桥--广外甘石桥),am_peak,32.75026834186851,25.0,93.26415894091743,118.26415894091743,79.72840288222753,0.0,587,361.1742023293031,1.7440085735280793
line,42路(东四十条桥--广外甘石桥),pm_peak,38.07984654455873,25.0,84.8795250515198,109.8795250515198,79.72840288222753,0.0,550,477.1075131570218,3.5732427112136547
line,42路(东四十条桥--广外甘石桥),off_peak,44.756211376613734,25.0,74.30910888293965,99.30910888293965,79.72840288222753,0.0,2781,358.27934591768144,1.2597509673236602
line,42路(广外甘石桥--东四十条桥西),all,32.499541928915455,25.0,77.05569215586958,102.05569215586958,79.72840288222753,0.0,3329,720.4688645016082,1.1481526317149542
line,42路(广外甘石桥--东四十条桥西),am_peak,14.675377575691764,25.0,93.26415894091743,118.26415894091743,79.72840288222753,0.0,669,1052.3248026291265,1.4769148001115717
line,42路(广外甘石桥--东四十条桥西),pm_peak,37.29797455765282,25.0,84.8795250515198,109.8795250515198,79.72840288222753,0.0,341,521.7270701979791,3.1504939732555868
line,42路(广外甘石桥--东四十条桥西),off_peak,36.7647979687647,25.0,74.30910888293965,99.30910888293965,79.72840288222753,0.0,2300,527.6988330190017,1.3673419880615822
line,430路(东沙各庄公交场站--安定门),all,34.586177958722935,25.0,77.05569215586958,102.05569215586958,79.72840288222753,0.0,670,166.4431335222424,1.7191113553478128
line,430路(东沙各庄公交场站--安定门),off_peak,37.34239420060806,25.0,74.30910888293965,99.30910888293965,79.72840288222753,0.0,452,143.1395412055067,2.241252306135946
line,430路(安定门--东沙各庄公交场站),all,34.345821210563685,25.0,77.05569215586958,102.05569215586958,79.72840288222753,0.0,933,211.1529952704195,1.014986916769323
line,430路(安定门--东沙各庄公交场站),pm_peak,32.10375029302814,25.0,84.8795250515198,109.8795250515198,79.72840288222753,0.0,204,152.0063095990384,1.3139828141061405
line,430路(安定门--东沙各庄公交场站),off_peak,36.36465566226168,25.0,74.30910888293965,99.30910888293965,79.72840288222753,0.0,604,237.4988701967836,1.332224650991734
line,431路(东四十条桥东--单店北站),all,27.473810330825476,25.0,77.05569215586958,102.05569215586958,79.72840288222753,0.0,1084,381.4211621728422,1.125765820340202
line,431路(东四十条桥东--单店北站),pm_peak,19.776454844235968,25.0,84.8795250515198,109.8795250515198,79.72840288222753,0.0,286,474.23877031167444,2.099132311313998
line,431路(东四十条桥东--单店北站),off_peak,29.49757765543141,25.0,74.30910888293965,99.30910888293965,79.72840288222753,0.0,702,278.2384890572567,1.0428029656674678
line,431路(单店北站--东四十条桥东),all,29.391189928956845,25.0,77.05569215586958,102.05569215586958,79.72840288222753,0.0,870,185.17208804865967,1.181115117226188
line,431路(单店北站--东四十条桥东),am_peak,26.067816253058965,25.0,93.26415894091743,118.26415894091743,79.72840288222753,0.0,209,176.89814872858136,1.7614204817528358
line,431路(单店北站--东四十条桥东),off_peak,31.357415569701505,25.0,74.30910888293965,99.30910888293965,79.72840288222753,0.0,566,179.5490504035533,1.376724316935591
line,437路(公主坟北--地铁安河桥北站),all,79.99999999999999,25.0,77.05569215586958,102.05569215586958,79.72840288222753,0.0,2445,310.0477756245055,5.242004154540159
line,437路(公主坟北--地铁安河桥北站),am_peak,79.99999999999999,25.0,93.26415894091743,118.26415894091743,79.72840288222753,0.0,435,266.26042627361386,13.2037674860441
line,437路(公主坟北--地铁安河桥北站),pm_peak,58.28238555841162,25.0,84.8795250515198,109.8795250515198,79.72840288222753,0.0,474,344.1895709550231,9.334879771420377
line,437路(公主坟北--地铁安河桥北站),off_peak,79.99999999999999,25.0,74.30910888293965,99.30910888293965,79.72840288222753,0.0,1521,308.467629756078,6.276095851314131
line,437路(地铁安河桥北站--公主坟北),all,79.99999999999055,25.0,77.05569215586958,102.05569215586958,79.72840288222753,0.0,1653,245.40953994242835,5.426525145307729
line,437路(地铁安河桥北站--公主坟北),am_peak,79.9999999999997,25.0,93.26415894091743,118.26415894091743,79.72840288222753,0.0,318,242.0214961960753,14.779299166015676
line,437路(地铁安河桥北站--公主坟北),pm_peak,79.99999999999729,25.0,84.8795250515198,109.8795250515198,79.72840288222753,0.0,278,249.4827946134315,16.444885265504194
line,437路(地铁安河桥北站--公主坟北),off_peak,79.99999999999999,25.0,74.30910888293965,99.30910888293965,79.72840288222753,0.0,1047,237.65040821693805,5.82680210239004
line,439路(十里河桥东--百子湾),all,67.17550942528335,25.0,77.05569215586958,102.05569215586958,79.72840288222753,0.0,883,205.59328051159284,3.3937456848779926
line,439路(十里河桥东--百子湾),am_peak,37.88250687085756,25.0,93.26415894091743,118.26415894091743,79.72840288222753,0.0,198,253.37404929683026,4.144407362607587
line,439路(十里河桥东--百子湾),pm_peak,66.45176205622535,25.0,84.8795250515198,109.8795250515198,79.72840288222753,0.0,154,129.20080189482175,6.166698818017387
line,439路(十里河桥东--百子湾),off_peak,76.19795083403095,25.0,74.30910888293965,99.30910888293965,79.72840288222753,0.0,531,173.5474975009488,4.430257466777039
line,439路(百子湾--十里河桥西),all,77.11594039654334,25.0,77.05569215586958,102.05569215586958,79.72840288222753,0.0,784,210.49021204944003,6.677178037498973
line,439路(百子湾--十里河桥西),am_peak,79.99999999999999,25.0,93.26415894091743,118.26415894091743,79.72840288222753,0.0,205,147.6793755369384,13.679555290367844
line,439路(百子湾--十里河桥西),off_peak,79.9999999999208,25.0,74.30910888293965,99.30910888293965,79.72840288222753,0.0,454,239.73768230747885,9.020967896264635
line,43路(五间楼--团结湖),all,28.428459823411213,25.0,77.05569215586958,102.05569215586958,79.72840288222753,0.0,2826,417.8521648417362,0.7444958448929311
line,43路(五间楼--团结湖),am_peak,19.353031744600866,25.0,93.26415894091743,118.26415894091743,79.72840288222753,0.0,648,277.7884946196251,0.4813451775309199
line,43路(五间楼--团结湖),pm_peak,28.862720499746604,25.0,84.8795250515198,109.8795250515198,79.72840288222753,0.0,310,516.1710239981436,4.7510554805863165
line,43路(五间楼--团结湖),off_peak,32.784602167636194,25.0,74.30910888293965,99.30910888293965,79.72840288222753,0.0,1831,383.23558329798607,0.94644044870757
line,43路(团结湖--五间楼),all,37.78303616899931,25.0,77.05569215586958,102.05569215586958,79.72840288222753,0.0,2503,404.8288712396177,0.8137070921540087
line,43路(团结湖--五间楼),am_peak,39.859657716674256,25.0,93.26415894091743,118.26415894091743,79.72840288222753,0.0,333,499.1930333894251,2.15362857032251
line,43路(团结湖--五间楼),pm_peak,34.685258227245576,25.0,84.8795250515198,109.8795250515198,79.72840288222753,0.0,462,438.96776732149675,1.7211045485419247
line,43路(团结湖--五间楼),off_peak,40.06229739909372,25.0,74.30910888293965,99.30910888293965,79.72840288222753,0.0,1658,362.87655812156646,1.025832951788891
line,440路(弘善家园西站--经海七路公交场站),all,18.214765528383655,25.0,77.05569215586958,102.05569215586958,79.72840288222753,0.0,562,490.90523987938985,1.8802017907822655
line,440路(弘善家园西站--经海七路公交场站),off_peak,19.40327857311991,25.0,74.30910888293965,99.30910888293965,79.72840288222753,0.0,361,475.2390817665983,2.182109490217407
line,440路(经海七路公交场站--弘善家园公交场站),all,40.033393204011354,25.0,77.05569215586958,102.05569215586958,79.72840288222753,0.0,953,241.15651976588268,2.54904858664824
line,440路(经海七路公交场站--弘善家园公交场站),am_peak,22.011426468229992,25.0,93.26415894091743,118.26415894091743,79.72840288222753,0.0,198,231.9764622925046,2.3082904000005655
line,440路(经海七路公交场站--弘善家园公交场站),pm_peak,46.5832339989354,25.0,84.8795250515198,109.8795250515198,79.72840288222753,0.0,152,218.6523593795554,9.013735743261364
line,440路(经海七路公交场站--弘善家园公交场站),off_peak,48.75079394199089,25.0,74.30910888293965,99.30910888293965,79.72840288222753,0.0,591,216.32865317298447,3.4496176617256253
line,445路(南十里居--宏泰东街),all,31.860708771819663,25.0,77.05569215586958,102.05569215586958,79.72840288222753,0.0,271,209.08750065557342,4.3768003612347
line,445路(宏泰东街--南十里居),all,79.99999999999999,25.0,77.05569215586958,102.05569215586958,79.72840288222753,0.0,226,151.15660161991252,21.501074516659564
line,445路(宏泰东街--南十里居),off_peak,79.99999999999999,25.0,74.30910888293965,99.30910888293965,79.72840288222753,0.0,155,161.07676010359006,21.270837985796824
line,454路(永定门汽车站--西红门西站),all,39.20387690928479,25.0,77.05569215586958,102.05569215586958,79.72840288222753,0.0,832,211.10274000836543,1.6574213062369947
line,454路(永定门汽车站--西红门西站),pm_peak,38.62892866905697,25.0,84.8795250515198,109.8795250515198,79.72840288222753,0.0,187,139.56082424553904,3.1029116945024104
line,454路(永定门汽车站--西红门西站),off_peak,41.39865151854378,25.0,74.30910888293965,99.30910888293965,79.72840288222753,0.0,507,130.76345111396734,2.0652544365471566
line,454路(西红门西站--永定门汽车站),all,41.20845468404311,25.0,77.05569215586958,102.05569215586958,79.72840288222753,0.0,726,510.1642489328215,1.9840809964232404
line,454路(西红门西站--永定门汽车站),am_peak,8.543277408894701,25.0,93.26415894091743,118.26415894091743,79.72840288222753,0.0,172,660.6341126538464,1.459302914865029
line,454路(西红门西站--永定门汽车站),off_peak,50.41821776137655,25.0,74.30910888293965,99.30910888293965,79.72840288222753,0.0,467,132.69396616328416,2.2326976279011688
line,456路(菜户营桥东--思邈路),all,41.034135113412944,25.0,77.05569215586958,102.05569215586958,79.72840288222753,0.0,241,201.39799697712021,2.713093475822628
line,456路(菜户营桥东--思邈路),off_peak,41.03731053464528,25.0,74.30910888293965,99.30910888293965,79.72840288222753,0.0,167,232.4349849683036,3.910488670965891
line,457路(劲松--豆各庄公交场站),all,21.72187704181932,25.0,77.05569215586958,102.05569215586958,79.72840288222753,0.0,300,403.77785831100374,2.7132298089739506
line,457路(劲松--豆各庄公交场站),off_peak,21.772083240631925,25.0,74.30910888293965,99.30910888293965,79.72840288222753,0.0,200,438.08840052511124,2.7232487382146386
line,458路(北京南站--南宫迎宾路南站),all,48.29779839147456,25.0,77.05569215586958,102.05569215586958,79.72840288222753,0.0,1380,448.3366372057585,1.53525877112286
line,458路(北京南站--南宫迎宾路南站),am_peak,61.24365525369625,25.0,93.26415894091743,118.26415894091743,79.72840288222753,0.0,326,528.4878877192389,4.20711051923174
line,458路(北京南站--南宫迎宾路南站),pm_peak,50.07542649873448,25.0,84.8795250515198,109.8795250515198,79.72840288222753,0.0,300,279.1560096213472,3.2044113903337923
line,458路(北京南站--南宫迎宾路南站),off_peak,49.92654682508644,25.0,74.30910888293965,99.30910888293965,79.72840288222753,0.0,741,467.5224022295185,2.5259416665725345
line,458路(南宫迎宾路南站--北京南站),all,67.9595872002311,25.0,77.05569215586958,102.05569215586958,79.72840288222753,0.0,1240,227.20409152525525,3.552424764294818
line,458路(南宫迎宾路南站--北京南站),am_peak,47.847007904514506,25.0,93.26415894091743,118.26415894091743,79.72840288222753,0.0,456,214.75435278425215,3.3993471865453557
line,458路(南宫迎宾路南站--北京南站),pm_peak,79.99999999999999,25.0,84.8795250515198,109.8795250515198,79.72840288222753,0.0,183,213.92935479698062,9.916153770715676
line,458路(南宫迎宾路南站--北京南站),off_peak,79.99999999999943,25.0,74.30910888293965,99.30910888293965,79.72840288222753,0.0,601,178.0524737701019,4.056669266671111
line,459路(丽泽桥--南宫迎宾路),all,79.9999999999999,25.0,77.05569215586958,102.05569215586958,79.72840288222753,0.0,892,169.82242601225116,5.717029759799003
line,459路(丽泽桥--南宫迎宾路),pm_peak,71.58511882545547,25.0,84.8795250515198,109.8795250515198,79.72840288222753,0.0,242,143.4691921893171,8.931644528854292
line,459路(丽泽桥--南宫迎宾路),off_peak,79.99999999999999,25.0,74.30910888293965,99.30910888293965,79.72840288222753,0.0,535,189.13346354884033,7.517148168593863
line,459路(南宫迎宾路--丽泽桥),all,79.99999999999999,25.0,77.05569215586958,102.05569215586958,79.72840288222753,0.0,700,161.4969268158465,7.067995199703144
line,459路(南宫迎宾路--丽泽桥),am_peak,79.99999999999999,25.0,93.26415894091743,118.26415894091743,79.72840288222753,0.0,298,162.7143908082549,10.417655605048349
line,459路(南宫迎宾路--丽泽桥),off_peak,79.99999999999996,25.0,74.30910888293965,99.30910888293965,79.72840288222753,0.0,347,176.63780725609445,10.585017230013621
line,45路(三路居公交场站--阜成门内),all,79.99999999999945,25.0,77.05569215586958,102.05569215586958,79.72840288222753,0.0,3017,308.30654618658895,5.676063046878396
line,45路(三路居公交场站--阜成门内),am_peak,70.46082288173727,25.0,93.26415894091743,118.26415894091743,79.72840288222753,0.0,761,411.7368037975938,13.832945900642427
line,45路(三路居公交场站--阜成门内),pm_peak,79.99999999999999,25.0,84.8795250515198,109.8795250515198,79.72840288222753,0.0,347,254.2946048645139,22.717379007554836
line,45路(三路居公交场站--阜成门内),off_peak,79.99999999999999,25.0,74.30910888293965,99.30910888293965,79.72840288222753,0.0,1899,251.38039606974584,5.369327665810464
line,45路(阜成门内--三路居公交场站),all,79.99999999999999,25.0,77.05569215586958,102.05569215586958,79.72840288222753,0.0,2488,278.21661628167215,6.763807218929952
line,45路(阜成门内--三路居公交场站),am_peak,79.9999999999999,25.0,93.26415894091743,118.26415894091743,79.72840288222753,0.0,266,250.67902188848788,22.101247189802248
line,45路(阜成门内--三路居公交场站),pm_peak,77.26175133869862,25.0,84.8795250515198,109.8795250515198,79.72840288222753,0.0,468,390.0810216847298,24.966129105642935
line,45路(阜成门内--三路居公交场站),off_peak,79.99999999999939,25.0,74.30910888293965,99.30910888293965,79.72840288222753,0.0,1715,242.5040704870673,7.018632073868689
line,464路(和平东桥--回南家园),all,79.99999999999999,25.0,77.05569215586958,102.05569215586958,79.72840288222753,0.0,217,111.4377984728271,10.487170431857125
line,464路(和平东桥--回南家园),off_peak,79.99999999999999,25.0,74.30910888293965,99.30910888293965,79.72840288222753,0.0,155,118.74941065473631,12.147783247339692
line,464路(回南家园--和平东桥),all,55.077257170470425,25.0,77.05569215586958,102.05569215586958,79.72840288222753,0.0,175,169.26517847337124,11.43415670583684
line,466路(中关村南--地铁北苑站),all,32.460971428012684,25.0,77.05569215586958,102.05569215586958,79.72840288222753,0.0,170,209.30368801018662,4.034246939845877
line,466路(地铁北苑站--中关村南),all,29.949417593011663,25.0,77.05569215586958,102.05569215586958,79.72840288222753,0.0,285,147.0974518754511,2.129575871807547
line,466路(地铁北苑站--中关村南),off_peak,31.11523773556979,25.0,74.30910888293965,99.30910888293965,79.72840288222753,0.0,177,158.1565534843568,2.4716177589634016
line,467路(地铁善各庄站--静安庄),all,23.031914589711036,25.0,77.05569215586958,102.05569215586958,79.72840288222753,0.0,666,204.13873762624934,1.1257766422629665
line,467路(地铁善各庄站--静安庄),am_peak,19.714355909395703,25.0,93.26415894091743,118.26415894091743,79.72840288222753,0.0,177,208.43197504998398,1.3104568593645718
line,467路(地铁善各庄站--静安庄),off_peak,27.442806796874557,25.0,74.30910888293965,99.30910888293965,79.72840288222753,0.0,373,184.74703222782244,1.9439227447981282
line,467路(静安庄--地铁善各庄站),all,38.41485059508348,25.0,77.05569215586958,102.05569215586958,79.72840288222753,0.0,760,154.30447867585852,1.7248668732922818
line,467路(静安庄--地铁善各庄站),am_peak,47.37832466040352,25.0,93.26415894091743,118.26415894091743,79.72840288222753,0.0,160,137.54804440671072,6.329019139000271
line,467路(静安庄--地铁善各庄站),pm_peak,32.94729470224998,25.0,84.8795250515198,109.8795250515198,79.72840288222753,0.0,162,188.40304554732796,3.7575865594832223
line,467路(静安庄--地铁善各庄站),off_peak,40.08661923636276,25.0,74.30910888293965,99.30910888293965,79.72840288222753,0.0,421,143.001890589537,2.211416105657082
line,46路(三路居公交场站--西单商场),all,28.263231049874125,25.0,77.05569215586958,102.05569215586958,79.72840288222753,0.0,2026,615.380403646742,1.7464979659621653
line,46路(三路居公交场站--西单商场),am_peak,13.305107013631924,25.0,93.26415894091743,118.26415894091743,79.72840288222753,0.0,562,648.0092228081215,1.2486597119769862
line,46路(三路居公交场站--西单商场),off_peak,37.75776541775956,25.0,74.30910888293965,99.30910888293965,79.72840288222753,0.0,1358,494.3993087893607,2.866668971136826
line,46路(西单商场--三路居公交场站),all,44.75438822878296,25.0,77.05569215586958,102.05569215586958,79.72840288222753,0.0,2354,405.1078661399887,2.076274772016497
line,46路(西单商场--三路居公交场站),am_peak,36.65117127216023,25.0,93.26415894091743,118.26415894091743,79.72840288222753,0.0,199,547.9918800816595,13.930411774853027
line,46路(西单商场--三路居公交场站),pm_peak,23.792805774561945,25.0,84.8795250515198,109.8795250515198,79.72840288222753,0.0,373,542.27197039903,3.9217838287165674
line,46路(西单商场--三路居公交场站),off_peak,50.231088041029395,25.0,74.30910888293965,99.30910888293965,79.72840288222753,0.0,1756,310.55988978786473,2.2615927179656836
line,473路(六里桥北里--鲁谷公交场站),all,79.99999999999999,25.0,77.05569215586958,102.05569215586958,79.72840288222753,0.0,622,228.82527623252358,11.959998145027964
line,473路(六里桥北里--鲁谷公交场站),off_peak,66.76929297261172,25.0,74.30910888293965,99.30910888293965,79.72840288222753,0.0,430,231.42542040343446,11.328412772249198
line,473路(鲁谷公交场站--六里桥北里),all,79.99999999999999,25.0,77.05569215586958,102.05569215586958,79.72840288222753,0.0,465,182.29123863545814,9.642012891537505
line,473路(鲁谷公交场站--六里桥北里),off_peak,79.99999999999999,25.0,74.30910888293965,99.30910888293965,79.72840288222753,0.0,331,171.6864443973458,10.845507474593884
line,474路(大观园公交场站--西红门公交场站),all,79.99999999999999,25.0,77.05569215586958,102.05569215586958,79.72840288222753,0.0,2433,148.96495382736512,2.9508525888086634
line,474路(大观园公交场站--西红门公交场站),am_peak,79.99999999999996,25.0,93.26415894091743,118.26415894091743,79.72840288222753,0.0,379,166.1404003946662,10.250718640435581
line,474路(大观园公交场站--西红门公交场站),pm_peak,79.99999999999999,25.0,84.8795250515198,109.8795250515198,79.72840288222753,0.0,424,119.46599870736576,6.087625078502036
line,474路(大观园公交场站--西红门公交场站),off_peak,79.99999999999999,25.0,74.30910888293965,99.30910888293965,79.72840288222753,0.0,1614,149.97458494120707,3.369504871703485
line,474路(西红门公交场站--大观园公交场站),all,69.35573808458342,25.0,77.05569215586958,102.05569215586958,79.72840288222753,0.0,1972,541.6057958856608,3.8703188161985995
line,474路(西红门公交场站--大观园公交场站),am_peak,10.498246270170403,25.0,93.26415894091743,118.26415894091743,79.72840288222753,0.0,472,619.0420238410563,1.023140004760419
line,474路(西红门公交场站--大观园公交场站),pm_peak,79.99999999999935,25.0,84.8795250515198,109.8795250515198,79.72840288222753,0.0,246,310.9449365966857,12.300782077894088
line,474路(西红门公交场站--大观园公交场站),off_peak,79.99999999999999,25.0,74.30910888293965,99.30910888293965,79.72840288222753,0.0,1249,161.42433617186506,4.1260204120991295
line,477路(广外关厢--明春苑),all,64.43797436993226,25.0,77.05569215586958,102.05569215586958,79.72840288222753,0.0,2266,260.39891869395836,1.9249604862719214
line,477路(广外关厢--明春苑),am_peak,79.99999999999999,25.0,93.26415894091743,118.26415894091743,79.72840288222753,0.0,453,292.7598757933787,8.335992202291575
line,477路(广外关厢--明春苑),pm_peak,53.341246734856476,25.0,84.8795250515198,109.8795250515198,79.72840288222753,0.0,318,177.2606863968255,2.980086659681126
line,477路(广外关厢--明春苑),off_peak,66.09158658908217,25.0,74.30910888293965,99.30910888293965,79.72840288222753,0.0,1459,255.07176933326988,2.221045638761134
line,477路(明春苑--广外关厢),all,51.5807982668937,25.0,77.05569215586958,102.05569215586958,79.72840288222753,0.0,2327,326.56994903253803,1.590287601452228
line,477路(明春苑--广外关厢),am_peak,24.054492265578055,25.0,93.26415894091743,118.26415894091743,79.72840288222753,0.0,673,348.8442449475169,1.1620217924194778
line,477路(明春苑--广外关厢),pm_peak,66.5884682944922,25.0,84.8795250515198,109.8795250515198,79.72840288222753,0.0,232,130.371267879783,4.783420898392311
line,477路(明春苑--广外关厢),off_peak,64.3893840067817,25.0,74.30910888293965,99.30910888293965,79.72840288222753,0.0,1399,195.78344435210505,2.0963195568128583
line,478路(学知桥北--小辛庄村),all,79.99999999999947,25.0,77.05569215586958,102.05569215586958,79.72840288222753,0.0,173,151.65195181984188,27.602119656875395
line,47路(小马厂--花园路北口),all,48.368534651201564,25.0,77.05569215586958,102.05569215586958,79.72840288222753,0.0,3120,443.84858356143224,1.4912831640749193
line,47路(小马厂--花园路北口),am_peak,50.47839903582305,25.0,93.26415894091743,118.26415894091743,79.72840288222753,0.0,744,403.378639222661,3.9914575800260983
line,47路(小马厂--花园路北口),pm_peak,48.2097426380743,25.0,84.8795250515198,109.8795250515198,79.72840288222753,0.0,425,457.93259931219274,2.6559920035624383
line,47路(小马厂--花园路北口),off_peak,54.1562145694012,25.0,74.30910888293965,99.30910888293965,79.72840288222753,0.0,1922,448.4930063692352,2.2101846281389532
line,47路(花园路北口--小马厂),all,72.13943106192404,25.0,77.05569215586958,102.05569215586958,79.72840288222753,0.0,2479,433.01016897541297,2.785865985970683
line,47路(花园路北口--小马厂),am_peak,57.33792637418028,25.0,93.26415894091743,118.26415894091743,79.72840288222753,0.0,620,453.07221971296207,5.32577833125537
line,47路(花园路北口--小马厂),pm_peak,38.70946013732572,25.0,84.8795250515198,109.8795250515198,79.72840288222753,0.0,307,600.5519122846082,7.064661182826228
line,47路(花园路北口--小马厂),off_peak,79.99999999999999,25.0,74.30910888293965,99.30910888293965,79.72840288222753,0.0,1540,319.91646134118486,2.9436476540609395
line,480路(丽泽桥--明春苑),all,43.58332622911448,25.0,77.05569215586958,102.05569215586958,79.72840288222753,0.0,463,380.3300036848363,4.434136065693874
line,480路(丽泽桥--明春苑),am_peak,42.19936731972556,25.0,93.26415894091743,118.26415894091743,79.72840288222753,0.0,160,312.8147611528567,9.054266933294059
line,480路(丽泽桥--明春苑),off_peak,60.8599443617397,25.0,74.30910888293965,99.30910888293965,79.72840288222753,0.0,229,451.75891773589257,9.668091793322334
line,480路(明春苑--丽泽桥),all,50.056012215489524,25.0,77.05569215586958,102.05569215586958,79.72840288222753,0.0,232,485.32650098822717,8.97697303625919
line,481路(吴庄公交场站--紫竹院北门),all,54.830511299045014,25.0,77.05569215586958,102.05569215586958,79.72840288222753,0.0,158,178.24961500882392,7.698864239768999
line,481路(紫竹院北门--吴庄公交场站),all,79.99999999999999,25.0,77.05569215586958,102.05569215586958,79.72840288222753,0.0,275,247.88813613873313,18.41873828633136
line,483路(丰台路口--西红门西站),all,79.99999999999999,25.0,77.05569215586958,102.05569215586958,79.72840288222753,0.0,1269,171.36199195734005,2.963124282654035
line,483路(丰台路口--西红门西站),am_peak,79.99999999999999,25.0,93.26415894091743,118.26415894091743,79.72840288222753,0.0,328,195.90424304791105,10.922742861166029
line,483路(丰台路口--西红门西站),pm_peak,71.9400548701389,25.0,84.8795250515198,109.8795250515198,79.72840288222753,0.0,174,200.84029737123765,8.545102128765372
line,483路(丰台路口--西红门西站),off_peak,79.99999999999999,25.0,74.30910888293965,99.30910888293965,79.72840288222753,0.0,755,166.90184627979934,3.2623936065610466
line,483路(西红门西站--丰台路口),all,65.97786959589662,25.0,77.05569215586958,102.05569215586958,79.72840288222753,0.0,688,256.6905648795831,2.9995851264708273
line,483路(西红门西站--丰台路口),am_peak,64.87217507020421,25.0,93.26415894091743,118.26415894091743,79.72840288222753,0.0,158,262.45135681866,6.942727313414297
line,483路(西红门西站--丰台路口),off_peak,71.51601323198338,25.0,74.30910888293965,99.30910888293965,79.72840288222753,0.0,392,274.55420882083075,4.8082754810978265
line,485路(北京南站--振亚庄),all,65.34672627661139,25.0,77.05569215586958,102.05569215586958,79.72840288222753,0.0,743,191.81800423625688,3.903288896311648
line,485路(北京南站--振亚庄),off_peak,64.06856549446927,25.0,74.30910888293965,99.30910888293965,79.72840288222753,0.0,511,193.46422575782077,3.8208334117986666
line,485路(振亚庄--北京南站),all,63.36887229159226,25.0,77.05569215586958,102.05569215586958,79.72840288222753,0.0,816,215.17338706646947,7.98457929940545
line,485路(振亚庄--北京南站),am_peak,30.960537506944423,25.0,93.26415894091743,118.26415894091743,79.72840288222753,0.0,227,222.008123821389,3.5486453510144176
line,485路(振亚庄--北京南站),off_peak,79.99999999999966,25.0,74.30910888293965,99.30910888293965,79.72840288222753,0.0,509,186.04938306461318,11.946837956106025
line,486路(西直河南站--辛庄),all,40.794155995633886,25.0,77.05569215586958,102.05569215586958,79.72840288222753,0.0,607,278.7340536805317,3.2586176723890588
line,486路(西直河南站--辛庄),off_peak,40.117815947325425,25.0,74.30910888293965,99.30910888293965,79.72840288222753,0.0,371,221.88208486821614,3.5984402944956986
line,486路(辛庄--西直河南站),all,39.754470370552966,25.0,77.05569215586958,102.05569215586958,79.72840288222753,0.0,600,197.475698005771,2.7701099128591538
line,486路(辛庄--西直河南站),off_peak,47.46486896798496,25.0,74.30910888293965,99.30910888293965,79.72840288222753,0.0,394,176.28765646552893,3.541128265407346
line,488路(五里桥--大北窑北),all,30.453083380590012,25.0,77.05569215586958,102.05569215586958,79.72840288222753,0.0,276,178.7515252726303,2.47404458779087
line,488路(五里桥--大北窑北),off_peak,32.79966474982373,25.0,74.30910888293965,99.30910888293965,79.72840288222753,0.0,178,170.75992347935812,3.5025473054748852
line,488路(大北窑北--五里桥),all,60.2345651531953,25.0,77.05569215586958,102.05569215586958,79.72840288222753,0.0,623,189.15364461440305,4.07936799401732
line,488路(大北窑北--五里桥),off_peak,68.77728894851347,25.0,74.30910888293965,99.30910888293965,79.72840288222753,0.0,404,149.0279819329665,6.126021459018511
line,48路(城南嘉园北--前门),all,52.20145509623058,25.0,77.05569215586958,102.05569215586958,79.72840288222753,0.0,5552,708.7312533744961,2.082270340292733
line,48路(城南嘉园北--前门),am_peak,12.260946015106972,25.0,93.26415894091743,118.26415894091743,79.72840288222753,0.0,1117,923.8485966017945,1.0686736232558423
line,48路(城南嘉园北--前门),pm_peak,79.99999999999999,25.0,84.8795250515198,109.8795250515198,79.72840288222753,0.0,536,335.99645688213,8.274863285692215
line,48路(城南嘉园北--前门),off_peak,66.51201721149104,25.0,74.30910888293965,99.30910888293965,79.72840288222753,0.0,3857,345.26889489401526,2.6924811445348595
line,490路(宝盛里小区--惠新东桥西),all,79.99999999999999,25.0,77.05569215586958,102.05569215586958,79.72840288222753,0.0,629,159.66892757117583,4.40533920590882
line,490路(宝盛里小区--惠新东桥西),am_peak,79.99999999999999,25.0,93.26415894091743,118.26415894091743,79.72840288222753,0.0,166,157.85020331419938,7.936191566482757
line,490路(宝盛里小区--惠新东桥西),off_peak,79.99999999999999,25.0,74.30910888293965,99.30910888293965,79.72840288222753,0.0,297,155.02804805111623,6.138451999402951
line,490路(惠新东桥西--宝盛里小区),all,79.99999999999989,25.0,77.05569215586958,102.05569215586958,79.72840288222753,0.0,590,234.71865444389246,7.116746629681958
line,490路(惠新东桥西--宝盛里小区),off_peak,79.99999999999974,25.0,74.30910888293965,99.30910888293965,79.72840288222753,0.0,342,156.39887030898967,6.757453239533919
line,496路(康静里南--四惠枢纽站),all,24.263189613154488,25.0,77.05569215586958,102.05569215586958,79.72840288222753,0.0,179,381.00292659398934,4.563943470254868
line,497路(木樨园桥--郭公庄西),all,75.76968101126354,25.0,77.05569215586958,102.05569215586958,79.72840288222753,0.0,298,121.81990680209289,4.3150852740613965
line,497路(木樨园桥--郭公庄西),off_peak,79.99999999999999,25.0,74.30910888293965,99.30910888293965,79.72840288222753,0.0,199,94.0906351433072,4.543514923284572
line,497路(郭公庄西--木樨园桥),all,48.47754016530186,25.0,77.05569215586958,102.05569215586958,79.72840288222753,0.0,364,321.2284310477951,3.7928017367814117
line,497路(郭公庄西--木樨园桥),off_peak,46.68710523366189,25.0,74.30910888293965,99.30910888293965,79.72840288222753,0.0,236,379.55175476168284,5.5198407685612345
line,499路(燕莎桥南--草房西路南口),all,26.30780287388139,25.0,77.05569215586958,102.05569215586958,79.72840288222753,0.0,612,864.8079227208272,7.279062001122537
line,499路(燕莎桥南--草房西路南口),am_peak,79.9999999935418,25.0,93.26415894091743,118.26415894091743,79.72840288222753,0.0,196,709.0171745089441,21.49459448802939
line,499路(燕莎桥南--草房西路南口),off_peak,71.5058492208368,25.0,74.30910888293965,99.30910888293965,79.72840288222753,0.0,272,818.3370743936188,30.67749827269159
line,49路(樊家村公交场站--真武庙),all,30.924269775525968,25.0,77.05569215586958,102.05569215586958,79.72840288222753,0.0,1900,533.0384159006339,1.167351011906486
line,49路(樊家村公交场站--真武庙),am_peak,21.25942687226935,25.0,93.26415894091743,118.26415894091743,79.72840288222753,0.0,468,652.2307329069146,2.2715468532042755
line,49路(樊家村公交场站--真武庙),pm_peak,38.07314961451744,25.0,84.8795250515198,109.8795250515198,79.72840288222753,0.0,234,343.82433853225405,3.321762907297349
line,49路(樊家村公交场站--真武庙),off_peak,38.247083917233724,25.0,74.30910888293965,99.30910888293965,79.72840288222753,0.0,1065,433.4951108357968,1.44835861437916
line,49路(真武庙--樊家村公交场站),all,79.99999999999999,25.0,77.05569215586958,102.05569215586958,79.72840288222753,0.0,1802,287.3837607434952,4.23421435114694
line,49路(真武庙--樊家村公交场站),am_peak,79.99999999999999,25.0,93.26415894091743,118.26415894091743,79.72840288222753,0.0,239,258.221955132996,12.50601410882752
line,49路(真武庙--樊家村公交场站),pm_peak,79.99999999999956,25.0,84.8795250515198,109.8795250515198,79.72840288222753,0.0,443,324.37254702357546,10.530187347389873
line,49路(真武庙--樊家村公交场站),off_peak,79.99999999999999,25.0,74.30910888293965,99.30910888293965,79.72840288222753,0.0,1045,260.34952548982994,4.6635237529248545
line,501路(南苑机场--草桥东路北口),all,79.99999999999999,25.0,77.05569215586958,102.05569215586958,79.72840288222753,0.0,712,141.52400602401343,8.426612821285323
line,501路(南苑机场--草桥东路北口),am_peak,79.99999999999999,25.0,93.26415894091743,118.26415894091743,79.72840288222753,0.0,179,157.77521646813116,18.123730555772454
line,501路(南苑机场--草桥东路北口),off_peak,79.99999999999999,25.0,74.30910888293965,99.30910888293965,79.72840288222753,0.0,457,141.9009586517628,10.36682632154653
line,501路(草桥东路北口--南苑机场),all,63.31143270699549,25.0,77.05569215586958,102.05569215586958,79.72840288222753,0.0,862,214.5627223201551,2.69416832922761
line,501路(草桥东路北口--南苑机场),off_peak,64.65503943738315,25.0,74.30910888293965,99.30910888293965,79.72840288222753,0.0,593,152.66500566553293,2.8674486559954473
line,507路(金庄--小屯西路南口),all,10.914551638128264,25.0,77.05569215586958,102.05569215586958,79.72840288222753,0.0,455,408.09350248296084,1.4681090419876919
line,507路(金庄--小屯西路南口),off_peak,12.387271963984315,25.0,74.30910888293965,99.30910888293965,79.72840288222753,0.0,287,420.97499395162436,2.5066318721442733
line,508路(地铁新街口站--西苑),all,37.69337973886812,25.0,77.05569215586958,102.05569215586958,79.72840288222753,0.0,415,301.9866449645519,4.59795072436127
line,508路(地铁新街口站--西苑),off_peak,40.64883108887434,25.0,74.30910888293965,99.30910888293965,79.72840288222753,0.0,241,217.15887042986552,6.159484527586786
line,508路(西苑--地铁新街口站),all,79.99999999998293,25.0,77.05569215586958,102.05569215586958,79.72840288222753,0.0,491,201.08260665222267,10.479353239729258
line,508路(西苑--地铁新街口站),off_peak,79.99999999999999,25.0,74.30910888293965,99.30910888293965,79.72840288222753,0.0,296,179.30600811432163,13.297139961280422
line,50路(北京西站--左安门外),all,41.2601505671068,25.0,77.05569215586958,102.05569215586958,79.72840288222753,0.0,8526,266.2012148015474,0.46572204130109907
line,50路(北京西站--左安门外),am_peak,36.5696078112592,25.0,93.26415894091743,118.26415894091743,79.72840288222753,0.0,1337,264.927317746581,1.385168150217631
line,50路(北京西站--左安门外),pm_peak,35.845680689498835,25.0,84.8795250515198,109.8795250515198,79.72840288222753,0.0,1275,286.3349944571271,0.9569489269132202
line,50路(北京西站--左安门外),off_peak,43.462306190516124,25.0,74.30910888293965,99.30910888293965,79.72840288222753,0.0,5833,237.62286624694744,0.5166756967528638
line,50路(左安门外--北京西站),all,34.717199630970164,25.0,77.05569215586958,102.05569215586958,79.72840288222753,0.0,8186,487.1628313675274,0.4656565022520149
line,50路(左安门外--北京西站),am_peak,17.643185362203145,25.0,93.26415894091743,118.26415894091743,79.72840288222753,0.0,1604,623.3341078635135,0.6911224611916089
line,50路(左安门外--北京西站),pm_peak,36.40132446297461,25.0,84.8795250515198,109.8795250515198,79.72840288222753,0.0,1130,240.57136245383256,1.1738030212070896
line,50路(左安门外--北京西站),off_peak,39.222481040635806,25.0,74.30910888293965,99.30910888293965,79.72840288222753,0.0,5431,301.3522757201129,0.47705883331642146
line,510路(双泉堡东--杏坛路),all,79.99999999999997,25.0,77.05569215586958,102.05569215586958,79.72840288222753,0.0,704,219.10921424880104,13.809918956711611
line,510路(双泉堡东--杏坛路),am_peak,79.99999999999999,25.0,93.26415894091743,118.26415894091743,79.72840288222753,0.0,162,212.61823502938188,20.66285929093456
line,510路(双泉堡东--杏坛路),off_peak,79.99999999999999,25.0,74.30910888293965,99.30910888293965,79.72840288222753,0.0,414,230.75029960957568,20.591741300107216
line,510路(杏坛路--双泉堡东),all,63.480935714536,25.0,77.05569215586958,102.05569215586958,79.72840288222753,0.0,619,398.0034987306595,9.986764764520192
line,510路(杏坛路--双泉堡东),off_peak,56.66192348362485,25.0,74.30910888293965,99.30910888293965,79.72840288222753,0.0,399,389.4153730967467,12.026753522538666
line,511路(城南嘉园--方庄东路),all,79.99999999999999,25.0,77.05569215586958,102.05569215586958,79.72840288222753,0.0,4436,222.35608756662702,2.770858074097407
line,511路(城南嘉园--方庄东路),am_peak,79.99999999999999,25.0,93.26415894091743,118.26415894091743,79.72840288222753,0.0,924,233.73217496130965,8.327559516405941
line,511路(城南嘉园--方庄东路),pm_peak,79.99999999999999,25.0,84.8795250515198,109.8795250515198,79.72840288222753,0.0,480,245.88171644196433,11.372915437863579
line,511路(城南嘉园--方庄东路),off_peak,79.99999999999999,25.0,74.30910888293965,99.30910888293965,79.72840288222753,0.0,3008,202.66674186568557,2.6424934612908775
line,511路(方庄东路--城南嘉园),all,79.99999999996723,25.0,77.05569215586958,102.05569215586958,79.72840288222753,0.0,3484,328.6276871892974,2.954752237285476
line,511路(方庄东路--城南嘉园),am_peak,79.99999999999999,25.0,93.26415894091743,118.26415894091743,79.72840288222753,0.0,562,259.15893501481975,9.33389746302953
line,511路(方庄东路--城南嘉园),pm_peak,79.99999999999906,25.0,84.8795250515198,109.8795250515198,79.72840288222753,0.0,430,411.93367780479855,10.710164638964775
line,511路(方庄东路--城南嘉园),off_peak,79.99999999999999,25.0,74.30910888293965,99.30910888293965,79.72840288222753,0.0,2482,325.633527073319,3.267015574200198
line,513路(吕营嘉园--唐家村),all,37.67997065711349,25.0,77.05569215586958,102.05569215586958,79.72840288222753,0.0,2319,346.95070742018385,1.9582322068077034
line,513路(吕营嘉园--唐家村),am_peak,23.53739250884392,25.0,93.26415894091743,118.26415894091743,79.72840288222753,0.0,733,311.5784976971523,1.2778378368250338
line,513路(吕营嘉园--唐家村),pm_peak,53.84809188168898,25.0,84.8795250515198,109.8795250515198,79.72840288222753,0.0,215,361.5849075087657,9.882389302997243
line,513路(吕营嘉园--唐家村),off_peak,61.06453288107501,25.0,74.30910888293965,99.30910888293965,79.72840288222753,0.0,1366,293.2374829893618,3.7279359626112702
line,513路(唐家村--吕营嘉园),all,34.772950764846975,25.0,77.05569215586958,102.05569215586958,79.72840288222753,0.0,2398,379.4635749018843,1.6679171035009546
line,513路(唐家村--吕营嘉园),am_peak,58.396550156158526,25.0,93.26415894091743,118.26415894091743,79.72840288222753,0.0,345,387.20935368683996,19.731049673614702
line,513路(唐家村--吕营嘉园),pm_peak,29.878365628067098,25.0,84.8795250515198,109.8795250515198,79.72840288222753,0.0,568,462.07233866520227,2.6911006938532287
line,513路(唐家村--吕营嘉园),off_peak,39.719275440278146,25.0,74.30910888293965,99.30910888293965,79.72840288222753,0.0,1449,330.4826027543646,2.2212534531222063
line,515路(东大桥公交场站--北土城公交场站),all,54.891087682259176,25.0,77.05569215586958,102.05569215586958,79.72840288222753,0.0,2778,309.27019094142935,1.6526745037124515
line,515路(东大桥公交场站--北土城公交场站),am_peak,56.07684286066915,25.0,93.26415894091743,118.26415894091743,79.72840288222753,0.0,321,446.11260232951406,5.692448975011928
line,515路(东大桥公交场站--北土城公交场站),pm_peak,50.185136895852864,25.0,84.8795250515198,109.8795250515198,79.72840288222753,0.0,574,317.85997925850666,3.8380397479461825
line,515路(东大桥公交场站--北土城公交场站),off_peak,57.932757115054464,25.0,74.30910888293965,99.30910888293965,79.72840288222753,0.0,1863,268.4931857144735,1.7518164486452756
line,515路(北土城公交场站--东大桥公交场站),all,61.56167600746633,25.0,77.05569215586958,102.05569215586958,79.72840288222753,0.0,2963,307.6268785775517,2.346106240351843
line,515路(北土城公交场站--东大桥公交场站),am_peak,34.47329178133744,25.0,93.26415894091743,118.26415894091743,79.72840288222753,0.0,529,381.2366011021135,2.820892677450914
line,515路(北土城公交场站--东大桥公交场站),pm_peak,64.74618285026057,25.0,84.8795250515198,109.8795250515198,79.72840288222753,0.0,505,229.84515711248181,4.626152240240284
line,515路(北土城公交场站--东大桥公交场站),off_peak,72.04073057160755,25.0,74.30910888293965,99.30910888293965,79.72840288222753,0.0,1924,278.8339454211247,3.1274476771132744
line,516路(亮马桥--南皋),all,41.09408922766247,25.0,77.05569215586958,102.05569215586958,79.72840288222753,0.0,619,234.25203275645748,2.665133332595751
line,516路(亮马桥--南皋),am_peak,79.9999999999453,25.0,93.26415894091743,118.26415894091743,79.72840288222753,0.0,177,142.47934464744776,13.626919443965164
line,516路(亮马桥--南皋),off_peak,40.8975442038481,25.0,74.30910888293965,99.30910888293965,79.72840288222753,0.0,385,261.93168753334635,3.104863837072494
line,516路(南皋--亮马桥),all,37.50219169676672,25.0,77.05569215586958,102.05569215586958,79.72840288222753,0.0,523,178.3125696936434,1.5266080672498155
line,516路(南皋--亮马桥),off_peak,45.25190976089764,25.0,74.30910888293965,99.30910888293965,79.72840288222753,0.0,284,121.90385624305878,2.067374276306549
line,51路(双龙小区--嘉园三里),all,56.91627139236384,25.0,77.05569215586958,102.05569215586958,79.72840288222753,0.0,3575,266.55743861393876,1.23456024036357
line,51路(双龙小区--嘉园三里),am_peak,49.24986158304484,25.0,93.26415894091743,118.26415894091743,79.72840288222753,0.0,633,288.596104590811,2.9649546650233853
line,51路(双龙小区--嘉园三里),pm_peak,55.626986120453054,25.0,84.8795250515198,109.8795250515198,79.72840288222753,0.0,539,195.67551352495238,2.691687982976617
line,51路(双龙小区--嘉园三里),off_peak,61.20263006569593,25.0,74.30910888293965,99.30910888293965,79.72840288222753,0.0,2357,253.67031010399583,1.5679389261839567
line,51路(嘉园三里--双龙小区),all,55.37645567407442,25.0,77.05569215586958,102.05569215586958,79.72840288222753,0.0,3282,367.02123245816375,1.9919246444670742
line,51路(嘉园三里--双龙小区),am_peak,39.22318927667071,25.0,93.26415894091743,118.26415894091743,79.72840288222753,0.0,707,423.12756737936934,3.3686090528669115
line,51路(嘉园三里--双龙小区),pm_peak,79.99999999999999,25.0,84.8795250515198,109.8795250515198,79.72840288222753,0.0,369,299.14453562828743,9.10170963620303
line,51路(嘉园三里--双龙小区),off_peak,59.832661653087825,25.0,74.30910888293965,99.30910888293965,79.72840288222753,0.0,2179,313.6945996982776,2.427409544501292
line,528路(巴沟村--天香颐北里),all,10.875190803038347,25.0,77.05569215586958,102.05569215586958,79.72840288222753,0.0,202,478.2475573208304,1.6516976849235794
line,529路(北京南站南广场--翠海明苑),all,79.99999999999999,25.0,77.05569215586958,102.05569215586958,79.72840288222753,0.0,2108,159.14964385455917,2.9825354512129723
line,529路(北京南站南广场--翠海明苑),am_peak,79.99999999999999,25.0,93.26415894091743,118.26415894091743,79.72840288222753,0.0,351,150.75187491147898,9.808325373363381
line,529路(北京南站南广场--翠海明苑),pm_peak,79.99999999999963,25.0,84.8795250515198,109.8795250515198,79.72840288222753,0.0,312,205.78605435824608,9.564755298165235
line,529路(北京南站南广场--翠海明苑),off_peak,79.99999999999999,25.0,74.30910888293965,99.30910888293965,79.72840288222753,0.0,1414,145.46782140433817,3.158864471785084
line,529路(翠海明苑--北京南站南广场),all,79.99999999999994,25.0,77.05569215586958,102.05569215586958,79.72840288222753,0.0,1914,190.86213160370716,3.675085856462156
line,529路(翠海明苑--北京南站南广场),am_peak,79.99999999999909,25.0,93.26415894091743,118.26415894091743,79.72840288222753,0.0,553,168.75084408392837,9.553693047947222
line,529路(翠海明苑--北京南站南广场),pm_peak,79.99999999999999,25.0,84.8795250515198,109.8795250515198,79.72840288222753,0.0,261,144.00177022142944,8.900921608550648
line,529路(翠海明苑--北京南站南广场),off_peak,79.99999999999999,25.0,74.30910888293965,99.30910888293965,79.72840288222753,0.0,1071,206.16571606191488,4.46951222053391
line,52路(平乐园--靛厂新村),all,49.50032193491697,25.0,77.05569215586958,102.05569215586958,79.72840288222753,0.0,13873,450.3031336077031,0.6786658792719384
line,52路(平乐园--靛厂新村),am_peak,27.98671300699097,25.0,93.26415894091743,118.26415894091743,79.72840288222753,0.0,2246,518.7176467869463,1.1885077304710574
line,52路(平乐园--靛厂新村),pm_peak,44.7397930984365,25.0,84.8795250515198,109.8795250515198,79.72840288222753,0.0,2509,433.0941187039868,1.1610061459148302
line,52路(平乐园--靛厂新村),off_peak,55.705782585480996,25.0,74.30910888293965,99.30910888293965,79.72840288222753,0.0,8864,368.8078002613189,0.8134466323060027
line,52路(平乐园--靛厂新村),night,44.646013389610694,25.0,35.16202190477492,60.16202190477492,79.72840288222753,0.0,254,135.89167798492159,0.6776496226984203
line,52路(靛厂新村--平乐园),all,47.13736191052489,25.0,77.05569215586958,102.05569215586958,79.72840288222753,0.0,14570,421.63370708146533,0.42063620380972516
line,52路(靛厂新村--平乐园),am_peak,37.97012720938694,25.0,93.26415894091743,118.26415894091743,79.72840288222753,0.0,3359,392.1683799181745,0.8680214898578301
line,52路(靛厂新村--平乐园),pm_peak,31.289741891422608,25.0,84.8795250515198,109.8795250515198,79.72840288222753,0.0,2111,546.2188652368261,1.165052515877346
line,52路(靛厂新村--平乐园),off_peak,53.810920163839796,25.0,74.30910888293965,99.30910888293965,79.72840288222753,0.0,8900,295.6023054781054,0.4805253826338823
line,52路(靛厂新村--平乐园),night,39.62194091572157,25.0,35.16202190477492,60.16202190477492,79.72840288222753,0.0,200,341.709015372127,1.3898294403725981
line,531路(丽泽桥--吴庄公交场站),all,45.90968438854203,25.0,77.05569215586958,102.05569215586958,79.72840288222753,0.0,674,553.7413696705697,20.943018229949846
line,531路(丽泽桥--吴庄公交场站),am_peak,50.522214239299444,25.0,93.26415894091743,118.26415894091743,79.72840288222753,0.0,163,573.8548599634395,53.549138505121725
line,531路(丽泽桥--吴庄公交场站),pm_peak,35.362086986963945,25.0,84.8795250515198,109.8795250515198,79.72840288222753,0.0,155,687.055100232881,45.52091756954206
line,531路(丽泽桥--吴庄公交场站),off_peak,67.99886190976301,25.0,74.30910888293965,99.30910888293965,79.72840288222753,0.0,356,458.82308821089316,39.93755610669323
line,531路(吴庄公交场站--丽泽桥),all,79.99999999999999,25.0,77.05569215586958,102.05569215586958,79.72840288222753,0.0,193,219.21561173547406,24.119599249316455
line,534路(中央党校北门--西直门公交场站),all,45.69013922161209,25.0,77.05569215586958,102.05569215586958,79.72840288222753,0.0,2132,223.96777274724607,1.356343173549385
line,534路(中央党校北门--西直门公交场站),am_peak,32.47025065550761,25.0,93.26415894091743,118.26415894091743,79.72840288222753,0.0,569,215.59404642208642,1.103524534280511
line,534路(中央党校北门--西直门公交场站),pm_peak,52.72611213967273,25.0,84.8795250515198,109.8795250515198,79.72840288222753,0.0,300,182.54484658429217,4.082660278864206
line,534路(中央党校北门--西直门公交场站),off_peak,60.656004430842145,25.0,74.30910888293965,99.30910888293965,79.72840288222753,0.0,1263,177.4199424681634,1.5328540506757677
line,534路(西直门公交场站--中央党校北门),all,65.12243566609155,25.0,77.05569215586958,102.05569215586958,79.72840288222753,0.0,2182,200.6919398682765,1.3314166206013422
line,534路(西直门公交场站--中央党校北门),am_peak,79.99999999999999,25.0,93.26415894091743,118.26415894091743,79.72840288222753,0.0,298,191.91299347375198,5.431005576184205
line,534路(西直门公交场站--中央党校北门),pm_peak,61.676675320809345,25.0,84.8795250515198,109.8795250515198,79.72840288222753,0.0,487,197.03836315486856,2.6715900368269643
line,534路(西直门公交场站--中央党校北门),off_peak,67.64977529397412,25.0,74.30910888293965,99.30910888293965,79.72840288222753,0.0,1386,200.2653905172328,1.7939687314848551
line,535路(劲松桥东--白鹿司北街),all,63.43971121630411,25.0,77.05569215586958,102.05569215586958,79.72840288222753,0.0,581,313.9776166932017,8.852810942889175
line,535路(劲松桥东--白鹿司北街),off_peak,52.67418437685733,25.0,74.30910888293965,99.30910888293965,79.72840288222753,0.0,386,308.5569602163939,7.995782933108545
line,535路(白鹿司北街--劲松桥东),all,54.368101193867545,25.0,77.05569215586958,102.05569215586958,79.72840288222753,0.0,365,351.1897826595182,6.776730660400957
line,535路(白鹿司北街--劲松桥东),off_peak,59.227503446826724,25.0,74.30910888293965,99.30910888293965,79.72840288222753,0.0,243,166.73569993346393,7.36042398833813
line,536路(屏翠西路东口--左家庄),all,63.43658594497891,25.0,77.05569215586958,102.05569215586958,79.72840288222753,0.0,1633,216.63196078591494,2.7228773216370805
line,536路(屏翠西路东口--左家庄),am_peak,44.56195171755767,25.0,93.26415894091743,118.26415894091743,79.72840288222753,0.0,385,267.7806462019282,2.4110499675029837
line,536路(屏翠西路东口--左家庄),pm_peak,59.21389883294716,25.0,84.8795250515198,109.8795250515198,79.72840288222753,0.0,217,157.45463404635115,5.822478171944392
line,536路(屏翠西路东口--左家庄),off_peak,79.99999999999999,25.0,74.30910888293965,99.30910888293965,79.72840288222753,0.0,1027,172.41084783733933,4.057808374127672
line,536路(左家庄--屏翠西路东口),all,68.8290595542735,25.0,77.05569215586958,102.05569215586958,79.72840288222753,0.0,1858,284.7177288828722,3.1295527672210626
line,536路(左家庄--屏翠西路东口),am_peak,79.99999999999999,25.0,93.26415894091743,118.26415894091743,79.72840288222753,0.0,285,180.58077861993542,9.336026540290467
line,536路(左家庄--屏翠西路东口),pm_peak,26.152606343058633,25.0,84.8795250515198,109.8795250515198,79.72840288222753,0.0,369,326.81328732498486,2.1360517938795542
line,536路(左家庄--屏翠西路东口),off_peak,79.99999999999999,25.0,74.30910888293965,99.30910888293965,79.72840288222753,0.0,1192,206.28077586547678,3.962582023308983
line,539路(万柳中路北口--颐和园西门),all,33.63880546781251,25.0,77.05569215586958,102.05569215586958,79.72840288222753,0.0,572,286.5280094327965,2.0441741003993923
line,539路(万柳中路北口--颐和园西门),off_peak,30.31748728200688,25.0,74.30910888293965,99.30910888293965,79.72840288222753,0.0,423,309.7053578084235,2.115823736401137
line,539路(颐和园西门--万柳中路北口),all,27.99229402571578,25.0,77.05569215586958,102.05569215586958,79.72840288222753,0.0,479,294.2697592589205,2.7814053451760143
line,539路(颐和园西门--万柳中路北口),am_peak,23.42402199126082,25.0,93.26415894091743,118.26415894091743,79.72840288222753,0.0,168,207.97395388228094,3.1268215864176208
line,539路(颐和园西门--万柳中路北口),off_peak,32.97473362174949,25.0,74.30910888293965,99.30910888293965,79.72840288222753,0.0,234,329.5069748554963,3.876401262437924
line,53路(北京西站南广场--四方桥西),all,79.99999999999999,25.0,77.05569215586958,102.05569215586958,79.72840288222753,0.0,6616,303.25183625493906,1.7010694615761792
line,53路(北京西站南广场--四方桥西),am_peak,73.5779144744444,25.0,93.26415894091743,118.26415894091743,79.72840288222753,0.0,1047,381.83360390758247,5.154268842468641
line,53路(北京西站南广场--四方桥西),pm_peak,79.99999999999999,25.0,84.8795250515198,109.8795250515198,79.72840288222753,0.0,1048,342.79309685341025,4.8843370662855605
line,53路(北京西站南广场--四方桥西),off_peak,79.99999999999999,25.0,74.30910888293965,99.30910888293965,79.72840288222753,0.0,4422,243.82497905026634,1.7313309702788742
line,53路(四方桥西--北京西站南广场),all,79.99999999999999,25.0,77.05569215586958,102.05569215586958,79.72840288222753,0.0,6955,319.8280369529073,2.003192267598684
line,53路(四方桥西--北京西站南广场),am_peak,61.90483178163464,25.0,93.26415894091743,118.26415894091743,79.72840288222753,0.0,1362,395.9436643073915,3.266062408372355
line,53路(四方桥西--北京西站南广场),pm_peak,79.99999999999999,25.0,84.8795250515198,109.8795250515198,79.72840288222753,0.0,1031,310.58415705247677,6.252388157572971
line,53路(四方桥西--北京西站南广场),off_peak,79.99999999999999,25.0,74.30910888293965,99.30910888293965,79.72840288222753,0.0,4538,255.05300836804292,1.7810108506628644
line,547路(和平西桥--地铁善各庄站),all,26.179095520214126,25.0,77.05569215586958,102.05569215586958,79.72840288222753,0.0,237,403.8212578412439,6.341839796824889
line,549路(厢白旗桥--四通桥东),all,30.015985008905847,25.0,77.05569215586958,102.05569215586958,79.72840288222753,0.0,584,178.37745953654274,1.780847115723464
line,549路(厢白旗桥--四通桥东),off_peak,31.78360423586109,25.0,74.30910888293965,99.30910888293965,79.72840288222753,0.0,381,176.70786900013616,2.0973200524280555
line,549路(四通桥东--厢白旗桥),all,19.967160249995214,25.0,77.05569215586958,102.05569215586958,79.72840288222753,0.0,600,255.37235684973572,1.3170590236292572
line,549路(四通桥东--厢白旗桥),off_peak,20.55029967572236,25.0,74.30910888293965,99.30910888293965,79.72840288222753,0.0,410,256.77880932096684,1.6656703301880078
line,54路(三营门--四惠桥),all,60.7945990095296,25.0,77.05569215586958,102.05569215586958,79.72840288222753,0.0,5026,325.0377487146587,1.4813829613070058
line,54路(三营门--四惠桥),am_peak,38.27781253697088,25.0,93.26415894091743,118.26415894091743,79.72840288222753,0.0,1154,367.6113088114424,1.5961128842865115
line,54路(三营门--四惠桥),pm_peak,74.71014750178219,25.0,84.8795250515198,109.8795250515198,79.72840288222753,0.0,725,255.70308937939703,5.636087340098601
line,54路(三营门--四惠桥),off_peak,73.05445229211531,25.0,74.30910888293965,99.30910888293965,79.72840288222753,0.0,3136,267.6040637367425,1.7840513098511253
line,54路(四惠桥--三营门),all,72.24136193633682,25.0,77.05569215586958,102.05569215586958,79.72840288222753,0.0,5291,239.10414099508048,1.4045632007059314
line,54路(四惠桥--三营门),am_peak,71.45751930688101,25.0,93.26415894091743,118.26415894091743,79.72840288222753,0.0,840,221.77072186523276,4.749486334961753
line,54路(四惠桥--三营门),pm_peak,71.00169617689743,25.0,84.8795250515198,109.8795250515198,79.72840288222753,0.0,944,189.6173167125311,2.7814934887280263
line,54路(四惠桥--三营门),off_peak,79.07919831915687,25.0,74.30910888293965,99.30910888293965,79.72840288222753,0.0,3463,242.55689920036724,1.7570451584122844
line,554路(六里桥北--郭庄子公交场站),all,79.99999999999999,25.0,77.05569215586958,102.05569215586958,79.72840288222753,0.0,207,404.101878355657,34.697761189072054
line,554路(六里桥北--郭庄子公交场站),off_peak,79.9999999999999,25.0,74.30910888293965,99.30910888293965,79.72840288222753,0.0,151,397.72925875260995,38.5183075117083
line,554路(郭庄子公交场站--六里桥北),all,72.20186633344798,25.0,77.05569215586958,102.05569215586958,79.72840288222753,0.0,209,387.1174832050951,26.611710756613416
line,55路(祁家豁子--西安门),all,47.38230101809892,25.0,77.05569215586958,102.05569215586958,79.72840288222753,0.0,2636,410.5224775064768,3.4480015542935525
line,55路(祁家豁子--西安门),am_peak,26.48162275030388,25.0,93.26415894091743,118.26415894091743,79.72840288222753,0.0,810,422.46486724531314,1.4278460182409416
line,55路(祁家豁子--西安门),pm_peak,79.99999999999999,25.0,84.8795250515198,109.8795250515198,79.72840288222753,0.0,173,228.4615429435797,17.63047193070491
line,55路(祁家豁子--西安门),off_peak,59.706081916217016,25.0,74.30910888293965,99.30910888293965,79.72840288222753,0.0,1653,375.7045902260082,5.686927285898952
line,55路(西安门--祁家豁子),all,42.30877717432261,25.0,77.05569215586958,102.05569215586958,79.72840288222753,0.0,1458,471.3050876738464,2.1372652540985495
line,55路(西安门--祁家豁子),am_peak,79.99999999999999,25.0,93.26415894091743,118.26415894091743,79.72840288222753,0.0,238,585.1543874771992,22.758976561929444
line,55路(西安门--祁家豁子),pm_peak,44.8218778094784,25.0,84.8795250515198,109.8795250515198,79.72840288222753,0.0,188,154.65361954624015,2.9399032794788678
line,55路(西安门--祁家豁子),off_peak,37.848838129722,25.0,74.30910888293965,99.30910888293965,79.72840288222753,0.0,1028,475.4106832717308,2.361704352790091
line,563路(西直门公交场站--香山公园东门),all,51.88421503698116,25.0,77.05569215586958,102.05569215586958,79.72840288222753,0.0,2543,551.3163889817406,2.0762094355047034
line,563路(西直门公交场站--香山公园东门),am_peak,64.06564811189781,25.0,93.26415894091743,118.26415894091743,79.72840288222753,0.0,492,697.8169268162296,8.402155592565578
line,563路(西直门公交场站--香山公园东门),pm_peak,57.2982959198714,25.0,84.8795250515198,109.8795250515198,79.72840288222753,0.0,416,522.5875961681751,4.756959462464713
line,563路(西直门公交场站--香山公园东门),off_peak,52.65968490132555,25.0,74.30910888293965,99.30910888293965,79.72840288222753,0.0,1602,500.79354444167626,2.5498913194196717
line,563路(香山公园东门--西直门公交场站),all,49.077223698138326,25.0,77.05569215586958,102.05569215586958,79.72840288222753,0.0,1592,290.0120080701147,1.5071446450638797
line,563路(香山公园东门--西直门公交场站),am_peak,46.90128136483734,25.0,93.26415894091743,118.26415894091743,79.72840288222753,0.0,417,220.20525328478334,3.865155705653706
line,563路(香山公园东门--西直门公交场站),pm_peak,26.90620164798303,25.0,84.8795250515198,109.8795250515198,79.72840288222753,0.0,277,352.3621251979523,2.1871351666027117
line,563路(香山公园东门--西直门公交场站),off_peak,61.62290576932846,25.0,74.30910888293965,99.30910888293965,79.72840288222753,0.0,898,238.89597068835076,2.0957134953235625
line,567路(东湖--惠新西街北口),all,42.97972176904656,25.0,77.05569215586958,102.05569215586958,79.72840288222753,0.0,896,324.65277558119925,2.615252418093096
line,567路(东湖--惠新西街北口),am_peak,24.321758200672146,25.0,93.26415894091743,118.26415894091743,79.72840288222753,0.0,210,416.1071117261335,6.097651390689622
line,567路(东湖--惠新西街北口),pm_peak,28.876511003746803,25.0,84.8795250515198,109.8795250515198,79.72840288222753,0.0,180,400.27161326690805,6.209206893199563
line,567路(东湖--惠新西街北口),off_peak,55.195405389433475,25.0,74.30910888293965,99.30910888293965,79.72840288222753,0.0,502,178.68148196066235,3.2135478591341347
line,567路(惠新西街北口--东湖),all,42.713996967806835,25.0,77.05569215586958,102.05569215586958,79.72840288222753,0.0,977,199.40732408257003,1.7706501373395087
line,567路(惠新西街北口--东湖),am_peak,43.701986495397016,25.0,93.26415894091743,118.26415894091743,79.72840288222753,0.0,215,212.23410700108303,2.850368696347014
line,567路(惠新西街北口--东湖),pm_peak,35.1665702265603,25.0,84.8795250515198,109.8795250515198,79.72840288222753,0.0,202,233.80332331891623,3.6048391185750437
line,567路(惠新西街北口--东湖),off_peak,50.09576012918106,25.0,74.30910888293965,99.30910888293965,79.72840288222753,0.0,551,176.89322699656063,2.9940377663482978
line,568路(砂石路口东--马官营北),all,79.99999999999999,25.0,77.05569215586958,102.05569215586958,79.72840288222753,0.0,244,280.31419806438555,15.413962035478342
line,568路(马官营南--砂石路口东),all,45.5289613551357,25.0,77.05569215586958,102.05569215586958,79.72840288222753,0.0,738,407.25337136547074,10.286686315979916
line,568路(马官营南--砂石路口东),am_peak,20.71568747330916,25.0,93.26415894091743,118.26415894091743,79.72840288222753,0.0,208,371.8743293189181,9.422720305483749
line,568路(马官营南--砂石路口东),off_peak,59.481340164130195,25.0,74.30910888293965,99.30910888293965,79.72840288222753,0.0,428,382.7981111949643,15.866699086430065
line,56路(动物园枢纽站--大观园公交场站),all,52.47659686175561,25.0,77.05569215586958,102.05569215586958,79.72840288222753,0.0,1687,431.88722410335487,4.2504270762945415
line,56路(动物园枢纽站--大观园公交场站),am_peak,24.324524048109467,25.0,93.26415894091743,118.26415894091743,79.72840288222753,0.0,242,518.2700841530284,3.833096529718188
line,56路(动物园枢纽站--大观园公交场站),pm_peak,29.428691160612367,25.0,84.8795250515198,109.8795250515198,79.72840288222753,0.0,237,340.9742030076198,5.904652893132425
line,56路(动物园枢纽站--大观园公交场站),off_peak,77.09548154691429,25.0,74.30910888293965,99.30910888293965,79.72840288222753,0.0,1197,389.94413494981575,7.984209697420861
line,56路(大观园公交场站--动物园枢纽站),all,28.170405969773437,25.0,77.05569215586958,102.05569215586958,79.72840288222753,0.0,1917,600.1589770593924,2.3587476252624784
line,56路(大观园公交场站--动物园枢纽站),am_peak,7.569948061133378,25.0,93.26415894091743,118.26415894091743,79.72840288222753,0.0,395,602.4383779253383,0.5873031533274102
line,56路(大观园公交场站--动物园枢纽站),pm_peak,31.60208491552452,25.0,84.8795250515198,109.8795250515198,79.72840288222753,0.0,236,353.90685374223733,4.466987572464579
line,56路(大观园公交场站--动物园枢纽站),off_peak,45.739071077232516,25.0,74.30910888293965,99.30910888293965,79.72840288222753,0.0,1283,428.9177351123126,4.56727092856534
line,571路(地铁望京西站--朝新嘉园),all,22.006849196066327,25.0,77.05569215586958,102.05569215586958,79.72840288222753,0.0,324,345.52997952544575,2.6448745444721986
line,571路(地铁望京西站--朝新嘉园),off_peak,23.734571597407946,25.0,74.30910888293965,99.30910888293965,79.72840288222753,0.0,187,375.20241802720494,4.224242835756022
line,571路(朝新嘉园--地铁望京西站),all,47.278526714738106,25.0,77.05569215586958,102.05569215586958,79.72840288222753,0.0,369,234.37943882094615,5.218105072058371
line,571路(朝新嘉园--地铁望京西站),off_peak,51.52939806148103,25.0,74.30910888293965,99.30910888293965,79.72840288222753,0.0,211,176.56628123659615,5.395788981132965
line,579路(杏坛路南口--西苑),all,43.88944907835838,25.0,77.05569215586958,102.05569215586958,79.72840288222753,0.0,1762,208.90507004947483,0.960676534748687
line,579路(杏坛路南口--西苑),am_peak,63.15945846482057,25.0,93.26415894091743,118.26415894091743,79.72840288222753,0.0,461,211.2502280393221,3.977474992089512
line,579路(杏坛路南口--西苑),pm_peak,43.16297508430298,25.0,84.8795250515198,109.8795250515198,79.72840288222753,0.0,245,224.13935685351018,4.026745737131654
line,579路(杏坛路南口--西苑),off_peak,43.23237353219311,25.0,74.30910888293965,99.30910888293965,79.72840288222753,0.0,1046,199.84315514664308,1.086237699504942
line,579路(西苑--杏坛路南口),all,79.99999999999999,25.0,77.05569215586958,102.05569215586958,79.72840288222753,0.0,1650,264.8316706574869,4.674358867489796
line,579路(西苑--杏坛路南口),am_peak,79.99999999999999,25.0,93.26415894091743,118.26415894091743,79.72840288222753,0.0,319,195.97291582218242,10.69543117831602
line,579路(西苑--杏坛路南口),pm_peak,79.99999999999817,25.0,84.8795250515198,109.8795250515198,79.72840288222753,0.0,255,221.64059700053954,10.274579265790546
line,579路(西苑--杏坛路南口),off_peak,79.9999999998605,25.0,74.30910888293965,99.30910888293965,79.72840288222753,0.0,1057,294.8904412329173,5.838173226930891
line,57路(四惠枢纽站--靛厂新村),all,77.5600447533211,25.0,77.05569215586958,102.05569215586958,79.72840288222753,0.0,14909,379.5195517099283,1.1502648532377615
line,57路(四惠枢纽站--靛厂新村),am_peak,60.96918241456518,25.0,93.26415894091743,118.26415894091743,79.72840288222753,0.0,2490,407.32924745667054,3.016691277466135
line,57路(四惠枢纽站--靛厂新村),pm_peak,79.99999999999999,25.0,84.8795250515198,109.8795250515198,79.72840288222753,0.0,2671,300.4389446975836,2.65897877587756
line,57路(四惠枢纽站--靛厂新村),off_peak,79.99999999999999,25.0,74.30910888293965,99.30910888293965,79.72840288222753,0.0,9477,363.74766989667023,1.256515512590083
line,57路(四惠枢纽站--靛厂新村),night,51.57644211570906,25.0,35.16202190477492,60.16202190477492,79.72840288222753,0.0,271,327.34280441117943,2.3259207915437625
line,57路(靛厂新村--四惠枢纽站),all,61.1623523767117,25.0,77.05569215586958,102.05569215586958,79.72840288222753,0.0,15777,441.5863831089252,1.0198598459563801
line,57路(靛厂新村--四惠枢纽站),am_peak,41.88519056191475,25.0,93.26415894091743,118.26415894091743,79.72840288222753,0.0,3510,440.86979566067254,1.29994662585907
line,57路(靛厂新村--四惠枢纽站),pm_peak,76.92587847240219,25.0,84.8795250515198,109.8795250515198,79.72840288222753,0.0,2065,424.6447675548873,4.218435967322077
line,57路(靛厂新村--四惠枢纽站),off_peak,69.71598015181193,25.0,74.30910888293965,99.30910888293965,79.72840288222753,0.0,10067,401.63274350636897,1.203100221867194
line,584路(大钟寺--颐和山庄),all,54.20258842405706,25.0,77.05569215586958,102.05569215586958,79.72840288222753,0.0,930,163.05215844954898,2.4149566716979574
line,584路(大钟寺--颐和山庄),am_peak,63.97713780517089,25.0,93.26415894091743,118.26415894091743,79.72840288222753,0.0,207,122.87248413248369,4.775828264987518
line,584路(大钟寺--颐和山庄),off_peak,63.66115754803875,25.0,74.30910888293965,99.30910888293965,79.72840288222753,0.0,573,134.28356056313484,4.207006053330488
line,584路(颐和山庄--大钟寺),all,46.53015224695661,25.0,77.05569215586958,102.05569215586958,79.72840288222753,0.0,845,122.33273067254895,1.2416674207793095
line,584路(颐和山庄--大钟寺),pm_peak,53.61713906291533,25.0,84.8795250515198,109.8795250515198,79.72840288222753,0.0,186,107.85728071692449,3.2128405981549255
line,584路(颐和山庄--大钟寺),off_peak,44.272863739004165,25.0,74.30910888293965,99.30910888293965,79.72840288222753,0.0,560,123.15936049916158,1.433815451265709
line,58路(四惠枢纽站--神武门),all,56.63704651724682,25.0,77.05569215586958,102.05569215586958,79.72840288222753,0.0,3899,421.07570955094155,1.4526403891516657
line,58路(四惠枢纽站--神武门),am_peak,44.034410368293685,25.0,93.26415894091743,118.26415894091743,79.72840288222753,0.0,920,256.554876242828,1.9781157613273057
line,58路(四惠枢纽站--神武门),pm_peak,42.03247636767874,25.0,84.8795250515198,109.8795250515198,79.72840288222753,0.0,448,275.2011684854946,2.9874518388866047
line,58路(四惠枢纽站--神武门),off_peak,69.63503122068697,25.0,74.30910888293965,99.30910888293965,79.72840288222753,0.0,2486,479.2951823953441,2.102034092838132
line,58路(神武门--四惠枢纽站),all,39.15068663063019,25.0,77.05569215586958,102.05569215586958,79.72840288222753,0.0,3229,260.4558222514682,0.7412633484791922
line,58路(神武门--四惠枢纽站),am_peak,66.08861669694163,25.0,93.26415894091743,118.26415894091743,79.72840288222753,0.0,494,182.69124408024945,3.4791634110128875
line,58路(神武门--四惠枢纽站),pm_peak,33.09662177851816,25.0,84.8795250515198,109.8795250515198,79.72840288222753,0.0,678,240.2676580240449,1.0826400934997442
line,58路(神武门--四惠枢纽站),off_peak,39.40958838359478,25.0,74.30910888293965,99.30910888293965,79.72840288222753,0.0,2025,274.1595149057152,0.9216137880813636
line,596路(七星路南口--国际展览中心),all,79.99999999999999,25.0,77.05569215586958,102.05569215586958,79.72840288222753,0.0,380,308.0541014680136,18.587040381842836
line,596路(七星路南口--国际展览中心),off_peak,79.99999999999999,25.0,74.30910888293965,99.30910888293965,79.72840288222753,0.0,212,310.3210307088326,23.77859679964835
line,596路(国际展览中心--七星路南口),all,79.99999999999999,25.0,77.05569215586958,102.05569215586958,79.72840288222753,0.0,577,366.7392319037094,13.762663449540652
line,596路(国际展览中心--七星路南口),am_peak,79.99999999999996,25.0,93.26415894091743,118.26415894091743,79.72840288222753,0.0,182,288.2872935847674,36.637174764828806
line,596路(国际展览中心--七星路南口),off_peak,79.99999999999999,25.0,74.30910888293965,99.30910888293965,79.72840288222753,0.0,330,438.2004593047132,18.04354791545374
line,599路(前门--博兴六路公交场站),all,77.17711142401224,25.0,77.05569215586958,102.05569215586958,79.72840288222753,0.0,3834,284.13856541905096,1.9080053060266426
line,599路(前门--博兴六路公交场站),am_peak,79.99999999999999,25.0,93.26415894091743,118.26415894091743,79.72840288222753,0.0,416,205.28189317015554,7.549672153520201
line,599路(前门--博兴六路公交场站),pm_peak,60.927116562630374,25.0,84.8795250515198,109.8795250515198,79.72840288222753,0.0,756,228.5000715910324,2.8527907365108227
line,599路(前门--博兴六路公交场站),off_peak,79.99999999999972,25.0,74.30910888293965,99.30910888293965,79.72840288222753,0.0,2655,300.4308810129068,2.222167506133592
line,599路(博兴六路公交场站--前门),all,42.27117235928718,25.0,77.05569215586958,102.05569215586958,79.72840288222753,0.0,1782,284.5896211999981,1.3967568439717983
line,599路(博兴六路公交场站--前门),am_peak,23.528967109005215,25.0,93.26415894091743,118.26415894091743,79.72840288222753,0.0,381,321.80858612682795,1.247808055161796
line,599路(博兴六路公交场站--前门),pm_peak,79.99999999999999,25.0,84.8795250515198,109.8795250515198,79.72840288222753,0.0,160,152.89245932127568,8.969753471425264
line,599路(博兴六路公交场站--前门),off_peak,46.409163387127535,25.0,74.30910888293965,99.30910888293965,79.72840288222753,0.0,1234,196.35624906533158,1.5637586625562452
line,59路(前门--菜户营桥),all,53.3690251197293,25.0,77.05569215586958,102.05569215586958,79.72840288222753,0.0,2857,364.19905669246594,3.2410594022722243
line,59路(前门--菜户营桥),am_peak,26.5283257645078,25.0,93.26415894091743,118.26415894091743,79.72840288222753,0.0,330,482.18109228961396,1.949428615999613
line,59路(前门--菜户营桥),pm_peak,64.70445814966854,25.0,84.8795250515198,109.8795250515198,79.72840288222753,0.0,406,348.61164616620687,13.87332435573836
line,59路(前门--菜户营桥),off_peak,58.45351168089224,25.0,74.30910888293965,99.30910888293965,79.72840288222753,0.0,2078,322.70924787632566,3.4422253648692154
line,59路(菜户营桥--前门),all,32.15960513728956,25.0,77.05569215586958,102.05569215586958,79.72840288222753,0.0,3520,588.3638445373897,1.3236877493088757
line,59路(菜户营桥--前门),am_peak,11.68568235761975,25.0,93.26415894091743,118.26415894091743,79.72840288222753,0.0,814,758.7873876397682,1.527979434741029
line,59路(菜户营桥--前门),pm_peak,75.26223786348021,25.0,84.8795250515198,109.8795250515198,79.72840288222753,0.0,360,290.6871703562134,12.037661869463975
line,59路(菜户营桥--前门),off_peak,41.22185836969313,25.0,74.30910888293965,99.30910888293965,79.72840288222753,0.0,2326,355.0755529591747,1.8106004578387707
line,5路(北土城公交场站--菜户营桥),all,31.447063786696503,25.0,77.05569215586958,102.05569215586958,79.72840288222753,0.0,8848,430.8444854144486,0.42807230430685445
line,5路(北土城公交场站--菜户营桥),am_peak,42.88877146615977,25.0,93.26415894091743,118.26415894091743,79.72840288222753,0.0,1503,546.0190002772559,2.4408472506700174
line,5路(北土城公交场站--菜户营桥),pm_peak,35.1028714025658,25.0,84.8795250515198,109.8795250515198,79.72840288222753,0.0,989,272.6066884893364,1.3008945591003451
line,5路(北土城公交场站--菜户营桥),off_peak,29.982662580041914,25.0,74.30910888293965,99.30910888293965,79.72840288222753,0.0,6269,416.18570134391456,0.4404602643767256
line,5路(菜户营桥--北土城公交场站),all,34.684298208291565,25.0,77.05569215586958,102.05569215586958,79.72840288222753,0.0,8688,472.1210370580074,0.4097842667749097
line,5路(菜户营桥--北土城公交场站),am_peak,31.11212070176925,25.0,93.26415894091743,118.26415894091743,79.72840288222753,0.0,1439,755.6682438943994,1.9137193057499837
line,5路(菜户营桥--北土城公交场站),pm_peak,36.55090631776036,25.0,84.8795250515198,109.8795250515198,79.72840288222753,0.0,963,252.01714630947907,1.0626168156968285
line,5路(菜户营桥--北土城公交场站),off_peak,35.14035599755786,25.0,74.30910888293965,99.30910888293965,79.72840288222753,0.0,6261,387.76549283901244,0.4201965035597514
line,601路(和平东桥--地铁北宫门站),all,59.25261014147456,25.0,77.05569215586958,102.05569215586958,79.72840288222753,0.0,3430,208.08808396017585,1.091242245382588
line,601路(和平东桥--地铁北宫门站),am_peak,73.01040852658902,25.0,93.26415894091743,118.26415894091743,79.72840288222753,0.0,748,254.03843062774055,3.0180206491271453
line,601路(和平东桥--地铁北宫门站),pm_peak,61.34433528589433,25.0,84.8795250515198,109.8795250515198,79.72840288222753,0.0,557,196.33032974178752,3.9297604918161775
line,601路(和平东桥--地铁北宫门站),off_peak,61.763904730432984,25.0,74.30910888293965,99.30910888293965,79.72840288222753,0.0,2091,190.0656419944894,1.3567094070558932
line,601路(地铁北宫门站--和平东桥),all,62.997735218046444,25.0,77.05569215586958,102.05569215586958,79.72840288222753,0.0,3188,186.23347400924993,1.1167976471869074
line,601路(地铁北宫门站--和平东桥),am_peak,70.25988696526721,25.0,93.26415894091743,118.26415894091743,79.72840288222753,0.0,627,176.2380633445423,4.049665272716707
line,601路(地铁北宫门站--和平东桥),pm_peak,70.22607749165157,25.0,84.8795250515198,109.8795250515198,79.72840288222753,0.0,582,211.0498857209232,3.892033048980012
line,601路(地铁北宫门站--和平东桥),off_peak,64.5652368646292,25.0,74.30910888293965,99.30910888293965,79.72840288222753,0.0,1946,175.6523203322114,1.307718727694162
line,602路(丰台体育中心--老君堂北站),all,35.42310983698084,25.0,77.05569215586958,102.05569215586958,79.72840288222753,0.0,1409,211.49507702176328,0.7440407074097452
line,602路(丰台体育中心--老君堂北站),am_peak,34.070743008448495,25.0,93.26415894091743,118.26415894091743,79.72840288222753,0.0,273,204.2835639049342,1.815889586292116
line,602路(丰台体育中心--老君堂北站),pm_peak,32.93555045158545,25.0,84.8795250515198,109.8795250515198,79.72840288222753,0.0,221,204.92094564348318,1.8580466304913474
line,602路(丰台体育中心--老君堂北站),off_peak,38.34068404869734,25.0,74.30910888293965,99.30910888293965,79.72840288222753,0.0,910,216.74721596474674,0.9507452609423287
line,602路(老君堂北站--丰台路口),all,37.8690553986951,25.0,77.05569215586958,102.05569215586958,79.72840288222753,0.0,947,372.52086560503506,1.4487668136078937
line,602路(老君堂北站--丰台路口),am_peak,36.33805137516704,25.0,93.26415894091743,118.26415894091743,79.72840288222753,0.0,225,431.7102835824196,2.458540886506249
line,602路(老君堂北站--丰台路口),off_peak,49.80318664354458,25.0,74.30910888293965,99.30910888293965,79.72840288222753,0.0,588,399.366434445305,2.3119533913364725
line,605路(弘燕公交场站--黄杉木店),all,29.152059381616777,25.0,77.05569215586958,102.05569215586958,79.72840288222753,0.0,2694,536.7922472488416,2.1388902754917787
line,605路(弘燕公交场站--黄杉木店),am_peak,19.837328835739967,25.0,93.26415894091743,118.26415894091743,79.72840288222753,0.0,513,570.9019275497075,1.9044397028309132
line,605路(弘燕公交场站--黄杉木店),pm_peak,41.639706718264186,25.0,84.8795250515198,109.8795250515198,79.72840288222753,0.0,413,372.6489069665631,10.165038074816676
line,605路(弘燕公交场站--黄杉木店),off_peak,34.810276578587086,25.0,74.30910888293965,99.30910888293965,79.72840288222753,0.0,1688,514.1076735006898,3.1466714646168907
line,605路(黄杉木店--弘燕公交场站),all,50.38543558886149,25.0,77.05569215586958,102.05569215586958,79.72840288222753,0.0,858,209.96626553977606,2.746567871157984
line,605路(黄杉木店--弘燕公交场站),am_peak,79.99999999999994,25.0,93.26415894091743,118.26415894091743,79.72840288222753,0.0,166,162.50284231904766,11.67803514953164
line,605路(黄杉木店--弘燕公交场站),pm_peak,36.778164882114815,25.0,84.8795250515198,109.8795250515198,79.72840288222753,0.0,167,193.44991146330676,3.668696818175049
line,605路(黄杉木店--弘燕公交场站),off_peak,53.23915487060845,25.0,74.30910888293965,99.30910888293965,79.72840288222753,0.0,504,212.74479409380467,4.078508520788662
line,606路(地铁霍营站南--大钟寺站),all,79.99999999999999,25.0,77.05569215586958,102.05569215586958,79.72840288222753,0.0,1222,195.55306252096557,5.300701237454714
line,606路(地铁霍营站南--大钟寺站),am_peak,79.99999999999999,25.0,93.26415894091743,118.26415894091743,79.72840288222753,0.0,226,161.22511236669774,12.749981611748755
line,606路(地铁霍营站南--大钟寺站),pm_peak,79.99999999999999,25.0,84.8795250515198,109.8795250515198,79.72840288222753,0.0,192,159.32695348624136,13.863660006618058
line,606路(地铁霍营站南--大钟寺站),off_peak,79.99999999999855,25.0,74.30910888293965,99.30910888293965,79.72840288222753,0.0,796,215.86204849542614,7.203225315129198
line,606路(大钟寺站--地铁霍营站南),all,51.5375987505029,25.0,77.05569215586958,102.05569215586958,79.72840288222753,0.0,1318,339.3704989969383,3.7700187992477443
line,606路(大钟寺站--地铁霍营站南),am_peak,79.99999999999999,25.0,93.26415894091743,118.26415894091743,79.72840288222753,0.0,197,136.57174465119334,13.33308489043124
line,606路(大钟寺站--地铁霍营站南),pm_peak,79.99999999999999,25.0,84.8795250515198,109.8795250515198,79.72840288222753,0.0,225,282.39725966004744,8.865686708608974
line,606路(大钟寺站--地铁霍营站南),off_peak,43.190277149025405,25.0,74.30910888293965,99.30910888293965,79.72840288222753,0.0,883,379.7052172553664,4.851875653149954
line,607路(和平东桥--宏福苑小区西),all,79.99999999999972,25.0,77.05569215586958,102.05569215586958,79.72840288222753,0.0,616,417.86785555867044,5.078149521987364
line,607路(和平东桥--宏福苑小区西),am_peak,79.99999999993823,25.0,93.26415894091743,118.26415894091743,79.72840288222753,0.0,168,664.9607869519924,22.41719077076226
line,607路(和平东桥--宏福苑小区西),off_peak,79.99999999999999,25.0,74.30910888293965,99.30910888293965,79.72840288222753,0.0,330,279.4175127450027,5.486336488197114
line,607路(宏福苑小区西--和平东桥),all,79.99999999999999,25.0,77.05569215586958,102.05569215586958,79.72840288222753,0.0,361,149.12569231734014,11.273996611374137
line,607路(宏福苑小区西--和平东桥),off_peak,79.99999999999999,25.0,74.30910888293965,99.30910888293965,79.72840288222753,0.0,243,141.33548148051275,11.673981509019578
line,60路(黄寺总政大院--龙潭公园),all,51.329628104907435,25.0,77.05569215586958,102.05569215586958,79.72840288222753,0.0,2002,484.1399339368978,2.268136605838471
line,60路(黄寺总政大院--龙潭公园),am_peak,30.234751565593,25.0,93.26415894091743,118.26415894091743,79.72840288222753,0.0,457,598.54672446166,4.105456679503964
line,60路(黄寺总政大院--龙潭公园),pm_peak,38.37119149932027,25.0,84.8795250515198,109.8795250515198,79.72840288222753,0.0,198,665.2880698766498,4.349640925575515
line,60路(黄寺总政大院--龙潭公园),off_peak,57.66356273795768,25.0,74.30910888293965,99.30910888293965,79.72840288222753,0.0,1316,316.0982178309371,2.3115808318087936
line,60路(龙潭公园--黄寺总政大院),all,39.8363660820532,25.0,77.05569215586958,102.05569215586958,79.72840288222753,0.0,2487,563.6301001940631,2.261209132476077
line,60路(龙潭公园--黄寺总政大院),am_peak,19.6981258975213,25.0,93.26415894091743,118.26415894091743,79.72840288222753,0.0,498,400.8466631159754,1.0528719483100215
line,60路(龙潭公园--黄寺总政大院),pm_peak,29.479457347069612,25.0,84.8795250515198,109.8795250515198,79.72840288222753,0.0,344,755.2649551588162,8.110122989292815
line,60路(龙潭公园--黄寺总政大院),off_peak,48.29026998196475,25.0,74.30910888293965,99.30910888293965,79.72840288222753,0.0,1629,483.6763489979101,2.0039836961137283
line,610路(西苑枢纽站--鲁谷公交场站),all,53.66756988596893,25.0,77.05569215586958,102.05569215586958,79.72840288222753,0.0,1015,277.60308962068757,3.349812086258131
line,610路(西苑枢纽站--鲁谷公交场站),am_peak,48.97579483723143,25.0,93.26415894091743,118.26415894091743,79.72840288222753,0.0,275,233.79361314370678,5.893794334837433
line,610路(西苑枢纽站--鲁谷公交场站),pm_peak,29.560064467432955,25.0,84.8795250515198,109.8795250515198,79.72840288222753,0.0,197,283.3678504845422,4.391315257578938
line,610路(西苑枢纽站--鲁谷公交场站),off_peak,79.99999999999999,25.0,74.30910888293965,99.30910888293965,79.72840288222753,0.0,543,260.5464940288262,6.227351931338231
line,610路(鲁谷公交场站--西苑),all,60.807668991110816,25.0,77.05569215586958,102.05569215586958,79.72840288222753,0.0,718,196.46256679268234,4.492069848423836
line,610路(鲁谷公交场站--西苑),off_peak,67.9635681165775,25.0,74.30910888293965,99.30910888293965,79.72840288222753,0.0,448,183.78983668945855,5.647040756308156
line,612路(北官厅--张仪村东站),all,50.39200419539336,25.0,77.05569215586958,102.05569215586958,79.72840288222753,0.0,3519,577.5824406618763,1.9706620712467966
line,612路(北官厅--张仪村东站),am_peak,35.412933117026085,25.0,93.26415894091743,118.26415894091743,79.72840288222753,0.0,449,387.95131869921124,3.2061347381473357
line,612路(北官厅--张仪村东站),pm_peak,38.916322324637825,25.0,84.8795250515198,109.8795250515198,79.72840288222753,0.0,589,395.3292450676756,1.9719996176509884
line,612路(北官厅--张仪村东站),off_peak,58.862819022942546,25.0,74.30910888293965,99.30910888293965,79.72840288222753,0.0,2433,633.6672935983372,2.7020272834146635
line,612路(张仪村东站--北官厅),all,64.70221408526187,25.0,77.05569215586958,102.05569215586958,79.72840288222753,0.0,2492,333.989994358433,2.0507448086022406
line,612路(张仪村东站--北官厅),am_peak,47.530951946713216,25.0,93.26415894091743,118.26415894091743,79.72840288222753,0.0,436,305.15691329471514,3.818701239505043
line,612路(张仪村东站--北官厅),pm_peak,53.707832022907986,25.0,84.8795250515198,109.8795250515198,79.72840288222753,0.0,359,381.74474338152874,6.202111957672105
line,612路(张仪村东站--北官厅),off_peak,73.8919993275773,25.0,74.30910888293965,99.30910888293965,79.72840288222753,0.0,1683,301.48760185868866,2.6506408822449985
line,614路(万柳中路北口--单村),all,41.030215903030246,25.0,77.05569215586958,102.05569215586958,79.72840288222753,0.0,1322,198.60581420679043,1.9773737652090855
line,614路(万柳中路北口--单村),am_peak,31.819495918244268,25.0,93.26415894091743,118.26415894091743,79.72840288222753,0.0,250,223.03386939235367,3.1965708084102693
line,614路(万柳中路北口--单村),pm_peak,45.23622108265597,25.0,84.8795250515198,109.8795250515198,79.72840288222753,0.0,197,193.09470397470918,4.6705663380384665
line,614路(万柳中路北口--单村),off_peak,47.42096765348707,25.0,74.30910888293965,99.30910888293965,79.72840288222753,0.0,860,175.40473065658605,2.836765523317144
line,614路(单村--万柳中路北口),all,67.82019171664517,25.0,77.05569215586958,102.05569215586958,79.72840288222753,0.0,1009,141.54626738540523,3.1659614749172684
line,614路(单村--万柳中路北口),pm_peak,57.6661584231301,25.0,84.8795250515198,109.8795250515198,79.72840288222753,0.0,174,154.7379554932753,7.614332863356245
line,614路(单村--万柳中路北口),off_peak,61.1448319575816,25.0,74.30910888293965,99.30910888293965,79.72840288222753,0.0,666,130.74396422122885,2.7533235816320705
line,615路(刘庄北站--神路街),all,25.021702141994126,25.0,77.05569215586958,102.05569215586958,79.72840288222753,0.0,290,472.8709436048983,3.0158784609640703
line,615路(刘庄北站--神路街),off_peak,29.341413212769027,25.0,74.30910888293965,99.30910888293965,79.72840288222753,0.0,177,286.4037748872906,3.5383141558824396
line,615路(神路街--刘庄北站),all,26.574210839917786,25.0,77.05569215586958,102.05569215586958,79.72840288222753,0.0,747,237.9089870786276,1.1122668590851652
line,615路(神路街--刘庄北站),off_peak,27.757620176299678,25.0,74.30910888293965,99.30910888293965,79.72840288222753,0.0,560,202.2651147613306,1.2130774250195118
line,616路(北潞园公交场站--北京西站南广场),all,36.4735211586968,25.0,77.05569215586958,102.05569215586958,79.72840288222753,0.0,176,189.14558821003098,4.044071254231607
line,618路(月坛体育场--龙锦苑东五区南门),all,60.56501428140186,25.0,77.05569215586958,102.05569215586958,79.72840288222753,0.0,1974,174.36144538979624,1.133194349166523
line,618路(月坛体育场--龙锦苑东五区南门),am_peak,68.15161044835004,25.0,93.26415894091743,118.26415894091743,79.72840288222753,0.0,212,162.92173508239858,5.289137214215889
line,618路(月坛体育场--龙锦苑东五区南门),pm_peak,52.41064774779488,25.0,84.8795250515198,109.8795250515198,79.72840288222753,0.0,466,143.96217173427644,1.6754711453353308
line,618路(月坛体育场--龙锦苑东五区南门),off_peak,67.33406348996341,25.0,74.30910888293965,99.30910888293965,79.72840288222753,0.0,1292,170.96791216917154,1.5664029291308061
line,618路(龙锦苑东五区南门--月坛体育场),all,65.4157052457981,25.0,77.05569215586958,102.05569215586958,79.72840288222753,0.0,1462,284.239775076849,2.3216704864774065
line,618路(龙锦苑东五区南门--月坛体育场),am_peak,48.77701882339579,25.0,93.26415894091743,118.26415894091743,79.72840288222753,0.0,373,348.23540696521553,3.937684094431109
line,618路(龙锦苑东五区南门--月坛体育场),pm_peak,56.89503327529456,25.0,84.8795250515198,109.8795250515198,79.72840288222753,0.0,195,329.7930585376779,7.474484520641965
line,618路(龙锦苑东五区南门--月坛体育场),off_peak,79.99999999999999,25.0,74.30910888293965,99.30910888293965,79.72840288222753,0.0,885,159.47108852067308,2.94266188153723
line,61路(西山国家森林公园--阜成门内),all,75.5756671673563,25.0,77.05569215586958,102.05569215586958,79.72840288222753,0.0,2617,307.87977872864144,5.055322948850545
line,61路(西山国家森林公园--阜成门内),am_peak,79.99999999999999,25.0,93.26415894091743,118.26415894091743,79.72840288222753,0.0,584,292.37093021245767,17.196488651915093
line,61路(西山国家森林公园--阜成门内),pm_peak,54.95244729431692,25.0,84.8795250515198,109.8795250515198,79.72840288222753,0.0,460,345.4701660907027,8.090020952733965
line,61路(西山国家森林公园--阜成门内),off_peak,79.99999999999999,25.0,74.30910888293965,99.30910888293965,79.72840288222753,0.0,1487,295.2347568336327,6.468516716615282
line,61路(阜成门内--西山国家森林公园),all,72.00906952286883,25.0,77.05569215586958,102.05569215586958,79.72840288222753,0.0,2627,333.86563327758324,4.135167322651955
line,61路(阜成门内--西山国家森林公园),am_peak,69.26870240903037,25.0,93.26415894091743,118.26415894091743,79.72840288222753,0.0,604,329.2823544274537,8.290109827355307
line,61路(阜成门内--西山国家森林公园),pm_peak,58.41255961168599,25.0,84.8795250515198,109.8795250515198,79.72840288222753,0.0,542,436.896987059276,8.830017296457228
line,61路(阜成门内--西山国家森林公园),off_peak,79.99999999999999,25.0,74.30910888293965,99.30910888293965,79.72840288222753,0.0,1476,257.14549083254434,5.997585313874294
line,620路(天通北苑--新街口豁口),all,79.99999999999999,25.0,77.05569215586958,102.05569215586958,79.72840288222753,0.0,230,217.6286844715007,17.20833785111859
line,620路(新街口豁口--天通北苑),all,79.99999999999731,25.0,77.05569215586958,102.05569215586958,79.72840288222753,0.0,1397,146.19165259357726,2.914510480069722
line,620路(新街口豁口--天通北苑),am_peak,79.99999999999999,25.0,93.26415894091743,118.26415894091743,79.72840288222753,0.0,251,153.925661762715,6.509483048335951
line,620路(新街口豁口--天通北苑),pm_peak,74.61799122482145,25.0,84.8795250515198,109.8795250515198,79.72840288222753,0.0,249,156.3985349781076,7.6734178507054525
line,620路(新街口豁口--天通北苑),off_peak,79.99999999999999,25.0,74.30910888293965,99.30910888293965,79.72840288222753,0.0,876,131.33671468608776,2.87666569138156
line,622路(北京站东--成和园小区),all,79.99999999999999,25.0,77.05569215586958,102.05569215586958,79.72840288222753,0.0,1711,302.04211366543825,3.5429685886453726
line,622路(北京站东--成和园小区),am_peak,79.99999999999999,25.0,93.26415894091743,118.26415894091743,79.72840288222753,0.0,211,237.19537582936127,10.586323872364824
line,622路(北京站东--成和园小区),pm_peak,79.99999999999999,25.0,84.8795250515198,109.8795250515198,79.72840288222753,0.0,243,170.7956318728085,7.894317934821298
line,622路(北京站东--成和园小区),off_peak,79.99999999999999,25.0,74.30910888293965,99.30910888293965,79.72840288222753,0.0,1232,332.528038777816,4.291779955623431
line,622路(成和园小区--北京站东),all,79.99999999999999,25.0,77.05569215586958,102.05569215586958,79.72840288222753,0.0,1394,313.87336757386163,5.452945404434048
line,622路(成和园小区--北京站东),am_peak,35.9659092539441,25.0,93.26415894091743,118.26415894091743,79.72840288222753,0.0,281,318.3193194095245,3.8897007012199394
line,622路(成和园小区--北京站东),off_peak,79.99999999999999,25.0,74.30910888293965,99.30910888293965,79.72840288222753,0.0,984,241.88056266713443,4.752478715255187
line,624路(槐树岭公交场站--航天桥南),all,37.55538039472266,25.0,77.05569215586958,102.05569215586958,79.72840288222753,0.0,509,266.26877286193417,2.8206238384513833
line,624路(槐树岭公交场站--航天桥南),off_peak,41.5023585317671,25.0,74.30910888293965,99.30910888293965,79.72840288222753,0.0,350,226.6428809768153,2.881847195964775
line,624路(航天桥--槐树岭公交场站),all,26.611600474168394,25.0,77.05569215586958,102.05569215586958,79.72840288222753,0.0,884,616.93841913366,3.1957084843703507
line,624路(航天桥--槐树岭公交场站),am_peak,10.893812441318984,25.0,93.26415894091743,118.26415894091743,79.72840288222753,0.0,171,530.9860031828084,2.5959693736306497
line,624路(航天桥--槐树岭公交场站),pm_peak,21.78072234703916,25.0,84.8795250515198,109.8795250515198,79.72840288222753,0.0,183,769.5003324676918,6.186242686462438
line,624路(航天桥--槐树岭公交场站),off_peak,33.83417476162607,25.0,74.30910888293965,99.30910888293965,79.72840288222753,0.0,530,539.963287647704,4.531115315480206
line,625路(二拨子新村--德胜门),all,79.99999999999999,25.0,77.05569215586958,102.05569215586958,79.72840288222753,0.0,217,284.07213855480995,23.299920116079157
line,625路(德胜门--二拨子新村),all,79.99999999999991,25.0,77.05569215586958,102.05569215586958,79.72840288222753,0.0,627,251.6837206367884,8.348111206081006
line,625路(德胜门--二拨子新村),am_peak,79.99999999999999,25.0,93.26415894091743,118.26415894091743,79.72840288222753,0.0,366,291.24112091734787,13.602608345574094
line,625路(德胜门--二拨子新村),off_peak,79.99999999999999,25.0,74.30910888293965,99.30910888293965,79.72840288222753,0.0,233,190.8842930608179,14.84514853676221
line,627路(航天桥西--郭公庄西),all,36.43195012059863,25.0,77.05569215586958,102.05569215586958,79.72840288222753,0.0,2897,239.6147002586887,0.6058218968463663
line,627路(航天桥西--郭公庄西),am_peak,36.13110029746785,25.0,93.26415894091743,118.26415894091743,79.72840288222753,0.0,501,251.54608499151215,1.598611723936346
line,627路(航天桥西--郭公庄西),pm_peak,37.668815684280084,25.0,84.8795250515198,109.8795250515198,79.72840288222753,0.0,518,314.1792992923175,2.1660800424416586
line,627路(航天桥西--郭公庄西),off_peak,37.245421396507034,25.0,74.30910888293965,99.30910888293965,79.72840288222753,0.0,1812,196.37714046157924,0.6459299101859958
line,627路(郭公庄西--航天桥西),all,46.65287542242243,25.0,77.05569215586958,102.05569215586958,79.72840288222753,0.0,2862,315.9814704717826,1.1324031442065872
line,627路(郭公庄西--航天桥西),am_peak,32.79983950406372,25.0,93.26415894091743,118.26415894091743,79.72840288222753,0.0,701,378.23661801973924,2.308070366094587
line,627路(郭公庄西--航天桥西),pm_peak,51.66684809370757,25.0,84.8795250515198,109.8795250515198,79.72840288222753,0.0,281,200.63374736171497,3.897223795076001
line,627路(郭公庄西--航天桥西),off_peak,54.99462543525878,25.0,74.30910888293965,99.30910888293965,79.72840288222753,0.0,1867,239.25171902750267,1.4136950832216593
line,630路(大运村公交场站--香泉环岛),all,27.17048045570913,25.0,77.05569215586958,102.05569215586958,79.72840288222753,0.0,450,179.81778199382322,1.2058454743677747
line,630路(大运村公交场站--香泉环岛),off_peak,26.598819978482933,25.0,74.30910888293965,99.30910888293965,79.72840288222753,0.0,285,180.6902213557116,1.3274958894568178
line,630路(香泉环岛--大运村公交场站),all,29.337483856697816,25.0,77.05569215586958,102.05569215586958,79.72840288222753,0.0,631,165.32583263563453,0.9671891394323615
line,630路(香泉环岛--大运村公交场站),am_peak,41.04950334828892,25.0,93.26415894091743,118.26415894091743,79.72840288222753,0.0,164,133.09281581683263,2.928162599073197
line,630路(香泉环岛--大运村公交场站),off_peak,28.266511413148258,25.0,74.30910888293965,99.30910888293965,79.72840288222753,0.0,356,180.95947607343098,1.270159890031661
line,631路(菜户营桥西--黄村火车站),all,43.81640271163273,25.0,77.05569215586958,102.05569215586958,79.72840288222753,0.0,196,303.4849869942228,4.666957557973577
line,631路快车(黄村火车站--航天桥南),all,79.99999999999999,25.0,77.05569215586958,102.05569215586958,79.72840288222753,0.0,222,274.2072439745782,11.17712325410579
line,631路快车(黄村火车站--航天桥南),off_peak,79.99999999999999,25.0,74.30910888293965,99.30910888293965,79.72840288222753,0.0,154,293.054397074035,16.018843630618054
line,632路(五路--学府树公交场站),all,48.56001481377137,25.0,77.05569215586958,102.05569215586958,79.72840288222753,0.0,5573,189.94770741549695,0.5143146784398616
line,632路(五路--学府树公交场站),am_peak,43.97389173349338,25.0,93.26415894091743,118.26415894091743,79.72840288222753,0.0,1637,165.4263787507746,0.6372745803026855
line,632路(五路--学府树公交场站),pm_peak,45.79614304552683,25.0,84.8795250515198,109.8795250515198,79.72840288222753,0.0,934,211.31667691498603,1.4690857571529494
line,632路(五路--学府树公交场站),off_peak,56.261979246019806,25.0,74.30910888293965,99.30910888293965,79.72840288222753,0.0,2967,164.79440795173755,0.7262855057415705
line,632路(学府树公交场站--五路),all,48.008849027181284,25.0,77.05569215586958,102.05569215586958,79.72840288222753,0.0,4206,169.7016279081527,0.552020857260676
line,632路(学府树公交场站--五路),am_peak,51.44327505980575,25.0,93.26415894091743,118.26415894091743,79.72840288222753,0.0,888,162.32934394504858,1.9550363331879834
line,632路(学府树公交场站--五路),pm_peak,38.03420962347587,25.0,84.8795250515198,109.8795250515198,79.72840288222753,0.0,938,149.96605140457237,0.7174906533361277
line,632路(学府树公交场站--五路),off_peak,54.25970562618413,25.0,74.30910888293965,99.30910888293965,79.72840288222753,0.0,2367,153.510444558955,0.644487303599106
line,634路(保福寺桥西--郭庄子公交场站),all,47.442216969501736,25.0,77.05569215586958,102.05569215586958,79.72840288222753,0.0,3912,280.2928327730597,0.9054092780860689
line,634路(保福寺桥西--郭庄子公交场站),am_peak,64.48265563852405,25.0,93.26415894091743,118.26415894091743,79.72840288222753,0.0,463,159.28729364356187,3.090261411617538
line,634路(保福寺桥西--郭庄子公交场站),pm_peak,37.81721920490914,25.0,84.8795250515198,109.8795250515198,79.72840288222753,0.0,868,264.162271695717,1.0790815023897065
line,634路(保福寺桥西--郭庄子公交场站),off_peak,53.22940977682337,25.0,74.30910888293965,99.30910888293965,79.72840288222753,0.0,2481,288.21694719242004,1.2388446482903739
line,634路(郭庄子公交场站--保福寺桥西),all,51.13286336437991,25.0,77.05569215586958,102.05569215586958,79.72840288222753,0.0,2983,213.32460843632268,1.0972450088390255
line,634路(郭庄子公交场站--保福寺桥西),am_peak,45.20630235265911,25.0,93.26415894091743,118.26415894091743,79.72840288222753,0.0,705,188.37924422567968,1.3740232261636665
line,634路(郭庄子公交场站--保福寺桥西),pm_peak,62.073585172452766,25.0,84.8795250515198,109.8795250515198,79.72840288222753,0.0,496,207.21839596754475,3.3936768126167545
line,634路(郭庄子公交场站--保福寺桥西),off_peak,58.77810627724485,25.0,74.30910888293965,99.30910888293965,79.72840288222753,0.0,1757,193.58228220492188,1.522317183187732
line,637路(北京站东--次渠),all,52.17494193796489,25.0,77.05569215586958,102.05569215586958,79.72840288222753,0.0,1339,701.2002708282203,2.9591596129240263
line,637路(北京站东--次渠),pm_peak,20.42981166920704,25.0,84.8795250515198,109.8795250515198,79.72840288222753,0.0,258,1021.8266227335288,3.1042911515985203
line,637路(北京站东--次渠),off_peak,65.94649003512161,25.0,74.30910888293965,99.30910888293965,79.72840288222753,0.0,955,548.7575046081852,4.033087148355789
line,637路(次渠--北京站东街),all,31.24237959948549,25.0,77.05569215586958,102.05569215586958,79.72840288222753,0.0,502,368.7923633028915,2.6752082428051445
line,637路(次渠--北京站东街),off_peak,39.60728078233414,25.0,74.30910888293965,99.30910888293965,79.72840288222753,0.0,345,225.96816599577247,3.045155245783987
line,638路(化工桥西--北京站东街),all,26.612787203114934,25.0,77.05569215586958,102.05569215586958,79.72840288222753,0.0,1893,524.250657369512,1.2537635788915291
line,638路(化工桥西--北京站东街),am_peak,18.121799418844738,25.0,93.26415894091743,118.26415894091743,79.72840288222753,0.0,410,382.5426705467888,1.216075065362408
line,638路(化工桥西--北京站东街),pm_peak,34.19918912860724,25.0,84.8795250515198,109.8795250515198,79.72840288222753,0.0,386,666.9536525285428,2.437111776566472
line,638路(化工桥西--北京站东街),off_peak,30.95006120512844,25.0,74.30910888293965,99.30910888293965,79.72840288222753,0.0,1054,488.7585401273052,1.8571081038388249
line,638路(北京站东--化工桥西),all,34.32916284863059,25.0,77.05569215586958,102.05569215586958,79.72840288222753,0.0,2612,499.07003476864935,1.3039296571026384
line,638路(北京站东--化工桥西),am_peak,44.03330512946518,25.0,93.26415894091743,118.26415894091743,79.72840288222753,0.0,359,306.6672553951633,3.682700551226613
line,638路(北京站东--化工桥西),pm_peak,25.061968923642667,25.0,84.8795250515198,109.8795250515198,79.72840288222753,0.0,349,641.5219492717628,2.8209868036841153
line,638路(北京站东--化工桥西),off_peak,35.51666022195835,25.0,74.30910888293965,99.30910888293965,79.72840288222753,0.0,1823,491.89457946075834,1.903495671583476
line,639路(北京站东--黎各庄),all,23.670036126843403,25.0,77.05569215586958,102.05569215586958,79.72840288222753,0.0,562,245.62649492522817,0.7523543669728283
line,639路(北京站东--黎各庄),off_peak,24.643245649526424,25.0,74.30910888293965,99.30910888293965,79.72840288222753,0.0,401,225.58556199476467,0.8361102152429324
line,639路(黎各庄--北京站东街),all,15.823583277194446,25.0,77.05569215586958,102.05569215586958,79.72840288222753,0.0,236,250.08455459097482,0.7982172745970555
line,639路(黎各庄--北京站东街),off_peak,17.56894136930749,25.0,74.30910888293965,99.30910888293965,79.72840288222753,0.0,171,216.160453936531,1.1485527039416152
line,640路(小庄路口北--岗山村南站),all,79.99999999999999,25.0,77.05569215586958,102.05569215586958,79.72840288222753,0.0,276,253.2520536236237,14.30132190182161
line,640路(小庄路口北--岗山村南站),off_peak,79.99999999999999,25.0,74.30910888293965,99.30910888293965,79.72840288222753,0.0,159,189.66709977954383,16.28565726353394
line,641路(和平西桥--金盏村),all,50.52800594227185,25.0,77.05569215586958,102.05569215586958,79.72840288222753,0.0,1454,316.52959080445754,1.9176505100551406
line,641路(和平西桥--金盏村),am_peak,66.56599051407218,25.0,93.26415894091743,118.26415894091743,79.72840288222753,0.0,332,303.4053939694587,7.54028803071173
line,641路(和平西桥--金盏村),pm_peak,43.08686464155062,25.0,84.8795250515198,109.8795250515198,79.72840288222753,0.0,263,281.9062154133307,3.752294276141716
line,641路(和平西桥--金盏村),off_peak,54.755581373245626,25.0,74.30910888293965,99.30910888293965,79.72840288222753,0.0,811,312.4487052826484,2.644618207294673
line,641路(金盏村--和平西桥),all,79.99999999999999,25.0,77.05569215586958,102.05569215586958,79.72840288222753,0.0,1246,177.57637934021486,3.226307441701176
line,641路(金盏村--和平西桥),am_peak,79.99999999999952,25.0,93.26415894091743,118.26415894091743,79.72840288222753,0.0,241,165.2526264156126,5.899949420566271
line,641路(金盏村--和平西桥),pm_peak,79.99999999999999,25.0,84.8795250515198,109.8795250515198,79.72840288222753,0.0,306,235.87915557440783,11.283788347872271
line,641路(金盏村--和平西桥),off_peak,79.99999999999999,25.0,74.30910888293965,99.30910888293965,79.72840288222753,0.0,691,148.41157640494674,3.7580116756682527
line,645路(国家体育场东--航天桥北),all,55.89125970144069,25.0,77.05569215586958,102.05569215586958,79.72840288222753,0.0,3550,344.7068079878644,1.7758989611974536
line,645路(国家体育场东--航天桥北),am_peak,44.07129632959542,25.0,93.26415894091743,118.26415894091743,79.72840288222753,0.0,688,327.51871388424615,2.2308875807695805
line,645路(国家体育场东--航天桥北),pm_peak,57.825535976751624,25.0,84.8795250515198,109.8795250515198,79.72840288222753,0.0,616,460.50594327276593,5.939220632123232
line,645路(国家体育场东--航天桥北),off_peak,65.12117571285043,25.0,74.30910888293965,99.30910888293965,79.72840288222753,0.0,2145,288.3339534261159,1.9817187226485942
line,645路(航天桥北--国家体育场东),all,48.914165129058176,25.0,77.05569215586958,102.05569215586958,79.72840288222753,0.0,3917,335.8195753584386,1.2473850318588942
line,645路(航天桥北--国家体育场东),am_peak,48.84765465039718,25.0,93.26415894091743,118.26415894091743,79.72840288222753,0.0,891,381.2278244895352,2.7792348889415286
line,645路(航天桥北--国家体育场东),pm_peak,47.11530783346189,25.0,84.8795250515198,109.8795250515198,79.72840288222753,0.0,805,320.44769288334817,3.350130001421643
line,645路(航天桥北--国家体育场东),off_peak,58.55050763230941,25.0,74.30910888293965,99.30910888293965,79.72840288222753,0.0,2185,307.1904904768226,1.7632844419286169
line,646路(城南嘉园北--阎村桥公交场站),all,79.99999999999999,25.0,77.05569215586958,102.05569215586958,79.72840288222753,0.0,213,329.87992481691794,43.19559406139566
line,646路(阎村桥公交场站--城南嘉园北),all,79.99999999999999,25.0,77.05569215586958,102.05569215586958,79.72840288222753,0.0,159,145.33805148062524,29.417856162133337
line,64路(公主坟西--青塔小区),all,17.82681224788592,25.0,77.05569215586958,102.05569215586958,79.72840288222753,0.0,243,434.65847807144127,7.37331981974387
line,64路(公主坟西--青塔小区),off_peak,11.512572677830281,25.0,74.30910888293965,99.30910888293965,79.72840288222753,0.0,176,432.78650246123993,3.4382245367983644
line,650路(大北窑北--焦庄桥北),all,53.44725386335716,25.0,77.05569215586958,102.05569215586958,79.72840288222753,0.0,774,247.0066405333085,2.728461808168512
line,650路(大北窑北--焦庄桥北),am_peak,47.154968844685776,25.0,93.26415894091743,118.26415894091743,79.72840288222753,0.0,166,290.8535495431195,6.2038194749941304
line,650路(大北窑北--焦庄桥北),off_peak,58.383362381897584,25.0,74.30910888293965,99.30910888293965,79.72840288222753,0.0,476,210.95234448530758,3.2977865663789987
line,650路(焦庄桥北--大北窑北),all,25.84221467647749,25.0,77.05569215586958,102.05569215586958,79.72840288222753,0.0,591,341.6744054968082,1.4148813437598626
line,650路(焦庄桥北--大北窑北),off_peak,30.09390952019586,25.0,74.30910888293965,99.30910888293965,79.72840288222753,0.0,333,329.8083377710286,2.3328260105372336
line,651路(柳林村--西直门),all,38.262959265761644,25.0,77.05569215586958,102.05569215586958,79.72840288222753,0.0,4654,167.14236327556793,0.5127578425093686
line,651路(柳林村--西直门),am_peak,33.82371937092572,25.0,93.26415894091743,118.26415894091743,79.72840288222753,0.0,1158,217.4435021415711,1.4311659757041495
line,651路(柳林村--西直门),pm_peak,37.986734725382334,25.0,84.8795250515198,109.8795250515198,79.72840288222753,0.0,747,121.70724826811744,0.8884683882409288
line,651路(柳林村--西直门),off_peak,43.950229751883946,25.0,74.30910888293965,99.30910888293965,79.72840288222753,0.0,2734,126.46588910854673,0.7263769695804586
line,651路(西直门公交场站--柳林村),all,79.99999999999999,25.0,77.05569215586958,102.05569215586958,79.72840288222753,0.0,4429,280.01347509001306,1.9885776423589874
line,651路(西直门公交场站--柳林村),am_peak,79.99999999999999,25.0,93.26415894091743,118.26415894091743,79.72840288222753,0.0,771,158.45644465496235,4.85885284639993
line,651路(西直门公交场站--柳林村),pm_peak,72.44332066143735,25.0,84.8795250515198,109.8795250515198,79.72840288222753,0.0,887,128.11612925611135,3.4678242756039226
line,651路(西直门公交场站--柳林村),off_peak,79.99999999999999,25.0,74.30910888293965,99.30910888293965,79.72840288222753,0.0,2702,339.67217944900165,2.480251381823303
line,652路(北京南站南广场--开发区交通服务中心),all,52.25887288493785,25.0,77.05569215586958,102.05569215586958,79.72840288222753,0.0,193,279.81683205662756,10.18202936517352
line,652路(开发区交通服务中心--北京南站南广场),all,39.901332583857055,25.0,77.05569215586958,102.05569215586958,79.72840288222753,0.0,272,210.79901383529275,3.712274821169181
line,653路(北苑家园--地铁海淀五路居站),all,52.546664062022714,25.0,77.05569215586958,102.05569215586958,79.72840288222753,0.0,4553,268.7535782109612,0.6968625377999179
line,653路(北苑家园--地铁海淀五路居站),am_peak,62.68098060756685,25.0,93.26415894091743,118.26415894091743,79.72840288222753,0.0,745,262.5563652568275,2.989511992594398
line,653路(北苑家园--地铁海淀五路居站),pm_peak,30.649046446137515,25.0,84.8795250515198,109.8795250515198,79.72840288222753,0.0,754,324.2842329260953,1.5514152581901088
line,653路(北苑家园--地铁海淀五路居站),off_peak,56.883964783730185,25.0,74.30910888293965,99.30910888293965,79.72840288222753,0.0,3009,178.38517011559992,0.806251299365239
line,653路(地铁海淀五路居站--北苑家园),all,50.19174149727094,25.0,77.05569215586958,102.05569215586958,79.72840288222753,0.0,5486,284.50759690213323,0.5306402093121286
line,653路(地铁海淀五路居站--北苑家园),am_peak,60.02098548498149,25.0,93.26415894091743,118.26415894091743,79.72840288222753,0.0,1480,178.3038234531196,1.3722858884694893
line,653路(地铁海淀五路居站--北苑家园),pm_peak,46.95452227811707,25.0,84.8795250515198,109.8795250515198,79.72840288222753,0.0,708,220.6321028528014,1.4359036170102313
line,653路(地铁海淀五路居站--北苑家园),off_peak,54.85860075534018,25.0,74.30910888293965,99.30910888293965,79.72840288222753,0.0,3282,324.9197046081639,0.7450970715726947
line,657路(东湖--郎辛庄),all,44.66236492083325,25.0,77.05569215586958,102.05569215586958,79.72840288222753,0.0,1832,369.94471390147027,1.5968734674732792
line,657路(东湖--郎辛庄),am_peak,56.57809986798977,25.0,93.26415894091743,118.26415894091743,79.72840288222753,0.0,494,244.69033635789506,3.1853736731115285
line,657路(东湖--郎辛庄),pm_peak,23.148633815992017,25.0,84.8795250515198,109.8795250515198,79.72840288222753,0.0,348,432.48653963614544,2.1723281997948165
line,657路(东湖--郎辛庄),off_peak,54.97504979095898,25.0,74.30910888293965,99.30910888293965,79.72840288222753,0.0,974,290.917518025507,2.2965136198165945
line,657路(郎辛庄--东湖),all,35.36579501864207,25.0,77.05569215586958,102.05569215586958,79.72840288222753,0.0,627,378.6994841049525,2.1530829810010634
line,657路(郎辛庄--东湖),am_peak,26.400987153416946,25.0,93.26415894091743,118.26415894091743,79.72840288222753,0.0,162,357.8133254220592,1.8893050238309457
line,657路(郎辛庄--东湖),off_peak,49.23569977923116,25.0,74.30910888293965,99.30910888293965,79.72840288222753,0.0,371,280.13434798981615,2.3458925618335615
line,658路(嘉铭园公交场站--定慧桥南),all,55.41206160145126,25.0,77.05569215586958,102.05569215586958,79.72840288222753,0.0,4940,252.787158414139,0.8945691674965002
line,658路(嘉铭园公交场站--定慧桥南),am_peak,49.598632531532594,25.0,93.26415894091743,118.26415894091743,79.72840288222753,0.0,1000,236.50331884029595,1.7207123443608743
line,658路(嘉铭园公交场站--定慧桥南),pm_peak,44.22149841857957,25.0,84.8795250515198,109.8795250515198,79.72840288222753,0.0,792,328.0428710703359,1.8440737627327144
line,658路(嘉铭园公交场站--定慧桥南),off_peak,68.68703548403421,25.0,74.30910888293965,99.30910888293965,79.72840288222753,0.0,3119,184.6467425516465,1.2437066995100512
line,658路(定慧桥南--嘉铭园公交场站),all,60.081208724335205,25.0,77.05569215586958,102.05569215586958,79.72840288222753,0.0,4343,219.46415355891412,1.0365285670445399
line,658路(定慧桥南--嘉铭园公交场站),am_peak,62.52209517777384,25.0,93.26415894091743,118.26415894091743,79.72840288222753,0.0,896,204.12061630981216,2.400934747554486
line,658路(定慧桥南--嘉铭园公交场站),pm_peak,48.1885250827329,25.0,84.8795250515198,109.8795250515198,79.72840288222753,0.0,931,214.3725649112069,1.698476326232229
line,658路(定慧桥南--嘉铭园公交场站),off_peak,69.00686092833962,25.0,74.30910888293965,99.30910888293965,79.72840288222753,0.0,2441,191.56312594425646,1.255809565202323
line,65路(动物园枢纽站--北京西站),all,71.62973613201727,25.0,77.05569215586958,102.05569215586958,79.72840288222753,0.0,2473,187.61037280247479,1.9473653503370474
line,65路(动物园枢纽站--北京西站),am_peak,79.99999999999999,25.0,93.26415894091743,118.26415894091743,79.72840288222753,0.0,522,162.35038802383158,6.265321524550625
line,65路(动物园枢纽站--北京西站),pm_peak,38.67809416790126,25.0,84.8795250515198,109.8795250515198,79.72840288222753,0.0,346,204.52705547031653,1.7590444500784117
line,65路(动物园枢纽站--北京西站),off_peak,77.61661354805767,25.0,74.30910888293965,99.30910888293965,79.72840288222753,0.0,1592,173.1640064791704,2.2291219382144933
line,65路(北京西站--动物园枢纽站),all,43.3400932938408,25.0,77.05569215586958,102.05569215586958,79.72840288222753,0.0,1605,200.33284139032003,1.4888130582098282
line,65路(北京西站--动物园枢纽站),am_peak,27.152624127192297,25.0,93.26415894091743,118.26415894091743,79.72840288222753,0.0,420,206.1544533728428,1.7044475077562702
line,65路(北京西站--动物园枢纽站),pm_peak,53.13689994346779,25.0,84.8795250515198,109.8795250515198,79.72840288222753,0.0,150,154.74057619235927,6.235635305275761
line,65路(北京西站--动物园枢纽站),off_peak,53.66876216741423,25.0,74.30910888293965,99.30910888293965,79.72840288222753,0.0,1027,165.5076955972932,2.0904659095629805
line,663路(小马厂--苹果园南),all,42.008692552552944,25.0,77.05569215586958,102.05569215586958,79.72840288222753,0.0,270,312.54372099341447,4.542968229252982
line,664路(厢白旗桥--地铁苹果园站),all,58.13660342314303,25.0,77.05569215586958,102.05569215586958,79.72840288222753,0.0,583,154.36950414850867,2.937089390603853
line,664路(厢白旗桥--地铁苹果园站),off_peak,69.46623700869729,25.0,74.30910888293965,99.30910888293965,79.72840288222753,0.0,345,162.65263080642507,4.6114288730099195
line,664路(地铁苹果园站--厢白旗桥),all,29.74456125831845,25.0,77.05569215586958,102.05569215586958,79.72840288222753,0.0,527,206.35254275453735,1.4833073231279934
line,664路(地铁苹果园站--厢白旗桥),off_peak,33.569059027047544,25.0,74.30910888293965,99.30910888293965,79.72840288222753,0.0,304,184.18793643938844,1.803141741222755
line,665路(北京南站南广场--鹿海园公交场站),all,64.11476699743764,25.0,77.05569215586958,102.05569215586958,79.72840288222753,0.0,2255,299.1840023521914,3.100337834787261
line,665路(北京南站南广场--鹿海园公交场站),am_peak,65.798496099652,25.0,93.26415894091743,118.26415894091743,79.72840288222753,0.0,390,400.6534956178858,6.728206704532943
line,665路(北京南站南广场--鹿海园公交场站),pm_peak,60.6559111105108,25.0,84.8795250515198,109.8795250515198,79.72840288222753,0.0,392,298.9557501631918,9.591674267567319
line,665路(北京南站南广场--鹿海园公交场站),off_peak,68.73919661291524,25.0,74.30910888293965,99.30910888293965,79.72840288222753,0.0,1413,258.806578574061,4.39630648354015
line,665路(鹿海园公交场站--北京南站南广场),all,79.99999999999999,25.0,77.05569215586958,102.05569215586958,79.72840288222753,0.0,1422,179.83380883987724,2.5851169191697854
line,665路(鹿海园公交场站--北京南站南广场),am_peak,79.99999999999999,25.0,93.26415894091743,118.26415894091743,79.72840288222753,0.0,381,172.47832103371843,5.2859036222513245
line,665路(鹿海园公交场站--北京南站南广场),pm_peak,79.99999999999999,25.0,84.8795250515198,109.8795250515198,79.72840288222753,0.0,260,253.34225421911418,10.167356599656728
line,665路(鹿海园公交场站--北京南站南广场),off_peak,79.99999999999999,25.0,74.30910888293965,99.30910888293965,79.72840288222753,0.0,761,149.08051144269584,2.928737675812982
line,668路(京东运乔建材城--北京站东),all,31.262512831068303,25.0,77.05569215586958,102.05569215586958,79.72840288222753,0.0,447,293.2182323636991,1.7210502156816023
line,668路(京东运乔建材城--北京站东),am_peak,20.59710051576295,25.0,93.26415894091743,118.26415894091743,79.72840288222753,0.0,152,326.0290885830554,2.9026906216284454
line,668路(京东运乔建材城--北京站东),off_peak,35.737819943272754,25.0,74.30910888293965,99.30910888293965,79.72840288222753,0.0,255,232.32590305047574,2.1421775487389447
line,668路(北京站东--京东运乔建材城),all,49.94258844635292,25.0,77.05569215586958,102.05569215586958,79.72840288222753,0.0,531,446.11160152577673,3.5972820303818613
line,668路(北京站东--京东运乔建材城),off_peak,55.902728170486796,25.0,74.30910888293965,99.30910888293965,79.72840288222753,0.0,331,430.44792650626215,4.631530262919682
line,669路(万盛北街--大北窑南),all,54.194393685406354,25.0,77.05569215586958,102.05569215586958,79.72840288222753,0.0,474,262.6862997098251,5.049613127148116
line,669路(万盛北街--大北窑南),off_peak,69.50744725608999,25.0,74.30910888293965,99.30910888293965,79.72840288222753,0.0,276,190.30298262092077,8.174790792173754
line,669路(大北窑南--万盛北街),all,78.75008603452358,25.0,77.05569215586958,102.05569215586958,79.72840288222753,0.0,583,167.88584813736043,6.972999908188356
line,669路(大北窑南--万盛北街),off_peak,76.86680579186667,25.0,74.30910888293965,99.30910888293965,79.72840288222753,0.0,343,158.52650778876247,8.4590579831008
line,66路(前门--城南嘉园北),all,46.94704138592142,25.0,77.05569215586958,102.05569215586958,79.72840288222753,0.0,5261,248.88446984721028,0.7439139970486647
line,66路(前门--城南嘉园北),am_peak,79.9999999999981,25.0,93.26415894091743,118.26415894091743,79.72840288222753,0.0,602,174.0371826513825,5.016653720587582
line,66路(前门--城南嘉园北),pm_peak,33.63902608257455,25.0,84.8795250515198,109.8795250515198,79.72840288222753,0.0,864,274.8649827867396,1.425247312095144
line,66路(前门--城南嘉园北),off_peak,48.68294756309917,25.0,74.30910888293965,99.30910888293965,79.72840288222753,0.0,3771,235.26703412500905,0.8613755800086043
line,66路(城南嘉园北--前门),all,31.77418866765226,25.0,77.05569215586958,102.05569215586958,79.72840288222753,0.0,6301,360.13957969015365,0.5804623973228872
line,66路(城南嘉园北--前门),am_peak,18.155581986101286,25.0,93.26415894091743,118.26415894091743,79.72840288222753,0.0,1419,348.73743961058955,0.5423695081261873
line,66路(城南嘉园北--前门),pm_peak,44.4626615867614,25.0,84.8795250515198,109.8795250515198,79.72840288222753,0.0,710,227.92291368325735,1.7447510366802936
line,66路(城南嘉园北--前门),off_peak,38.06579960345858,25.0,74.30910888293965,99.30910888293965,79.72840288222753,0.0,4159,289.5924304303135,0.6590839566569204
line,670路(德胜门西--百善公交场站),all,61.60759182463172,25.0,77.05569215586958,102.05569215586958,79.72840288222753,0.0,234,346.3985720968554,4.032066673320588
line,670路(百善公交场站--德胜门西),all,33.175719021122696,25.0,77.05569215586958,102.05569215586958,79.72840288222753,0.0,240,724.327369321494,2.1485190543727777
line,671路(四惠枢纽站--西苑),all,61.71566435686103,25.0,77.05569215586958,102.05569215586958,79.72840288222753,0.0,5500,190.07064655310776,0.5773997198891817
line,671路(四惠枢纽站--西苑),am_peak,62.600741019244424,25.0,93.26415894091743,118.26415894091743,79.72840288222753,0.0,1265,173.66756782532852,1.1865704725289754
line,671路(四惠枢纽站--西苑),pm_peak,56.07793460927185,25.0,84.8795250515198,109.8795250515198,79.72840288222753,0.0,1043,164.02990307198127,0.8703149150489605
line,671路(四惠枢纽站--西苑),off_peak,68.87192324046957,25.0,74.30910888293965,99.30910888293965,79.72840288222753,0.0,3163,165.50800204068798,0.7403463992272871
line,671路(西苑枢纽站--四惠枢纽站),all,49.36812645221518,25.0,77.05569215586958,102.05569215586958,79.72840288222753,0.0,6378,298.30944238584766,0.47826931615651475
line,671路(西苑枢纽站--四惠枢纽站),am_peak,51.56912007030761,25.0,93.26415894091743,118.26415894091743,79.72840288222753,0.0,1505,215.0328658869657,0.924959467751003
line,671路(西苑枢纽站--四惠枢纽站),pm_peak,48.060217433747724,25.0,84.8795250515198,109.8795250515198,79.72840288222753,0.0,1093,263.7906469544749,0.9083246820407199
line,671路(西苑枢纽站--四惠枢纽站),off_peak,52.616752562378636,25.0,74.30910888293965,99.30910888293965,79.72840288222753,0.0,3723,327.3037788197292,0.6905869173425264
line,672路(燕莎桥南--郁金香花园南门),all,39.7828836209494,25.0,77.05569215586958,102.05569215586958,79.72840288222753,0.0,380,421.7549835332374,2.5644059795055925
line,672路(燕莎桥南--郁金香花园南门),off_peak,39.78138175977539,25.0,74.30910888293965,99.30910888293965,79.72840288222753,0.0,231,459.55313128756154,2.709846553337766
line,672路(郁金香花园南门--燕莎桥南),all,55.016495541374965,25.0,77.05569215586958,102.05569215586958,79.72840288222753,0.0,241,104.46019152861844,3.5591501269377877
line,675路(左家庄--疃里一区),all,74.10192580546706,25.0,77.05569215586958,102.05569215586958,79.72840288222753,0.0,1524,364.4197474546907,4.796239859971506
line,675路(左家庄--疃里一区),am_peak,79.99999999999999,25.0,93.26415894091743,118.26415894091743,79.72840288222753,0.0,319,300.3412485631677,12.35322811760349
line,675路(左家庄--疃里一区),pm_peak,32.18065847284441,25.0,84.8795250515198,109.8795250515198,79.72840288222753,0.0,299,520.4468572680827,2.5962455089116445
line,675路(左家庄--疃里一区),off_peak,79.99999999999653,25.0,74.30910888293965,99.30910888293965,79.72840288222753,0.0,883,271.82079399205304,6.659327103252461
line,675路(疃里一区--左家庄),all,54.05145548909158,25.0,77.05569215586958,102.05569215586958,79.72840288222753,0.0,880,165.9271179268722,2.03131351152441
line,675路(疃里一区--左家庄),off_peak,56.49019293035172,25.0,74.30910888293965,99.30910888293965,79.72840288222753,0.0,625,158.5957434566197,2.389087811872278
line,676路(振亚庄--长椿街路口西),all,61.21360211332611,25.0,77.05569215586958,102.05569215586958,79.72840288222753,0.0,828,625.4847848909704,6.071777561671936
line,676路(振亚庄--长椿街路口西),am_peak,16.17781786727386,25.0,93.26415894091743,118.26415894091743,79.72840288222753,0.0,255,648.7256301044455,3.853986191607847
line,676路(振亚庄--长椿街路口西),pm_peak,79.99999999999999,25.0,84.8795250515198,109.8795250515198,79.72840288222753,0.0,166,205.81493259518743,7.457521448321461
line,676路(振亚庄--长椿街路口西),off_peak,79.99999999999999,25.0,74.30910888293965,99.30910888293965,79.72840288222753,0.0,407,478.44836898745757,8.407818052106197
line,676路(长椿街路口西--振亚庄),all,56.55685639770564,25.0,77.05569215586958,102.05569215586958,79.72840288222753,0.0,1126,227.5505310366888,2.84356153883869
line,676路(长椿街路口西--振亚庄),am_peak,46.26253437175994,25.0,93.26415894091743,118.26415894091743,79.72840288222753,0.0,231,255.46269533146508,3.603217758023093
line,676路(长椿街路口西--振亚庄),pm_peak,64.01161084479533,25.0,84.8795250515198,109.8795250515198,79.72840288222753,0.0,298,206.10053308530746,5.372999706248342
line,676路(长椿街路口西--振亚庄),off_peak,66.46842568972008,25.0,74.30910888293965,99.30910888293965,79.72840288222753,0.0,596,213.1581732491225,4.039403725535829
line,678路(永合庄--海户屯),all,79.99999999999999,25.0,77.05569215586958,102.05569215586958,79.72840288222753,0.0,2540,259.5460641694474,4.137538347342615
line,678路(永合庄--海户屯),am_peak,79.99999999999999,25.0,93.26415894091743,118.26415894091743,79.72840288222753,0.0,634,299.071301801498,12.936552298101489
line,678路(永合庄--海户屯),pm_peak,79.99999999999999,25.0,84.8795250515198,109.8795250515198,79.72840288222753,0.0,393,280.0149549355879,10.065962663946888
line,678路(永合庄--海户屯),off_peak,79.99999999999999,25.0,74.30910888293965,99.30910888293965,79.72840288222753,0.0,1505,263.9836285099172,5.695038134010882
line,678路(海户屯--永合庄),all,68.36762596265095,25.0,77.05569215586958,102.05569215586958,79.72840288222753,0.0,3663,349.84712426310807,1.8253883353260811
line,678路(海户屯--永合庄),am_peak,79.99999999999991,25.0,93.26415894091743,118.26415894091743,79.72840288222753,0.0,687,252.94177609124816,4.3416263823171315
line,678路(海户屯--永合庄),pm_peak,57.046003316996995,25.0,84.8795250515198,109.8795250515198,79.72840288222753,0.0,699,359.41899815503047,2.590377193953186
line,678路(海户屯--永合庄),off_peak,79.44193896854544,25.0,74.30910888293965,99.30910888293965,79.72840288222753,0.0,2241,370.51118372706077,2.871097358998872
line,679路(木樨园--桂村),all,62.31623089767095,25.0,77.05569215586958,102.05569215586958,79.72840288222753,0.0,814,254.62190755043466,1.7907069557517237
line,679路(木樨园--桂村),pm_peak,55.0484333870412,25.0,84.8795250515198,109.8795250515198,79.72840288222753,0.0,178,343.3775133286358,5.448584469541535
line,679路(木樨园--桂村),off_peak,63.27766004314857,25.0,74.30910888293965,99.30910888293965,79.72840288222753,0.0,507,233.630417907297,2.154305425884314
line,679路(桂村--木樨园桥北),all,79.99999999999999,25.0,77.05569215586958,102.05569215586958,79.72840288222753,0.0,469,100.50688721525182,2.682647148825681
line,679路(桂村--木樨园桥北),off_peak,79.99999999999999,25.0,74.30910888293965,99.30910888293965,79.72840288222753,0.0,300,94.87079353687112,3.0991405916372297
line,67路(前门--樊家村公交场站),all,45.77736524213413,25.0,77.05569215586958,102.05569215586958,79.72840288222753,0.0,4384,226.12879175601228,0.499677491145651
line,67路(前门--樊家村公交场站),am_peak,66.60764600125881,25.0,93.26415894091743,118.26415894091743,79.72840288222753,0.0,581,192.52151163039935,2.9336968626270186
line,67路(前门--樊家村公交场站),pm_peak,38.484257816148364,25.0,84.8795250515198,109.8795250515198,79.72840288222753,0.0,976,219.67795470366627,0.7650811583650189
line,67路(前门--樊家村公交场站),off_peak,47.131846120949575,25.0,74.30910888293965,99.30910888293965,79.72840288222753,0.0,2769,216.66690712802526,0.5899911382568434
line,67路(樊家村公交场站--前门西),all,41.295291446760736,25.0,77.05569215586958,102.05569215586958,79.72840288222753,0.0,4341,364.3209706776098,0.7302568592735008
line,67路(樊家村公交场站--前门西),am_peak,27.381585061021376,25.0,93.26415894091743,118.26415894091743,79.72840288222753,0.0,1244,344.12608031059705,0.7092716583067341
line,67路(樊家村公交场站--前门西),pm_peak,55.888038393134764,25.0,84.8795250515198,109.8795250515198,79.72840288222753,0.0,515,380.5726442399292,4.392527432308102
line,67路(樊家村公交场站--前门西),off_peak,47.47606467663867,25.0,74.30910888293965,99.30910888293965,79.72840288222753,0.0,2569,282.4962839256217,0.7916593865170157
line,680路(上林苑小区--金蝉南里),all,62.06326357575519,25.0,77.05569215586958,102.05569215586958,79.72840288222753,0.0,1034,204.02585140757677,3.3888876864332738
line,680路(上林苑小区--金蝉南里),am_peak,32.208276222307546,25.0,93.26415894091743,118.26415894091743,79.72840288222753,0.0,258,226.6622005909675,3.9031417236145134
line,680路(上林苑小区--金蝉南里),off_peak,68.1034889361818,25.0,74.30910888293965,99.30910888293965,79.72840288222753,0.0,642,154.9616042892506,3.859781331693879
line,680路(金蝉南里--上林苑小区),all,47.60697333086983,25.0,77.05569215586958,102.05569215586958,79.72840288222753,0.0,1012,189.00614287881606,1.5753491637869645
line,680路(金蝉南里--上林苑小区),am_peak,58.79835864942125,25.0,93.26415894091743,118.26415894091743,79.72840288222753,0.0,156,152.66600429816847,4.624574407252756
line,680路(金蝉南里--上林苑小区),pm_peak,35.06707295872699,25.0,84.8795250515198,109.8795250515198,79.72840288222753,0.0,222,230.42294565036045,2.80654781654489
line,680路(金蝉南里--上林苑小区),off_peak,51.3987930847577,25.0,74.30910888293965,99.30910888293965,79.72840288222753,0.0,596,153.5524785546369,2.0139392732634014
line,682路(阜安西路--青年路小区),all,55.756505982434554,25.0,77.05569215586958,102.05569215586958,79.72840288222753,0.0,1488,254.62321104512256,2.2680028523178644
line,682路(阜安西路--青年路小区),am_peak,36.52173613167297,25.0,93.26415894091743,118.26415894091743,79.72840288222753,0.0,230,273.18527480158707,3.845280919126914
line,682路(阜安西路--青年路小区),pm_peak,52.92437527438732,25.0,84.8795250515198,109.8795250515198,79.72840288222753,0.0,307,282.52454634575435,3.3566489693963333
line,682路(阜安西路--青年路小区),off_peak,62.9820370601542,25.0,74.30910888293965,99.30910888293965,79.72840288222753,0.0,918,213.17897630415032,2.916015117018448
line,682路(青年路小区--阜安西路),all,65.0694078328581,25.0,77.05569215586958,102.05569215586958,79.72840288222753,0.0,1718,218.59889660944373,2.653198319486432
line,682路(青年路小区--阜安西路),am_peak,68.75193096174226,25.0,93.26415894091743,118.26415894091743,79.72840288222753,0.0,403,167.8498391863396,5.863186446883692
line,682路(青年路小区--阜安西路),pm_peak,35.329807839598764,25.0,84.8795250515198,109.8795250515198,79.72840288222753,0.0,189,341.23630973413424,4.958184035519888
line,682路(青年路小区--阜安西路),off_peak,79.99999999985089,25.0,74.30910888293965,99.30910888293965,79.72840288222753,0.0,1109,165.6761170557442,4.141236143006281
line,68路(厂桥路口西--马官营西),all,45.33782548692041,25.0,77.05569215586958,102.05569215586958,79.72840288222753,0.0,2876,383.86923878721575,1.2971527095753501
line,68路(厂桥路口西--马官营西),am_peak,44.81523146356041,25.0,93.26415894091743,118.26415894091743,79.72840288222753,0.0,319,419.57036530183416,5.486012317013727
line,68路(厂桥路口西--马官营西),pm_peak,36.647869570883955,25.0,84.8795250515198,109.8795250515198,79.72840288222753,0.0,731,367.74234067212507,2.0917055785648833
line,68路(厂桥路口西--马官营西),off_peak,52.73226354970968,25.0,74.30910888293965,99.30910888293965,79.72840288222753,0.0,1784,355.4979757182412,1.8969901376359046
line,68路(马官营西--厂桥路口西),all,32.27581395146556,25.0,77.05569215586958,102.05569215586958,79.72840288222753,0.0,3963,542.1747632240496,1.5032540808852044
line,68路(马官营西--厂桥路口西),am_peak,20.08721737870886,25.0,93.26415894091743,118.26415894091743,79.72840288222753,0.0,931,492.3556826666205,1.0700038910255745
line,68路(马官营西--厂桥路口西),pm_peak,37.216783492898614,25.0,84.8795250515198,109.8795250515198,79.72840288222753,0.0,549,376.1001553107773,3.5587261564603336
line,68路(马官营西--厂桥路口西),off_peak,45.89817123870461,25.0,74.30910888293965,99.30910888293965,79.72840288222753,0.0,2464,553.1238988155616,2.663576568235153
line,690路(农业展览馆--定辛庄公交场站),all,52.63826170258628,25.0,77.05569215586958,102.05569215586958,79.72840288222753,0.0,692,509.37762833299917,4.155519911652506
line,690路(农业展览馆--定辛庄公交场站),off_peak,55.12808149086495,25.0,74.30910888293965,99.30910888293965,79.72840288222753,0.0,454,527.6851759838488,4.911443316793619
line,690路(定辛庄公交场站--农业展览馆),all,54.34676802808997,25.0,77.05569215586958,102.05569215586958,79.72840288222753,0.0,206,138.6534764939764,5.462313501319245
line,692路(先农坛--郭公庄西),all,72.6420034619318,25.0,77.05569215586958,102.05569215586958,79.72840288222753,0.0,1094,357.262770802309,4.283743206091012
line,692路(先农坛--郭公庄西),am_peak,54.621632308160834,25.0,93.26415894091743,118.26415894091743,79.72840288222753,0.0,156,472.8876451688677,15.009444146948242
line,692路(先农坛--郭公庄西),pm_peak,56.761309251273666,25.0,84.8795250515198,109.8795250515198,79.72840288222753,0.0,199,268.411150938689,7.647572974248333
line,692路(先农坛--郭公庄西),off_peak,78.9970587508801,25.0,74.30910888293965,99.30910888293965,79.72840288222753,0.0,708,328.4815575666196,4.850088542108094
line,692路(郭公庄西--永定门内),all,52.563658748777144,25.0,77.05569215586958,102.05569215586958,79.72840288222753,0.0,670,323.3136748887889,3.570569771272099
line,692路(郭公庄西--永定门内),am_peak,36.779949766433774,25.0,93.26415894091743,118.26415894091743,79.72840288222753,0.0,186,311.3007716131671,2.930337279779798
line,692路(郭公庄西--永定门内),off_peak,64.47939663052371,25.0,74.30910888293965,99.30910888293965,79.72840288222753,0.0,412,327.94916300588955,4.008334036192362
line,693路(育新小区--阜永路口西),all,79.99999999999999,25.0,77.05569215586958,102.05569215586958,79.72840288222753,0.0,3471,264.55137637558977,2.548754832883176
line,693路(育新小区--阜永路口西),am_peak,49.58177106470032,25.0,93.26415894091743,118.26415894091743,79.72840288222753,0.0,742,262.180014022486,2.9063554690748488
line,693路(育新小区--阜永路口西),pm_peak,79.99999999999999,25.0,84.8795250515198,109.8795250515198,79.72840288222753,0.0,561,195.43729342851174,5.03087586841038
line,693路(育新小区--阜永路口西),off_peak,79.99999999999999,25.0,74.30910888293965,99.30910888293965,79.72840288222753,0.0,2137,255.64471190859066,2.5038884735931095
line,693路(阜永路口西--育新小区),all,67.69473835097803,25.0,77.05569215586958,102.05569215586958,79.72840288222753,0.0,4556,427.2994538966361,1.8597415067789491
line,693路(阜永路口西--育新小区),am_peak,64.86722695733339,25.0,93.26415894091743,118.26415894091743,79.72840288222753,0.0,1095,292.4535946052959,2.8065762748956993
line,693路(阜永路口西--育新小区),pm_peak,73.28153385276187,25.0,84.8795250515198,109.8795250515198,79.72840288222753,0.0,720,333.56288905781787,4.5821062000711255
line,693路(阜永路口西--育新小区),off_peak,79.99999999999999,25.0,74.30910888293965,99.30910888293965,79.72840288222753,0.0,2657,490.714851954414,3.2263192152340827
line,695路(动物园枢纽站--时代庄园北站),all,62.04659251647191,25.0,77.05569215586958,102.05569215586958,79.72840288222753,0.0,1449,272.3868539995233,2.300177412346315
line,695路(动物园枢纽站--时代庄园北站),am_peak,58.61175883055257,25.0,93.26415894091743,118.26415894091743,79.72840288222753,0.0,426,300.92388575365976,4.854322279360019
line,695路(动物园枢纽站--时代庄园北站),off_peak,71.32146995514417,25.0,74.30910888293965,99.30910888293965,79.72840288222753,0.0,891,241.74882478627612,3.3006791883107636
line,695路(时代庄园北站--动物园枢纽站),all,79.99999999999999,25.0,77.05569215586958,102.05569215586958,79.72840288222753,0.0,1247,192.59713366249585,3.3574467540728095
line,695路(时代庄园北站--动物园枢纽站),am_peak,79.99999999999999,25.0,93.26415894091743,118.26415894091743,79.72840288222753,0.0,222,212.7986337350745,11.801793657256477
line,695路(时代庄园北站--动物园枢纽站),pm_peak,79.99999999999943,25.0,84.8795250515198,109.8795250515198,79.72840288222753,0.0,205,213.61082028119782,8.054447547320057
line,695路(时代庄园北站--动物园枢纽站),off_peak,79.99999999999999,25.0,74.30910888293965,99.30910888293965,79.72840288222753,0.0,803,183.67278657320028,4.0309822349145925
line,696路(国展新馆公交场站--芍药居公交场站),all,79.99999999999999,25.0,77.05569215586958,102.05569215586958,79.72840288222753,0.0,1273,231.80177974235423,2.94428947125559
line,696路(国展新馆公交场站--芍药居公交场站),am_peak,27.1069006074027,25.0,93.26415894091743,118.26415894091743,79.72840288222753,0.0,195,301.4128827379965,3.7012834405837345
line,696路(国展新馆公交场站--芍药居公交场站),pm_peak,79.99999999999999,25.0,84.8795250515198,109.8795250515198,79.72840288222753,0.0,279,169.8569630925333,6.511403374685878
line,696路(国展新馆公交场站--芍药居公交场站),off_peak,79.99999999999999,25.0,74.30910888293965,99.30910888293965,79.72840288222753,0.0,781,137.36039803580698,2.915492903085562
line,696路(芍药居公交场站--国展新馆公交场站),all,72.99214774910668,25.0,77.05569215586958,102.05569215586958,79.72840288222753,0.0,1684,170.27239808574288,2.4729223118137935
line,696路(芍药居公交场站--国展新馆公交场站),am_peak,61.957238518371774,25.0,93.26415894091743,118.26415894091743,79.72840288222753,0.0,365,177.64703321173693,3.622695813741456
line,696路(芍药居公交场站--国展新馆公交场站),pm_peak,73.36143364540705,25.0,84.8795250515198,109.8795250515198,79.72840288222753,0.0,262,134.15710145934847,5.670970002292227
line,696路(芍药居公交场站--国展新馆公交场站),off_peak,79.99999999999999,25.0,74.30910888293965,99.30910888293965,79.72840288222753,0.0,1042,143.16953423405482,2.617158045265491
line,698路(公主坟--香泉环岛),all,39.951186321078254,25.0,77.05569215586958,102.05569215586958,79.72840288222753,0.0,537,149.53153007213456,2.0815626936294467
line,698路(公主坟--香泉环岛),off_peak,44.720128355822645,25.0,74.30910888293965,99.30910888293965,79.72840288222753,0.0,297,115.11768378564958,2.868937212097623
line,698路(香泉环岛--公主坟),all,36.70296899439553,25.0,77.05569215586958,102.05569215586958,79.72840288222753,0.0,497,212.27321522228203,2.533949610103824
line,698路(香泉环岛--公主坟),off_peak,46.46282151529639,25.0,74.30910888293965,99.30910888293965,79.72840288222753,0.0,320,137.07955761545307,3.144454553159689
line,6路(六里桥东公交场站--龙潭公园),all,56.19652656536972,25.0,77.05569215586958,102.05569215586958,79.72840288222753,0.0,5048,419.2633559194206,1.55320203898315
line,6路(六里桥东公交场站--龙潭公园),am_peak,46.838625604635595,25.0,93.26415894091743,118.26415894091743,79.72840288222753,0.0,944,422.642999573625,2.872311284601677
line,6路(六里桥东公交场站--龙潭公园),pm_peak,79.99999999999999,25.0,84.8795250515198,109.8795250515198,79.72840288222753,0.0,407,406.7716455871084,10.229559856917927
line,6路(六里桥东公交场站--龙潭公园),off_peak,58.57872736601786,25.0,74.30910888293965,99.30910888293965,79.72840288222753,0.0,3676,407.5541717645801,1.6409338668737663
line,6路(龙潭公园--六里桥东),all,44.044036925367934,25.0,77.05569215586958,102.05569215586958,79.72840288222753,0.0,5472,414.7103795465013,0.8626237191218828
line,6路(龙潭公园--六里桥东),am_peak,37.33599380588861,25.0,93.26415894091743,118.26415894091743,79.72840288222753,0.0,823,241.51847328703525,1.3126255515387872
line,6路(龙潭公园--六里桥东),pm_peak,64.79054898029436,25.0,84.8795250515198,109.8795250515198,79.72840288222753,0.0,633,482.166908512051,5.32985559914552
line,6路(龙潭公园--六里桥东),off_peak,44.142362389864836,25.0,74.30910888293965,99.30910888293965,79.72840288222753,0.0,3997,426.48138891995154,0.8842066773514943
line,71路(友谊医院东--红寺桥),all,79.99999999999987,25.0,77.05569215586958,102.05569215586958,79.72840288222753,0.0,589,287.96796295383524,8.415275101556
line,71路(友谊医院东--红寺桥),off_peak,79.99999999999999,25.0,74.30910888293965,99.30910888293965,79.72840288222753,0.0,416,246.13353881829622,8.652698800779387
line,71路(红寺桥--友谊医院东),all,79.99999999999999,25.0,77.05569215586958,102.05569215586958,79.72840288222753,0.0,691,340.7150168116381,10.677067475877987
line,71路(红寺桥--友谊医院东),am_peak,73.48397776258668,25.0,93.26415894091743,118.26415894091743,79.72840288222753,0.0,170,270.17670116729727,20.554613238849967
line,71路(红寺桥--友谊医院东),off_peak,79.99999999999996,25.0,74.30910888293965,99.30910888293965,79.72840288222753,0.0,471,351.10054486026075,12.37740015455551
line,72路(城南嘉园北--大北窑南),all,79.99999999999999,25.0,77.05569215586958,102.05569215586958,79.72840288222753,0.0,6842,419.62248262603737,3.380498718182721
line,72路(城南嘉园北--大北窑南),am_peak,39.26129094655506,25.0,93.26415894091743,118.26415894091743,79.72840288222753,0.0,1328,380.92271084935663,1.7796418197152832
line,72路(城南嘉园北--大北窑南),pm_peak,79.99999999999999,25.0,84.8795250515198,109.8795250515198,79.72840288222753,0.0,731,442.05592774068805,14.419797868570729
line,72路(城南嘉园北--大北窑南),off_peak,79.99999999999999,25.0,74.30910888293965,99.30910888293965,79.72840288222753,0.0,4754,383.74999806042734,3.1984205642566375
line,72路(大北窑南--城南嘉园北),all,77.08028054734474,25.0,77.05569215586958,102.05569215586958,79.72840288222753,0.0,6801,314.18402298314606,1.563618342750738
line,72路(大北窑南--城南嘉园北),am_peak,79.99999999999999,25.0,93.26415894091743,118.26415894091743,79.72840288222753,0.0,1026,333.1841416158833,7.322168207427164
line,72路(大北窑南--城南嘉园北),pm_peak,79.99999999999999,25.0,84.8795250515198,109.8795250515198,79.72840288222753,0.0,1066,342.6578082696749,4.417861941842458
line,72路(大北窑南--城南嘉园北),off_peak,74.78961980652771,25.0,74.30910888293965,99.30910888293965,79.72840288222753,0.0,4610,299.7398724168045,1.5965045400621434
line,73路(地铁海淀五路居站--阜成门),all,79.99999999992713,25.0,77.05569215586958,102.05569215586958,79.72840288222753,0.0,1188,369.0605422441001,12.220925628277623
line,73路(地铁海淀五路居站--阜成门),am_peak,34.489302333715166,25.0,93.26415894091743,118.26415894091743,79.72840288222753,0.0,240,328.75316299784936,6.749130246232047
line,73路(地铁海淀五路居站--阜成门),off_peak,79.99999999999899,25.0,74.30910888293965,99.30910888293965,79.72840288222753,0.0,808,351.00296446323614,10.86078578809641
line,73路(阜成门--地铁海淀五路居站),all,79.99999999999999,25.0,77.05569215586958,102.05569215586958,79.72840288222753,0.0,883,298.29405285677416,9.108460580762825
line,73路(阜成门--地铁海淀五路居站),am_peak,79.99999999999999,25.0,93.26415894091743,118.26415894091743,79.72840288222753,0.0,196,364.2953007469976,17.090207685528313
line,73路(阜成门--地铁海淀五路居站),off_peak,79.99999999999999,25.0,74.30910888293965,99.30910888293965,79.72840288222753,0.0,555,274.8671642391681,9.195200503417377
line,74路(菜户营西路--颐和园新建宫门),all,51.22161567007476,25.0,77.05569215586958,102.05569215586958,79.72840288222753,0.0,4193,624.5547758320599,2.2997612481064125
line,74路(菜户营西路--颐和园新建宫门),am_peak,25.174524213836293,25.0,93.26415894091743,118.26415894091743,79.72840288222753,0.0,1333,703.7187396084115,0.845293612774914
line,74路(菜户营西路--颐和园新建宫门),pm_peak,79.99999999999999,25.0,84.8795250515198,109.8795250515198,79.72840288222753,0.0,545,235.2190667086735,4.193113385452326
line,74路(菜户营西路--颐和园新建宫门),off_peak,72.26025484875406,25.0,74.30910888293965,99.30910888293965,79.72840288222753,0.0,2291,414.2126116917739,2.5931009014117574
line,74路(颐和园新建宫门--菜户营西路),all,53.98084191775953,25.0,77.05569215586958,102.05569215586958,79.72840288222753,0.0,4181,391.377927526395,1.4816471492080958
line,74路(颐和园新建宫门--菜户营西路),am_peak,79.99999999999999,25.0,93.26415894091743,118.26415894091743,79.72840288222753,0.0,579,321.7433917773381,6.307943306035633
line,74路(颐和园新建宫门--菜户营西路),pm_peak,35.780315155214254,25.0,84.8795250515198,109.8795250515198,79.72840288222753,0.0,973,397.0964434241003,1.1029103985091584
line,74路(颐和园新建宫门--菜户营西路),off_peak,64.73816337082349,25.0,74.30910888293965,99.30910888293965,79.72840288222753,0.0,2583,363.37180152241416,2.199720006196098
line,75路(和平东桥--康家沟),all,30.00000260677596,25.0,77.05569215586958,102.05569215586958,79.72840288222753,0.0,4655,273.57034962388093,0.42176679162368375
line,75路(和平东桥--康家沟),am_peak,26.87371396239871,25.0,93.26415894091743,118.26415894091743,79.72840288222753,0.0,1145,273.8163958448908,0.5951644654438532
line,75路(和平东桥--康家沟),pm_peak,24.767924268804755,25.0,84.8795250515198,109.8795250515198,79.72840288222753,0.0,695,258.2710687567754,0.6771610531593087
line,75路(和平东桥--康家沟),off_peak,34.45471506567973,25.0,74.30910888293965,99.30910888293965,79.72840288222753,0.0,2722,246.45729621211936,0.5914629536616686
line,75路(康家沟--和平东桥),all,50.15373472292742,25.0,77.05569215586958,102.05569215586958,79.72840288222753,0.0,4050,216.69650522998333,0.7760639245797155
line,75路(康家沟--和平东桥),am_peak,45.82508078853511,25.0,93.26415894091743,118.26415894091743,79.72840288222753,0.0,679,201.46028444158654,1.8909576993928323
line,75路(康家沟--和平东桥),pm_peak,38.088981550490814,25.0,84.8795250515198,109.8795250515198,79.72840288222753,0.0,838,223.24392482163657,1.069409336561407
line,75路(康家沟--和平东桥),off_peak,59.2565790604271,25.0,74.30910888293965,99.30910888293965,79.72840288222753,0.0,2488,177.2071245789882,1.0034044198106253
line,76路(张仪村公交场站--核桃园东街),all,36.04398784850704,25.0,77.05569215586958,102.05569215586958,79.72840288222753,0.0,2240,300.9561346719191,0.8046965723989002
line,76路(张仪村公交场站--核桃园东街),am_peak,27.168552695110296,25.0,93.26415894091743,118.26415894091743,79.72840288222753,0.0,539,384.1464391334986,1.5885074019689391
line,76路(张仪村公交场站--核桃园东街),pm_peak,44.03686339933635,25.0,84.8795250515198,109.8795250515198,79.72840288222753,0.0,362,154.357511805873,1.7143284059490154
line,76路(张仪村公交场站--核桃园东街),off_peak,38.97098518169671,25.0,74.30910888293965,99.30910888293965,79.72840288222753,0.0,1331,259.02365110015546,0.9104131606797267
line,76路(核桃园东街--张仪村公交场站),all,37.985931224541545,25.0,77.05569215586958,102.05569215586958,79.72840288222753,0.0,3544,335.6181407362511,0.8967670794918647
line,76路(核桃园东街--张仪村公交场站),am_peak,31.210337998442846,25.0,93.26415894091743,118.26415894091743,79.72840288222753,0.0,741,371.9720237960707,1.6116268908629527
line,76路(核桃园东街--张仪村公交场站),pm_peak,36.412538887264716,25.0,84.8795250515198,109.8795250515198,79.72840288222753,0.0,575,283.21867102600834,1.5711357715562946
line,76路(核桃园东街--张仪村公交场站),off_peak,43.87489465034301,25.0,74.30910888293965,99.30910888293965,79.72840288222753,0.0,2170,318.5122481576057,1.1735657537992679
line,77路(外文印刷厂西门--晓月苑小区),all,72.36079529487648,25.0,77.05569215586958,102.05569215586958,79.72840288222753,0.0,2977,218.74401871493944,2.283375205110777
line,77路(外文印刷厂西门--晓月苑小区),am_peak,79.99999999999999,25.0,93.26415894091743,118.26415894091743,79.72840288222753,0.0,381,211.5206977702068,9.206076366046942
line,77路(外文印刷厂西门--晓月苑小区),pm_peak,63.47873827927244,25.0,84.8795250515198,109.8795250515198,79.72840288222753,0.0,428,227.44173348072033,5.087965355087672
line,77路(外文印刷厂西门--晓月苑小区),off_peak,74.45269990929943,25.0,74.30910888293965,99.30910888293965,79.72840288222753,0.0,2122,213.74961039303525,2.708835840753173
line,77路(晓月苑小区--外文印刷厂西门),all,56.07047869274266,25.0,77.05569215586958,102.05569215586958,79.72840288222753,0.0,3613,422.01599371340916,1.9696982081100431
line,77路(晓月苑小区--外文印刷厂西门),am_peak,21.98520588561809,25.0,93.26415894091743,118.26415894091743,79.72840288222753,0.0,896,382.8070227828598,1.0144749534207873
line,77路(晓月苑小区--外文印刷厂西门),pm_peak,74.07676971144981,25.0,84.8795250515198,109.8795250515198,79.72840288222753,0.0,541,513.8092082973119,5.987952555443095
line,77路(晓月苑小区--外文印刷厂西门),off_peak,77.37462130885264,25.0,74.30910888293965,99.30910888293965,79.72840288222753,0.0,2166,242.0341697802057,2.6768895658646845
line,78路(核桃园东街--鲁谷公交场站),all,63.99145226582407,25.0,77.05569215586958,102.05569215586958,79.72840288222753,0.0,3237,257.15763859139065,1.631362964596005
line,78路(核桃园东街--鲁谷公交场站),am_peak,33.15443007101355,25.0,93.26415894091743,118.26415894091743,79.72840288222753,0.0,440,347.02992440988834,3.3714219325510166
line,78路(核桃园东街--鲁谷公交场站),pm_peak,48.30348346045702,25.0,84.8795250515198,109.8795250515198,79.72840288222753,0.0,521,320.34463728307884,2.476311245253825
line,78路(核桃园东街--鲁谷公交场站),off_peak,78.55565721238167,25.0,74.30910888293965,99.30910888293965,79.72840288222753,0.0,2260,150.5350886317731,2.108610114232161
line,78路(鲁谷公交场站--核桃园东街),all,77.62608846187598,25.0,77.05569215586958,102.05569215586958,79.72840288222753,0.0,2670,254.8660950601896,2.1074262149668046
line,78路(鲁谷公交场站--核桃园东街),am_peak,30.518990391110542,25.0,93.26415894091743,118.26415894091743,79.72840288222753,0.0,570,349.64699029486883,2.071984002555029
line,78路(鲁谷公交场站--核桃园东街),pm_peak,79.99999999999073,25.0,84.8795250515198,109.8795250515198,79.72840288222753,0.0,286,126.94432172302702,5.822453617606824
line,78路(鲁谷公交场站--核桃园东街),off_peak,79.99999999999999,25.0,74.30910888293965,99.30910888293965,79.72840288222753,0.0,1796,106.69484560220599,1.8182835444137901
line,7路(五间楼--动物园枢纽站),all,42.719581198706344,25.0,77.05569215586958,102.05569215586958,79.72840288222753,0.0,4956,410.26911835190185,0.8218830966010824
line,7路(五间楼--动物园枢纽站),am_peak,22.587451070566413,25.0,93.26415894091743,118.26415894091743,79.72840288222753,0.0,1028,346.9881845806105,0.7108493223405502
line,7路(五间楼--动物园枢纽站),pm_peak,54.08742227909125,25.0,84.8795250515198,109.8795250515198,79.72840288222753,0.0,562,185.32263751776654,2.846516047865574
line,7路(五间楼--动物园枢纽站),off_peak,48.47107546284395,25.0,74.30910888293965,99.30910888293965,79.72840288222753,0.0,3347,352.8929671862252,0.8805933711124432
line,7路(动物园枢纽站--五间楼),all,37.724000846403854,25.0,77.05569215586958,102.05569215586958,79.72840288222753,0.0,4518,440.363846641036,0.5932776863796903
line,7路(动物园枢纽站--五间楼),am_peak,40.21194183196869,25.0,93.26415894091743,118.26415894091743,79.72840288222753,0.0,670,323.996483110241,2.3109561870309565
line,7路(动物园枢纽站--五间楼),pm_peak,24.188736892073145,25.0,84.8795250515198,109.8795250515198,79.72840288222753,0.0,657,658.0258478013305,0.9613919010077319
line,7路(动物园枢纽站--五间楼),off_peak,40.27275785851055,25.0,74.30910888293965,99.30910888293965,79.72840288222753,0.0,3115,320.07413720476865,0.6232714518917774
line,80路(小红庙--新街口豁口),all,30.876200039970996,25.0,77.05569215586958,102.05569215586958,79.72840288222753,0.0,1023,635.1444008683974,3.161016725883929
line,80路(小红庙--新街口豁口),am_peak,15.71302415610813,25.0,93.26415894091743,118.26415894091743,79.72840288222753,0.0,251,787.2599666205977,3.9172647213980905
line,80路(小红庙--新街口豁口),off_peak,35.766036113707685,25.0,74.30910888293965,99.30910888293965,79.72840288222753,0.0,645,485.70550241147805,4.147324738693638
line,80路(新街口豁口--小红庙),all,59.29470862919398,25.0,77.05569215586958,102.05569215586958,79.72840288222753,0.0,1021,316.82138688235364,4.867595871183591
line,80路(新街口豁口--小红庙),pm_peak,25.221617393864214,25.0,84.8795250515198,109.8795250515198,79.72840288222753,0.0,200,327.270642979313,2.9501742479580453
line,80路(新街口豁口--小红庙),off_peak,72.12143965508791,25.0,74.30910888293965,99.30910888293965,79.72840288222753,0.0,669,262.9998050168782,6.860059940676312
line,81路(北土城公交场站--清河小营东路东口站),off_peak,17.73106844018549,25.0,74.30910888293965,99.30910888293965,79.72840288222753,0.0,317,324.43777273917516,5.4876885851537285
line,820路(大地公交场站--莲花池南路),all,79.99999999999999,25.0,77.05569215586958,102.05569215586958,79.72840288222753,0.0,2984,281.6730286063936,2.1895328171727337
line,820路(大地公交场站--莲花池南路),am_peak,64.86886494824098,25.0,93.26415894091743,118.26415894091743,79.72840288222753,0.0,613,272.60261416952005,2.8859026351661243
line,820路(大地公交场站--莲花池南路),pm_peak,79.99999999999999,25.0,84.8795250515198,109.8795250515198,79.72840288222753,0.0,470,291.09724983747003,5.857019578957147
line,820路(大地公交场站--莲花池南路),off_peak,79.99999999999999,25.0,74.30910888293965,99.30910888293965,79.72840288222753,0.0,1901,260.5995696960808,2.331866558779606
line,820路(莲花池南路--大地公交场站),all,79.99999999999999,25.0,77.05569215586958,102.05569215586958,79.72840288222753,0.0,3216,269.7781599018085,1.7239970775295141
line,820路(莲花池南路--大地公交场站),am_peak,79.99999999999999,25.0,93.26415894091743,118.26415894091743,79.72840288222753,0.0,646,318.8868475700784,5.325718699811973
line,820路(莲花池南路--大地公交场站),pm_peak,79.99999999999999,25.0,84.8795250515198,109.8795250515198,79.72840288222753,0.0,620,276.2563375759397,3.9431834847420424
line,820路(莲花池南路--大地公交场站),off_peak,79.99999999999999,25.0,74.30910888293965,99.30910888293965,79.72840288222753,0.0,1950,255.59753507862,2.3595846068785202
line,821路(小周易村--方庄南口),all,79.99999999999999,25.0,77.05569215586958,102.05569215586958,79.72840288222753,0.0,1292,160.00013135970812,5.135693272648449
line,821路(小周易村--方庄南口),am_peak,65.57103861488592,25.0,93.26415894091743,118.26415894091743,79.72840288222753,0.0,224,224.95173928195814,12.997250282344021
line,821路(小周易村--方庄南口),pm_peak,79.99999999999999,25.0,84.8795250515198,109.8795250515198,79.72840288222753,0.0,198,163.50564133770376,16.942268301019546
line,821路(小周易村--方庄南口),off_peak,79.99999999999946,25.0,74.30910888293965,99.30910888293965,79.72840288222753,0.0,870,132.16781180815846,5.041639041700903
line,821路(方庄南口--小周易村),all,69.69290589603685,25.0,77.05569215586958,102.05569215586958,79.72840288222753,0.0,1684,148.00887005203285,2.904201537905549
line,821路(方庄南口--小周易村),am_peak,79.99999999999999,25.0,93.26415894091743,118.26415894091743,79.72840288222753,0.0,267,202.38343342522884,17.256319619902147
line,821路(方庄南口--小周易村),pm_peak,62.73950613610975,25.0,84.8795250515198,109.8795250515198,79.72840288222753,0.0,296,153.32212196662556,6.084727696103229
line,821路(方庄南口--小周易村),off_peak,69.8135035223836,25.0,74.30910888293965,99.30910888293965,79.72840288222753,0.0,1112,125.78657730683997,3.083409680228397
line,829路(刘家窑桥西--思邈路),all,79.99999999999999,25.0,77.05569215586958,102.05569215586958,79.72840288222753,0.0,406,196.1081424533314,9.06001686029691
line,829路(刘家窑桥西--思邈路),off_peak,79.99999999999999,25.0,74.30910888293965,99.30910888293965,79.72840288222753,0.0,260,102.33102836088052,10.086873925357398
line,829路(思邈路--刘家窑桥西),all,79.99999999999999,25.0,77.05569215586958,102.05569215586958,79.72840288222753,0.0,361,131.67878154663924,11.48530041310105
line,829路(思邈路--刘家窑桥西),off_peak,79.99999999999999,25.0,74.30910888293965,99.30910888293965,79.72840288222753,0.0,224,128.91911856094515,13.368751972847138
line,82路(前门--国家体育场东),all,79.99999999999999,25.0,77.05569215586958,102.05569215586958,79.72840288222753,0.0,2551,501.94074450401433,9.338361614854607
line,82路(前门--国家体育场东),am_peak,79.99999999999999,25.0,93.26415894091743,118.26415894091743,79.72840288222753,0.0,387,528.0061440309315,16.26901207941128
line,82路(前门--国家体育场东),pm_peak,79.99999999999999,25.0,84.8795250515198,109.8795250515198,79.72840288222753,0.0,403,495.3832661977778,20.495904834494254
line,82路(前门--国家体育场东),off_peak,79.99999999999999,25.0,74.30910888293965,99.30910888293965,79.72840288222753,0.0,1731,495.8096834136834,12.656737440584559
line,82路(国家体育场东--前门),all,79.99999999999999,25.0,77.05569215586958,102.05569215586958,79.72840288222753,0.0,1975,536.1768663153675,7.190888610972616
line,82路(国家体育场东--前门),am_peak,79.99999999999999,25.0,93.26415894091743,118.26415894091743,79.72840288222753,0.0,473,413.89933004577654,18.700044955547977
line,82路(国家体育场东--前门),pm_peak,79.99999999999999,25.0,84.8795250515198,109.8795250515198,79.72840288222753,0.0,213,571.7136722732637,23.129125396040582
line,82路(国家体育场东--前门),off_peak,79.99999999999999,25.0,74.30910888293965,99.30910888293965,79.72840288222753,0.0,1276,581.508424157494,10.989896498919562
line,830路(菜户营桥西--怪村公交场站),all,79.99999999999999,25.0,77.05569215586958,102.05569215586958,79.72840288222753,0.0,225,171.7652544572448,5.521365176537051
line,839路(东坟公交场站--赵公口桥南),all,79.99999999999999,25.0,77.05569215586958,102.05569215586958,79.72840288222753,0.0,853,177.8903270694446,1.8160234606701395
line,839路(东坟公交场站--赵公口桥南),am_peak,79.99999999999987,25.0,93.26415894091743,118.26415894091743,79.72840288222753,0.0,242,231.78785611114967,3.9021759102492903
line,839路(东坟公交场站--赵公口桥南),off_peak,79.99999999999999,25.0,74.30910888293965,99.30910888293965,79.72840288222753,0.0,463,155.26212349414956,2.2364443588340994
line,839路(刘家窑桥西--东坟公交场站),all,79.99999999999999,25.0,77.05569215586958,102.05569215586958,79.72840288222753,0.0,1217,179.3407379913625,1.980469905603443
line,839路(刘家窑桥西--东坟公交场站),am_peak,69.56122890872572,25.0,93.26415894091743,118.26415894091743,79.72840288222753,0.0,350,205.506923099868,3.7777639165726713
line,839路(刘家窑桥西--东坟公交场站),pm_peak,79.99999999999999,25.0,84.8795250515198,109.8795250515198,79.72840288222753,0.0,220,160.43095669484546,4.516028147437672
line,839路(刘家窑桥西--东坟公交场站),off_peak,79.99999999999999,25.0,74.30910888293965,99.30910888293965,79.72840288222753,0.0,647,146.00434352746342,2.0701156512698224
line,83路(怡海花园西门--西单路口南),all,79.99999999999999,25.0,77.05569215586958,102.05569215586958,79.72840288222753,0.0,7810,421.7285822969604,2.0384038899008585
line,83路(怡海花园西门--西单路口南),am_peak,53.28702629377566,25.0,93.26415894091743,118.26415894091743,79.72840288222753,0.0,2136,605.8432737641177,3.4789632584287875
line,83路(怡海花园西门--西单路口南),pm_peak,79.99999999999999,25.0,84.8795250515198,109.8795250515198,79.72840288222753,0.0,1049,228.1240175641724,5.112271779274926
line,83路(怡海花园西门--西单路口南),off_peak,79.99999999999999,25.0,74.30910888293965,99.30910888293965,79.72840288222753,0.0,4616,259.7460587639152,1.8465694573748335
line,83路(西单路口南--怡海花园西门),all,79.99999999999999,25.0,77.05569215586958,102.05569215586958,79.72840288222753,0.0,6466,229.28100598498182,1.6569419008763862
line,83路(西单路口南--怡海花园西门),am_peak,79.99999999999999,25.0,93.26415894091743,118.26415894091743,79.72840288222753,0.0,899,304.00026433468554,6.963367720347409
line,83路(西单路口南--怡海花园西门),pm_peak,79.99999999999997,25.0,84.8795250515198,109.8795250515198,79.72840288222753,0.0,1257,218.6968504619761,3.967407749112876
line,83路(西单路口南--怡海花园西门),off_peak,79.99999999999999,25.0,74.30910888293965,99.30910888293965,79.72840288222753,0.0,4181,204.4622243617175,1.9227548225489572
line,840路(七里庄--马村公交场站),all,52.92915492770747,25.0,77.05569215586958,102.05569215586958,79.72840288222753,0.0,321,120.01842242612635,2.28874928826152
line,840路(七里庄--马村公交场站),off_peak,57.270871293532956,25.0,74.30910888293965,99.30910888293965,79.72840288222753,0.0,192,117.68459383190563,3.0353106290779306
line,840路(马村公交场站--七里庄),all,79.99999999998525,25.0,77.05569215586958,102.05569215586958,79.72840288222753,0.0,164,138.28130772635652,11.039174278462765
line,845路(地铁东管头南站--狼垡),all,61.33415950031284,25.0,77.05569215586958,102.05569215586958,79.72840288222753,0.0,1329,357.43632631132357,6.045177108309934
line,845路(地铁东管头南站--狼垡),am_peak,60.08448800787227,25.0,93.26415894091743,118.26415894091743,79.72840288222753,0.0,350,337.49908335489687,12.974613421686794
line,845路(地铁东管头南站--狼垡),pm_peak,54.85680621249806,25.0,84.8795250515198,109.8795250515198,79.72840288222753,0.0,204,405.0920019752768,18.786492959550685
line,845路(地铁东管头南站--狼垡),off_peak,79.99999999999999,25.0,74.30910888293965,99.30910888293965,79.72840288222753,0.0,775,346.0333383414387,9.505419216864013
line,845路(狼垡--地铁东管头南站),all,79.99999999999999,25.0,77.05569215586958,102.05569215586958,79.72840288222753,0.0,1278,257.73989601966065,7.194402205025031
line,845路(狼垡--地铁东管头南站),am_peak,79.99999999999999,25.0,93.26415894091743,118.26415894091743,79.72840288222753,0.0,210,314.5102967127275,32.5763812304706
line,845路(狼垡--地铁东管头南站),pm_peak,79.99999999999999,25.0,84.8795250515198,109.8795250515198,79.72840288222753,0.0,226,250.98056640663015,16.84962169173787
line,845路(狼垡--地铁东管头南站),off_peak,79.99999999999945,25.0,74.30910888293965,99.30910888293965,79.72840288222753,0.0,839,260.820180822503,8.948487568305307
line,847路(北太平桥东--孙河公交场站),all,58.52393441598742,25.0,77.05569215586958,102.05569215586958,79.72840288222753,0.0,1792,305.88764253158064,1.4592923675263805
line,847路(北太平桥东--孙河公交场站),am_peak,75.78067382657271,25.0,93.26415894091743,118.26415894091743,79.72840288222753,0.0,393,325.40329416309214,4.969566445515003
line,847路(北太平桥东--孙河公交场站),pm_peak,47.20165644984535,25.0,84.8795250515198,109.8795250515198,79.72840288222753,0.0,259,251.89586565735218,2.065506220652411
line,847路(北太平桥东--孙河公交场站),off_peak,63.583432178469664,25.0,74.30910888293965,99.30910888293965,79.72840288222753,0.0,1140,299.08551189334713,2.038802817880708
line,847路(孙河公交场站--马甸桥西),all,58.89081923946976,25.0,77.05569215586958,102.05569215586958,79.72840288222753,0.0,1500,307.7609850195433,1.8661384685567335
line,847路(孙河公交场站--马甸桥西),am_peak,58.11278934218626,25.0,93.26415894091743,118.26415894091743,79.72840288222753,0.0,264,162.67457700868218,2.986845415210304
line,847路(孙河公交场站--马甸桥西),pm_peak,42.329844032899146,25.0,84.8795250515198,109.8795250515198,79.72840288222753,0.0,373,404.1609064827919,2.0942175301750554
line,847路(孙河公交场站--马甸桥西),off_peak,76.4736126771348,25.0,74.30910888293965,99.30910888293965,79.72840288222753,0.0,863,179.27443961447668,2.6672599404103594
line,848路(大北窑南--海子角),all,79.99999999999999,25.0,77.05569215586958,102.05569215586958,79.72840288222753,0.0,2865,156.8709955631196,1.0098421237392066
line,848路(大北窑南--海子角),am_peak,79.99999999999999,25.0,93.26415894091743,118.26415894091743,79.72840288222753,0.0,570,213.39794073992434,3.8933821165031053
line,848路(大北窑南--海子角),pm_peak,79.99999999999999,25.0,84.8795250515198,109.8795250515198,79.72840288222753,0.0,748,128.6189835984045,1.5540527503729726
line,848路(大北窑南--海子角),off_peak,79.99999999999999,25.0,74.30910888293965,99.30910888293965,79.72840288222753,0.0,1542,162.71966655681751,1.3073208502586113
line,848路(海子角--大北窑南),all,79.99999999999986,25.0,77.05569215586958,102.05569215586958,79.72840288222753,0.0,2976,524.4331632131341,2.4858475747403945
line,848路(海子角--大北窑南),am_peak,25.702062637504326,25.0,93.26415894091743,118.26415894091743,79.72840288222753,0.0,809,478.7434838495424,1.1974760685134813
line,848路(海子角--大北窑南),pm_peak,79.99999999999999,25.0,84.8795250515198,109.8795250515198,79.72840288222753,0.0,736,208.61147777661523,2.8591310072518534
line,848路(海子角--大北窑南),off_peak,79.99999999999999,25.0,74.30910888293965,99.30910888293965,79.72840288222753,0.0,1431,337.3087703451713,2.600462085424393
line,849路(固安公交场站--永定门汽车站),all,35.52981787959255,25.0,77.05569215586958,102.05569215586958,79.72840288222753,0.0,158,248.11483721211255,7.256462603717089
line,849路(永定门汽车站--固安公交场站),all,79.99999999999999,25.0,77.05569215586958,102.05569215586958,79.72840288222753,0.0,204,148.55285006428647,6.703322037955611
line,850路(东直门--马坡花园),all,40.07375348822203,25.0,77.05569215586958,102.05569215586958,79.72840288222753,0.0,207,198.79571706455712,2.042377112309595
line,854路(地铁望京西站--孙河公交场站),all,48.4296471982438,25.0,77.05569215586958,102.05569215586958,79.72840288222753,0.0,354,307.871874645412,7.138140188068927
line,854路(地铁望京西站--孙河公交场站),off_peak,44.12166006993503,25.0,74.30910888293965,99.30910888293965,79.72840288222753,0.0,216,328.7536422447651,8.789754697159019
line,854路(孙河公交场站--地铁望京西站),all,31.872823931011137,25.0,77.05569215586958,102.05569215586958,79.72840288222753,0.0,276,205.16172384634362,3.871764235290908
line,854路(孙河公交场站--地铁望京西站),off_peak,34.751664526755576,25.0,74.30910888293965,99.30910888293965,79.72840288222753,0.0,164,209.32796085100316,5.30436380867201
line,85路(五路--菜户营桥东),all,48.61726878769403,25.0,77.05569215586958,102.05569215586958,79.72840288222753,0.0,2575,276.6315964131151,2.2043122859574336
line,85路(五路--菜户营桥东),am_peak,39.16494536580358,25.0,93.26415894091743,118.26415894091743,79.72840288222753,0.0,663,243.1489597357689,2.476069238555525
line,85路(五路--菜户营桥东),pm_peak,35.07141054424163,25.0,84.8795250515198,109.8795250515198,79.72840288222753,0.0,310,357.1457339579695,4.6186247381193
line,85路(五路--菜户营桥东),off_peak,75.05273355976294,25.0,74.30910888293965,99.30910888293965,79.72840288222753,0.0,1598,245.09645447560962,4.747372554416812
line,85路(菜户营桥东--五路),all,79.99999999999999,25.0,77.05569215586958,102.05569215586958,79.72840288222753,0.0,2202,271.25604210007026,5.39431367042261
line,85路(菜户营桥东--五路),am_peak,79.99999999998836,25.0,93.26415894091743,118.26415894091743,79.72840288222753,0.0,535,284.58952853621327,18.01951645084846
line,85路(菜户营桥东--五路),pm_peak,79.99999999999999,25.0,84.8795250515198,109.8795250515198,79.72840288222753,0.0,381,267.8117976025187,15.570347505672366
line,85路(菜户营桥东--五路),off_peak,79.99999999999999,25.0,74.30910888293965,99.30910888293965,79.72840288222753,0.0,1283,250.1422869996068,5.399183912185009
line,865路(四惠枢纽站--小红门牌坊村),all,57.65295525903058,25.0,77.05569215586958,102.05569215586958,79.72840288222753,0.0,998,377.9876550501529,3.381424683348257
line,865路(四惠枢纽站--小红门牌坊村),am_peak,79.99999999999999,25.0,93.26415894091743,118.26415894091743,79.72840288222753,0.0,190,177.934110321776,7.473225995965779
line,865路(四惠枢纽站--小红门牌坊村),pm_peak,30.34566634720489,25.0,84.8795250515198,109.8795250515198,79.72840288222753,0.0,290,406.82068904262593,2.24881495920594
line,865路(四惠枢纽站--小红门牌坊村),off_peak,72.5382790238379,25.0,74.30910888293965,99.30910888293965,79.72840288222753,0.0,513,344.32164943666845,5.740830849089022
line,865路(小红门牌坊村--四惠枢纽站),all,34.50392713683472,25.0,77.05569215586958,102.05569215586958,79.72840288222753,0.0,784,451.59829754573275,2.4971619938826897
line,865路(小红门牌坊村--四惠枢纽站),am_peak,21.340017238609782,25.0,93.26415894091743,118.26415894091743,79.72840288222753,0.0,237,298.07652550000074,0.5856867950395193
line,865路(小红门牌坊村--四惠枢纽站),off_peak,52.739215429620195,25.0,74.30910888293965,99.30910888293965,79.72840288222753,0.0,441,456.5287096113496,5.2689902049947674
line,86路(国家体育馆--航天桥北),all,59.78445858712822,25.0,77.05569215586958,102.05569215586958,79.72840288222753,0.0,1848,260.98319751366,2.4438773480776095
line,86路(国家体育馆--航天桥北),am_peak,79.99999999999999,25.0,93.26415894091743,118.26415894091743,79.72840288222753,0.0,364,165.58066880374557,7.474306156308685
line,86路(国家体育馆--航天桥北),pm_peak,25.77396430971749,25.0,84.8795250515198,109.8795250515198,79.72840288222753,0.0,363,293.4879064421065,1.7400204770238503
line,86路(国家体育馆--航天桥北),off_peak,74.47491306020859,25.0,74.30910888293965,99.30910888293965,79.72840288222753,0.0,1086,208.48473061797742,3.310020172608084
line,86路(航天桥北--国家体育馆),all,48.810991594981104,25.0,77.05569215586958,102.05569215586958,79.72840288222753,0.0,3003,377.25455532737806,1.5343513013131729
line,86路(航天桥北--国家体育馆),am_peak,53.11432416906373,25.0,93.26415894091743,118.26415894091743,79.72840288222753,0.0,930,435.3460692871244,3.6013418433061113
line,86路(航天桥北--国家体育馆),pm_peak,40.78493670481687,25.0,84.8795250515198,109.8795250515198,79.72840288222753,0.0,380,468.5349302701186,6.397754282278435
line,86路(航天桥北--国家体育馆),off_peak,56.93956959879896,25.0,74.30910888293965,99.30910888293965,79.72840288222753,0.0,1679,296.73368899431455,2.073896295357064
line,87路(定慧寺东--蓟门桥),all,79.99999999998161,25.0,77.05569215586958,102.05569215586958,79.72840288222753,0.0,7883,143.40061628747813,1.1947574906218688
line,87路(定慧寺东--蓟门桥),am_peak,77.80983976573945,25.0,93.26415894091743,118.26415894091743,79.72840288222753,0.0,1568,141.56873307073974,2.549343674063595
line,87路(定慧寺东--蓟门桥),pm_peak,79.99999999999999,25.0,84.8795250515198,109.8795250515198,79.72840288222753,0.0,1331,108.69898864426105,2.768722927652048
line,87路(定慧寺东--蓟门桥),off_peak,79.99999999999999,25.0,74.30910888293965,99.30910888293965,79.72840288222753,0.0,4892,134.10992966842363,1.254651607751827
line,87路(蓟门桥--定慧寺东),all,79.9999999999973,25.0,77.05569215586958,102.05569215586958,79.72840288222753,0.0,8550,178.2302016870216,1.296953035339694
line,87路(蓟门桥--定慧寺东),am_peak,79.99999999999999,25.0,93.26415894091743,118.26415894091743,79.72840288222753,0.0,1853,217.27549724674986,4.260187477901838
line,87路(蓟门桥--定慧寺东),pm_peak,74.41592335665304,25.0,84.8795250515198,109.8795250515198,79.72840288222753,0.0,1271,137.30918476424378,2.7028783820732856
line,87路(蓟门桥--定慧寺东),off_peak,79.99999999999999,25.0,74.30910888293965,99.30910888293965,79.72840288222753,0.0,5327,156.14376941804372,1.245890174697757
line,889路(德胜门西--昌平何营),all,26.214416553733308,25.0,77.05569215586958,102.05569215586958,79.72840288222753,0.0,165,304.1100683573376,2.7142356712102336
line,88路(大钟寺站--草桥东路北口),all,56.43759182990691,25.0,77.05569215586958,102.05569215586958,79.72840288222753,0.0,9230,281.30061054858385,0.7405122844178477
line,88路(大钟寺站--草桥东路北口),am_peak,52.597046161469336,25.0,93.26415894091743,118.26415894091743,79.72840288222753,0.0,1289,343.9366838045694,2.1201696457653703
line,88路(大钟寺站--草桥东路北口),pm_peak,39.64400267672861,25.0,84.8795250515198,109.8795250515198,79.72840288222753,0.0,1519,277.32583211710045,1.3344224475197155
line,88路(大钟寺站--草桥东路北口),off_peak,60.172993981794285,25.0,74.30910888293965,99.30910888293965,79.72840288222753,0.0,6278,228.54458727481676,0.8079567968404169
line,88路(草桥东路北口--大钟寺站),all,45.19225629456422,25.0,77.05569215586958,102.05569215586958,79.72840288222753,0.0,10015,534.3236049047661,0.5475840118611488
line,88路(草桥东路北口--大钟寺站),am_peak,20.538365330048215,25.0,93.26415894091743,118.26415894091743,79.72840288222753,0.0,1509,906.339431724777,1.241135668116274
line,88路(草桥东路北口--大钟寺站),pm_peak,45.22282778889905,25.0,84.8795250515198,109.8795250515198,79.72840288222753,0.0,1466,373.7848843689519,1.400337087955859
line,88路(草桥东路北口--大钟寺站),off_peak,48.13015353798854,25.0,74.30910888293965,99.30910888293965,79.72840288222753,0.0,6948,284.3556603287325,0.5645499691535837
line,890路(下苇甸--北京西站南广场),all,37.1174720486929,25.0,77.05569215586958,102.05569215586958,79.72840288222753,0.0,425,246.08441916363097,5.592329552597616
line,890路(下苇甸--北京西站南广场),off_peak,52.98256204916939,25.0,74.30910888293965,99.30910888293965,79.72840288222753,0.0,207,189.88400079882845,9.092115231873821
line,890路(北京西站南广场--下苇甸),all,45.00536421464766,25.0,77.05569215586958,102.05569215586958,79.72840288222753,0.0,674,149.75428299005418,2.660765116279674
line,890路(北京西站南广场--下苇甸),am_peak,37.636657938613,25.0,93.26415894091743,118.26415894091743,79.72840288222753,0.0,240,129.71054654110924,2.9942885135722612
line,890路(北京西站南广场--下苇甸),off_peak,53.46503878016254,25.0,74.30910888293965,99.30910888293965,79.72840288222753,0.0,319,147.70290610672944,4.249090213556136
line,89路(恩济西街南站--红莲南里),all,31.74217439690569,25.0,77.05569215586958,102.05569215586958,79.72840288222753,0.0,5507,194.72462534930122,0.3807753271525257
line,89路(恩济西街南站--红莲南里),am_peak,32.16973098826112,25.0,93.26415894091743,118.26415894091743,79.72840288222753,0.0,1061,171.49461509566873,0.7371987825770868
line,89路(恩济西街南站--红莲南里),pm_peak,29.474916291259962,25.0,84.8795250515198,109.8795250515198,79.72840288222753,0.0,895,192.59186757200635,0.6914833861669964
line,89路(恩济西街南站--红莲南里),off_peak,34.273425794065794,25.0,74.30910888293965,99.30910888293965,79.72840288222753,0.0,3513,189.84428458971504,0.5018680209503945
line,89路(红莲南里--恩济东街南口),all,44.91234879575714,25.0,77.05569215586958,102.05569215586958,79.72840288222753,0.0,6023,330.9582073255747,0.8004778743294971
line,89路(红莲南里--恩济东街南口),am_peak,25.988042195144335,25.0,93.26415894091743,118.26415894091743,79.72840288222753,0.0,1087,505.47541593036357,1.551251599349466
line,89路(红莲南里--恩济东街南口),pm_peak,42.31666690897592,25.0,84.8795250515198,109.8795250515198,79.72840288222753,0.0,924,188.71346693646785,1.3790670495387676
line,89路(红莲南里--恩济东街南口),off_peak,52.927864550828716,25.0,74.30910888293965,99.30910888293965,79.72840288222753,0.0,3953,217.37613806657262,1.1028041213220925
line,8路(前门--金蝉西路南口),all,73.27914717735626,25.0,77.05569215586958,102.05569215586958,79.72840288222753,0.0,5026,318.71737852868335,2.447677231404437
line,8路(前门--金蝉西路南口),am_peak,38.487732151709366,25.0,93.26415894091743,118.26415894091743,79.72840288222753,0.0,582,433.72752605034975,4.41380826643448
line,8路(前门--金蝉西路南口),pm_peak,79.99999999999952,25.0,84.8795250515198,109.8795250515198,79.72840288222753,0.0,712,215.78882541969801,6.742689353040608
line,8路(前门--金蝉西路南口),off_peak,74.20295039073945,25.0,74.30910888293965,99.30910888293965,79.72840288222753,0.0,3633,294.73857184893217,2.7363719996637204
line,8路(金蝉西路南口--前门),all,43.66039986373959,25.0,77.05569215586958,102.05569215586958,79.72840288222753,0.0,3755,379.7673420890783,1.8085568087034498
line,8路(金蝉西路南口--前门),am_peak,17.62359256857452,25.0,93.26415894091743,118.26415894091743,79.72840288222753,0.0,864,406.2015608485025,0.8741256576083075
line,8路(金蝉西路南口--前门),pm_peak,68.21463992120637,25.0,84.8795250515198,109.8795250515198,79.72840288222753,0.0,408,229.5865709941891,6.356006958304939
line,8路(金蝉西路南口--前门),off_peak,58.04963714327251,25.0,74.30910888293965,99.30910888293965,79.72840288222753,0.0,2474,273.28672562526657,2.1791226813508606
line,901路快车(燕山东岭--前门西),all,24.99609914466465,25.0,77.05569215586958,102.05569215586958,79.72840288222753,0.0,693,402.6085150298455,1.2304458164113516
line,901路快车(燕山东岭--前门西),am_peak,19.236489993467426,25.0,93.26415894091743,118.26415894091743,79.72840288222753,0.0,360,304.2118576534496,0.5350068647350817
line,901路快车(燕山东岭--前门西),off_peak,38.660625741926694,25.0,74.30910888293965,99.30910888293965,79.72840288222753,0.0,290,280.82932365321835,1.0810808503503484
line,90路(天坛西门--造甲村东),all,32.62471796237884,25.0,77.05569215586958,102.05569215586958,79.72840288222753,0.0,1165,403.04042567413325,1.386460696614621
line,90路(天坛西门--造甲村东),pm_peak,24.69227500984747,25.0,84.8795250515198,109.8795250515198,79.72840288222753,0.0,211,392.98431227311283,1.9723562009732487
line,90路(天坛西门--造甲村东),off_peak,35.573677875928865,25.0,74.30910888293965,99.30910888293965,79.72840288222753,0.0,823,339.0306881809155,1.551505545562869
line,90路(造甲村东--天坛西门),all,28.809010860705882,25.0,77.05569215586958,102.05569215586958,79.72840288222753,0.0,1318,411.9417921986176,0.9046216493818027
line,90路(造甲村东--天坛西门),am_peak,23.488216119145672,25.0,93.26415894091743,118.26415894091743,79.72840288222753,0.0,291,404.3820509162452,1.4599802526945203
line,90路(造甲村东--天坛西门),pm_peak,34.344159796269054,25.0,84.8795250515198,109.8795250515198,79.72840288222753,0.0,157,280.24694512137563,2.754550612504273
line,90路(造甲村东--天坛西门),off_peak,30.817199838989268,25.0,74.30910888293965,99.30910888293965,79.72840288222753,0.0,867,408.53661266601347,1.1917700246001628
line,915路(东直门外--南彩汽车站),all,27.11395265791319,25.0,77.05569215586958,102.05569215586958,79.72840288222753,0.0,408,380.1476473696737,1.7934174017289912
line,915路(东直门外--南彩汽车站),off_peak,29.566700498804952,25.0,74.30910888293965,99.30910888293965,79.72840288222753,0.0,218,446.201140676833,2.7969012944236695
line,915路(南彩汽车站--东直门外),all,31.298425976929853,25.0,77.05569215586958,102.05569215586958,79.72840288222753,0.0,260,621.3504583168675,2.8410293165596197
line,916路(东直门--怀柔汽车站),all,37.434107292055764,25.0,77.05569215586958,102.05569215586958,79.72840288222753,0.0,369,230.30204397472454,1.720551584247578
line,916路(东直门--怀柔汽车站),off_peak,40.39762944657504,25.0,74.30910888293965,99.30910888293965,79.72840288222753,0.0,210,223.13176493219694,2.332313678501213
line,916路(怀柔汽车站--东直门枢纽站),all,39.99404436719381,25.0,77.05569215586958,102.05569215586958,79.72840288222753,0.0,284,170.86642963572,1.374337044777273
line,916路快车(怀柔汽车站--东直门枢纽站),all,59.83290212129658,25.0,77.05569215586958,102.05569215586958,79.72840288222753,0.0,304,231.42100921906064,5.152715638876683
line,916路快车(怀柔汽车站--东直门枢纽站),off_peak,53.394858805887395,25.0,74.30910888293965,99.30910888293965,79.72840288222753,0.0,210,258.2065582677215,4.956958034405733
line,91路(八棵杨中街--方庄北口),all,79.99999999999999,25.0,77.05569215586958,102.05569215586958,79.72840288222753,0.0,1212,168.04029613324795,4.36104558464052
line,91路(八棵杨中街--方庄北口),am_peak,79.99999999999991,25.0,93.26415894091743,118.26415894091743,79.72840288222753,0.0,176,143.78646412564973,13.318356341519749
line,91路(八棵杨中街--方庄北口),pm_peak,79.99999999999804,25.0,84.8795250515198,109.8795250515198,79.72840288222753,0.0,182,222.36574519336415,14.56992283911239
line,91路(八棵杨中街--方庄北口),off_peak,79.99999999999999,25.0,74.30910888293965,99.30910888293965,79.72840288222753,0.0,841,154.7409198692195,4.37774477443279
line,91路(方庄北口--八棵杨中街),all,61.25433668368442,25.0,77.05569215586958,102.05569215586958,79.72840288222753,0.0,968,224.63931664720647,6.268296224936965
line,91路(方庄北口--八棵杨中街),off_peak,65.18322416866656,25.0,74.30910888293965,99.30910888293965,79.72840288222753,0.0,769,185.49438429480668,6.5696077011952845
line,92路(北土城公交场站--地铁海淀五路居站),all,55.18631326250166,25.0,77.05569215586958,102.05569215586958,79.72840288222753,0.0,3625,275.31090194230984,1.38887825675573
line,92路(北土城公交场站--地铁海淀五路居站),am_peak,69.92159654273682,25.0,93.26415894091743,118.26415894091743,79.72840288222753,0.0,874,211.61473199317717,3.777549889141781
line,92路(北土城公交场站--地铁海淀五路居站),pm_peak,26.517241673468103,25.0,84.8795250515198,109.8795250515198,79.72840288222753,0.0,551,373.4139251251952,1.7238072924800363
line,92路(北土城公交场站--地铁海淀五路居站),off_peak,66.11513908990773,25.0,74.30910888293965,99.30910888293965,79.72840288222753,0.0,2190,220.55591816682676,1.9964914336384199
line,92路(地铁海淀五路居站--北土城公交场站),all,62.410552608192376,25.0,77.05569215586958,102.05569215586958,79.72840288222753,0.0,4160,380.4800707590994,1.3636069259606227
line,92路(地铁海淀五路居站--北土城公交场站),am_peak,76.12338010621012,25.0,93.26415894091743,118.26415894091743,79.72840288222753,0.0,989,208.50092758650902,4.066493747853949
line,92路(地铁海淀五路居站--北土城公交场站),pm_peak,78.65971450502528,25.0,84.8795250515198,109.8795250515198,79.72840288222753,0.0,649,643.824055922099,10.280858420653296
line,92路(地铁海淀五路居站--北土城公交场站),off_peak,66.02919841313165,25.0,74.30910888293965,99.30910888293965,79.72840288222753,0.0,2499,334.880895483885,1.7034415038224522
line,939路(三元桥东站--李县坟),all,23.994669325138318,25.0,77.05569215586958,102.05569215586958,79.72840288222753,0.0,262,145.11256580194484,0.9418175483032528
line,939路(三元桥东站--李县坟),off_peak,25.56500541639817,25.0,74.30910888293965,99.30910888293965,79.72840288222753,0.0,168,158.94143721718822,1.1079407228390212
line,939路(李县坟--三元桥东站),all,22.931911335677814,25.0,77.05569215586958,102.05569215586958,79.72840288222753,0.0,157,222.6673937216444,2.9326517214863914
line,93路(前门--吕家营),all,42.55051038207108,25.0,77.05569215586958,102.05569215586958,79.72840288222753,0.0,4337,367.26745024330137,0.9731262025441381
line,93路(前门--吕家营),am_peak,52.332561301513834,25.0,93.26415894091743,118.26415894091743,79.72840288222753,0.0,429,324.60542445994133,6.288002951697975
line,93路(前门--吕家营),pm_peak,42.497123625476846,25.0,84.8795250515198,109.8795250515198,79.72840288222753,0.0,967,386.21263163544967,2.2750358191061495
line,93路(前门--吕家营),off_peak,43.231001151848716,25.0,74.30910888293965,99.30910888293965,79.72840288222753,0.0,2880,359.57189392099934,1.1591934432588333
line,93路(吕家营--前门),all,44.35897446509359,25.0,77.05569215586958,102.05569215586958,79.72840288222753,0.0,4711,361.90890960615064,1.0585678751743115
line,93路(吕家营--前门),am_peak,35.808557895423036,25.0,93.26415894091743,118.26415894091743,79.72840288222753,0.0,1201,308.5940513579097,0.9190214302427097
line,93路(吕家营--前门),pm_peak,58.859775060326605,25.0,84.8795250515198,109.8795250515198,79.72840288222753,0.0,417,301.8046744231419,4.338280078666562
line,93路(吕家营--前门),off_peak,52.919084330835254,25.0,74.30910888293965,99.30910888293965,79.72840288222753,0.0,3076,366.4833601433581,1.277953495779061
line,941路(石龙西公交场站--莲花池南路),all,39.61101255270794,25.0,77.05569215586958,102.05569215586958,79.72840288222753,0.0,211,261.86448834152384,5.804522704185758
line,941路(石龙西公交场站--莲花池南路),off_peak,45.28244398973149,25.0,74.30910888293965,99.30910888293965,79.72840288222753,0.0,159,220.04325890860616,6.542129527820013
line,941路(莲花池南路--石龙西公交场站),all,76.0367549595312,25.0,77.05569215586958,102.05569215586958,79.72840288222753,0.0,345,214.3616498937034,8.645420973008427
line,941路(莲花池南路--石龙西公交场站),off_peak,79.99999999999943,25.0,74.30910888293965,99.30910888293965,79.72840288222753,0.0,256,178.8599169403981,9.76618544681719
line,941路快车(中门寺生态园--莲花池南路),all,36.757425861456255,25.0,77.05569215586958,102.05569215586958,79.72840288222753,0.0,309,282.5124020684404,5.034281813560015
line,941路快车(中门寺生态园--莲花池南路),off_peak,45.61404898759547,25.0,74.30910888293965,99.30910888293965,79.72840288222753,0.0,181,167.62298029664515,6.0056007229810575
line,944路(奶子房公交场站--安贞桥西),all,61.32258027989198,25.0,77.05569215586958,102.05569215586958,79.72840288222753,0.0,855,268.23743406337053,4.357655174095484
line,944路(奶子房公交场站--安贞桥西),am_peak,44.57896452754823,25.0,93.26415894091743,118.26415894091743,79.72840288222753,0.0,235,269.54583077899315,4.551174737557196
line,944路(奶子房公交场站--安贞桥西),off_peak,79.99999999999999,25.0,74.30910888293965,99.30910888293965,79.72840288222753,0.0,516,215.73667194862023,7.325966992120775
line,944路(安贞桥西--奶子房公交场站),all,79.99999999999991,25.0,77.05569215586958,102.05569215586958,79.72840288222753,0.0,1576,453.0899112909632,5.267056501605817
line,944路(安贞桥西--奶子房公交场站),am_peak,79.99999999999999,25.0,93.26415894091743,118.26415894091743,79.72840288222753,0.0,201,286.86280737164185,23.108376363303456
line,944路(安贞桥西--奶子房公交场站),pm_peak,79.99999999999558,25.0,84.8795250515198,109.8795250515198,79.72840288222753,0.0,306,653.7963771081427,10.629726174669859
line,944路(安贞桥西--奶子房公交场站),off_peak,79.99999999999999,25.0,74.30910888293965,99.30910888293965,79.72840288222753,0.0,1046,410.00917796534685,5.9637116543426885
line,94路(公主坟东--塔院小区南门),all,52.35076487705045,25.0,77.05569215586958,102.05569215586958,79.72840288222753,0.0,5168,302.6826651904618,0.851778781529639
line,94路(公主坟东--塔院小区南门),am_peak,43.79780089001714,25.0,93.26415894091743,118.26415894091743,79.72840288222753,0.0,1437,291.98868635174,1.3495074227949078
line,94路(公主坟东--塔院小区南门),pm_peak,48.85460180531141,25.0,84.8795250515198,109.8795250515198,79.72840288222753,0.0,983,291.70511333526383,1.594257430783301
line,94路(公主坟东--塔院小区南门),off_peak,64.89049758568468,25.0,74.30910888293965,99.30910888293965,79.72840288222753,0.0,2738,270.7264531054189,1.3294309986048745
line,94路(塔院小区南门--公主坟东),all,50.97315830971349,25.0,77.05569215586958,102.05569215586958,79.72840288222753,0.0,3294,271.7371986264844,0.874940103611815
line,94路(塔院小区南门--公主坟东),am_peak,42.432904641763194,25.0,93.26415894091743,118.26415894091743,79.72840288222753,0.0,805,261.25038630086317,1.6399784122604029
line,94路(塔院小区南门--公主坟东),pm_peak,42.14301318175543,25.0,84.8795250515198,109.8795250515198,79.72840288222753,0.0,623,257.70855257750634,1.2434416956884466
line,94路(塔院小区南门--公主坟东),off_peak,62.34286070544833,25.0,74.30910888293965,99.30910888293965,79.72840288222753,0.0,1839,230.54060000686658,1.2223517914750677
line,957路(大兴一职--方庄南口),all,79.99999999999999,25.0,77.05569215586958,102.05569215586958,79.72840288222753,0.0,420,167.86158163309142,6.369681569932813
line,957路(大兴一职--方庄南口),off_peak,79.99999999999999,25.0,74.30910888293965,99.30910888293965,79.72840288222753,0.0,284,162.16888683344695,7.179533047441612
line,957路(方庄南口--大兴一职),all,70.78042505822395,25.0,77.05569215586958,102.05569215586958,79.72840288222753,0.0,903,144.13863707964944,3.561273156597887
line,957路(方庄南口--大兴一职),off_peak,71.46368157149685,25.0,74.30910888293965,99.30910888293965,79.72840288222753,0.0,678,146.86941817664737,4.095838499816747
line,958路(雍王府--龙潭公园),all,79.99999999999999,25.0,77.05569215586958,102.05569215586958,79.72840288222753,0.0,1863,290.50181373808755,2.284028409346095
line,958路(雍王府--龙潭公园),am_peak,44.082429886411795,25.0,93.26415894091743,118.26415894091743,79.72840288222753,0.0,307,311.1627680298653,2.012868101170371
line,958路(雍王府--龙潭公园),pm_peak,79.99999999999999,25.0,84.8795250515198,109.8795250515198,79.72840288222753,0.0,284,168.52563134120956,3.926278467739433
line,958路(雍王府--龙潭公园),off_peak,79.99999999999999,25.0,74.30910888293965,99.30910888293965,79.72840288222753,0.0,1271,241.16460785928516,2.454500983677311
line,958路(龙潭公园--雍王府),all,66.97831489493207,25.0,77.05569215586958,102.05569215586958,79.72840288222753,0.0,2185,277.39799495685304,1.6462225580204255
line,958路(龙潭公园--雍王府),am_peak,46.74345791588981,25.0,93.26415894091743,118.26415894091743,79.72840288222753,0.0,515,312.88192139152784,3.0560716858696737
line,958路(龙潭公园--雍王府),pm_peak,55.48792144818896,25.0,84.8795250515198,109.8795250515198,79.72840288222753,0.0,382,242.30142140219704,3.1177523810211394
line,958路(龙潭公园--雍王府),off_peak,77.53483383449425,25.0,74.30910888293965,99.30910888293965,79.72840288222753,0.0,1288,196.7668562739154,2.0052687686174435
line,95路(康家沟--惠新西街南口),all,54.64874149496536,25.0,77.05569215586958,102.05569215586958,79.72840288222753,0.0,2460,248.36646876849088,1.274921095303967
line,95路(康家沟--惠新西街南口),am_peak,75.37904084512957,25.0,93.26415894091743,118.26415894091743,79.72840288222753,0.0,504,217.70606245718992,4.2231013357338405
line,95路(康家沟--惠新西街南口),pm_peak,41.17114615500646,25.0,84.8795250515198,109.8795250515198,79.72840288222753,0.0,364,277.6675288227331,2.1258558026066137
line,95路(康家沟--惠新西街南口),off_peak,59.988748136551386,25.0,74.30910888293965,99.30910888293965,79.72840288222753,0.0,1583,230.34996213163026,1.7442771147435958
line,95路(惠新西街南口--康家沟),all,46.78684530953238,25.0,77.05569215586958,102.05569215586958,79.72840288222753,0.0,2713,350.0159073910637,1.0221225296203476
line,95路(惠新西街南口--康家沟),am_peak,77.02680110088636,25.0,93.26415894091743,118.26415894091743,79.72840288222753,0.0,642,277.73055519032295,3.559983192453447
line,95路(惠新西街南口--康家沟),pm_peak,31.581032489465493,25.0,84.8795250515198,109.8795250515198,79.72840288222753,0.0,453,253.5431320564491,1.5116096339892398
line,95路(惠新西街南口--康家沟),off_peak,49.52465259674938,25.0,74.30910888293965,99.30910888293965,79.72840288222753,0.0,1591,380.36687648279013,1.2899450483220458
line,967路(狼垡东桥北--花园桥南),all,24.79609056577469,25.0,77.05569215586958,102.05569215586958,79.72840288222753,0.0,731,480.56190856741074,0.6440154253566457
line,967路(狼垡东桥北--花园桥南),am_peak,13.757951388958086,25.0,93.26415894091743,118.26415894091743,79.72840288222753,0.0,168,474.0208057387575,0.7378572241653835
line,967路(狼垡东桥北--花园桥南),off_peak,26.884860298703586,25.0,74.30910888293965,99.30910888293965,79.72840288222753,0.0,483,327.23636732382283,0.6656100193717446
line,967路(花园桥南--狼垡东桥北),all,25.527327536207515,25.0,77.05569215586958,102.05569215586958,79.72840288222753,0.0,808,305.13366851745013,0.5355955533859391
line,967路(花园桥南--狼垡东桥北),pm_peak,20.941176370034235,25.0,84.8795250515198,109.8795250515198,79.72840288222753,0.0,182,340.83179145674046,1.0147094245037167
line,967路(花园桥南--狼垡东桥北),off_peak,27.106609894635817,25.0,74.30910888293965,99.30910888293965,79.72840288222753,0.0,489,257.7546240031697,0.6323879519157422
line,968路(海子角--莲花池南路),all,79.99999999999999,25.0,77.05569215586958,102.05569215586958,79.72840288222753,0.0,288,261.2428817728781,9.758694007983081
line,968路(莲花池南路--海子角),all,79.99999999999999,25.0,77.05569215586958,102.05569215586958,79.72840288222753,0.0,363,173.3519377540767,4.054831164045787
line,968路(莲花池南路--海子角),off_peak,79.99999999999999,25.0,74.30910888293965,99.30910888293965,79.72840288222753,0.0,187,188.3399469825459,4.7368506152984295
line,969路(地铁西局站--海子角),all,36.87694376611225,25.0,77.05569215586958,102.05569215586958,79.72840288222753,0.0,379,146.82901997042978,1.966520091096634
line,969路(地铁西局站--海子角),off_peak,50.694611628221104,25.0,74.30910888293965,99.30910888293965,79.72840288222753,0.0,177,114.56654880617437,3.120081009322935
line,969路(海子角--地铁西局站),all,51.87034919635452,25.0,77.05569215586958,102.05569215586958,79.72840288222753,0.0,230,182.06304525317577,5.996066259848649
line,973路(东窑村--大瓦窑公交场站),all,72.71593128225248,25.0,77.05569215586958,102.05569215586958,79.72840288222753,0.0,5953,360.6290596420739,1.2500014920260258
line,973路(东窑村--大瓦窑公交场站),am_peak,71.05248986171323,25.0,93.26415894091743,118.26415894091743,79.72840288222753,0.0,1198,329.6222556727947,2.4497139511528228
line,973路(东窑村--大瓦窑公交场站),pm_peak,70.2717453891372,25.0,84.8795250515198,109.8795250515198,79.72840288222753,0.0,1194,444.85075498896447,3.924790109902631
line,973路(东窑村--大瓦窑公交场站),off_peak,79.9999999999993,25.0,74.30910888293965,99.30910888293965,79.72840288222753,0.0,3469,305.8206124410396,1.50202098360155
line,973路(大瓦窑公交场站--东窑村),all,60.227754354284926,25.0,77.05569215586958,102.05569215586958,79.72840288222753,0.0,5752,475.3235119292064,1.0721905373218301
line,973路(大瓦窑公交场站--东窑村),am_peak,47.18398786116878,25.0,93.26415894091743,118.26415894091743,79.72840288222753,0.0,1164,551.3804923100538,2.982452003819987
line,973路(大瓦窑公交场站--东窑村),pm_peak,69.1079281199597,25.0,84.8795250515198,109.8795250515198,79.72840288222753,0.0,927,271.4206195585237,2.0661579476322585
line,973路(大瓦窑公交场站--东窑村),off_peak,63.353446281529976,25.0,74.30910888293965,99.30910888293965,79.72840288222753,0.0,3639,440.05226316788946,1.2724542616780499
line,976路(十里河桥北--盛林苑公交场站),all,79.99999998850367,25.0,77.05569215586958,102.05569215586958,79.72840288222753,0.0,400,194.933058985061,9.323050587659836
line,976路(十里河桥北--盛林苑公交场站),off_peak,79.99999999999976,25.0,74.30910888293965,99.30910888293965,79.72840288222753,0.0,226,225.33638888842964,10.959013049898632
line,976路(盛林苑公交场站--十里河桥北),all,26.05393121608588,25.0,77.05569215586958,102.05569215586958,79.72840288222753,0.0,316,258.3142326671064,1.5391180891928595
line,976路(盛林苑公交场站--十里河桥北),off_peak,24.05162812315859,25.0,74.30910888293965,99.30910888293965,79.72840288222753,0.0,202,276.7666828987089,1.858176696828029
line,977路(冯村公交场站--菜户营桥西),all,61.65407833183879,25.0,77.05569215586958,102.05569215586958,79.72840288222753,0.0,1337,205.5078432093081,1.8303028795605836
line,977路(冯村公交场站--菜户营桥西),am_peak,63.22256885770159,25.0,93.26415894091743,118.26415894091743,79.72840288222753,0.0,239,251.50987004762442,7.345306342338496
line,977路(冯村公交场站--菜户营桥西),pm_peak,52.02108816849679,25.0,84.8795250515198,109.8795250515198,79.72840288222753,0.0,256,170.15591036318534,2.7419858144131912
line,977路(冯村公交场站--菜户营桥西),off_peak,70.23432943125404,25.0,74.30910888293965,99.30910888293965,79.72840288222753,0.0,834,175.34123923077794,2.3497287593494685
line,977路(菜户营桥西--冯村公交场站),all,52.588496431121165,25.0,77.05569215586958,102.05569215586958,79.72840288222753,0.0,1390,277.1939362119762,2.0524475417754338
line,977路(菜户营桥西--冯村公交场站),am_peak,27.965913358472637,25.0,93.26415894091743,118.26415894091743,79.72840288222753,0.0,332,206.25051299642413,0.8246452451404677
line,977路(菜户营桥西--冯村公交场站),off_peak,62.25233609367514,25.0,74.30910888293965,99.30910888293965,79.72840288222753,0.0,923,216.30397887841988,2.2908228462406837
line,980路快车(密云汽车站--东直门枢纽站),all,51.806401414512706,25.0,77.05569215586958,102.05569215586958,79.72840288222753,0.0,313,202.88570783089708,3.624938787210243
line,980路快车(密云汽车站--东直门枢纽站),off_peak,51.93441308102869,25.0,74.30910888293965,99.30910888293965,79.72840288222753,0.0,186,155.99788178560098,4.329172333874235
line,982路(北京西站南广场--土井村西口),all,26.336987101937808,25.0,77.05569215586958,102.05569215586958,79.72840288222753,0.0,735,495.9531308356104,1.1096187759520237
line,982路(北京西站南广场--土井村西口),am_peak,17.13130483481145,25.0,93.26415894091743,118.26415894091743,79.72840288222753,0.0,155,622.8921236174921,1.4196775236762125
line,982路(北京西站南广场--土井村西口),off_peak,30.17124096880581,25.0,74.30910888293965,99.30910888293965,79.72840288222753,0.0,451,308.43659070931324,1.7885625244687566
line,982路(土井村西口--北京西站南广场),all,22.543116856108732,25.0,77.05569215586958,102.05569215586958,79.72840288222753,0.0,298,305.292404267109,1.1857807562351375
line,982路(土井村西口--北京西站南广场),off_peak,25.139782763710276,25.0,74.30910888293965,99.30910888293965,79.72840288222753,0.0,185,241.31737832495145,1.613981327611754
line,985路(牌坊村东口--甜水园西里),all,79.99999999999999,25.0,77.05569215586958,102.05569215586958,79.72840288222753,0.0,858,409.048734056569,8.04996834753948
line,985路(牌坊村东口--甜水园西里),am_peak,27.543488017746988,25.0,93.26415894091743,118.26415894091743,79.72840288222753,0.0,173,429.9568322436196,3.060324655274601
line,985路(牌坊村东口--甜水园西里),off_peak,79.99999999999999,25.0,74.30910888293965,99.30910888293965,79.72840288222753,0.0,549,295.1549345958448,8.067677354893172
line,985路(甜水园西里--牌坊村东口),all,79.99999999945273,25.0,77.05569215586958,102.05569215586958,79.72840288222753,0.0,917,244.29543110668558,4.9005179712462645
line,985路(甜水园西里--牌坊村东口),off_peak,79.99999999999999,25.0,74.30910888293965,99.30910888293965,79.72840288222753,0.0,680,182.2196314488342,4.248859566664002
line,986路(大地公交场站--方庄桥东),all,28.393623278646327,25.0,77.05569215586958,102.05569215586958,79.72840288222753,0.0,891,255.18013002500598,1.1221846762637742
line,986路(大地公交场站--方庄桥东),pm_peak,31.504324358768393,25.0,84.8795250515198,109.8795250515198,79.72840288222753,0.0,214,144.40208755468169,1.3557984636511893
line,986路(大地公交场站--方庄桥东),off_peak,28.935999458140902,25.0,74.30910888293965,99.30910888293965,79.72840288222753,0.0,599,267.7046670071668,1.80643109028673
line,986路(方庄桥东--大地公交场站),all,33.02982515054984,25.0,77.05569215586958,102.05569215586958,79.72840288222753,0.0,865,246.96015744679278,1.5461280570856606
line,986路(方庄桥东--大地公交场站),am_peak,21.337369666817,25.0,93.26415894091743,118.26415894091743,79.72840288222753,0.0,184,206.10549752409568,1.6296683472823625
line,986路(方庄桥东--大地公交场站),off_peak,39.71651897939261,25.0,74.30910888293965,99.30910888293965,79.72840288222753,0.0,597,229.0033593809991,1.7963423175529378
line,988路(四惠枢纽站--马泉营),all,70.21764222965474,25.0,77.05569215586958,102.05569215586958,79.72840288222753,0.0,1110,314.03310841136243,4.683055350311209
line,988路(四惠枢纽站--马泉营),am_peak,79.99999999999999,25.0,93.26415894091743,118.26415894091743,79.72840288222753,0.0,275,218.28656829771174,8.568000002855857
line,988路(四惠枢纽站--马泉营),off_peak,79.99999999999999,25.0,74.30910888293965,99.30910888293965,79.72840288222753,0.0,685,282.9733115089437,7.038831958630264
line,988路(马泉营--四惠枢纽站),all,59.98305979714609,25.0,77.05569215586958,102.05569215586958,79.72840288222753,0.0,785,274.8954731344754,2.9337640507856464
line,988路(马泉营--四惠枢纽站),off_peak,63.73736510485868,25.0,74.30910888293965,99.30910888293965,79.72840288222753,0.0,529,226.50638719208868,3.8211027230088623
line,98路(东大桥路口东--四方桥西),all,25.742658270425444,25.0,77.05569215586958,102.05569215586958,79.72840288222753,0.0,4031,318.0325271367404,0.3969209885921894
line,98路(东大桥路口东--四方桥西),am_peak,46.310415928827254,25.0,93.26415894091743,118.26415894091743,79.72840288222753,0.0,323,248.08997671251632,3.699096034999773
line,98路(东大桥路口东--四方桥西),pm_peak,20.97033196534159,25.0,84.8795250515198,109.8795250515198,79.72840288222753,0.0,788,361.75535370437746,0.6048405836009039
line,98路(东大桥路口东--四方桥西),off_peak,26.84520651312874,25.0,74.30910888293965,99.30910888293965,79.72840288222753,0.0,2875,294.2343899176648,0.4340907620025973
line,98路(四方桥西--东大桥路口东),all,23.763732072400074,25.0,77.05569215586958,102.05569215586958,79.72840288222753,0.0,4837,441.2570404214173,0.5093739049989635
line,98路(四方桥西--东大桥路口东),am_peak,14.209953913915808,25.0,93.26415894091743,118.26415894091743,79.72840288222753,0.0,1348,432.1841892726798,0.3933231784312295
line,98路(四方桥西--东大桥路口东),pm_peak,41.45096324134339,25.0,84.8795250515198,109.8795250515198,79.72840288222753,0.0,404,315.53256209211855,2.914431168043397
line,98路(四方桥西--东大桥路口东),off_peak,28.542264932515213,25.0,74.30910888293965,99.30910888293965,79.72840288222753,0.0,3065,319.51700569301227,0.5943314925272942
line,990路(地铁公益西桥站--小红门牌坊村),all,32.41742666760089,25.0,77.05569215586958,102.05569215586958,79.72840288222753,0.0,821,280.0307708190738,1.7066334598066182
line,990路(地铁公益西桥站--小红门牌坊村),am_peak,37.19858542027714,25.0,93.26415894091743,118.26415894091743,79.72840288222753,0.0,179,270.9348306395857,4.667541727418789
line,990路(地铁公益西桥站--小红门牌坊村),off_peak,33.12885795932993,25.0,74.30910888293965,99.30910888293965,79.72840288222753,0.0,505,288.3968948678984,2.1839617997248624
line,990路(小红门牌坊村--地铁公益西桥站),all,36.477834266736835,25.0,77.05569215586958,102.05569215586958,79.72840288222753,0.0,848,237.82684195637563,1.767681869554853
line,990路(小红门牌坊村--地铁公益西桥站),am_peak,40.18533299294504,25.0,93.26415894091743,118.26415894091743,79.72840288222753,0.0,288,224.41602781506356,2.655627124413768
line,990路(小红门牌坊村--地铁公益西桥站),off_peak,39.92261750624323,25.0,74.30910888293965,99.30910888293965,79.72840288222753,0.0,446,241.66669490101228,3.422047697788813
line,991路(亮马厂西口--孙河公交场站),all,43.56666704221252,25.0,77.05569215586958,102.05569215586958,79.72840288222753,0.0,274,274.7259428833098,8.2099822936867
line,991路(亮马厂西口--孙河公交场站),off_peak,46.98718325360184,25.0,74.30910888293965,99.30910888293965,79.72840288222753,0.0,210,214.12954760853924,10.995691934349894
line,991路(孙河公交场站--亮马厂西口),all,58.74342176555142,25.0,77.05569215586958,102.05569215586958,79.72840288222753,0.0,177,213.9586272361087,10.57033175257672
line,997路(经海二路公交场站--莲花池南路),all,61.2194132495287,25.0,77.05569215586958,102.05569215586958,79.72840288222753,0.0,590,258.51454020733877,2.8461429573925656
line,997路(经海二路公交场站--莲花池南路),off_peak,64.76387168419244,25.0,74.30910888293965,99.30910888293965,79.72840288222753,0.0,428,232.2216828888533,2.986991081654048
line,997路(莲花池南路--经海二路公交场站),all,62.08510018652753,25.0,77.05569215586958,102.05569215586958,79.72840288222753,0.0,1203,234.00849679145063,1.4632215426205248
line,997路(莲花池南路--经海二路公交场站),am_peak,43.41714693866536,25.0,93.26415894091743,118.26415894091743,79.72840288222753,0.0,268,273.2992129441407,3.4207433233593467
line,997路(莲花池南路--经海二路公交场站),off_peak,66.19821823580374,25.0,74.30910888293965,99.30910888293965,79.72840288222753,0.0,786,158.95627371536892,1.4256312310603294
line,9路(金台路口西--金家村桥东),all,40.98006195293762,25.0,77.05569215586958,102.05569215586958,79.72840288222753,0.0,8544,338.48282006883676,0.3863696007167199
line,9路(金台路口西--金家村桥东),am_peak,33.45914420662659,25.0,93.26415894091743,118.26415894091743,79.72840288222753,0.0,1473,313.0515841115962,0.9530469259284777
line,9路(金台路口西--金家村桥东),pm_peak,40.59136798516517,25.0,84.8795250515198,109.8795250515198,79.72840288222753,0.0,1322,321.79055286272575,0.993877531669753
line,9路(金台路口西--金家村桥东),off_peak,42.431552671406024,25.0,74.30910888293965,99.30910888293965,79.72840288222753,0.0,5645,321.61122563760244,0.42367962125581854
line,9路(金家村桥东--金台路口西),all,45.84820257588775,25.0,77.05569215586958,102.05569215586958,79.72840288222753,0.0,7708,343.7872080279043,0.5475283415114113
line,9路(金家村桥东--金台路口西),am_peak,37.33981240497586,25.0,93.26415894091743,118.26415894091743,79.72840288222753,0.0,1544,389.7203898163681,1.1438352285657942
line,9路(金家村桥东--金台路口西),pm_peak,47.7176570054389,25.0,84.8795250515198,109.8795250515198,79.72840288222753,0.0,1128,342.88363558289603,1.5892462368396012
line,9路(金家村桥东--金台路口西),off_peak,48.669471783853425,25.0,74.30910888293965,99.30910888293965,79.72840288222753,0.0,4942,291.96538975860904,0.6221892558749025
line,专10路(大北窑南--弘燕公交场站),all,55.41113654068671,25.0,77.05569215586958,102.05569215586958,79.72840288222753,0.0,1174,279.13127548805164,4.6478721412965225
line,专10路(大北窑南--弘燕公交场站),pm_peak,42.06941020059275,25.0,84.8795250515198,109.8795250515198,79.72840288222753,0.0,218,278.52151123190083,5.858060320979108
line,专10路(大北窑南--弘燕公交场站),off_peak,60.31916330804965,25.0,74.30910888293965,99.30910888293965,79.72840288222753,0.0,805,278.6710527360165,5.819238314809928
line,专10路(弘燕公交场站--大北窑南),all,59.28699414417272,25.0,77.05569215586958,102.05569215586958,79.72840288222753,0.0,1458,331.79766421229874,6.578347397885797
line,专10路(弘燕公交场站--大北窑南),am_peak,17.998802759978904,25.0,93.26415894091743,118.26415894091743,79.72840288222753,0.0,320,371.2833092596671,1.6603687746546687
line,专10路(弘燕公交场站--大北窑南),pm_peak,79.99999999999999,25.0,84.8795250515198,109.8795250515198,79.72840288222753,0.0,172,210.3255146321168,19.668749123012446
line,专10路(弘燕公交场站--大北窑南),off_peak,79.99999999999918,25.0,74.30910888293965,99.30910888293965,79.72840288222753,0.0,962,236.98459282604557,12.409446307618799
line,专13路(建欣苑北--牛街),all,25.19888236239805,25.0,77.05569215586958,102.05569215586958,79.72840288222753,0.0,2877,485.450297783297,1.1159762943820164
line,专13路(建欣苑北--牛街),am_peak,17.549326790384203,25.0,93.26415894091743,118.26415894091743,79.72840288222753,0.0,825,494.0005954806305,0.8524490933070573
line,专13路(建欣苑北--牛街),pm_peak,74.95330455887219,25.0,84.8795250515198,109.8795250515198,79.72840288222753,0.0,257,293.6765460489294,9.466703910886476
line,专13路(建欣苑北--牛街),off_peak,33.490884256126854,25.0,74.30910888293965,99.30910888293965,79.72840288222753,0.0,1794,445.8244428691009,1.7183365933337669
line,专13路(牛街--建欣苑北),all,43.686802383243126,25.0,77.05569215586958,102.05569215586958,79.72840288222753,0.0,2492,337.77498700582834,1.43067402956086
line,专13路(牛街--建欣苑北),am_peak,59.31739277278066,25.0,93.26415894091743,118.26415894091743,79.72840288222753,0.0,296,357.53632850899095,9.359943581907238
line,专13路(牛街--建欣苑北),pm_peak,38.08393399396996,25.0,84.8795250515198,109.8795250515198,79.72840288222753,0.0,339,331.4535042127714,3.5893830154023503
line,专13路(牛街--建欣苑北),off_peak,43.743467086245936,25.0,74.30910888293965,99.30910888293965,79.72840288222753,0.0,1838,332.69209605204065,1.5528493493147386
line,专165路(八王坟南--广和里中街),all,79.99999999999807,25.0,77.05569215586958,102.05569215586958,79.72840288222753,0.0,211,200.2651858154456,16.138470721940692
line,专165路(双花园西里--八王坟南),all,79.99999999999999,25.0,77.05569215586958,102.05569215586958,79.72840288222753,0.0,251,243.75569086033474,20.103006577378704
line,专19路(华威路南口--肿瘤医院),all,50.21456806310772,25.0,77.05569215586958,102.05569215586958,79.72840288222753,0.0,350,200.254560619322,5.147623962138028
line,专19路(华威路南口--肿瘤医院),off_peak,61.49383703795074,25.0,74.30910888293965,99.30910888293965,79.72840288222753,0.0,229,204.8608222709558,8.168344659892487
line,专19路(肿瘤医院--华威路南口),all,60.112684111110205,25.0,77.05569215586958,102.05569215586958,79.72840288222753,0.0,635,141.58533699600733,6.9890945793089925
line,专19路(肿瘤医院--华威路南口),off_peak,55.68600055154771,25.0,74.30910888293965,99.30910888293965,79.72840288222753,0.0,461,145.50707734506923,7.537473968145249
line,专27路(丽泽桥--达官营),all,79.99999999999999,25.0,77.05569215586958,102.05569215586958,79.72840288222753,0.0,396,277.65955170612716,11.273460401944606
line,专27路(丽泽桥--达官营),am_peak,79.99999999999997,25.0,93.26415894091743,118.26415894091743,79.72840288222753,0.0,163,206.99591834490963,15.194001092620768
line,专27路(达官营--丽泽桥),all,79.99999999999994,25.0,77.05569215586958,102.05569215586958,79.72840288222753,0.0,342,212.94391463174455,11.197785945393372
line,专87路(广渠门--百子湾家园东站),all,42.39637035894804,25.0,77.05569215586958,102.05569215586958,79.72840288222753,0.0,799,225.47424790398782,2.4845626130332543
line,专87路(广渠门--百子湾家园东站),am_peak,19.560030303197475,25.0,93.26415894091743,118.26415894091743,79.72840288222753,0.0,161,282.05552251395295,2.716632443985218
line,专87路(广渠门--百子湾家园东站),off_peak,52.5565296253747,25.0,74.30910888293965,99.30910888293965,79.72840288222753,0.0,520,143.365966730069,3.6707280457326927
line,专87路(百子湾家园东站--广渠门),all,44.087013060960835,25.0,77.05569215586958,102.05569215586958,79.72840288222753,0.0,950,168.9515824522898,1.8259864577351819
line,专87路(百子湾家园东站--广渠门),am_peak,46.61928301146786,25.0,93.26415894091743,118.26415894091743,79.72840288222753,0.0,186,205.71294003193353,7.908453215851862
line,专87路(百子湾家园东站--广渠门),off_peak,45.813472041057764,25.0,74.30910888293965,99.30910888293965,79.72840288222753,0.0,619,156.86712017508611,2.2155014472363703
line,夜1路(四惠枢纽站--老山公交场站),all,79.99999999999999,25.0,77.05569215586958,102.05569215586958,79.72840288222753,0.0,153,280.8542822535415,8.94644576492391
line,夜7路(韩庄子北--平乐园北),all,79.99999999999999,25.0,77.05569215586958,102.05569215586958,79.72840288222753,0.0,152,699.8270033222617,49.94567625849932
mode,subway,all,42.39165798657977,35.0,0.0,35.0,0.0,327.3196457765688,566249,287.8429360950831,0.02573566544061148
mode,subway,am_peak,41.94836833388301,35.0,0.0,35.0,0.0,292.378152876531,149145,243.2282090247544,0.03972476587196432
mode,subway,pm_peak,43.16549298129433,35.0,0.0,35.0,0.0,305.79964310110523,116912,263.98014262419485,0.04647927514008592
mode,subway,off_peak,41.979574785972005,35.0,0.0,35.0,0.0,348.6699980902886,291482,312.7622595090076,0.039440292998386015
mode,subway,night,41.56950625682239,35.0,0.0,35.0,0.0,398.4071922717367,8710,267.32704275819646,0.29835261989548617
line,地铁10号线内环(巴沟--巴沟),all,41.6444690609575,35.0,0.0,35.0,0.0,258.20054470307775,114606,274.36923150795843,0.03405697121695123
line,地铁10号线内环(巴沟--巴沟),am_peak,41.41314025667761,35.0,0.0,35.0,0.0,224.9753552138206,29534,221.39882505851688,0.04606204642617678
line,地铁10号线内环(巴沟--巴沟),pm_peak,42.03642612109594,35.0,0.0,35.0,0.0,228.3270069274363,26216,244.1451180846997,0.0550109000333493
line,地铁10号线内环(巴沟--巴沟),off_peak,41.256182169328525,35.0,0.0,35.0,0.0,284.49728032645135,56881,305.015074642658,0.056578462664612014
line,地铁10号线内环(巴沟--巴沟),night,42.015743937908,35.0,0.0,35.0,0.0,344.7618123210641,1975,222.92607638912693,0.42701405115876023
line,地铁10号线外环(车道沟--车道沟),all,41.66733435232345,35.0,0.0,35.0,0.0,261.6793348769372,114730,276.0868082215875,0.03589845040837104
line,地铁10号线外环(车道沟--车道沟),am_peak,41.61335559243823,35.0,0.0,35.0,0.0,249.7658640954249,35560,241.45614732793953,0.058953189013119446
line,地铁10号线外环(车道沟--车道沟),pm_peak,42.29367301733411,35.0,0.0,35.0,0.0,243.58735579126298,22091,247.6595032864586,0.05738638631628635
line,地铁10号线外环(车道沟--车道沟),off_peak,41.2302702988514,35.0,0.0,35.0,0.0,272.5997325320012,55660,302.9164959342159,0.0579316617600377
line,地铁10号线外环(车道沟--车道沟),night,40.08947750896746,35.0,0.0,35.0,0.0,320.71358998999796,1419,265.8898714733447,0.5119621850461501
line,地铁13号线(东直门--西直门),all,28.714689754909262,35.0,0.0,35.0,0.0,277.7673786974493,2509,448.1812327505794,0.5092552073365739
line,地铁13号线(东直门--西直门),am_peak,29.800352041304336,35.0,0.0,35.0,0.0,217.2498817739981,591,329.8945674861804,0.8356699533116047
line,地铁13号线(东直门--西直门),pm_peak,28.77610235551319,35.0,0.0,35.0,0.0,244.1187992204422,606,302.62664778242294,1.0086041586998504
line,地铁13号线(东直门--西直门),off_peak,26.968407973201025,35.0,0.0,35.0,0.0,300.1332247737002,1279,521.4993025869676,0.7381378596148233
line,地铁13号线(西直门--东直门),all,26.92035626411986,35.0,0.0,35.0,0.0,222.01237421865955,2700,422.4999504099894,0.34965241982775463
line,地铁13号线(西直门--东直门),am_peak,29.41091630395355,35.0,0.0,35.0,0.0,218.5655836644337,713,311.1438626581372,0.69582795150976
line,地铁13号线(西直门--东直门),pm_peak,27.455180589348835,35.0,0.0,35.0,0.0,207.86436424927837,579,350.0080771202844,0.584447987809036
line,地铁13号线(西直门--东直门),off_peak,25.097285711285117,35.0,0.0,35.0,0.0,224.50322499801487,1373,479.91969836696023,0.5282019209520709
line,地铁14号线(善各庄--张郭庄)_seg1,all,37.73051036657624,35.0,0.0,35.0,0.0,364.03797749872155,18649,309.73021536156523,0.1614056820329467
line,地铁14号线(善各庄--张郭庄)_seg1,am_peak,36.3042320323471,35.0,0.0,35.0,0.0,287.8961416634662,3091,298.71277088057445,0.3137919306310932
line,地铁14号线(善各庄--张郭庄)_seg1,pm_peak,38.48704727007827,35.0,0.0,35.0,0.0,353.81037173485936,4743,291.098217616477,0.2936510970122859
line,地铁14号线(善各庄--张郭庄)_seg1,off_peak,37.7203864664109,35.0,0.0,35.0,0.0,390.3443789845678,10418,320.7325618868858,0.22388383317197083
line,地铁14号线(善各庄--张郭庄)_seg1,night,38.213246421908636,35.0,0.0,35.0,0.0,411.2855553480133,397,198.18284762544252,1.5808190454333568
line,地铁14号线(张郭庄--善各庄)_seg2,all,35.30714432430634,35.0,0.0,35.0,0.0,346.46749636694767,19572,294.5731402817506,0.15711578764997897
line,地铁14号线(张郭庄--善各庄)_seg2,am_peak,35.15355561757475,35.0,0.0,35.0,0.0,304.8879814842198,6135,232.77245080866842,0.23753276909211035
line,地铁14号线(张郭庄--善各庄)_seg2,pm_peak,35.29660054179855,35.0,0.0,35.0,0.0,350.9885216115756,2707,326.7528532081028,0.4383340336615609
line,地铁14号线(张郭庄--善各庄)_seg2,off_peak,35.15176710464848,35.0,0.0,35.0,0.0,364.3159257594899,10437,314.4665355263523,0.2230356007297286
line,地铁14号线(张郭庄--善各庄)_seg2,night,34.3231863615161,35.0,0.0,35.0,0.0,401.21869486788376,293,271.1638035937318,1.4923354026627873
line,地铁1号线八通线(古城--环球度假区),all,38.19160407567713,35.0,0.0,35.0,0.0,283.88905011955063,17118,254.51436792902103,0.13018030693533492
line,地铁1号线八通线(古城--环球度假区),am_peak,37.44499870239224,35.0,0.0,35.0,0.0,247.41356648176216,4058,180.56302646503136,0.20420800045110957
line,地铁1号线八通线(古城--环球度假区),pm_peak,37.895589904560104,35.0,0.0,35.0,0.0,261.0238581661073,3300,254.78857128505294,0.2606012419437009
line,地铁1号线八通线(古城--环球度假区),off_peak,37.95280036890924,35.0,0.0,35.0,0.0,297.58443260966106,9536,277.70898369805775,0.20464267593546165
line,地铁1号线八通线(古城--环球度假区),night,36.61123311020415,35.0,0.0,35.0,0.0,282.1160434727335,224,250.40313116102004,1.8852911703017279
line,地铁1号线八通线(环球度假区--古城),all,38.15595539378509,35.0,0.0,35.0,0.0,281.59422022264016,16048,277.12088889934586,0.14356573663690184
line,地铁1号线八通线(环球度假区--古城),am_peak,36.56418520253634,35.0,0.0,35.0,0.0,239.11634615328023,3069,249.73756898336583,0.2593128644742074
line,地铁1号线八通线(环球度假区--古城),pm_peak,39.22196331738539,35.0,0.0,35.0,0.0,262.53661032636387,3611,244.62875561069873,0.22326525730604474
line,地铁1号线八通线(环球度假区--古城),off_peak,37.637378374744834,35.0,0.0,35.0,0.0,293.69441434887,9098,295.23662430094265,0.21340196748110568
line,地铁1号线八通线(环球度假区--古城),night,38.68461265201277,35.0,0.0,35.0,0.0,404.06506172007244,270,200.8998662920193,1.675733683563677
line,地铁2号线内环(积水潭--积水潭),all,38.90475752372947,35.0,0.0,35.0,0.0,312.26461295254137,52628,264.19937675967,0.1392005894212883
line,地铁2号线内环(积水潭--积水潭),am_peak,38.93074864460447,35.0,0.0,35.0,0.0,253.3396999368531,13973,211.4824935055259,0.1913182519100156
line,地铁2号线内环(积水潭--积水潭),pm_peak,39.56978674748253,35.0,0.0,35.0,0.0,291.36931160197145,11108,241.627224048124,0.2497023790901018
line,地铁2号线内环(积水潭--积水潭),off_peak,38.33815777819097,35.0,0.0,35.0,0.0,352.2955444157859,27017,284.1301309369502,0.20375443336136786
line,地铁2号线内环(积水潭--积水潭),night,36.818941307296214,35.0,0.0,35.0,0.0,402.9558170805401,530,282.41202423839144,1.7608403129210581
line,地铁2号线外环(西直门--西直门),all,38.68035349790896,35.0,0.0,35.0,0.0,311.6742514774779,45804,267.3565772690073,0.16568082794942868
line,地铁2号线外环(西直门--西直门),am_peak,38.05583012317681,35.0,0.0,35.0,0.0,245.03807755171385,12427,189.30678068866882,0.21570917714608284
line,地铁2号线外环(西直门--西直门),pm_peak,38.102421445292286,35.0,0.0,35.0,0.0,267.6996425964953,9409,215.88947316870335,0.2848952923289718
line,地铁2号线外环(西直门--西直门),off_peak,37.82562200490646,35.0,0.0,35.0,0.0,350.32693813527106,23469,303.0080279819822,0.24771291547353508
line,地铁2号线外环(西直门--西直门),night,38.321332429016174,35.0,0.0,35.0,0.0,434.59500449620015,499,340.04507206664226,2.410876733114933
line,地铁4号线大兴线(天宫院--安河桥北),all,37.539566570806606,35.0,0.0,35.0,0.0,290.70055546126656,26523,292.10827481424553,0.13507595508844703
line,地铁4号线大兴线(天宫院--安河桥北),am_peak,35.35068715695199,35.0,0.0,35.0,0.0,296.02548215381574,8016,303.88696516522884,0.3184876254954643
line,地铁4号线大兴线(天宫院--安河桥北),pm_peak,39.414765842638566,35.0,0.0,35.0,0.0,260.62007795461324,3517,231.64721923105307,0.25634421521926265
line,地铁4号线大兴线(天宫院--安河桥北),off_peak,38.72913204065646,35.0,0.0,35.0,0.0,301.77983366080275,14519,290.65800287823066,0.16613630136988264
line,地铁4号线大兴线(天宫院--安河桥北),night,39.176178969263134,35.0,0.0,35.0,0.0,444.6195663457086,471,241.49782146384828,1.1274974496845245
line,地铁4号线大兴线(安河桥北--天宫院),all,41.16211598294562,35.0,0.0,35.0,0.0,290.7606529424397,25256,282.5507882829738,0.10911021912661449
line,地铁4号线大兴线(安河桥北--天宫院),am_peak,40.566092526729,35.0,0.0,35.0,0.0,259.19599909323085,3642,194.67893403099404,0.2162949202493435
line,地铁4号线大兴线(安河桥北--天宫院),pm_peak,42.470928911271855,35.0,0.0,35.0,0.0,288.3806951196743,6338,294.575274278792,0.21835620154174212
line,地铁4号线大兴线(安河桥北--天宫院),off_peak,40.645978249238105,35.0,0.0,35.0,0.0,298.1773911397132,14632,295.74328547603494,0.14527521622412493
line,地铁4号线大兴线(安河桥北--天宫院),night,41.44737009324663,35.0,0.0,35.0,0.0,322.2713752770218,644,229.449184489896,0.6180295941786554
line,地铁5号线(天通苑北--宋家庄),all,38.44736785586467,35.0,0.0,35.0,0.0,270.82542725326044,22260,257.270402259115,0.12193914694831752
line,地铁5号线(天通苑北--宋家庄),am_peak,38.29886255702801,35.0,0.0,35.0,0.0,212.31297322895728,3640,215.41311687365754,0.2136661078429745
line,地铁5号线(天通苑北--宋家庄),pm_peak,37.85276978204002,35.0,0.0,35.0,0.0,249.12685215038886,6089,247.38229563225786,0.16420066488475465
line,地铁5号线(天通苑北--宋家庄),off_peak,38.92817841845845,35.0,0.0,35.0,0.0,300.8976183182372,11987,269.5394789633398,0.19681301059783027
line,地铁5号线(天通苑北--宋家庄),night,36.0436595641992,35.0,0.0,35.0,0.0,341.3166761202519,544,219.8245509833506,1.2398184245802824
line,地铁5号线(宋家庄--天通苑北),all,37.5124144269793,35.0,0.0,35.0,0.0,264.1099094768317,24001,252.04422018898853,0.11553895186790346
line,地铁5号线(宋家庄--天通苑北),am_peak,35.71261067636257,35.0,0.0,35.0,0.0,239.8840460791778,8678,208.2509103146744,0.1543890167477133
line,地铁5号线(宋家庄--天通苑北),pm_peak,39.98613721689464,35.0,0.0,35.0,0.0,244.50284440087216,3196,257.1783790746602,0.23477254740166356
line,地铁5号线(宋家庄--天通苑北),off_peak,39.004123263173746,35.0,0.0,35.0,0.0,294.8717847084239,11865,272.24768580049175,0.19767612770612855
line,地铁5号线(宋家庄--天通苑北),night,39.58656493854814,35.0,0.0,35.0,0.0,399.0225506049525,262,367.04397658941906,2.014955356554207
line,地铁6号线(潞城--金安桥),all,43.374658833742636,35.0,0.0,35.0,0.0,377.2899159684383,10093,309.19768493584456,0.320465384924124
line,地铁6号线(潞城--金安桥),am_peak,42.957695260243,35.0,0.0,35.0,0.0,323.7058357284614,2083,210.3443732594973,0.5593430344890575
line,地铁6号线(潞城--金安桥),pm_peak,43.1892103928911,35.0,0.0,35.0,0.0,344.1229619451038,2675,280.7316616675431,0.47091184062450425
line,地铁6号线(潞城--金安桥),off_peak,42.531545343583495,35.0,0.0,35.0,0.0,403.4195466195218,5145,346.77884727176627,0.4977739117719103
line,地铁6号线(潞城--金安桥),night,42.66306753600464,35.0,0.0,35.0,0.0,458.1964336960954,190,299.16189331784165,2.548408819290364
line,地铁6号线(金安桥--潞城),all,44.0249170796949,35.0,0.0,35.0,0.0,381.11521193625146,10172,300.46732848213145,0.33202783602663016
line,地铁6号线(金安桥--潞城),am_peak,41.14252354999922,35.0,0.0,35.0,0.0,309.3969217608212,3108,219.5073009567209,0.46737047637641194
line,地铁6号线(金安桥--潞城),pm_peak,44.29626066628257,35.0,0.0,35.0,0.0,349.8291593407189,1896,266.64927712912066,0.5437490757383474
line,地铁6号线(金安桥--潞城),off_peak,44.85364877176142,35.0,0.0,35.0,0.0,425.19384373763353,5024,341.774607532623,0.57665499413445
line,地铁7号线(北京西站--环球度假区),all,39.783437779566285,35.0,0.0,35.0,0.0,298.7880378535725,11313,289.4185123381402,0.24673587206060024
line,地铁7号线(北京西站--环球度假区),am_peak,39.5687282102546,35.0,0.0,35.0,0.0,234.1716024399587,2972,223.36565688597636,0.3263746206972815
line,地铁7号线(北京西站--环球度假区),pm_peak,40.29027353360135,35.0,0.0,35.0,0.0,281.8146857226771,2101,299.7091698978916,0.4532204253542261
line,地铁7号线(北京西站--环球度假区),off_peak,39.762606860766965,35.0,0.0,35.0,0.0,340.3941771417445,5891,306.5882758006715,0.3817778918792325
line,地铁7号线(北京西站--环球度假区),night,39.84305559152191,35.0,0.0,35.0,0.0,414.2518199327635,349,236.6845413837948,2.0350436497182516
line,地铁7号线(环球度假区--北京西站),all,40.609727244689076,35.0,0.0,35.0,0.0,308.24723508918953,11016,287.9725902414456,0.2348361349959734
line,地铁7号线(环球度假区--北京西站),am_peak,40.54980957526268,35.0,0.0,35.0,0.0,253.41316992798212,2667,220.35522181853526,0.3356182814623773
line,地铁7号线(环球度假区--北京西站),pm_peak,40.48857684595888,35.0,0.0,35.0,0.0,283.3910223039357,2391,238.98503613224565,0.39242675358515705
line,地铁7号线(环球度假区--北京西站),off_peak,40.25899401768099,35.0,0.0,35.0,0.0,342.52113421166956,5851,321.4004471248329,0.3593101432748673
line,地铁8号线(朱辛庄--瀛海)_seg1,all,35.790802136014285,35.0,0.0,35.0,0.0,328.2647872133188,1656,337.076753920762,1.1125091352713685
line,地铁8号线(朱辛庄--瀛海)_seg1,am_peak,36.199308844495185,35.0,0.0,35.0,0.0,232.36581376253696,398,271.3673798894557,1.1561337946142367
line,地铁8号线(朱辛庄--瀛海)_seg1,pm_peak,35.17299755694929,35.0,0.0,35.0,0.0,320.8008075866953,326,271.8843683648275,1.9660631757687534
line,地铁8号线(朱辛庄--瀛海)_seg1,off_peak,35.76026124550527,35.0,0.0,35.0,0.0,386.25990480635295,925,364.1306355774495,1.6307570302427234
line,地铁8号线(朱辛庄--瀛海)_seg2,all,40.40667899692593,35.0,0.0,35.0,0.0,397.03736137843003,547,301.35695882757193,3.3860791149814125
line,地铁8号线(朱辛庄--瀛海)_seg2,off_peak,36.274776249764564,35.0,0.0,35.0,0.0,397.0541610229583,357,327.4557216424548,3.6851469237831216
line,地铁8号线(瀛海--朱辛庄)_seg1,all,37.669877236815786,35.0,0.0,35.0,0.0,360.8622665966698,636,258.3690329945801,3.1262310752300024
line,地铁8号线(瀛海--朱辛庄)_seg1,am_peak,31.440132737716407,35.0,0.0,35.0,0.0,212.4757973392816,178,194.92860280134522,2.586986123476373
line,地铁8号线(瀛海--朱辛庄)_seg1,off_peak,35.99255517489526,35.0,0.0,35.0,0.0,385.9656866635646,378,275.7120770163002,4.012576743174187
line,地铁8号线(瀛海--朱辛庄)_seg2,all,38.03985636258466,35.0,0.0,35.0,0.0,365.02411865155085,1474,361.9846773425514,1.4191099071327062
line,地铁8号线(瀛海--朱辛庄)_seg2,am_peak,37.755160022357366,35.0,0.0,35.0,0.0,279.26274517250874,230,373.9019630392442,2.156546777537808
line,地铁8号线(瀛海--朱辛庄)_seg2,pm_peak,37.34740714375984,35.0,0.0,35.0,0.0,320.1601395245067,431,295.43964290699193,1.775875520503073
line,地铁8号线(瀛海--朱辛庄)_seg2,off_peak,38.06321257501573,35.0,0.0,35.0,0.0,414.2746267673497,789,384.93863492253223,2.0459358387058297
line,地铁9号线(国家图书馆--郭公庄),all,35.91990486092796,35.0,0.0,35.0,0.0,324.70218533078383,8180,300.1020432457743,0.3083058144600553
line,地铁9号线(国家图书馆--郭公庄),am_peak,35.65089866699693,35.0,0.0,35.0,0.0,214.2706676166214,1144,192.71634124234188,0.6510095273939993
line,地铁9号线(国家图书馆--郭公庄),pm_peak,36.53248937301477,35.0,0.0,35.0,0.0,341.88534470158675,2446,271.0855812697635,0.45065315004296674
line,地铁9号线(国家图书馆--郭公庄),off_peak,36.007817893174504,35.0,0.0,35.0,0.0,346.7885405248432,4387,331.90435206964514,0.4618185604831539
line,地铁9号线(国家图书馆--郭公庄),night,39.85686443276206,35.0,0.0,35.0,0.0,468.3895733356983,203,198.9359930573862,2.832453015067896
line,地铁9号线(郭公庄--国家图书馆),all,37.533389459901514,35.0,0.0,35.0,0.0,350.6956074001836,8489,270.37936000815927,0.303596263519937
line,地铁9号线(郭公庄--国家图书馆),am_peak,38.37119052602327,35.0,0.0,35.0,0.0,370.4825520406419,3148,253.2796540829125,0.48574089392377073
line,地铁9号线(郭公庄--国家图书馆),pm_peak,34.33225752705166,35.0,0.0,35.0,0.0,253.37183666682085,884,224.24584009421278,0.6788450427070619
line,地铁9号线(郭公庄--国家图书馆),off_peak,38.14505004776944,35.0,0.0,35.0,0.0,363.6310627623269,4388,289.00644559007185,0.4715671879643053
