scope,key,hour,headway_s,n_obs,method,median_gap_s,upper_from_clusters_s
mode,bus,4,180.0,7,bus_tapin_clusters,,
mode,bus,5,600.0,2736,bus_tapin_clusters,,
mode,bus,6,480.0,11551,bus_tapin_clusters,,
mode,bus,7,450.0,16304,bus_tapin_clusters,,
mode,bus,8,420.0,17821,bus_tapin_clusters,,
mode,bus,9,450.0,16798,bus_tapin_clusters,,
mode,bus,10,480.0,14651,bus_tapin_clusters,,
mode,bus,11,514.2857142857143,13223,bus_tapin_clusters,,
mode,bus,12,514.2857142857143,12233,bus_tapin_clusters,,
mode,bus,13,540.0,11800,bus_tapin_clusters,,
mode,bus,14,514.2857142857143,12344,bus_tapin_clusters,,
mode,bus,15,514.2857142857143,13589,bus_tapin_clusters,,
mode,bus,16,450.0,15656,bus_tapin_clusters,,
mode,bus,17,420.0,16802,bus_tapin_clusters,,
mode,bus,18,450.0,14968,bus_tapin_clusters,,
mode,bus,19,514.2857142857143,11924,bus_tapin_clusters,,
mode,bus,20,600.0,8682,bus_tapin_clusters,,
mode,bus,21,720.0,5290,bus_tapin_clusters,,
mode,bus,22,720.0,1450,bus_tapin_clusters,,
mode,bus,23,585.0,44,bus_tapin_clusters,,
mode,bus,all,480.0,217873,bus_tapin_clusters,,
line,122路(北京站东街--北京西站南广场),5,400.0,20,bus_tapin_clusters,600.0,400.0
line,122路(北京站东街--北京西站南广场),6,450.0,40,bus_tapin_clusters,495.0,450.0
line,122路(北京站东街--北京西站南广场),7,450.0,39,bus_tapin_clusters,600.0,450.0
line,122路(北京站东街--北京西站南广场),8,514.2857142857143,26,bus_tapin_clusters,630.0,514.2857142857143
line,122路(北京站东街--北京西站南广场),9,240.0,55,bus_tapin_clusters,360.0,240.0
line,122路(北京站东街--北京西站南广场),10,400.0,47,bus_tapin_clusters,480.0,400.0
line,122路(北京站东街--北京西站南广场),11,300.0,39,bus_tapin_clusters,450.0,300.0
line,122路(北京站东街--北京西站南广场),12,400.0,40,bus_tapin_clusters,450.0,400.0
line,122路(北京站东街--北京西站南广场),13,327.27272727272725,27,bus_tapin_clusters,600.0,327.27272727272725
line,122路(北京站东街--北京西站南广场),14,360.0,40,bus_tapin_clusters,600.0,360.0
line,122路(北京站东街--北京西站南广场),15,600.0,28,bus_tapin_clusters,870.0,600.0
line,122路(北京站东街--北京西站南广场),16,400.0,29,bus_tapin_clusters,660.0,400.0
line,122路(北京站东街--北京西站南广场),17,300.0,46,bus_tapin_clusters,420.0,300.0
line,122路(北京站东街--北京西站南广场),18,450.0,30,bus_tapin_clusters,660.0,450.0
line,122路(北京站东街--北京西站南广场),19,400.0,41,bus_tapin_clusters,420.0,400.0
line,122路(北京站东街--北京西站南广场),20,600.0,30,bus_tapin_clusters,720.0,600.0
line,122路(北京站东街--北京西站南广场),21,720.0,24,bus_tapin_clusters,720.0,720.0
line,122路(北京站东街--北京西站南广场),22,720.0,17,bus_tapin_clusters,900.0,720.0
line,122路(北京站东街--北京西站南广场),23,585.0,4,bus_tapin_clusters,585.0,720.0
line,39路(双庙--北京站东),5,514.2857142857143,27,bus_tapin_clusters,780.0,514.2857142857143
line,39路(双庙--北京站东),6,257.14285714285717,47,bus_tapin_clusters,360.0,257.14285714285717
line,39路(双庙--北京站东),7,300.0,58,bus_tapin_clusters,360.0,300.0
line,39路(双庙--北京站东),8,276.9230769230769,45,bus_tapin_clusters,360.0,276.9230769230769
line,39路(双庙--北京站东),9,327.27272727272725,43,bus_tapin_clusters,450.0,327.27272727272725
line,39路(双庙--北京站东),10,276.9230769230769,41,bus_tapin_clusters,480.0,276.9230769230769
line,39路(双庙--北京站东),11,514.2857142857143,29,bus_tapin_clusters,600.0,514.2857142857143
line,39路(双庙--北京站东),12,514.2857142857143,31,bus_tapin_clusters,540.0,514.2857142857143
line,39路(双庙--北京站东),13,360.0,34,bus_tapin_clusters,510.0,360.0
line,39路(双庙--北京站东),14,300.0,36,bus_tapin_clusters,480.0,300.0
line,39路(双庙--北京站东),15,400.0,39,bus_tapin_clusters,420.0,400.0
line,39路(双庙--北京站东),16,300.0,50,bus_tapin_clusters,300.0,300.0
line,39路(双庙--北京站东),17,360.0,34,bus_tapin_clusters,450.0,360.0
line,39路(双庙--北京站东),18,360.0,36,bus_tapin_clusters,360.0,360.0
line,39路(双庙--北京站东),19,720.0,9,bus_tapin_clusters,870.0,720.0
line,39路(双庙--北京站东),20,510.0,17,bus_tapin_clusters,510.0,514.2857142857143
line,39路(双庙--北京站东),21,750.0,5,bus_tapin_clusters,750.0,1200.0
line,39路(双庙--北京站东),22,1800.0,2,bus_tapin_clusters,2280.0,1800.0
line,665路(北京南站南广场--鹿海园公交场站),6,514.2857142857143,21,bus_tapin_clusters,960.0,514.2857142857143
line,665路(北京南站南广场--鹿海园公交场站),7,600.0,28,bus_tapin_clusters,720.0,600.0
line,665路(北京南站南广场--鹿海园公交场站),8,514.2857142857143,28,bus_tapin_clusters,780.0,514.2857142857143
line,665路(北京南站南广场--鹿海园公交场站),9,420.0,38,bus_tapin_clusters,420.0,450.0
line,665路(北京南站南广场--鹿海园公交场站),10,400.0,36,bus_tapin_clusters,510.0,400.0
line,665路(北京南站南广场--鹿海园公交场站),11,514.2857142857143,30,bus_tapin_clusters,540.0,514.2857142857143
line,665路(北京南站南广场--鹿海园公交场站),12,900.0,20,bus_tapin_clusters,960.0,900.0
line,665路(北京南站南广场--鹿海园公交场站),13,600.0,31,bus_tapin_clusters,630.0,600.0
line,665路(北京南站南广场--鹿海园公交场站),14,720.0,19,bus_tapin_clusters,840.0,720.0
line,665路(北京南站南广场--鹿海园公交场站),15,720.0,25,bus_tapin_clusters,960.0,720.0
line,665路(北京南站南广场--鹿海园公交场站),16,400.0,29,bus_tapin_clusters,480.0,400.0
line,665路(北京南站南广场--鹿海园公交场站),17,400.0,37,bus_tapin_clusters,420.0,400.0
line,665路(北京南站南广场--鹿海园公交场站),18,480.0,30,bus_tapin_clusters,480.0,514.2857142857143
line,665路(北京南站南广场--鹿海园公交场站),19,450.0,33,bus_tapin_clusters,480.0,450.0
line,665路(北京南站南广场--鹿海园公交场站),20,514.2857142857143,25,bus_tapin_clusters,780.0,514.2857142857143
line,665路(北京南站南广场--鹿海园公交场站),21,720.0,14,bus_tapin_clusters,930.0,720.0
line,665路(北京南站南广场--鹿海园公交场站),22,870.0,6,bus_tapin_clusters,870.0,900.0
line,116路(地铁柳芳站--龙潭公园),6,514.2857142857143,24,bus_tapin_clusters,540.0,514.2857142857143
line,116路(地铁柳芳站--龙潭公园),7,330.0,18,bus_tapin_clusters,330.0,400.0
line,116路(地铁柳芳站--龙潭公园),8,400.0,33,bus_tapin_clusters,420.0,400.0
line,116路(地铁柳芳站--龙潭公园),9,435.0,14,bus_tapin_clusters,435.0,514.2857142857143
line,116路(地铁柳芳站--龙潭公园),10,600.0,16,bus_tapin_clusters,600.0,720.0
line,116路(地铁柳芳站--龙潭公园),11,600.0,23,bus_tapin_clusters,600.0,720.0
line,116路(地铁柳芳站--龙潭公园),12,720.0,16,bus_tapin_clusters,1050.0,720.0
line,116路(地铁柳芳站--龙潭公园),13,360.0,27,bus_tapin_clusters,720.0,360.0
line,116路(地铁柳芳站--龙潭公园),14,1800.0,6,bus_tapin_clusters,1890.0,1800.0
line,116路(地铁柳芳站--龙潭公园),15,720.0,14,bus_tapin_clusters,1140.0,720.0
line,116路(地铁柳芳站--龙潭公园),16,450.0,28,bus_tapin_clusters,540.0,450.0
line,116路(地铁柳芳站--龙潭公园),17,600.0,25,bus_tapin_clusters,840.0,600.0
line,116路(地铁柳芳站--龙潭公园),18,1080.0,7,bus_tapin_clusters,1080.0,1200.0
line,116路(地铁柳芳站--龙潭公园),19,720.0,12,bus_tapin_clusters,1320.0,720.0
line,116路(地铁柳芳站--龙潭公园),20,780.0,3,bus_tapin_clusters,780.0,1200.0
line,116路(地铁柳芳站--龙潭公园),22,1800.0,4,bus_tapin_clusters,1800.0,1800.0
line,22路(前门--牡丹园西),5,360.0,20,bus_tapin_clusters,360.0,720.0
line,22路(前门--牡丹园西),6,400.0,37,bus_tapin_clusters,420.0,400.0
line,22路(前门--牡丹园西),7,240.0,54,bus_tapin_clusters,300.0,240.0
line,22路(前门--牡丹园西),8,300.0,61,bus_tapin_clusters,300.0,300.0
line,22路(前门--牡丹园西),9,327.27272727272725,55,bus_tapin_clusters,330.0,327.27272727272725
line,22路(前门--牡丹园西),10,285.0,54,bus_tapin_clusters,285.0,300.0
line,22路(前门--牡丹园西),11,240.0,60,bus_tapin_clusters,300.0,240.0
line,22路(前门--牡丹园西),12,300.0,62,bus_tapin_clusters,300.0,300.0
line,22路(前门--牡丹园西),13,300.0,48,bus_tapin_clusters,330.0,300.0
line,22路(前门--牡丹园西),14,300.0,50,bus_tapin_clusters,300.0,300.0
line,22路(前门--牡丹园西),15,400.0,44,bus_tapin_clusters,420.0,400.0
line,22路(前门--牡丹园西),16,240.0,63,bus_tapin_clusters,240.0,276.9230769230769
line,22路(前门--牡丹园西),17,276.9230769230769,58,bus_tapin_clusters,300.0,276.9230769230769
line,22路(前门--牡丹园西),18,257.14285714285717,62,bus_tapin_clusters,300.0,257.14285714285717
line,22路(前门--牡丹园西),19,360.0,49,bus_tapin_clusters,420.0,360.0
line,22路(前门--牡丹园西),20,450.0,41,bus_tapin_clusters,480.0,450.0
line,22路(前门--牡丹园西),21,514.2857142857143,28,bus_tapin_clusters,750.0,514.2857142857143
line,22路(前门--牡丹园西),22,780.0,18,bus_tapin_clusters,780.0,900.0
line,22路(前门--牡丹园西),23,780.0,2,bus_tapin_clusters,780.0,1200.0
line,39路(北京站东--双庙),5,1290.0,6,bus_tapin_clusters,1290.0,1800.0
line,39路(北京站东--双庙),6,600.0,27,bus_tapin_clusters,780.0,600.0
line,39路(北京站东--双庙),7,450.0,38,bus_tapin_clusters,480.0,450.0
line,39路(北京站东--双庙),8,360.0,46,bus_tapin_clusters,360.0,360.0
line,39路(北京站东--双庙),9,360.0,42,bus_tapin_clusters,360.0,450.0
line,39路(北京站东--双庙),10,450.0,38,bus_tapin_clusters,495.0,450.0
line,39路(北京站东--双庙),11,514.2857142857143,36,bus_tapin_clusters,555.0,514.2857142857143
line,39路(北京站东--双庙),12,480.0,26,bus_tapin_clusters,480.0,600.0
line,39路(北京站东--双庙),13,600.0,27,bus_tapin_clusters,720.0,600.0
line,39路(北京站东--双庙),14,600.0,26,bus_tapin_clusters,690.0,600.0
line,39路(北京站东--双庙),15,514.2857142857143,32,bus_tapin_clusters,555.0,514.2857142857143
line,39路(北京站东--双庙),16,514.2857142857143,36,bus_tapin_clusters,585.0,514.2857142857143
line,39路(北京站东--双庙),17,360.0,50,bus_tapin_clusters,360.0,400.0
line,39路(北京站东--双庙),18,400.0,49,bus_tapin_clusters,420.0,400.0
line,39路(北京站东--双庙),19,514.2857142857143,31,bus_tapin_clusters,540.0,514.2857142857143
line,39路(北京站东--双庙),20,720.0,22,bus_tapin_clusters,1125.0,720.0
line,39路(北京站东--双庙),21,600.0,24,bus_tapin_clusters,705.0,600.0
line,39路(北京站东--双庙),22,900.0,15,bus_tapin_clusters,900.0,900.0
line,19路(翠林小区--动物园枢纽站),5,450.0,26,bus_tapin_clusters,510.0,450.0
line,19路(翠林小区--动物园枢纽站),6,360.0,40,bus_tapin_clusters,360.0,360.0
line,19路(翠林小区--动物园枢纽站),7,300.0,26,bus_tapin_clusters,360.0,300.0
line,19路(翠林小区--动物园枢纽站),8,600.0,29,bus_tapin_clusters,780.0,600.0
line,19路(翠林小区--动物园枢纽站),9,514.2857142857143,32,bus_tapin_clusters,570.0,514.2857142857143
line,19路(翠林小区--动物园枢纽站),10,400.0,32,bus_tapin_clusters,780.0,400.0
line,19路(翠林小区--动物园枢纽站),11,514.2857142857143,29,bus_tapin_clusters,720.0,514.2857142857143
line,19路(翠林小区--动物园枢纽站),12,600.0,27,bus_tapin_clusters,720.0,600.0
line,19路(翠林小区--动物园枢纽站),13,720.0,24,bus_tapin_clusters,795.0,720.0
line,19路(翠林小区--动物园枢纽站),14,720.0,23,bus_tapin_clusters,1020.0,720.0
line,19路(翠林小区--动物园枢纽站),15,390.0,28,bus_tapin_clusters,390.0,600.0
line,19路(翠林小区--动物园枢纽站),16,570.0,25,bus_tapin_clusters,570.0,720.0
line,19路(翠林小区--动物园枢纽站),17,400.0,41,bus_tapin_clusters,480.0,400.0
line,19路(翠林小区--动物园枢纽站),18,514.2857142857143,29,bus_tapin_clusters,720.0,514.2857142857143
line,19路(翠林小区--动物园枢纽站),19,480.0,33,bus_tapin_clusters,480.0,514.2857142857143
line,19路(翠林小区--动物园枢纽站),20,400.0,32,bus_tapin_clusters,540.0,400.0
line,19路(翠林小区--动物园枢纽站),21,720.0,24,bus_tapin_clusters,720.0,720.0
line,19路(翠林小区--动物园枢纽站),22,1020.0,5,bus_tapin_clusters,1020.0,1200.0
line,22路(牡丹园西--前门),5,514.2857142857143,26,bus_tapin_clusters,615.0,514.2857142857143
line,22路(牡丹园西--前门),6,240.0,61,bus_tapin_clusters,240.0,257.14285714285717
line,22路(牡丹园西--前门),7,240.0,77,bus_tapin_clusters,240.0,240.0
line,22路(牡丹园西--前门),8,240.0,71,bus_tapin_clusters,240.0,240.0
line,22路(牡丹园西--前门),9,240.0,70,bus_tapin_clusters,240.0,240.0
line,22路(牡丹园西--前门),10,257.14285714285717,68,bus_tapin_clusters,300.0,257.14285714285717
line,22路(牡丹园西--前门),11,240.0,71,bus_tapin_clusters,240.0,240.0
line,22路(牡丹园西--前门),12,300.0,61,bus_tapin_clusters,330.0,300.0
line,22路(牡丹园西--前门),13,276.9230769230769,60,bus_tapin_clusters,300.0,276.9230769230769
line,22路(牡丹园西--前门),14,300.0,53,bus_tapin_clusters,360.0,300.0
line,22路(牡丹园西--前门),15,240.0,71,bus_tapin_clusters,240.0,276.9230769230769
line,22路(牡丹园西--前门),16,180.0,79,bus_tapin_clusters,180.0,240.0
line,22路(牡丹园西--前门),17,240.0,66,bus_tapin_clusters,240.0,257.14285714285717
line,22路(牡丹园西--前门),18,240.0,73,bus_tapin_clusters,240.0,257.14285714285717
line,22路(牡丹园西--前门),19,257.14285714285717,59,bus_tapin_clusters,300.0,257.14285714285717
line,22路(牡丹园西--前门),20,360.0,50,bus_tapin_clusters,360.0,360.0
line,22路(牡丹园西--前门),21,720.0,21,bus_tapin_clusters,720.0,720.0
line,22路(牡丹园西--前门),22,360.0,29,bus_tapin_clusters,720.0,360.0
line,22路(牡丹园西--前门),23,690.0,2,bus_tapin_clusters,690.0,1200.0
line,14路(北京三十九中学--角门南站),6,514.2857142857143,28,bus_tapin_clusters,600.0,514.2857142857143
line,14路(北京三十九中学--角门南站),7,600.0,22,bus_tapin_clusters,840.0,600.0
line,14路(北京三十九中学--角门南站),8,276.9230769230769,31,bus_tapin_clusters,360.0,276.9230769230769
line,14路(北京三十九中学--角门南站),9,360.0,31,bus_tapin_clusters,480.0,360.0
line,14路(北京三十九中学--角门南站),10,360.0,32,bus_tapin_clusters,360.0,400.0
line,14路(北京三十九中学--角门南站),11,600.0,19,bus_tapin_clusters,900.0,600.0
line,14路(北京三十九中学--角门南站),13,510.0,10,bus_tapin_clusters,510.0,900.0
line,14路(北京三十九中学--角门南站),14,600.0,22,bus_tapin_clusters,915.0,600.0
line,14路(北京三十九中学--角门南站),15,720.0,23,bus_tapin_clusters,900.0,720.0
line,14路(北京三十九中学--角门南站),16,514.2857142857143,30,bus_tapin_clusters,660.0,514.2857142857143
line,14路(北京三十九中学--角门南站),17,514.2857142857143,21,bus_tapin_clusters,780.0,514.2857142857143
line,14路(北京三十九中学--角门南站),18,450.0,30,bus_tapin_clusters,600.0,450.0
line,14路(北京三十九中学--角门南站),19,900.0,19,bus_tapin_clusters,1200.0,900.0
line,14路(北京三十九中学--角门南站),20,1080.0,12,bus_tapin_clusters,1080.0,1200.0
line,14路(北京三十九中学--角门南站),21,900.0,13,bus_tapin_clusters,1020.0,900.0
line,14路(北京三十九中学--角门南站),5,960.0,4,bus_tapin_clusters,960.0,1800.0
line,14路(北京三十九中学--角门南站),12,180.0,17,bus_tapin_clusters,180.0,400.0
line,14路(北京三十九中学--角门南站),22,900.0,5,bus_tapin_clusters,900.0,1200.0
line,120路(石榴园东--左家庄),5,1020.0,13,bus_tapin_clusters,1020.0,1200.0
line,120路(石榴园东--左家庄),6,600.0,28,bus_tapin_clusters,690.0,600.0
line,120路(石榴园东--左家庄),7,450.0,36,bus_tapin_clusters,480.0,450.0
line,120路(石榴园东--左家庄),8,400.0,41,bus_tapin_clusters,540.0,400.0
line,120路(石榴园东--左家庄),9,360.0,39,bus_tapin_clusters,540.0,360.0
line,120路(石榴园东--左家庄),10,514.2857142857143,39,bus_tapin_clusters,540.0,514.2857142857143
line,120路(石榴园东--左家庄),11,400.0,34,bus_tapin_clusters,780.0,400.0
line,120路(石榴园东--左家庄),12,600.0,20,bus_tapin_clusters,810.0,600.0
line,120路(石榴园东--左家庄),13,720.0,24,bus_tapin_clusters,900.0,720.0
line,120路(石榴园东--左家庄),14,514.2857142857143,27,bus_tapin_clusters,780.0,514.2857142857143
line,120路(石榴园东--左家庄),15,600.0,27,bus_tapin_clusters,900.0,600.0
line,120路(石榴园东--左家庄),16,600.0,27,bus_tapin_clusters,660.0,600.0
line,120路(石榴园东--左家庄),17,570.0,32,bus_tapin_clusters,570.0,600.0
line,120路(石榴园东--左家庄),18,360.0,41,bus_tapin_clusters,390.0,360.0
line,120路(石榴园东--左家庄),19,450.0,37,bus_tapin_clusters,660.0,450.0
line,120路(石榴园东--左家庄),20,514.2857142857143,26,bus_tapin_clusters,780.0,514.2857142857143
line,120路(石榴园东--左家庄),21,720.0,12,bus_tapin_clusters,900.0,720.0
line,120路(石榴园东--左家庄),22,1110.0,5,bus_tapin_clusters,1110.0,1200.0
line,10路(南菜园--航天桥东),5,360.0,4,bus_tapin_clusters,360.0,900.0
line,10路(南菜园--航天桥东),6,327.27272727272725,32,bus_tapin_clusters,360.0,327.27272727272725
line,10路(南菜园--航天桥东),7,330.0,27,bus_tapin_clusters,330.0,600.0
line,10路(南菜园--航天桥东),8,276.9230769230769,33,bus_tapin_clusters,300.0,276.9230769230769
line,10路(南菜园--航天桥东),9,285.0,30,bus_tapin_clusters,285.0,450.0
line,10路(南菜园--航天桥东),10,240.0,26,bus_tapin_clusters,240.0,257.14285714285717
line,10路(南菜园--航天桥东),11,405.0,20,bus_tapin_clusters,405.0,720.0
line,10路(南菜园--航天桥东),12,180.0,12,bus_tapin_clusters,180.0,360.0
line,10路(南菜园--航天桥东),13,900.0,18,bus_tapin_clusters,1110.0,900.0
line,10路(南菜园--航天桥东),14,360.0,28,bus_tapin_clusters,480.0,360.0
line,10路(南菜园--航天桥东),15,450.0,24,bus_tapin_clusters,960.0,450.0
line,10路(南菜园--航天桥东),16,420.0,29,bus_tapin_clusters,420.0,450.0
line,10路(南菜园--航天桥东),17,450.0,30,bus_tapin_clusters,540.0,450.0
line,10路(南菜园--航天桥东),19,540.0,12,bus_tapin_clusters,540.0,600.0
line,10路(南菜园--航天桥东),21,225.0,2,bus_tapin_clusters,225.0,1200.0
line,10路(南菜园--航天桥东),18,300.0,16,bus_tapin_clusters,300.0,720.0
line,10路(南菜园--航天桥东),20,900.0,4,bus_tapin_clusters,1080.0,900.0
line,19路(动物园枢纽站--翠林小区),6,276.9230769230769,30,bus_tapin_clusters,420.0,276.9230769230769
line,19路(动物园枢纽站--翠林小区),7,514.2857142857143,28,bus_tapin_clusters,660.0,514.2857142857143
line,19路(动物园枢纽站--翠林小区),8,450.0,23,bus_tapin_clusters,450.0,450.0
line,19路(动物园枢纽站--翠林小区),9,327.27272727272725,26,bus_tapin_clusters,480.0,327.27272727272725
line,19路(动物园枢纽站--翠林小区),10,400.0,34,bus_tapin_clusters,420.0,400.0
line,19路(动物园枢纽站--翠林小区),11,276.9230769230769,37,bus_tapin_clusters,330.0,276.9230769230769
line,19路(动物园枢纽站--翠林小区),12,450.0,30,bus_tapin_clusters,480.0,450.0
line,19路(动物园枢纽站--翠林小区),13,900.0,21,bus_tapin_clusters,1140.0,900.0
line,19路(动物园枢纽站--翠林小区),14,450.0,23,bus_tapin_clusters,780.0,450.0
line,19路(动物园枢纽站--翠林小区),15,327.27272727272725,29,bus_tapin_clusters,720.0,327.27272727272725
line,19路(动物园枢纽站--翠林小区),16,450.0,36,bus_tapin_clusters,600.0,450.0
line,19路(动物园枢纽站--翠林小区),17,720.0,21,bus_tapin_clusters,1320.0,720.0
line,19路(动物园枢纽站--翠林小区),18,495.0,34,bus_tapin_clusters,495.0,514.2857142857143
line,19路(动物园枢纽站--翠林小区),19,600.0,29,bus_tapin_clusters,720.0,600.0
line,19路(动物园枢纽站--翠林小区),20,600.0,27,bus_tapin_clusters,780.0,600.0
line,19路(动物园枢纽站--翠林小区),21,660.0,23,bus_tapin_clusters,660.0,720.0
line,19路(动物园枢纽站--翠林小区),22,840.0,14,bus_tapin_clusters,840.0,1200.0
line,19路(动物园枢纽站--翠林小区),5,1200.0,7,bus_tapin_clusters,1800.0,1200.0
line,19路(动物园枢纽站--翠林小区),23,300.0,7,bus_tapin_clusters,300.0,900.0
line,120路(左家庄--石榴园东),5,720.0,11,bus_tapin_clusters,720.0,900.0
line,120路(左家庄--石榴园东),6,660.0,29,bus_tapin_clusters,660.0,720.0
line,120路(左家庄--石榴园东),7,450.0,33,bus_tapin_clusters,540.0,450.0
line,120路(左家庄--石榴园东),8,514.2857142857143,37,bus_tapin_clusters,600.0,514.2857142857143
line,120路(左家庄--石榴园东),9,514.2857142857143,36,bus_tapin_clusters,630.0,514.2857142857143
line,120路(左家庄--石榴园东),10,600.0,32,bus_tapin_clusters,660.0,600.0
line,120路(左家庄--石榴园东),11,720.0,28,bus_tapin_clusters,780.0,720.0
line,120路(左家庄--石榴园东),12,720.0,27,bus_tapin_clusters,750.0,720.0
line,120路(左家庄--石榴园东),13,720.0,26,bus_tapin_clusters,960.0,720.0
line,120路(左家庄--石榴园东),14,720.0,23,bus_tapin_clusters,840.0,720.0
line,120路(左家庄--石榴园东),15,720.0,25,bus_tapin_clusters,960.0,720.0
line,120路(左家庄--石榴园东),16,570.0,24,bus_tapin_clusters,570.0,600.0
line,120路(左家庄--石榴园东),17,514.2857142857143,41,bus_tapin_clusters,540.0,514.2857142857143
line,120路(左家庄--石榴园东),18,514.2857142857143,38,bus_tapin_clusters,540.0,514.2857142857143
line,120路(左家庄--石榴园东),19,720.0,25,bus_tapin_clusters,960.0,720.0
line,120路(左家庄--石榴园东),20,720.0,19,bus_tapin_clusters,1140.0,720.0
line,120路(左家庄--石榴园东),21,900.0,17,bus_tapin_clusters,1080.0,900.0
line,120路(左家庄--石榴园东),22,900.0,10,bus_tapin_clusters,1230.0,900.0
line,122路(北京西站南广场--北京站东街),5,600.0,18,bus_tapin_clusters,810.0,600.0
line,122路(北京西站南广场--北京站东街),6,360.0,38,bus_tapin_clusters,480.0,360.0
line,122路(北京西站南广场--北京站东街),7,360.0,40,bus_tapin_clusters,480.0,360.0
line,122路(北京西站南广场--北京站东街),8,450.0,38,bus_tapin_clusters,570.0,450.0
line,122路(北京西站南广场--北京站东街),9,450.0,39,bus_tapin_clusters,540.0,450.0
line,122路(北京西站南广场--北京站东街),10,450.0,41,bus_tapin_clusters,480.0,450.0
line,122路(北京西站南广场--北京站东街),11,450.0,41,bus_tapin_clusters,480.0,450.0
line,122路(北京西站南广场--北京站东街),12,400.0,44,bus_tapin_clusters,480.0,400.0
line,122路(北京西站南广场--北京站东街),13,400.0,37,bus_tapin_clusters,540.0,400.0
line,122路(北京西站南广场--北京站东街),14,720.0,21,bus_tapin_clusters,960.0,720.0
line,122路(北京西站南广场--北京站东街),15,514.2857142857143,31,bus_tapin_clusters,720.0,514.2857142857143
line,122路(北京西站南广场--北京站东街),16,450.0,31,bus_tapin_clusters,660.0,450.0
line,122路(北京西站南广场--北京站东街),17,450.0,35,bus_tapin_clusters,480.0,450.0
line,122路(北京西站南广场--北京站东街),18,450.0,39,bus_tapin_clusters,480.0,450.0
line,122路(北京西站南广场--北京站东街),19,480.0,36,bus_tapin_clusters,480.0,514.2857142857143
line,122路(北京西站南广场--北京站东街),20,450.0,29,bus_tapin_clusters,540.0,450.0
line,122路(北京西站南广场--北京站东街),21,720.0,21,bus_tapin_clusters,900.0,720.0
line,122路(北京西站南广场--北京站东街),22,720.0,14,bus_tapin_clusters,780.0,720.0
line,122路(北京西站南广场--北京站东街),23,630.0,6,bus_tapin_clusters,630.0,900.0
line,104路(北京站西--地铁柳芳站),5,600.0,6,bus_tapin_clusters,750.0,600.0
line,104路(北京站西--地铁柳芳站),6,720.0,17,bus_tapin_clusters,960.0,720.0
line,104路(北京站西--地铁柳芳站),7,276.9230769230769,48,bus_tapin_clusters,345.0,276.9230769230769
line,104路(北京站西--地铁柳芳站),8,450.0,42,bus_tapin_clusters,570.0,450.0
line,104路(北京站西--地铁柳芳站),9,300.0,30,bus_tapin_clusters,330.0,300.0
line,104路(北京站西--地铁柳芳站),10,300.0,51,bus_tapin_clusters,300.0,300.0
line,104路(北京站西--地铁柳芳站),11,600.0,27,bus_tapin_clusters,600.0,720.0
line,104路(北京站西--地铁柳芳站),12,450.0,22,bus_tapin_clusters,780.0,450.0
line,104路(北京站西--地铁柳芳站),13,514.2857142857143,20,bus_tapin_clusters,555.0,514.2857142857143
line,104路(北京站西--地铁柳芳站),15,400.0,16,bus_tapin_clusters,435.0,400.0
line,104路(北京站西--地铁柳芳站),16,327.27272727272725,23,bus_tapin_clusters,480.0,327.27272727272725
line,104路(北京站西--地铁柳芳站),17,300.0,30,bus_tapin_clusters,480.0,300.0
line,104路(北京站西--地铁柳芳站),18,300.0,8,bus_tapin_clusters,300.0,450.0
line,104路(北京站西--地铁柳芳站),19,600.0,13,bus_tapin_clusters,1170.0,600.0
line,104路(北京站西--地铁柳芳站),20,180.0,7,bus_tapin_clusters,180.0,514.2857142857143
line,104路(北京站西--地铁柳芳站),21,480.0,9,bus_tapin_clusters,480.0,514.2857142857143
line,104路(北京站西--地铁柳芳站),22,120.0,3,bus_tapin_clusters,120.0,900.0
line,104路(北京站西--地铁柳芳站),23,480.0,2,bus_tapin_clusters,480.0,1200.0
line,14路(角门南站--北京三十九中学),5,480.0,35,bus_tapin_clusters,480.0,514.2857142857143
line,14路(角门南站--北京三十九中学),6,327.27272727272725,44,bus_tapin_clusters,420.0,327.27272727272725
line,14路(角门南站--北京三十九中学),7,257.14285714285717,44,bus_tapin_clusters,300.0,257.14285714285717
line,14路(角门南站--北京三十九中学),8,450.0,32,bus_tapin_clusters,540.0,450.0
line,14路(角门南站--北京三十九中学),9,375.0,36,bus_tapin_clusters,375.0,400.0
line,14路(角门南站--北京三十九中学),10,600.0,23,bus_tapin_clusters,1020.0,600.0
line,14路(角门南站--北京三十九中学),12,210.0,16,bus_tapin_clusters,210.0,400.0
line,14路(角门南站--北京三十九中学),13,450.0,27,bus_tapin_clusters,720.0,450.0
line,14路(角门南站--北京三十九中学),14,720.0,24,bus_tapin_clusters,930.0,720.0
line,14路(角门南站--北京三十九中学),15,600.0,25,bus_tapin_clusters,600.0,720.0
line,14路(角门南站--北京三十九中学),16,720.0,22,bus_tapin_clusters,810.0,720.0
line,14路(角门南站--北京三十九中学),17,360.0,29,bus_tapin_clusters,360.0,514.2857142857143
line,14路(角门南站--北京三十九中学),18,720.0,16,bus_tapin_clusters,1455.0,720.0
line,14路(角门南站--北京三十九中学),19,720.0,20,bus_tapin_clusters,1770.0,720.0
line,14路(角门南站--北京三十九中学),20,1200.0,10,bus_tapin_clusters,1290.0,1200.0
line,14路(角门南站--北京三十九中学),11,240.0,17,bus_tapin_clusters,240.0,400.0
line,125路(芍药居--安定门),6,255.0,4,bus_tapin_clusters,255.0,1200.0
line,125路(芍药居--安定门),8,930.0,2,bus_tapin_clusters,930.0,1200.0
line,125路(芍药居--安定门),9,330.0,2,bus_tapin_clusters,330.0,1800.0
line,125路(芍药居--安定门),10,360.0,2,bus_tapin_clusters,360.0,1800.0
line,125路(芍药居--安定门),13,120.0,3,bus_tapin_clusters,120.0,1200.0
line,106路(北京南站--东直门枢纽站),5,540.0,19,bus_tapin_clusters,540.0,600.0
line,106路(北京南站--东直门枢纽站),6,360.0,43,bus_tapin_clusters,360.0,360.0
line,106路(北京南站--东直门枢纽站),7,360.0,45,bus_tapin_clusters,450.0,360.0
line,106路(北京南站--东直门枢纽站),8,327.27272727272725,46,bus_tapin_clusters,420.0,327.27272727272725
line,106路(北京南站--东直门枢纽站),9,327.27272727272725,40,bus_tapin_clusters,360.0,327.27272727272725
line,106路(北京南站--东直门枢纽站),10,450.0,32,bus_tapin_clusters,480.0,450.0
line,106路(北京南站--东直门枢纽站),11,327.27272727272725,53,bus_tapin_clusters,360.0,327.27272727272725
line,106路(北京南站--东直门枢纽站),12,300.0,38,bus_tapin_clusters,300.0,400.0
line,106路(北京南站--东直门枢纽站),13,300.0,41,bus_tapin_clusters,300.0,360.0
line,106路(北京南站--东直门枢纽站),14,525.0,32,bus_tapin_clusters,525.0,600.0
line,106路(北京南站--东直门枢纽站),15,300.0,40,bus_tapin_clusters,300.0,327.27272727272725
line,106路(北京南站--东直门枢纽站),16,300.0,47,bus_tapin_clusters,300.0,400.0
line,106路(北京南站--东直门枢纽站),17,300.0,49,bus_tapin_clusters,360.0,300.0
line,106路(北京南站--东直门枢纽站),18,400.0,45,bus_tapin_clusters,420.0,400.0
line,106路(北京南站--东直门枢纽站),19,300.0,45,bus_tapin_clusters,360.0,300.0
line,106路(北京南站--东直门枢纽站),20,900.0,21,bus_tapin_clusters,1020.0,900.0
line,106路(北京南站--东直门枢纽站),21,360.0,14,bus_tapin_clusters,360.0,400.0
line,106路(北京南站--东直门枢纽站),22,1080.0,5,bus_tapin_clusters,1080.0,1200.0
line,121路(南坞--阜成门内),5,600.0,7,bus_tapin_clusters,600.0,1200.0
line,121路(南坞--阜成门内),6,450.0,30,bus_tapin_clusters,450.0,450.0
line,121路(南坞--阜成门内),7,300.0,49,bus_tapin_clusters,300.0,360.0
line,121路(南坞--阜成门内),8,420.0,37,bus_tapin_clusters,420.0,514.2857142857143
line,121路(南坞--阜成门内),9,327.27272727272725,41,bus_tapin_clusters,420.0,327.27272727272725
line,121路(南坞--阜成门内),10,360.0,39,bus_tapin_clusters,660.0,360.0
line,121路(南坞--阜成门内),11,450.0,36,bus_tapin_clusters,540.0,450.0
line,121路(南坞--阜成门内),12,600.0,27,bus_tapin_clusters,660.0,600.0
line,121路(南坞--阜成门内),13,600.0,18,bus_tapin_clusters,900.0,600.0
line,121路(南坞--阜成门内),14,375.0,30,bus_tapin_clusters,375.0,400.0
line,121路(南坞--阜成门内),15,420.0,31,bus_tapin_clusters,420.0,514.2857142857143
line,121路(南坞--阜成门内),16,600.0,24,bus_tapin_clusters,930.0,600.0
line,121路(南坞--阜成门内),17,514.2857142857143,33,bus_tapin_clusters,540.0,514.2857142857143
line,121路(南坞--阜成门内),18,1200.0,12,bus_tapin_clusters,1200.0,1200.0
line,121路(南坞--阜成门内),19,600.0,21,bus_tapin_clusters,900.0,600.0
line,121路(南坞--阜成门内),20,360.0,4,bus_tapin_clusters,360.0,1200.0
line,692路(先农坛--郭公庄西),6,600.0,21,bus_tapin_clusters,720.0,600.0
line,692路(先农坛--郭公庄西),7,720.0,16,bus_tapin_clusters,720.0,900.0
line,692路(先农坛--郭公庄西),8,600.0,29,bus_tapin_clusters,720.0,600.0
line,692路(先农坛--郭公庄西),9,720.0,19,bus_tapin_clusters,1560.0,720.0
line,692路(先农坛--郭公庄西),10,600.0,19,bus_tapin_clusters,600.0,600.0
line,692路(先农坛--郭公庄西),11,720.0,16,bus_tapin_clusters,780.0,720.0
line,692路(先农坛--郭公庄西),12,930.0,14,bus_tapin_clusters,930.0,1200.0
line,692路(先农坛--郭公庄西),13,1200.0,12,bus_tapin_clusters,1530.0,1200.0
line,692路(先农坛--郭公庄西),14,720.0,19,bus_tapin_clusters,1140.0,720.0
line,692路(先农坛--郭公庄西),15,600.0,19,bus_tapin_clusters,780.0,600.0
line,692路(先农坛--郭公庄西),16,514.2857142857143,27,bus_tapin_clusters,720.0,514.2857142857143
line,692路(先农坛--郭公庄西),17,600.0,27,bus_tapin_clusters,600.0,600.0
line,692路(先农坛--郭公庄西),18,514.2857142857143,31,bus_tapin_clusters,600.0,514.2857142857143
line,692路(先农坛--郭公庄西),19,720.0,18,bus_tapin_clusters,1140.0,720.0
line,692路(先农坛--郭公庄西),20,900.0,14,bus_tapin_clusters,975.0,900.0
line,692路(先农坛--郭公庄西),21,1200.0,4,bus_tapin_clusters,1410.0,1200.0
line,49路(樊家村公交场站--真武庙),5,900.0,12,bus_tapin_clusters,900.0,1800.0
line,49路(樊家村公交场站--真武庙),6,720.0,26,bus_tapin_clusters,870.0,720.0
line,49路(樊家村公交场站--真武庙),7,600.0,29,bus_tapin_clusters,690.0,600.0
line,49路(樊家村公交场站--真武庙),8,600.0,21,bus_tapin_clusters,1140.0,600.0
line,49路(樊家村公交场站--真武庙),9,600.0,23,bus_tapin_clusters,600.0,720.0
line,49路(樊家村公交场站--真武庙),10,1200.0,14,bus_tapin_clusters,1650.0,1200.0
line,49路(樊家村公交场站--真武庙),11,514.2857142857143,23,bus_tapin_clusters,960.0,514.2857142857143
line,49路(樊家村公交场站--真武庙),12,600.0,17,bus_tapin_clusters,1140.0,600.0
line,49路(樊家村公交场站--真武庙),13,1800.0,6,bus_tapin_clusters,1830.0,1800.0
line,49路(樊家村公交场站--真武庙),14,540.0,25,bus_tapin_clusters,540.0,600.0
line,49路(樊家村公交场站--真武庙),15,720.0,12,bus_tapin_clusters,780.0,720.0
line,49路(樊家村公交场站--真武庙),16,450.0,27,bus_tapin_clusters,840.0,450.0
line,49路(樊家村公交场站--真武庙),17,900.0,19,bus_tapin_clusters,900.0,900.0
line,49路(樊家村公交场站--真武庙),18,514.2857142857143,21,bus_tapin_clusters,540.0,514.2857142857143
line,49路(樊家村公交场站--真武庙),19,514.2857142857143,15,bus_tapin_clusters,1380.0,514.2857142857143
line,49路(樊家村公交场站--真武庙),20,600.0,11,bus_tapin_clusters,960.0,600.0
line,49路(樊家村公交场站--真武庙),21,180.0,6,bus_tapin_clusters,180.0,1200.0
line,125路(安定门--芍药居),9,300.0,10,bus_tapin_clusters,300.0,900.0
line,125路(安定门--芍药居),10,240.0,6,bus_tapin_clusters,240.0,900.0
line,125路(安定门--芍药居),12,240.0,5,bus_tapin_clusters,240.0,1800.0
line,125路(安定门--芍药居),17,180.0,7,bus_tapin_clusters,180.0,1200.0
line,125路(安定门--芍药居),18,390.0,4,bus_tapin_clusters,390.0,1200.0
line,125路(安定门--芍药居),4,180.0,4,bus_tapin_clusters,180.0,900.0
line,125路(安定门--芍药居),15,300.0,6,bus_tapin_clusters,300.0,720.0
line,125路(安定门--芍药居),16,420.0,3,bus_tapin_clusters,420.0,1200.0
line,125路(安定门--芍药居),19,180.0,5,bus_tapin_clusters,180.0,1200.0
line,125路(安定门--芍药居),5,1800.0,2,bus_tapin_clusters,1800.0,1800.0
line,125路(安定门--芍药居),8,195.0,4,bus_tapin_clusters,195.0,900.0
line,125路(安定门--芍药居),6,1800.0,2,bus_tapin_clusters,3390.0,1800.0
line,49路(真武庙--樊家村公交场站),6,900.0,18,bus_tapin_clusters,960.0,900.0
line,49路(真武庙--樊家村公交场站),7,1800.0,10,bus_tapin_clusters,2340.0,1800.0
line,49路(真武庙--樊家村公交场站),8,514.2857142857143,24,bus_tapin_clusters,540.0,514.2857142857143
line,49路(真武庙--樊家村公交场站),9,600.0,25,bus_tapin_clusters,660.0,600.0
line,49路(真武庙--樊家村公交场站),10,780.0,21,bus_tapin_clusters,780.0,900.0
line,49路(真武庙--樊家村公交场站),11,1170.0,14,bus_tapin_clusters,1170.0,1200.0
line,49路(真武庙--樊家村公交场站),12,900.0,18,bus_tapin_clusters,1050.0,900.0
line,49路(真武庙--樊家村公交场站),13,990.0,14,bus_tapin_clusters,990.0,1200.0
line,49路(真武庙--樊家村公交场站),14,1800.0,4,bus_tapin_clusters,1830.0,1800.0
line,49路(真武庙--樊家村公交场站),15,465.0,20,bus_tapin_clusters,465.0,514.2857142857143
line,49路(真武庙--樊家村公交场站),16,840.0,20,bus_tapin_clusters,840.0,900.0
line,49路(真武庙--樊家村公交场站),17,510.0,26,bus_tapin_clusters,510.0,720.0
line,49路(真武庙--樊家村公交场站),18,450.0,24,bus_tapin_clusters,810.0,450.0
line,49路(真武庙--樊家村公交场站),19,600.0,24,bus_tapin_clusters,1080.0,600.0
line,49路(真武庙--樊家村公交场站),20,810.0,10,bus_tapin_clusters,810.0,900.0
line,49路(真武庙--樊家村公交场站),22,1800.0,2,bus_tapin_clusters,1920.0,1800.0
line,49路(真武庙--樊家村公交场站),23,180.0,2,bus_tapin_clusters,180.0,1200.0
line,692路(郭公庄西--永定门内),6,900.0,11,bus_tapin_clusters,1080.0,900.0
line,692路(郭公庄西--永定门内),7,720.0,23,bus_tapin_clusters,780.0,720.0
line,692路(郭公庄西--永定门内),8,720.0,17,bus_tapin_clusters,720.0,720.0
line,692路(郭公庄西--永定门内),9,1020.0,7,bus_tapin_clusters,1020.0,1200.0
line,692路(郭公庄西--永定门内),10,900.0,16,bus_tapin_clusters,990.0,900.0
line,692路(郭公庄西--永定门内),11,1020.0,9,bus_tapin_clusters,1020.0,1200.0
line,692路(郭公庄西--永定门内),12,1110.0,8,bus_tapin_clusters,1110.0,1200.0
line,692路(郭公庄西--永定门内),13,1380.0,8,bus_tapin_clusters,1380.0,1800.0
line,692路(郭公庄西--永定门内),14,720.0,14,bus_tapin_clusters,900.0,720.0
line,692路(郭公庄西--永定门内),15,720.0,14,bus_tapin_clusters,720.0,720.0
line,692路(郭公庄西--永定门内),16,600.0,12,bus_tapin_clusters,780.0,600.0
line,692路(郭公庄西--永定门内),17,600.0,20,bus_tapin_clusters,750.0,600.0
line,692路(郭公庄西--永定门内),18,840.0,7,bus_tapin_clusters,840.0,900.0
line,692路(郭公庄西--永定门内),19,1200.0,8,bus_tapin_clusters,1230.0,1200.0
line,692路(郭公庄西--永定门内),20,1200.0,3,bus_tapin_clusters,2160.0,1200.0
line,119路(安定门--地铁芍药居站),7,600.0,27,bus_tapin_clusters,930.0,600.0
line,119路(安定门--地铁芍药居站),8,600.0,22,bus_tapin_clusters,930.0,600.0
line,119路(安定门--地铁芍药居站),9,600.0,25,bus_tapin_clusters,660.0,600.0
line,119路(安定门--地铁芍药居站),11,1200.0,13,bus_tapin_clusters,1980.0,1200.0
line,119路(安定门--地铁芍药居站),13,1020.0,7,bus_tapin_clusters,1020.0,1200.0
line,119路(安定门--地铁芍药居站),14,300.0,6,bus_tapin_clusters,300.0,600.0
line,119路(安定门--地铁芍药居站),15,180.0,8,bus_tapin_clusters,180.0,720.0
line,119路(安定门--地铁芍药居站),20,270.0,2,bus_tapin_clusters,270.0,1200.0
line,119路(安定门--地铁芍药居站),12,900.0,16,bus_tapin_clusters,1215.0,900.0
line,119路(安定门--地铁芍药居站),17,300.0,4,bus_tapin_clusters,300.0,1200.0
line,119路(安定门--地铁芍药居站),5,1575.0,2,bus_tapin_clusters,1575.0,1800.0
line,119路(安定门--地铁芍药居站),16,300.0,7,bus_tapin_clusters,300.0,720.0
line,119路(安定门--地铁芍药居站),10,1800.0,2,bus_tapin_clusters,2250.0,1800.0
line,119路(安定门--地铁芍药居站),18,360.0,3,bus_tapin_clusters,360.0,900.0
line,119路(地铁芍药居站--安定门),6,1200.0,7,bus_tapin_clusters,1260.0,1200.0
line,119路(地铁芍药居站--安定门),7,720.0,20,bus_tapin_clusters,915.0,720.0
line,119路(地铁芍药居站--安定门),8,900.0,14,bus_tapin_clusters,1500.0,900.0
line,119路(地铁芍药居站--安定门),9,900.0,20,bus_tapin_clusters,990.0,900.0
line,119路(地铁芍药居站--安定门),10,810.0,18,bus_tapin_clusters,810.0,900.0
line,119路(地铁芍药居站--安定门),11,1200.0,12,bus_tapin_clusters,1950.0,1200.0
line,119路(地铁芍药居站--安定门),12,720.0,18,bus_tapin_clusters,990.0,720.0
line,119路(地铁芍药居站--安定门),13,720.0,18,bus_tapin_clusters,900.0,720.0
line,119路(地铁芍药居站--安定门),4,120.0,3,bus_tapin_clusters,120.0,900.0
line,105路(白石桥东--天桥),6,400.0,44,bus_tapin_clusters,420.0,400.0
line,105路(白石桥东--天桥),7,450.0,37,bus_tapin_clusters,660.0,450.0
line,105路(白石桥东--天桥),8,360.0,48,bus_tapin_clusters,405.0,360.0
line,105路(白石桥东--天桥),9,360.0,45,bus_tapin_clusters,420.0,360.0
line,105路(白石桥东--天桥),10,327.27272727272725,54,bus_tapin_clusters,420.0,327.27272727272725
line,105路(白石桥东--天桥),11,360.0,50,bus_tapin_clusters,420.0,360.0
line,105路(白石桥东--天桥),12,257.14285714285717,59,bus_tapin_clusters,360.0,257.14285714285717
line,105路(白石桥东--天桥),13,360.0,46,bus_tapin_clusters,480.0,360.0
line,105路(白石桥东--天桥),14,276.9230769230769,58,bus_tapin_clusters,375.0,276.9230769230769
line,105路(白石桥东--天桥),15,300.0,45,bus_tapin_clusters,480.0,300.0
line,105路(白石桥东--天桥),16,327.27272727272725,52,bus_tapin_clusters,330.0,327.27272727272725
line,105路(白石桥东--天桥),17,327.27272727272725,53,bus_tapin_clusters,360.0,327.27272727272725
line,105路(白石桥东--天桥),18,420.0,41,bus_tapin_clusters,420.0,450.0
line,105路(白石桥东--天桥),19,400.0,42,bus_tapin_clusters,480.0,400.0
line,105路(白石桥东--天桥),20,514.2857142857143,30,bus_tapin_clusters,540.0,514.2857142857143
line,105路(白石桥东--天桥),21,600.0,23,bus_tapin_clusters,780.0,600.0
line,105路(白石桥东--天桥),22,720.0,8,bus_tapin_clusters,780.0,720.0
line,105路(白石桥东--天桥),5,720.0,13,bus_tapin_clusters,840.0,720.0
line,103路(北京站西--动物园枢纽站),5,780.0,11,bus_tapin_clusters,780.0,900.0
line,103路(北京站西--动物园枢纽站),6,450.0,19,bus_tapin_clusters,450.0,450.0
line,103路(北京站西--动物园枢纽站),7,570.0,27,bus_tapin_clusters,570.0,600.0
line,103路(北京站西--动物园枢纽站),8,360.0,38,bus_tapin_clusters,480.0,360.0
line,103路(北京站西--动物园枢纽站),9,327.27272727272725,47,bus_tapin_clusters,360.0,327.27272727272725
line,103路(北京站西--动物园枢纽站),10,360.0,44,bus_tapin_clusters,360.0,360.0
line,103路(北京站西--动物园枢纽站),11,360.0,41,bus_tapin_clusters,360.0,400.0
line,103路(北京站西--动物园枢纽站),12,276.9230769230769,50,bus_tapin_clusters,345.0,276.9230769230769
line,103路(北京站西--动物园枢纽站),13,276.9230769230769,52,bus_tapin_clusters,375.0,276.9230769230769
line,103路(北京站西--动物园枢纽站),14,257.14285714285717,55,bus_tapin_clusters,360.0,257.14285714285717
line,103路(北京站西--动物园枢纽站),15,327.27272727272725,49,bus_tapin_clusters,360.0,327.27272727272725
line,103路(北京站西--动物园枢纽站),16,300.0,56,bus_tapin_clusters,360.0,300.0
line,103路(北京站西--动物园枢纽站),17,360.0,44,bus_tapin_clusters,420.0,360.0
line,103路(北京站西--动物园枢纽站),18,420.0,33,bus_tapin_clusters,420.0,450.0
line,103路(北京站西--动物园枢纽站),19,360.0,47,bus_tapin_clusters,360.0,360.0
line,103路(北京站西--动物园枢纽站),20,600.0,28,bus_tapin_clusters,870.0,600.0
line,103路(北京站西--动物园枢纽站),21,960.0,8,bus_tapin_clusters,960.0,1800.0
line,103路(北京站西--动物园枢纽站),22,1110.0,6,bus_tapin_clusters,1110.0,1200.0
line,105路(天桥--白石桥东),5,600.0,13,bus_tapin_clusters,600.0,600.0
line,105路(天桥--白石桥东),6,327.27272727272725,33,bus_tapin_clusters,510.0,327.27272727272725
line,105路(天桥--白石桥东),7,276.9230769230769,38,bus_tapin_clusters,480.0,276.9230769230769
line,105路(天桥--白石桥东),8,300.0,40,bus_tapin_clusters,420.0,300.0
line,105路(天桥--白石桥东),9,360.0,46,bus_tapin_clusters,420.0,360.0
line,105路(天桥--白石桥东),10,276.9230769230769,48,bus_tapin_clusters,420.0,276.9230769230769
line,105路(天桥--白石桥东),11,360.0,49,bus_tapin_clusters,360.0,360.0
line,105路(天桥--白石桥东),12,240.0,54,bus_tapin_clusters,360.0,240.0
line,105路(天桥--白石桥东),13,276.9230769230769,44,bus_tapin_clusters,435.0,276.9230769230769
line,105路(天桥--白石桥东),14,257.14285714285717,40,bus_tapin_clusters,600.0,257.14285714285717
line,105路(天桥--白石桥东),15,300.0,45,bus_tapin_clusters,360.0,300.0
line,105路(天桥--白石桥东),16,360.0,49,bus_tapin_clusters,420.0,360.0
line,105路(天桥--白石桥东),17,360.0,45,bus_tapin_clusters,420.0,360.0
line,105路(天桥--白石桥东),18,240.0,52,bus_tapin_clusters,330.0,240.0
line,105路(天桥--白石桥东),19,600.0,29,bus_tapin_clusters,600.0,600.0
line,105路(天桥--白石桥东),20,600.0,30,bus_tapin_clusters,690.0,600.0
line,105路(天桥--白石桥东),21,900.0,11,bus_tapin_clusters,1080.0,900.0
line,105路(天桥--白石桥东),22,900.0,6,bus_tapin_clusters,960.0,900.0
line,988路(马泉营--四惠枢纽站),5,930.0,4,bus_tapin_clusters,930.0,1800.0
line,988路(马泉营--四惠枢纽站),6,1020.0,13,bus_tapin_clusters,1020.0,1200.0
line,988路(马泉营--四惠枢纽站),7,514.2857142857143,24,bus_tapin_clusters,675.0,514.2857142857143
line,988路(马泉营--四惠枢纽站),8,720.0,24,bus_tapin_clusters,720.0,720.0
line,988路(马泉营--四惠枢纽站),9,514.2857142857143,26,bus_tapin_clusters,720.0,514.2857142857143
line,988路(马泉营--四惠枢纽站),10,900.0,17,bus_tapin_clusters,1020.0,900.0
line,988路(马泉营--四惠枢纽站),11,900.0,16,bus_tapin_clusters,1080.0,900.0
line,988路(马泉营--四惠枢纽站),12,900.0,15,bus_tapin_clusters,1020.0,900.0
line,988路(马泉营--四惠枢纽站),13,900.0,12,bus_tapin_clusters,960.0,900.0
line,988路(马泉营--四惠枢纽站),14,600.0,22,bus_tapin_clusters,885.0,600.0
line,988路(马泉营--四惠枢纽站),15,514.2857142857143,23,bus_tapin_clusters,780.0,514.2857142857143
line,988路(马泉营--四惠枢纽站),16,600.0,24,bus_tapin_clusters,675.0,600.0
line,988路(马泉营--四惠枢纽站),17,720.0,18,bus_tapin_clusters,780.0,720.0
line,988路(马泉营--四惠枢纽站),18,900.0,16,bus_tapin_clusters,990.0,900.0
line,988路(马泉营--四惠枢纽站),19,900.0,13,bus_tapin_clusters,1320.0,900.0
line,988路(马泉营--四惠枢纽站),20,1200.0,9,bus_tapin_clusters,1260.0,1200.0
line,111路(白石桥东--崇文门),6,360.0,47,bus_tapin_clusters,360.0,360.0
line,111路(白石桥东--崇文门),7,276.9230769230769,51,bus_tapin_clusters,300.0,276.9230769230769
line,111路(白石桥东--崇文门),8,276.9230769230769,57,bus_tapin_clusters,300.0,276.9230769230769
line,111路(白石桥东--崇文门),9,400.0,47,bus_tapin_clusters,420.0,400.0
line,111路(白石桥东--崇文门),10,270.0,42,bus_tapin_clusters,270.0,276.9230769230769
line,111路(白石桥东--崇文门),11,400.0,38,bus_tapin_clusters,420.0,400.0
line,111路(白石桥东--崇文门),12,327.27272727272725,45,bus_tapin_clusters,420.0,327.27272727272725
line,111路(白石桥东--崇文门),13,450.0,33,bus_tapin_clusters,600.0,450.0
line,111路(白石桥东--崇文门),14,240.0,33,bus_tapin_clusters,240.0,327.27272727272725
line,111路(白石桥东--崇文门),15,360.0,45,bus_tapin_clusters,420.0,360.0
line,111路(白石桥东--崇文门),16,327.27272727272725,43,bus_tapin_clusters,330.0,327.27272727272725
line,111路(白石桥东--崇文门),17,400.0,44,bus_tapin_clusters,420.0,400.0
line,111路(白石桥东--崇文门),18,450.0,24,bus_tapin_clusters,450.0,600.0
line,111路(白石桥东--崇文门),19,720.0,14,bus_tapin_clusters,1110.0,720.0
line,111路(白石桥东--崇文门),20,600.0,20,bus_tapin_clusters,780.0,600.0
line,111路(白石桥东--崇文门),21,600.0,13,bus_tapin_clusters,660.0,600.0
line,111路(白石桥东--崇文门),22,240.0,5,bus_tapin_clusters,240.0,900.0
line,102路(动物园枢纽站--角门南站),5,1200.0,7,bus_tapin_clusters,1320.0,1200.0
line,102路(动物园枢纽站--角门南站),6,600.0,29,bus_tapin_clusters,600.0,600.0
line,102路(动物园枢纽站--角门南站),7,400.0,37,bus_tapin_clusters,480.0,400.0
line,102路(动物园枢纽站--角门南站),8,360.0,33,bus_tapin_clusters,480.0,360.0
line,102路(动物园枢纽站--角门南站),9,400.0,39,bus_tapin_clusters,480.0,400.0
line,102路(动物园枢纽站--角门南站),10,360.0,29,bus_tapin_clusters,480.0,360.0
line,102路(动物园枢纽站--角门南站),11,600.0,30,bus_tapin_clusters,660.0,600.0
line,102路(动物园枢纽站--角门南站),12,600.0,25,bus_tapin_clusters,780.0,600.0
line,102路(动物园枢纽站--角门南站),13,360.0,31,bus_tapin_clusters,360.0,400.0
line,102路(动物园枢纽站--角门南站),14,400.0,38,bus_tapin_clusters,420.0,400.0
line,102路(动物园枢纽站--角门南站),15,300.0,35,bus_tapin_clusters,420.0,300.0
line,102路(动物园枢纽站--角门南站),16,300.0,34,bus_tapin_clusters,360.0,300.0
line,102路(动物园枢纽站--角门南站),17,300.0,58,bus_tapin_clusters,300.0,327.27272727272725
line,102路(动物园枢纽站--角门南站),18,450.0,37,bus_tapin_clusters,480.0,450.0
line,102路(动物园枢纽站--角门南站),19,300.0,39,bus_tapin_clusters,300.0,300.0
line,102路(动物园枢纽站--角门南站),20,480.0,31,bus_tapin_clusters,480.0,514.2857142857143
line,102路(动物园枢纽站--角门南站),21,514.2857142857143,21,bus_tapin_clusters,540.0,514.2857142857143
line,102路(动物园枢纽站--角门南站),22,375.0,4,bus_tapin_clusters,375.0,1200.0
line,38路(六里桥东公交场站--西安门),5,525.0,18,bus_tapin_clusters,525.0,600.0
line,38路(六里桥东公交场站--西安门),6,300.0,39,bus_tapin_clusters,300.0,360.0
line,38路(六里桥东公交场站--西安门),7,300.0,45,bus_tapin_clusters,300.0,300.0
line,38路(六里桥东公交场站--西安门),8,211.76470588235293,54,bus_tapin_clusters,285.0,211.76470588235293
line,38路(六里桥东公交场站--西安门),9,400.0,31,bus_tapin_clusters,420.0,400.0
line,38路(六里桥东公交场站--西安门),10,270.0,43,bus_tapin_clusters,270.0,360.0
line,38路(六里桥东公交场站--西安门),11,300.0,32,bus_tapin_clusters,300.0,327.27272727272725
line,38路(六里桥东公交场站--西安门),12,300.0,40,bus_tapin_clusters,300.0,300.0
line,38路(六里桥东公交场站--西安门),13,480.0,27,bus_tapin_clusters,480.0,514.2857142857143
line,38路(六里桥东公交场站--西安门),14,375.0,30,bus_tapin_clusters,375.0,514.2857142857143
line,38路(六里桥东公交场站--西安门),15,360.0,30,bus_tapin_clusters,360.0,450.0
line,38路(六里桥东公交场站--西安门),16,330.0,36,bus_tapin_clusters,330.0,400.0
line,38路(六里桥东公交场站--西安门),17,300.0,37,bus_tapin_clusters,300.0,360.0
line,38路(六里桥东公交场站--西安门),18,400.0,33,bus_tapin_clusters,480.0,400.0
line,38路(六里桥东公交场站--西安门),19,327.27272727272725,30,bus_tapin_clusters,690.0,327.27272727272725
line,38路(六里桥东公交场站--西安门),20,450.0,20,bus_tapin_clusters,450.0,450.0
line,38路(六里桥东公交场站--西安门),21,1200.0,8,bus_tapin_clusters,1320.0,1200.0
line,403路(北京站东街--环行铁道),5,720.0,10,bus_tapin_clusters,930.0,720.0
line,403路(北京站东街--环行铁道),6,720.0,18,bus_tapin_clusters,810.0,720.0
line,403路(北京站东街--环行铁道),7,450.0,33,bus_tapin_clusters,600.0,450.0
line,403路(北京站东街--环行铁道),8,400.0,27,bus_tapin_clusters,660.0,400.0
line,403路(北京站东街--环行铁道),9,514.2857142857143,32,bus_tapin_clusters,570.0,514.2857142857143
line,403路(北京站东街--环行铁道),10,514.2857142857143,31,bus_tapin_clusters,660.0,514.2857142857143
line,403路(北京站东街--环行铁道),11,600.0,28,bus_tapin_clusters,690.0,600.0
line,403路(北京站东街--环行铁道),12,400.0,34,bus_tapin_clusters,720.0,400.0
line,403路(北京站东街--环行铁道),13,720.0,24,bus_tapin_clusters,1020.0,720.0
line,403路(北京站东街--环行铁道),14,600.0,26,bus_tapin_clusters,660.0,600.0
line,403路(北京站东街--环行铁道),15,600.0,28,bus_tapin_clusters,720.0,600.0
line,403路(北京站东街--环行铁道),16,514.2857142857143,30,bus_tapin_clusters,540.0,514.2857142857143
line,403路(北京站东街--环行铁道),17,450.0,34,bus_tapin_clusters,540.0,450.0
line,403路(北京站东街--环行铁道),18,600.0,25,bus_tapin_clusters,1080.0,600.0
line,403路(北京站东街--环行铁道),19,600.0,21,bus_tapin_clusters,840.0,600.0
line,403路(北京站东街--环行铁道),20,450.0,31,bus_tapin_clusters,660.0,450.0
line,403路(北京站东街--环行铁道),21,1200.0,12,bus_tapin_clusters,1440.0,1200.0
line,403路(北京站东街--环行铁道),22,900.0,2,bus_tapin_clusters,900.0,1200.0
line,320路(北京西站--清河火车站),5,327.27272727272725,35,bus_tapin_clusters,420.0,327.27272727272725
line,320路(北京西站--清河火车站),6,276.9230769230769,44,bus_tapin_clusters,420.0,276.9230769230769
line,320路(北京西站--清河火车站),7,276.9230769230769,49,bus_tapin_clusters,360.0,276.9230769230769
line,320路(北京西站--清河火车站),8,257.14285714285717,62,bus_tapin_clusters,360.0,257.14285714285717
line,320路(北京西站--清河火车站),9,300.0,43,bus_tapin_clusters,300.0,327.27272727272725
line,320路(北京西站--清河火车站),10,240.0,49,bus_tapin_clusters,420.0,240.0
line,320路(北京西站--清河火车站),11,360.0,40,bus_tapin_clusters,525.0,360.0
line,320路(北京西站--清河火车站),12,257.14285714285717,45,bus_tapin_clusters,420.0,257.14285714285717
line,320路(北京西站--清河火车站),13,360.0,38,bus_tapin_clusters,540.0,360.0
line,320路(北京西站--清河火车站),14,327.27272727272725,48,bus_tapin_clusters,420.0,327.27272727272725
line,320路(北京西站--清河火车站),15,360.0,33,bus_tapin_clusters,360.0,360.0
line,320路(北京西站--清河火车站),16,327.27272727272725,50,bus_tapin_clusters,420.0,327.27272727272725
line,320路(北京西站--清河火车站),17,327.27272727272725,53,bus_tapin_clusters,360.0,327.27272727272725
line,320路(北京西站--清河火车站),18,240.0,59,bus_tapin_clusters,240.0,276.9230769230769
line,320路(北京西站--清河火车站),19,400.0,29,bus_tapin_clusters,540.0,400.0
line,320路(北京西站--清河火车站),20,360.0,22,bus_tapin_clusters,570.0,360.0
line,320路(北京西站--清河火车站),21,450.0,23,bus_tapin_clusters,600.0,450.0
line,320路(北京西站--清河火车站),22,300.0,11,bus_tapin_clusters,300.0,400.0
line,118路(红庙路口东--紫竹院南门),6,360.0,30,bus_tapin_clusters,360.0,400.0
line,118路(红庙路口东--紫竹院南门),7,514.2857142857143,28,bus_tapin_clusters,795.0,514.2857142857143
line,118路(红庙路口东--紫竹院南门),8,450.0,26,bus_tapin_clusters,450.0,600.0
line,118路(红庙路口东--紫竹院南门),9,600.0,32,bus_tapin_clusters,690.0,600.0
line,118路(红庙路口东--紫竹院南门),10,720.0,23,bus_tapin_clusters,840.0,720.0
line,118路(红庙路口东--紫竹院南门),11,780.0,18,bus_tapin_clusters,780.0,900.0
line,118路(红庙路口东--紫竹院南门),12,450.0,32,bus_tapin_clusters,600.0,450.0
line,118路(红庙路口东--紫竹院南门),13,720.0,20,bus_tapin_clusters,960.0,720.0
line,118路(红庙路口东--紫竹院南门),14,720.0,25,bus_tapin_clusters,780.0,720.0
line,118路(红庙路口东--紫竹院南门),15,900.0,16,bus_tapin_clusters,1050.0,900.0
line,118路(红庙路口东--紫竹院南门),16,600.0,24,bus_tapin_clusters,780.0,600.0
line,118路(红庙路口东--紫竹院南门),17,450.0,36,bus_tapin_clusters,495.0,450.0
line,118路(红庙路口东--紫竹院南门),18,600.0,27,bus_tapin_clusters,660.0,600.0
line,118路(红庙路口东--紫竹院南门),19,720.0,20,bus_tapin_clusters,870.0,720.0
line,118路(红庙路口东--紫竹院南门),20,720.0,22,bus_tapin_clusters,765.0,720.0
line,118路(红庙路口东--紫竹院南门),21,720.0,12,bus_tapin_clusters,975.0,720.0
line,118路(红庙路口东--紫竹院南门),22,810.0,4,bus_tapin_clusters,810.0,1200.0
line,118路(红庙路口东--紫竹院南门),5,1200.0,5,bus_tapin_clusters,1320.0,1200.0
line,402路(祁家坟--地铁东坝西站),5,900.0,15,bus_tapin_clusters,900.0,900.0
line,402路(祁家坟--地铁东坝西站),6,420.0,39,bus_tapin_clusters,420.0,450.0
line,402路(祁家坟--地铁东坝西站),7,360.0,47,bus_tapin_clusters,360.0,360.0
line,402路(祁家坟--地铁东坝西站),8,450.0,39,bus_tapin_clusters,480.0,450.0
line,402路(祁家坟--地铁东坝西站),9,480.0,38,bus_tapin_clusters,480.0,514.2857142857143
line,402路(祁家坟--地铁东坝西站),10,514.2857142857143,27,bus_tapin_clusters,600.0,514.2857142857143
line,402路(祁家坟--地铁东坝西站),11,514.2857142857143,36,bus_tapin_clusters,540.0,514.2857142857143
line,402路(祁家坟--地铁东坝西站),12,514.2857142857143,32,bus_tapin_clusters,660.0,514.2857142857143
line,402路(祁家坟--地铁东坝西站),13,660.0,25,bus_tapin_clusters,660.0,720.0
line,402路(祁家坟--地铁东坝西站),14,540.0,31,bus_tapin_clusters,540.0,600.0
line,402路(祁家坟--地铁东坝西站),15,450.0,32,bus_tapin_clusters,540.0,450.0
line,402路(祁家坟--地铁东坝西站),16,450.0,37,bus_tapin_clusters,540.0,450.0
line,402路(祁家坟--地铁东坝西站),17,420.0,42,bus_tapin_clusters,420.0,450.0
line,402路(祁家坟--地铁东坝西站),18,327.27272727272725,45,bus_tapin_clusters,480.0,327.27272727272725
line,402路(祁家坟--地铁东坝西站),19,600.0,28,bus_tapin_clusters,600.0,600.0
line,402路(祁家坟--地铁东坝西站),20,600.0,24,bus_tapin_clusters,780.0,600.0
line,402路(祁家坟--地铁东坝西站),21,600.0,19,bus_tapin_clusters,720.0,600.0
line,402路(祁家坟--地铁东坝西站),22,900.0,6,bus_tapin_clusters,900.0,1200.0
line,20路(北京南站--北京站东),5,660.0,4,bus_tapin_clusters,660.0,900.0
line,20路(北京南站--北京站东),6,720.0,8,bus_tapin_clusters,990.0,720.0
line,20路(北京南站--北京站东),7,180.0,11,bus_tapin_clusters,180.0,400.0
line,20路(北京南站--北京站东),8,810.0,6,bus_tapin_clusters,810.0,900.0
line,20路(北京南站--北京站东),10,870.0,3,bus_tapin_clusters,870.0,900.0
line,20路(北京南站--北京站东),12,1200.0,3,bus_tapin_clusters,1800.0,1200.0
line,20路(北京南站--北京站东),14,630.0,2,bus_tapin_clusters,630.0,1800.0
line,20路(北京南站--北京站东),15,300.0,15,bus_tapin_clusters,300.0,300.0
line,20路(北京南站--北京站东),16,300.0,9,bus_tapin_clusters,300.0,450.0
line,20路(北京南站--北京站东),9,210.0,5,bus_tapin_clusters,210.0,600.0
line,20路(北京南站--北京站东),18,180.0,3,bus_tapin_clusters,180.0,900.0
line,110路(地铁柳芳站--北纬路东站),5,720.0,11,bus_tapin_clusters,720.0,900.0
line,110路(地铁柳芳站--北纬路东站),6,400.0,21,bus_tapin_clusters,780.0,400.0
line,110路(地铁柳芳站--北纬路东站),7,400.0,44,bus_tapin_clusters,450.0,400.0
line,110路(地铁柳芳站--北纬路东站),8,400.0,40,bus_tapin_clusters,450.0,400.0
line,110路(地铁柳芳站--北纬路东站),9,450.0,32,bus_tapin_clusters,660.0,450.0
line,110路(地铁柳芳站--北纬路东站),10,600.0,22,bus_tapin_clusters,960.0,600.0
line,110路(地铁柳芳站--北纬路东站),11,450.0,33,bus_tapin_clusters,600.0,450.0
line,110路(地铁柳芳站--北纬路东站),12,400.0,41,bus_tapin_clusters,540.0,400.0
line,110路(地铁柳芳站--北纬路东站),13,600.0,31,bus_tapin_clusters,780.0,600.0
line,110路(地铁柳芳站--北纬路东站),14,360.0,31,bus_tapin_clusters,600.0,360.0
line,110路(地铁柳芳站--北纬路东站),15,600.0,29,bus_tapin_clusters,720.0,600.0
line,110路(地铁柳芳站--北纬路东站),16,450.0,37,bus_tapin_clusters,540.0,450.0
line,110路(地铁柳芳站--北纬路东站),17,720.0,26,bus_tapin_clusters,720.0,720.0
line,110路(地铁柳芳站--北纬路东站),18,514.2857142857143,35,bus_tapin_clusters,540.0,514.2857142857143
line,110路(地铁柳芳站--北纬路东站),19,514.2857142857143,32,bus_tapin_clusters,570.0,514.2857142857143
line,110路(地铁柳芳站--北纬路东站),20,600.0,27,bus_tapin_clusters,780.0,600.0
line,110路(地铁柳芳站--北纬路东站),21,810.0,20,bus_tapin_clusters,810.0,900.0
line,110路(地铁柳芳站--北纬路东站),22,514.2857142857143,21,bus_tapin_clusters,690.0,514.2857142857143
line,36路(华威路南口--天坛南门),5,900.0,16,bus_tapin_clusters,2340.0,900.0
line,36路(华威路南口--天坛南门),6,900.0,10,bus_tapin_clusters,1200.0,900.0
line,36路(华威路南口--天坛南门),7,360.0,22,bus_tapin_clusters,540.0,360.0
line,36路(华威路南口--天坛南门),8,900.0,9,bus_tapin_clusters,1320.0,900.0
line,36路(华威路南口--天坛南门),10,600.0,8,bus_tapin_clusters,600.0,1200.0
line,36路(华威路南口--天坛南门),11,480.0,10,bus_tapin_clusters,480.0,1200.0
line,36路(华威路南口--天坛南门),13,420.0,8,bus_tapin_clusters,420.0,600.0
line,36路(华威路南口--天坛南门),14,930.0,4,bus_tapin_clusters,930.0,1800.0
line,36路(华威路南口--天坛南门),15,240.0,15,bus_tapin_clusters,240.0,450.0
line,36路(华威路南口--天坛南门),16,900.0,11,bus_tapin_clusters,1200.0,900.0
line,36路(华威路南口--天坛南门),17,255.0,18,bus_tapin_clusters,255.0,400.0
line,36路(华威路南口--天坛南门),18,600.0,8,bus_tapin_clusters,1020.0,600.0
line,36路(华威路南口--天坛南门),19,180.0,13,bus_tapin_clusters,180.0,514.2857142857143
line,36路(华威路南口--天坛南门),20,1080.0,2,bus_tapin_clusters,1080.0,1800.0
line,36路(华威路南口--天坛南门),9,180.0,13,bus_tapin_clusters,180.0,720.0
line,36路(华威路南口--天坛南门),12,120.0,3,bus_tapin_clusters,120.0,1800.0
line,24路(北京站前街--左家庄),5,360.0,26,bus_tapin_clusters,495.0,360.0
line,24路(北京站前街--左家庄),6,600.0,25,bus_tapin_clusters,720.0,600.0
line,24路(北京站前街--左家庄),7,300.0,47,bus_tapin_clusters,360.0,300.0
line,24路(北京站前街--左家庄),8,257.14285714285717,56,bus_tapin_clusters,360.0,257.14285714285717
line,24路(北京站前街--左家庄),9,327.27272727272725,47,bus_tapin_clusters,390.0,327.27272727272725
line,24路(北京站前街--左家庄),10,360.0,47,bus_tapin_clusters,420.0,360.0
line,24路(北京站前街--左家庄),11,257.14285714285717,46,bus_tapin_clusters,360.0,257.14285714285717
line,24路(北京站前街--左家庄),12,450.0,36,bus_tapin_clusters,660.0,450.0
line,24路(北京站前街--左家庄),13,400.0,34,bus_tapin_clusters,630.0,400.0
line,24路(北京站前街--左家庄),14,514.2857142857143,27,bus_tapin_clusters,840.0,514.2857142857143
line,24路(北京站前街--左家庄),15,360.0,40,bus_tapin_clusters,510.0,360.0
line,24路(北京站前街--左家庄),16,450.0,32,bus_tapin_clusters,450.0,600.0
line,24路(北京站前街--左家庄),17,327.27272727272725,40,bus_tapin_clusters,540.0,327.27272727272725
line,24路(北京站前街--左家庄),18,360.0,33,bus_tapin_clusters,630.0,360.0
line,24路(北京站前街--左家庄),19,600.0,30,bus_tapin_clusters,660.0,600.0
line,24路(北京站前街--左家庄),20,400.0,35,bus_tapin_clusters,480.0,400.0
line,24路(北京站前街--左家庄),21,450.0,20,bus_tapin_clusters,930.0,450.0
line,24路(北京站前街--左家庄),22,1170.0,3,bus_tapin_clusters,1170.0,1200.0
line,21路(北京西站--安华桥北),5,300.0,20,bus_tapin_clusters,375.0,300.0
line,21路(北京西站--安华桥北),6,300.0,32,bus_tapin_clusters,720.0,300.0
line,21路(北京西站--安华桥北),7,240.0,41,bus_tapin_clusters,480.0,240.0
line,21路(北京西站--安华桥北),8,180.0,65,bus_tapin_clusters,300.0,180.0
line,21路(北京西站--安华桥北),9,225.0,52,bus_tapin_clusters,420.0,225.0
line,21路(北京西站--安华桥北),10,300.0,43,bus_tapin_clusters,540.0,300.0
line,21路(北京西站--安华桥北),11,257.14285714285717,43,bus_tapin_clusters,480.0,257.14285714285717
line,21路(北京西站--安华桥北),12,300.0,37,bus_tapin_clusters,540.0,300.0
line,21路(北京西站--安华桥北),13,276.9230769230769,40,bus_tapin_clusters,510.0,276.9230769230769
line,21路(北京西站--安华桥北),14,257.14285714285717,49,bus_tapin_clusters,420.0,257.14285714285717
line,21路(北京西站--安华桥北),15,240.0,48,bus_tapin_clusters,420.0,240.0
line,21路(北京西站--安华桥北),16,435.0,36,bus_tapin_clusters,435.0,514.2857142857143
line,21路(北京西站--安华桥北),17,225.0,51,bus_tapin_clusters,360.0,225.0
line,21路(北京西站--安华桥北),18,257.14285714285717,51,bus_tapin_clusters,360.0,257.14285714285717
line,21路(北京西站--安华桥北),19,450.0,30,bus_tapin_clusters,885.0,450.0
line,21路(北京西站--安华桥北),20,360.0,30,bus_tapin_clusters,735.0,360.0
line,21路(北京西站--安华桥北),21,720.0,21,bus_tapin_clusters,840.0,720.0
line,21路(北京西站--安华桥北),22,720.0,9,bus_tapin_clusters,900.0,720.0
line,107路(东直门枢纽站--白石桥东),5,600.0,17,bus_tapin_clusters,960.0,600.0
line,107路(东直门枢纽站--白石桥东),6,360.0,44,bus_tapin_clusters,360.0,360.0
line,107路(东直门枢纽站--白石桥东),7,327.27272727272725,45,bus_tapin_clusters,360.0,327.27272727272725
line,107路(东直门枢纽站--白石桥东),8,360.0,46,bus_tapin_clusters,420.0,360.0
line,107路(东直门枢纽站--白石桥东),9,390.0,48,bus_tapin_clusters,390.0,400.0
line,107路(东直门枢纽站--白石桥东),10,400.0,42,bus_tapin_clusters,420.0,400.0
line,107路(东直门枢纽站--白石桥东),11,240.0,51,bus_tapin_clusters,300.0,240.0
line,107路(东直门枢纽站--白石桥东),12,300.0,50,bus_tapin_clusters,300.0,327.27272727272725
line,107路(东直门枢纽站--白石桥东),13,450.0,34,bus_tapin_clusters,450.0,450.0
line,107路(东直门枢纽站--白石桥东),14,240.0,41,bus_tapin_clusters,240.0,327.27272727272725
line,107路(东直门枢纽站--白石桥东),15,480.0,34,bus_tapin_clusters,480.0,514.2857142857143
line,107路(东直门枢纽站--白石桥东),16,300.0,23,bus_tapin_clusters,300.0,327.27272727272725
line,107路(东直门枢纽站--白石桥东),17,360.0,43,bus_tapin_clusters,360.0,400.0
line,107路(东直门枢纽站--白石桥东),18,360.0,27,bus_tapin_clusters,420.0,360.0
line,107路(东直门枢纽站--白石桥东),19,514.2857142857143,34,bus_tapin_clusters,750.0,514.2857142857143
line,107路(东直门枢纽站--白石桥东),20,300.0,22,bus_tapin_clusters,300.0,360.0
line,107路(东直门枢纽站--白石桥东),21,514.2857142857143,21,bus_tapin_clusters,660.0,514.2857142857143
line,107路(东直门枢纽站--白石桥东),22,180.0,4,bus_tapin_clusters,180.0,900.0
line,27路(安定门外--定慧寺东),5,400.0,31,bus_tapin_clusters,540.0,400.0
line,27路(安定门外--定慧寺东),6,360.0,45,bus_tapin_clusters,360.0,360.0
line,27路(安定门外--定慧寺东),7,300.0,56,bus_tapin_clusters,300.0,360.0
line,27路(安定门外--定慧寺东),8,300.0,62,bus_tapin_clusters,300.0,300.0
line,27路(安定门外--定慧寺东),9,327.27272727272725,54,bus_tapin_clusters,360.0,327.27272727272725
line,27路(安定门外--定慧寺东),10,400.0,42,bus_tapin_clusters,540.0,400.0
line,27路(安定门外--定慧寺东),11,327.27272727272725,49,bus_tapin_clusters,480.0,327.27272727272725
line,27路(安定门外--定慧寺东),12,276.9230769230769,37,bus_tapin_clusters,570.0,276.9230769230769
line,27路(安定门外--定慧寺东),13,450.0,36,bus_tapin_clusters,645.0,450.0
line,27路(安定门外--定慧寺东),14,514.2857142857143,37,bus_tapin_clusters,570.0,514.2857142857143
line,27路(安定门外--定慧寺东),15,360.0,47,bus_tapin_clusters,360.0,400.0
line,27路(安定门外--定慧寺东),16,360.0,51,bus_tapin_clusters,360.0,360.0
line,27路(安定门外--定慧寺东),17,360.0,52,bus_tapin_clusters,360.0,400.0
line,27路(安定门外--定慧寺东),18,300.0,57,bus_tapin_clusters,360.0,300.0
line,27路(安定门外--定慧寺东),19,300.0,47,bus_tapin_clusters,300.0,300.0
line,27路(安定门外--定慧寺东),20,257.14285714285717,53,bus_tapin_clusters,360.0,257.14285714285717
line,27路(安定门外--定慧寺东),21,450.0,28,bus_tapin_clusters,750.0,450.0
line,27路(安定门外--定慧寺东),22,405.0,18,bus_tapin_clusters,405.0,600.0
line,60路(黄寺总政大院--龙潭公园),6,270.0,14,bus_tapin_clusters,270.0,360.0
line,60路(黄寺总政大院--龙潭公园),7,660.0,21,bus_tapin_clusters,660.0,720.0
line,60路(黄寺总政大院--龙潭公园),8,360.0,31,bus_tapin_clusters,420.0,360.0
line,60路(黄寺总政大院--龙潭公园),9,480.0,29,bus_tapin_clusters,480.0,514.2857142857143
line,60路(黄寺总政大院--龙潭公园),10,400.0,24,bus_tapin_clusters,480.0,400.0
line,60路(黄寺总政大院--龙潭公园),11,180.0,7,bus_tapin_clusters,180.0,720.0
line,60路(黄寺总政大院--龙潭公园),12,900.0,17,bus_tapin_clusters,900.0,900.0
line,60路(黄寺总政大院--龙潭公园),13,660.0,11,bus_tapin_clusters,660.0,1200.0
line,60路(黄寺总政大院--龙潭公园),14,960.0,6,bus_tapin_clusters,960.0,1200.0
line,60路(黄寺总政大院--龙潭公园),15,660.0,22,bus_tapin_clusters,660.0,720.0
line,60路(黄寺总政大院--龙潭公园),16,480.0,15,bus_tapin_clusters,480.0,600.0
line,60路(黄寺总政大院--龙潭公园),18,720.0,9,bus_tapin_clusters,720.0,900.0
line,60路(黄寺总政大院--龙潭公园),17,540.0,11,bus_tapin_clusters,540.0,720.0
line,60路(黄寺总政大院--龙潭公园),20,210.0,8,bus_tapin_clusters,210.0,450.0
line,7路(五间楼--动物园枢纽站),5,720.0,28,bus_tapin_clusters,780.0,720.0
line,7路(五间楼--动物园枢纽站),6,514.2857142857143,39,bus_tapin_clusters,540.0,514.2857142857143
line,7路(五间楼--动物园枢纽站),7,514.2857142857143,40,bus_tapin_clusters,540.0,514.2857142857143
line,7路(五间楼--动物园枢纽站),8,600.0,29,bus_tapin_clusters,660.0,600.0
line,7路(五间楼--动物园枢纽站),9,514.2857142857143,33,bus_tapin_clusters,600.0,514.2857142857143
line,7路(五间楼--动物园枢纽站),10,514.2857142857143,34,bus_tapin_clusters,660.0,514.2857142857143
line,7路(五间楼--动物园枢纽站),11,600.0,29,bus_tapin_clusters,690.0,600.0
line,7路(五间楼--动物园枢纽站),12,720.0,29,bus_tapin_clusters,720.0,720.0
line,7路(五间楼--动物园枢纽站),13,570.0,25,bus_tapin_clusters,570.0,720.0
line,7路(五间楼--动物园枢纽站),14,900.0,19,bus_tapin_clusters,1020.0,900.0
line,7路(五间楼--动物园枢纽站),15,600.0,32,bus_tapin_clusters,630.0,600.0
line,7路(五间楼--动物园枢纽站),16,600.0,26,bus_tapin_clusters,780.0,600.0
line,7路(五间楼--动物园枢纽站),17,720.0,20,bus_tapin_clusters,840.0,720.0
line,7路(五间楼--动物园枢纽站),18,1200.0,16,bus_tapin_clusters,1200.0,1200.0
line,7路(五间楼--动物园枢纽站),19,600.0,26,bus_tapin_clusters,870.0,600.0
line,7路(五间楼--动物园枢纽站),20,1200.0,11,bus_tapin_clusters,1200.0,1200.0
line,7路(五间楼--动物园枢纽站),21,1800.0,6,bus_tapin_clusters,2430.0,1800.0
line,113路(祁家豁子--大北窑南),5,1200.0,6,bus_tapin_clusters,1620.0,1200.0
line,113路(祁家豁子--大北窑南),6,300.0,11,bus_tapin_clusters,300.0,600.0
line,113路(祁家豁子--大北窑南),7,514.2857142857143,34,bus_tapin_clusters,540.0,514.2857142857143
line,113路(祁家豁子--大北窑南),8,400.0,40,bus_tapin_clusters,420.0,400.0
line,113路(祁家豁子--大北窑南),9,327.27272727272725,38,bus_tapin_clusters,360.0,327.27272727272725
line,113路(祁家豁子--大北窑南),10,720.0,26,bus_tapin_clusters,900.0,720.0
line,113路(祁家豁子--大北窑南),11,360.0,30,bus_tapin_clusters,600.0,360.0
line,113路(祁家豁子--大北窑南),12,720.0,23,bus_tapin_clusters,960.0,720.0
line,113路(祁家豁子--大北窑南),13,660.0,25,bus_tapin_clusters,660.0,720.0
line,113路(祁家豁子--大北窑南),14,327.27272727272725,32,bus_tapin_clusters,690.0,327.27272727272725
line,113路(祁家豁子--大北窑南),15,327.27272727272725,40,bus_tapin_clusters,540.0,327.27272727272725
line,113路(祁家豁子--大北窑南),16,514.2857142857143,32,bus_tapin_clusters,600.0,514.2857142857143
line,113路(祁家豁子--大北窑南),17,327.27272727272725,38,bus_tapin_clusters,480.0,327.27272727272725
line,113路(祁家豁子--大北窑南),18,514.2857142857143,35,bus_tapin_clusters,630.0,514.2857142857143
line,113路(祁家豁子--大北窑南),19,514.2857142857143,31,bus_tapin_clusters,540.0,514.2857142857143
line,113路(祁家豁子--大北窑南),20,400.0,31,bus_tapin_clusters,540.0,400.0
line,113路(祁家豁子--大北窑南),21,1200.0,16,bus_tapin_clusters,1485.0,1200.0
line,113路(祁家豁子--大北窑南),22,1230.0,2,bus_tapin_clusters,1230.0,1800.0
line,351路(丰台体育中心--地铁首经贸站),5,840.0,10,bus_tapin_clusters,840.0,900.0
line,351路(丰台体育中心--地铁首经贸站),6,480.0,30,bus_tapin_clusters,480.0,514.2857142857143
line,351路(丰台体育中心--地铁首经贸站),7,400.0,38,bus_tapin_clusters,540.0,400.0
line,351路(丰台体育中心--地铁首经贸站),8,514.2857142857143,35,bus_tapin_clusters,540.0,514.2857142857143
line,351路(丰台体育中心--地铁首经贸站),9,840.0,16,bus_tapin_clusters,840.0,900.0
line,351路(丰台体育中心--地铁首经贸站),10,514.2857142857143,23,bus_tapin_clusters,840.0,514.2857142857143
line,351路(丰台体育中心--地铁首经贸站),11,1800.0,7,bus_tapin_clusters,2370.0,1800.0
line,351路(丰台体育中心--地铁首经贸站),12,420.0,16,bus_tapin_clusters,420.0,600.0
line,351路(丰台体育中心--地铁首经贸站),13,1770.0,4,bus_tapin_clusters,1770.0,1800.0
line,351路(丰台体育中心--地铁首经贸站),14,720.0,18,bus_tapin_clusters,990.0,720.0
line,351路(丰台体育中心--地铁首经贸站),15,400.0,29,bus_tapin_clusters,600.0,400.0
line,351路(丰台体育中心--地铁首经贸站),16,450.0,37,bus_tapin_clusters,480.0,450.0
line,351路(丰台体育中心--地铁首经贸站),17,514.2857142857143,29,bus_tapin_clusters,600.0,514.2857142857143
line,351路(丰台体育中心--地铁首经贸站),18,450.0,31,bus_tapin_clusters,600.0,450.0
line,351路(丰台体育中心--地铁首经贸站),19,600.0,20,bus_tapin_clusters,915.0,600.0
line,351路(丰台体育中心--地铁首经贸站),20,900.0,11,bus_tapin_clusters,960.0,900.0
line,351路(丰台体育中心--地铁首经贸站),21,900.0,7,bus_tapin_clusters,1080.0,900.0
line,51路(嘉园三里--双龙小区),5,720.0,20,bus_tapin_clusters,840.0,720.0
line,51路(嘉园三里--双龙小区),6,400.0,39,bus_tapin_clusters,480.0,400.0
line,51路(嘉园三里--双龙小区),7,327.27272727272725,44,bus_tapin_clusters,480.0,327.27272727272725
line,51路(嘉园三里--双龙小区),8,450.0,35,bus_tapin_clusters,660.0,450.0
line,51路(嘉园三里--双龙小区),9,600.0,28,bus_tapin_clusters,780.0,600.0
line,51路(嘉园三里--双龙小区),10,720.0,23,bus_tapin_clusters,960.0,720.0
line,51路(嘉园三里--双龙小区),11,720.0,15,bus_tapin_clusters,1080.0,720.0
line,51路(嘉园三里--双龙小区),12,1200.0,12,bus_tapin_clusters,1965.0,1200.0
line,51路(嘉园三里--双龙小区),13,1200.0,11,bus_tapin_clusters,1560.0,1200.0
line,51路(嘉园三里--双龙小区),14,720.0,26,bus_tapin_clusters,840.0,720.0
line,51路(嘉园三里--双龙小区),15,514.2857142857143,33,bus_tapin_clusters,600.0,514.2857142857143
line,51路(嘉园三里--双龙小区),16,450.0,32,bus_tapin_clusters,705.0,450.0
line,51路(嘉园三里--双龙小区),17,600.0,32,bus_tapin_clusters,660.0,600.0
line,51路(嘉园三里--双龙小区),18,1080.0,17,bus_tapin_clusters,1080.0,1200.0
line,51路(嘉园三里--双龙小区),19,900.0,19,bus_tapin_clusters,1140.0,900.0
line,51路(嘉园三里--双龙小区),20,720.0,13,bus_tapin_clusters,1200.0,720.0
line,51路(嘉园三里--双龙小区),21,720.0,15,bus_tapin_clusters,1200.0,720.0
line,51路(嘉园三里--双龙小区),22,690.0,2,bus_tapin_clusters,690.0,1200.0
line,28路(东大桥公交场站--弘燕公交场站),5,720.0,11,bus_tapin_clusters,780.0,720.0
line,28路(东大桥公交场站--弘燕公交场站),6,276.9230769230769,43,bus_tapin_clusters,360.0,276.9230769230769
line,28路(东大桥公交场站--弘燕公交场站),7,257.14285714285717,33,bus_tapin_clusters,300.0,257.14285714285717
line,28路(东大桥公交场站--弘燕公交场站),8,360.0,44,bus_tapin_clusters,360.0,360.0
line,28路(东大桥公交场站--弘燕公交场站),9,450.0,37,bus_tapin_clusters,600.0,450.0
line,28路(东大桥公交场站--弘燕公交场站),10,450.0,38,bus_tapin_clusters,540.0,450.0
line,28路(东大桥公交场站--弘燕公交场站),11,360.0,36,bus_tapin_clusters,360.0,400.0
line,28路(东大桥公交场站--弘燕公交场站),12,420.0,33,bus_tapin_clusters,420.0,514.2857142857143
line,28路(东大桥公交场站--弘燕公交场站),13,514.2857142857143,23,bus_tapin_clusters,540.0,514.2857142857143
line,28路(东大桥公交场站--弘燕公交场站),14,600.0,30,bus_tapin_clusters,600.0,600.0
line,28路(东大桥公交场站--弘燕公交场站),15,450.0,35,bus_tapin_clusters,540.0,450.0
line,28路(东大桥公交场站--弘燕公交场站),16,300.0,46,bus_tapin_clusters,300.0,360.0
line,28路(东大桥公交场站--弘燕公交场站),17,300.0,41,bus_tapin_clusters,300.0,360.0
line,28路(东大桥公交场站--弘燕公交场站),18,360.0,43,bus_tapin_clusters,420.0,360.0
line,28路(东大桥公交场站--弘燕公交场站),19,720.0,23,bus_tapin_clusters,720.0,720.0
line,28路(东大桥公交场站--弘燕公交场站),20,600.0,28,bus_tapin_clusters,690.0,600.0
line,28路(东大桥公交场站--弘燕公交场站),21,900.0,16,bus_tapin_clusters,960.0,900.0
line,28路(东大桥公交场站--弘燕公交场站),22,600.0,13,bus_tapin_clusters,840.0,600.0
line,563路(西直门公交场站--香山公园东门),5,514.2857142857143,12,bus_tapin_clusters,540.0,514.2857142857143
line,563路(西直门公交场站--香山公园东门),6,400.0,25,bus_tapin_clusters,480.0,400.0
line,563路(西直门公交场站--香山公园东门),7,300.0,49,bus_tapin_clusters,360.0,300.0
line,563路(西直门公交场站--香山公园东门),8,327.27272727272725,51,bus_tapin_clusters,330.0,327.27272727272725
line,563路(西直门公交场站--香山公园东门),9,400.0,38,bus_tapin_clusters,480.0,400.0
line,563路(西直门公交场站--香山公园东门),10,327.27272727272725,37,bus_tapin_clusters,480.0,327.27272727272725
line,563路(西直门公交场站--香山公园东门),11,450.0,25,bus_tapin_clusters,600.0,450.0
line,563路(西直门公交场站--香山公园东门),12,450.0,40,bus_tapin_clusters,465.0,450.0
line,563路(西直门公交场站--香山公园东门),13,400.0,35,bus_tapin_clusters,540.0,400.0
line,563路(西直门公交场站--香山公园东门),14,400.0,35,bus_tapin_clusters,420.0,400.0
line,563路(西直门公交场站--香山公园东门),15,327.27272727272725,42,bus_tapin_clusters,420.0,327.27272727272725
line,563路(西直门公交场站--香山公园东门),16,400.0,41,bus_tapin_clusters,420.0,400.0
line,563路(西直门公交场站--香山公园东门),17,360.0,51,bus_tapin_clusters,360.0,360.0
line,563路(西直门公交场站--香山公园东门),18,450.0,41,bus_tapin_clusters,480.0,450.0
line,563路(西直门公交场站--香山公园东门),19,420.0,39,bus_tapin_clusters,420.0,450.0
line,563路(西直门公交场站--香山公园东门),20,514.2857142857143,30,bus_tapin_clusters,660.0,514.2857142857143
line,563路(西直门公交场站--香山公园东门),21,400.0,16,bus_tapin_clusters,420.0,400.0
line,563路(西直门公交场站--香山公园东门),22,180.0,5,bus_tapin_clusters,180.0,600.0
line,57路(靛厂新村--四惠枢纽站),5,420.0,29,bus_tapin_clusters,420.0,450.0
line,57路(靛厂新村--四惠枢纽站),6,327.27272727272725,55,bus_tapin_clusters,420.0,327.27272727272725
line,57路(靛厂新村--四惠枢纽站),7,240.0,65,bus_tapin_clusters,240.0,276.9230769230769
line,57路(靛厂新村--四惠枢纽站),8,420.0,43,bus_tapin_clusters,420.0,450.0
line,57路(靛厂新村--四惠枢纽站),9,300.0,56,bus_tapin_clusters,300.0,300.0
line,57路(靛厂新村--四惠枢纽站),10,300.0,53,bus_tapin_clusters,300.0,327.27272727272725
line,57路(靛厂新村--四惠枢纽站),11,360.0,46,bus_tapin_clusters,420.0,360.0
line,57路(靛厂新村--四惠枢纽站),12,400.0,46,bus_tapin_clusters,480.0,400.0
line,57路(靛厂新村--四惠枢纽站),13,360.0,46,bus_tapin_clusters,360.0,450.0
line,57路(靛厂新村--四惠枢纽站),14,300.0,58,bus_tapin_clusters,300.0,327.27272727272725
line,57路(靛厂新村--四惠枢纽站),15,270.0,56,bus_tapin_clusters,270.0,327.27272727272725
line,57路(靛厂新村--四惠枢纽站),16,240.0,74,bus_tapin_clusters,240.0,240.0
line,57路(靛厂新村--四惠枢纽站),17,360.0,49,bus_tapin_clusters,420.0,360.0
line,57路(靛厂新村--四惠枢纽站),18,360.0,49,bus_tapin_clusters,360.0,360.0
line,57路(靛厂新村--四惠枢纽站),19,327.27272727272725,57,bus_tapin_clusters,360.0,327.27272727272725
line,57路(靛厂新村--四惠枢纽站),20,450.0,36,bus_tapin_clusters,480.0,450.0
line,57路(靛厂新村--四惠枢纽站),21,600.0,22,bus_tapin_clusters,675.0,600.0
line,57路(靛厂新村--四惠枢纽站),22,900.0,13,bus_tapin_clusters,1200.0,900.0
line,103路(动物园枢纽站--北京站西),5,840.0,17,bus_tapin_clusters,840.0,900.0
line,103路(动物园枢纽站--北京站西),6,276.9230769230769,48,bus_tapin_clusters,420.0,276.9230769230769
line,103路(动物园枢纽站--北京站西),7,327.27272727272725,52,bus_tapin_clusters,360.0,327.27272727272725
line,103路(动物园枢纽站--北京站西),8,450.0,36,bus_tapin_clusters,510.0,450.0
line,103路(动物园枢纽站--北京站西),9,300.0,51,bus_tapin_clusters,360.0,300.0
line,103路(动物园枢纽站--北京站西),10,300.0,49,bus_tapin_clusters,360.0,300.0
line,103路(动物园枢纽站--北京站西),11,240.0,53,bus_tapin_clusters,300.0,240.0
line,103路(动物园枢纽站--北京站西),12,257.14285714285717,48,bus_tapin_clusters,360.0,257.14285714285717
line,103路(动物园枢纽站--北京站西),13,360.0,46,bus_tapin_clusters,420.0,360.0
line,103路(动物园枢纽站--北京站西),14,327.27272727272725,32,bus_tapin_clusters,555.0,327.27272727272725
line,103路(动物园枢纽站--北京站西),15,360.0,44,bus_tapin_clusters,420.0,360.0
line,103路(动物园枢纽站--北京站西),16,327.27272727272725,43,bus_tapin_clusters,420.0,327.27272727272725
line,103路(动物园枢纽站--北京站西),17,420.0,44,bus_tapin_clusters,420.0,450.0
line,103路(动物园枢纽站--北京站西),18,360.0,42,bus_tapin_clusters,435.0,360.0
line,103路(动物园枢纽站--北京站西),19,400.0,41,bus_tapin_clusters,480.0,400.0
line,103路(动物园枢纽站--北京站西),20,720.0,14,bus_tapin_clusters,1230.0,720.0
line,103路(动物园枢纽站--北京站西),21,345.0,6,bus_tapin_clusters,345.0,900.0
line,24路(左家庄--北京站),5,720.0,22,bus_tapin_clusters,810.0,720.0
line,24路(左家庄--北京站),6,327.27272727272725,42,bus_tapin_clusters,480.0,327.27272727272725
line,24路(左家庄--北京站),7,257.14285714285717,58,bus_tapin_clusters,360.0,257.14285714285717
line,24路(左家庄--北京站),8,276.9230769230769,54,bus_tapin_clusters,420.0,276.9230769230769
line,24路(左家庄--北京站),9,240.0,56,bus_tapin_clusters,360.0,240.0
line,24路(左家庄--北京站),10,360.0,49,bus_tapin_clusters,480.0,360.0
line,24路(左家庄--北京站),11,327.27272727272725,44,bus_tapin_clusters,480.0,327.27272727272725
line,24路(左家庄--北京站),12,327.27272727272725,38,bus_tapin_clusters,600.0,327.27272727272725
line,24路(左家庄--北京站),13,327.27272727272725,38,bus_tapin_clusters,600.0,327.27272727272725
line,24路(左家庄--北京站),14,327.27272727272725,40,bus_tapin_clusters,600.0,327.27272727272725
line,24路(左家庄--北京站),15,360.0,34,bus_tapin_clusters,540.0,360.0
line,24路(左家庄--北京站),16,327.27272727272725,48,bus_tapin_clusters,390.0,327.27272727272725
line,24路(左家庄--北京站),17,300.0,44,bus_tapin_clusters,480.0,300.0
line,24路(左家庄--北京站),18,360.0,41,bus_tapin_clusters,600.0,360.0
line,24路(左家庄--北京站),19,400.0,42,bus_tapin_clusters,540.0,400.0
line,24路(左家庄--北京站),20,600.0,25,bus_tapin_clusters,900.0,600.0
line,24路(左家庄--北京站),21,600.0,19,bus_tapin_clusters,960.0,600.0
line,24路(左家庄--北京站),22,1080.0,5,bus_tapin_clusters,1080.0,1200.0
line,2路(双庙--宽街路口南),5,450.0,31,bus_tapin_clusters,600.0,450.0
line,2路(双庙--宽街路口南),6,240.0,58,bus_tapin_clusters,300.0,240.0
line,2路(双庙--宽街路口南),7,390.0,44,bus_tapin_clusters,390.0,400.0
line,2路(双庙--宽街路口南),8,327.27272727272725,46,bus_tapin_clusters,420.0,327.27272727272725
line,2路(双庙--宽街路口南),9,450.0,38,bus_tapin_clusters,450.0,514.2857142857143
line,2路(双庙--宽街路口南),10,400.0,27,bus_tapin_clusters,720.0,400.0
line,2路(双庙--宽街路口南),11,514.2857142857143,28,bus_tapin_clusters,630.0,514.2857142857143
line,2路(双庙--宽街路口南),12,900.0,16,bus_tapin_clusters,1170.0,900.0
line,2路(双庙--宽街路口南),13,240.0,19,bus_tapin_clusters,240.0,514.2857142857143
line,2路(双庙--宽街路口南),14,450.0,18,bus_tapin_clusters,780.0,450.0
line,2路(双庙--宽街路口南),15,240.0,26,bus_tapin_clusters,240.0,400.0
line,2路(双庙--宽街路口南),16,360.0,53,bus_tapin_clusters,360.0,360.0
line,2路(双庙--宽街路口南),17,400.0,37,bus_tapin_clusters,420.0,400.0
line,2路(双庙--宽街路口南),18,360.0,38,bus_tapin_clusters,420.0,360.0
line,2路(双庙--宽街路口南),19,450.0,24,bus_tapin_clusters,660.0,450.0
line,2路(双庙--宽街路口南),20,270.0,20,bus_tapin_clusters,270.0,400.0
line,2路(双庙--宽街路口南),21,514.2857142857143,14,bus_tapin_clusters,630.0,514.2857142857143
line,2路(双庙--宽街路口南),22,180.0,10,bus_tapin_clusters,180.0,514.2857142857143
line,6路(龙潭公园--六里桥东),5,900.0,20,bus_tapin_clusters,1140.0,900.0
line,6路(龙潭公园--六里桥东),6,600.0,20,bus_tapin_clusters,1230.0,600.0
line,6路(龙潭公园--六里桥东),7,327.27272727272725,41,bus_tapin_clusters,360.0,327.27272727272725
line,6路(龙潭公园--六里桥东),8,257.14285714285717,49,bus_tapin_clusters,420.0,257.14285714285717
line,6路(龙潭公园--六里桥东),9,300.0,41,bus_tapin_clusters,300.0,450.0
line,6路(龙潭公园--六里桥东),10,450.0,34,bus_tapin_clusters,630.0,450.0
line,6路(龙潭公园--六里桥东),11,420.0,37,bus_tapin_clusters,420.0,450.0
line,6路(龙潭公园--六里桥东),12,400.0,41,bus_tapin_clusters,480.0,400.0
line,6路(龙潭公园--六里桥东),13,360.0,48,bus_tapin_clusters,360.0,360.0
line,6路(龙潭公园--六里桥东),14,360.0,42,bus_tapin_clusters,360.0,400.0
line,6路(龙潭公园--六里桥东),15,450.0,36,bus_tapin_clusters,480.0,450.0
line,6路(龙潭公园--六里桥东),16,400.0,36,bus_tapin_clusters,480.0,400.0
line,6路(龙潭公园--六里桥东),17,300.0,53,bus_tapin_clusters,300.0,300.0
line,6路(龙潭公园--六里桥东),18,400.0,30,bus_tapin_clusters,480.0,400.0
line,6路(龙潭公园--六里桥东),19,327.27272727272725,42,bus_tapin_clusters,480.0,327.27272727272725
line,6路(龙潭公园--六里桥东),20,270.0,19,bus_tapin_clusters,270.0,450.0
line,6路(龙潭公园--六里桥东),21,420.0,13,bus_tapin_clusters,420.0,600.0
line,6路(龙潭公园--六里桥东),22,1200.0,5,bus_tapin_clusters,1500.0,1200.0
line,52路(平乐园--靛厂新村),5,300.0,57,bus_tapin_clusters,300.0,300.0
line,52路(平乐园--靛厂新村),6,240.0,72,bus_tapin_clusters,240.0,240.0
line,52路(平乐园--靛厂新村),7,300.0,62,bus_tapin_clusters,300.0,300.0
line,52路(平乐园--靛厂新村),8,300.0,65,bus_tapin_clusters,300.0,300.0
line,52路(平乐园--靛厂新村),9,276.9230769230769,62,bus_tapin_clusters,360.0,276.9230769230769
line,52路(平乐园--靛厂新村),10,300.0,51,bus_tapin_clusters,300.0,327.27272727272725
line,52路(平乐园--靛厂新村),11,276.9230769230769,52,bus_tapin_clusters,360.0,276.9230769230769
line,52路(平乐园--靛厂新村),12,450.0,42,bus_tapin_clusters,540.0,450.0
line,52路(平乐园--靛厂新村),13,327.27272727272725,45,bus_tapin_clusters,480.0,327.27272727272725
line,52路(平乐园--靛厂新村),14,300.0,57,bus_tapin_clusters,300.0,300.0
line,52路(平乐园--靛厂新村),15,300.0,56,bus_tapin_clusters,300.0,300.0
line,52路(平乐园--靛厂新村),16,257.14285714285717,67,bus_tapin_clusters,300.0,257.14285714285717
line,52路(平乐园--靛厂新村),17,276.9230769230769,53,bus_tapin_clusters,360.0,276.9230769230769
line,52路(平乐园--靛厂新村),18,360.0,49,bus_tapin_clusters,360.0,360.0
line,52路(平乐园--靛厂新村),19,360.0,41,bus_tapin_clusters,360.0,360.0
line,52路(平乐园--靛厂新村),20,400.0,40,bus_tapin_clusters,480.0,400.0
line,52路(平乐园--靛厂新村),21,450.0,35,bus_tapin_clusters,600.0,450.0
line,52路(平乐园--靛厂新村),22,780.0,14,bus_tapin_clusters,780.0,900.0
line,52路(靛厂新村--平乐园),5,276.9230769230769,50,bus_tapin_clusters,300.0,276.9230769230769
line,52路(靛厂新村--平乐园),6,257.14285714285717,64,bus_tapin_clusters,300.0,257.14285714285717
line,52路(靛厂新村--平乐园),7,240.0,79,bus_tapin_clusters,240.0,240.0
line,52路(靛厂新村--平乐园),8,276.9230769230769,60,bus_tapin_clusters,300.0,276.9230769230769
line,52路(靛厂新村--平乐园),9,276.9230769230769,58,bus_tapin_clusters,360.0,276.9230769230769
line,52路(靛厂新村--平乐园),10,257.14285714285717,65,bus_tapin_clusters,360.0,257.14285714285717
line,52路(靛厂新村--平乐园),11,400.0,44,bus_tapin_clusters,540.0,400.0
line,52路(靛厂新村--平乐园),12,400.0,43,bus_tapin_clusters,480.0,400.0
line,52路(靛厂新村--平乐园),13,400.0,46,bus_tapin_clusters,480.0,400.0
line,52路(靛厂新村--平乐园),14,360.0,51,bus_tapin_clusters,360.0,360.0
line,52路(靛厂新村--平乐园),15,300.0,55,bus_tapin_clusters,300.0,327.27272727272725
line,52路(靛厂新村--平乐园),16,240.0,70,bus_tapin_clusters,240.0,257.14285714285717
line,52路(靛厂新村--平乐园),17,257.14285714285717,69,bus_tapin_clusters,300.0,257.14285714285717
line,52路(靛厂新村--平乐园),18,300.0,58,bus_tapin_clusters,360.0,300.0
line,52路(靛厂新村--平乐园),19,360.0,50,bus_tapin_clusters,360.0,400.0
line,52路(靛厂新村--平乐园),20,480.0,32,bus_tapin_clusters,480.0,514.2857142857143
line,52路(靛厂新村--平乐园),21,720.0,21,bus_tapin_clusters,900.0,720.0
line,52路(靛厂新村--平乐园),22,480.0,6,bus_tapin_clusters,480.0,720.0
line,118路(紫竹院南门--红庙路口东),5,1170.0,14,bus_tapin_clusters,1170.0,1200.0
line,118路(紫竹院南门--红庙路口东),6,540.0,23,bus_tapin_clusters,540.0,600.0
line,118路(紫竹院南门--红庙路口东),7,630.0,26,bus_tapin_clusters,630.0,720.0
line,118路(紫竹院南门--红庙路口东),8,450.0,29,bus_tapin_clusters,840.0,450.0
line,118路(紫竹院南门--红庙路口东),9,720.0,21,bus_tapin_clusters,720.0,720.0
line,118路(紫竹院南门--红庙路口东),10,900.0,19,bus_tapin_clusters,960.0,900.0
line,118路(紫竹院南门--红庙路口东),11,900.0,20,bus_tapin_clusters,1230.0,900.0
line,118路(紫竹院南门--红庙路口东),12,900.0,16,bus_tapin_clusters,900.0,1200.0
line,118路(紫竹院南门--红庙路口东),13,600.0,27,bus_tapin_clusters,660.0,600.0
line,118路(紫竹院南门--红庙路口东),14,600.0,27,bus_tapin_clusters,720.0,600.0
line,118路(紫竹院南门--红庙路口东),15,600.0,28,bus_tapin_clusters,720.0,600.0
line,118路(紫竹院南门--红庙路口东),16,900.0,19,bus_tapin_clusters,960.0,900.0
line,118路(紫竹院南门--红庙路口东),17,900.0,21,bus_tapin_clusters,1020.0,900.0
line,118路(紫竹院南门--红庙路口东),18,300.0,37,bus_tapin_clusters,480.0,300.0
line,118路(紫竹院南门--红庙路口东),19,720.0,23,bus_tapin_clusters,1080.0,720.0
line,118路(紫竹院南门--红庙路口东),20,450.0,19,bus_tapin_clusters,540.0,450.0
line,118路(紫竹院南门--红庙路口东),21,630.0,2,bus_tapin_clusters,630.0,1800.0
line,27路(定慧寺东--安定门外),5,360.0,25,bus_tapin_clusters,360.0,400.0
line,27路(定慧寺东--安定门外),6,257.14285714285717,61,bus_tapin_clusters,300.0,257.14285714285717
line,27路(定慧寺东--安定门外),7,276.9230769230769,66,bus_tapin_clusters,300.0,276.9230769230769
line,27路(定慧寺东--安定门外),8,360.0,48,bus_tapin_clusters,420.0,360.0
line,27路(定慧寺东--安定门外),9,360.0,46,bus_tapin_clusters,420.0,360.0
line,27路(定慧寺东--安定门外),10,400.0,44,bus_tapin_clusters,480.0,400.0
line,27路(定慧寺东--安定门外),11,450.0,40,bus_tapin_clusters,480.0,450.0
line,27路(定慧寺东--安定门外),12,514.2857142857143,35,bus_tapin_clusters,630.0,514.2857142857143
line,27路(定慧寺东--安定门外),13,600.0,31,bus_tapin_clusters,630.0,600.0
line,27路(定慧寺东--安定门外),14,450.0,40,bus_tapin_clusters,510.0,450.0
line,27路(定慧寺东--安定门外),15,360.0,48,bus_tapin_clusters,480.0,360.0
line,27路(定慧寺东--安定门外),16,360.0,48,bus_tapin_clusters,360.0,360.0
line,27路(定慧寺东--安定门外),17,300.0,54,bus_tapin_clusters,300.0,327.27272727272725
line,27路(定慧寺东--安定门外),18,400.0,46,bus_tapin_clusters,420.0,400.0
line,27路(定慧寺东--安定门外),19,400.0,38,bus_tapin_clusters,450.0,400.0
line,27路(定慧寺东--安定门外),20,330.0,37,bus_tapin_clusters,330.0,360.0
line,27路(定慧寺东--安定门外),21,600.0,25,bus_tapin_clusters,660.0,600.0
line,27路(定慧寺东--安定门外),22,480.0,8,bus_tapin_clusters,480.0,600.0
line,13路(西城三里河--小营公交场站),5,660.0,8,bus_tapin_clusters,660.0,720.0
line,13路(西城三里河--小营公交场站),6,600.0,21,bus_tapin_clusters,720.0,600.0
line,13路(西城三里河--小营公交场站),7,514.2857142857143,32,bus_tapin_clusters,720.0,514.2857142857143
line,13路(西城三里河--小营公交场站),8,400.0,38,bus_tapin_clusters,480.0,400.0
line,13路(西城三里河--小营公交场站),9,360.0,47,bus_tapin_clusters,420.0,360.0
line,13路(西城三里河--小营公交场站),10,450.0,35,bus_tapin_clusters,480.0,450.0
line,13路(西城三里河--小营公交场站),11,450.0,33,bus_tapin_clusters,600.0,450.0
line,13路(西城三里河--小营公交场站),12,720.0,23,bus_tapin_clusters,900.0,720.0
line,13路(西城三里河--小营公交场站),13,720.0,21,bus_tapin_clusters,900.0,720.0
line,13路(西城三里河--小营公交场站),14,840.0,19,bus_tapin_clusters,840.0,900.0
line,13路(西城三里河--小营公交场站),15,600.0,25,bus_tapin_clusters,780.0,600.0
line,13路(西城三里河--小营公交场站),16,400.0,37,bus_tapin_clusters,510.0,400.0
line,13路(西城三里河--小营公交场站),17,327.27272727272725,48,bus_tapin_clusters,405.0,327.27272727272725
line,13路(西城三里河--小营公交场站),18,514.2857142857143,36,bus_tapin_clusters,540.0,514.2857142857143
line,13路(西城三里河--小营公交场站),19,450.0,35,bus_tapin_clusters,540.0,450.0
line,13路(西城三里河--小营公交场站),20,514.2857142857143,28,bus_tapin_clusters,720.0,514.2857142857143
line,13路(西城三里河--小营公交场站),21,720.0,16,bus_tapin_clusters,840.0,720.0
line,6路(六里桥东公交场站--龙潭公园),5,240.0,13,bus_tapin_clusters,240.0,450.0
line,6路(六里桥东公交场站--龙潭公园),6,276.9230769230769,41,bus_tapin_clusters,420.0,276.9230769230769
line,6路(六里桥东公交场站--龙潭公园),7,257.14285714285717,49,bus_tapin_clusters,360.0,257.14285714285717
line,6路(六里桥东公交场站--龙潭公园),8,300.0,48,bus_tapin_clusters,300.0,300.0
line,6路(六里桥东公交场站--龙潭公园),9,327.27272727272725,42,bus_tapin_clusters,480.0,327.27272727272725
line,6路(六里桥东公交场站--龙潭公园),10,360.0,43,bus_tapin_clusters,360.0,360.0
line,6路(六里桥东公交场站--龙潭公园),11,400.0,39,bus_tapin_clusters,480.0,400.0
line,6路(六里桥东公交场站--龙潭公园),12,360.0,45,bus_tapin_clusters,390.0,360.0
line,6路(六里桥东公交场站--龙潭公园),13,360.0,46,bus_tapin_clusters,420.0,360.0
line,6路(六里桥东公交场站--龙潭公园),14,514.2857142857143,35,bus_tapin_clusters,600.0,514.2857142857143
line,6路(六里桥东公交场站--龙潭公园),15,360.0,31,bus_tapin_clusters,360.0,514.2857142857143
line,6路(六里桥东公交场站--龙潭公园),16,450.0,40,bus_tapin_clusters,480.0,450.0
line,6路(六里桥东公交场站--龙潭公园),17,600.0,25,bus_tapin_clusters,780.0,600.0
line,6路(六里桥东公交场站--龙潭公园),18,257.14285714285717,48,bus_tapin_clusters,330.0,257.14285714285717
line,6路(六里桥东公交场站--龙潭公园),19,720.0,23,bus_tapin_clusters,1260.0,720.0
line,6路(六里桥东公交场站--龙潭公园),20,660.0,11,bus_tapin_clusters,660.0,900.0
line,6路(六里桥东公交场站--龙潭公园),21,210.0,5,bus_tapin_clusters,210.0,1200.0
line,15路(天桥商场--动物园枢纽站),5,780.0,12,bus_tapin_clusters,780.0,1200.0
line,15路(天桥商场--动物园枢纽站),6,400.0,42,bus_tapin_clusters,480.0,400.0
line,15路(天桥商场--动物园枢纽站),7,450.0,32,bus_tapin_clusters,720.0,450.0
line,15路(天桥商场--动物园枢纽站),8,514.2857142857143,29,bus_tapin_clusters,660.0,514.2857142857143
line,15路(天桥商场--动物园枢纽站),9,514.2857142857143,30,bus_tapin_clusters,660.0,514.2857142857143
line,15路(天桥商场--动物园枢纽站),10,514.2857142857143,20,bus_tapin_clusters,750.0,514.2857142857143
line,15路(天桥商场--动物园枢纽站),11,514.2857142857143,27,bus_tapin_clusters,660.0,514.2857142857143
line,15路(天桥商场--动物园枢纽站),12,720.0,22,bus_tapin_clusters,1110.0,720.0
line,15路(天桥商场--动物园枢纽站),13,1290.0,2,bus_tapin_clusters,1290.0,1800.0
line,15路(天桥商场--动物园枢纽站),14,1200.0,16,bus_tapin_clusters,1350.0,1200.0
line,15路(天桥商场--动物园枢纽站),15,720.0,12,bus_tapin_clusters,1725.0,720.0
line,15路(天桥商场--动物园枢纽站),16,360.0,31,bus_tapin_clusters,540.0,360.0
line,15路(天桥商场--动物园枢纽站),17,450.0,25,bus_tapin_clusters,540.0,450.0
line,15路(天桥商场--动物园枢纽站),18,400.0,24,bus_tapin_clusters,840.0,400.0
line,15路(天桥商场--动物园枢纽站),19,300.0,32,bus_tapin_clusters,300.0,400.0
line,15路(天桥商场--动物园枢纽站),20,450.0,25,bus_tapin_clusters,570.0,450.0
line,15路(天桥商场--动物园枢纽站),21,1200.0,8,bus_tapin_clusters,2160.0,1200.0
line,15路(天桥商场--动物园枢纽站),22,120.0,3,bus_tapin_clusters,120.0,1200.0
line,301路(安定门--天通北苑),5,900.0,3,bus_tapin_clusters,900.0,1200.0
line,301路(安定门--天通北苑),6,1800.0,2,bus_tapin_clusters,1800.0,1800.0
line,301路(安定门--天通北苑),7,690.0,10,bus_tapin_clusters,690.0,720.0
line,301路(安定门--天通北苑),8,600.0,9,bus_tapin_clusters,960.0,600.0
line,301路(安定门--天通北苑),9,810.0,6,bus_tapin_clusters,810.0,1800.0
line,301路(安定门--天通北苑),10,900.0,10,bus_tapin_clusters,930.0,900.0
line,301路(安定门--天通北苑),11,1020.0,5,bus_tapin_clusters,1020.0,1200.0
line,301路(安定门--天通北苑),14,870.0,6,bus_tapin_clusters,870.0,900.0
line,301路(安定门--天通北苑),15,720.0,12,bus_tapin_clusters,1020.0,720.0
line,301路(安定门--天通北苑),16,630.0,6,bus_tapin_clusters,630.0,900.0
line,301路(安定门--天通北苑),17,720.0,9,bus_tapin_clusters,900.0,720.0
line,301路(安定门--天通北苑),18,570.0,11,bus_tapin_clusters,570.0,600.0
line,301路(安定门--天通北苑),22,870.0,2,bus_tapin_clusters,870.0,1200.0
line,301路(安定门--天通北苑),12,900.0,6,bus_tapin_clusters,1230.0,900.0
line,301路(安定门--天通北苑),19,570.0,2,bus_tapin_clusters,570.0,1200.0
line,109路(东大桥公交场站--北京西站南广场),5,480.0,13,bus_tapin_clusters,480.0,600.0
line,109路(东大桥公交场站--北京西站南广场),6,257.14285714285717,44,bus_tapin_clusters,300.0,257.14285714285717
line,109路(东大桥公交场站--北京西站南广场),7,514.2857142857143,32,bus_tapin_clusters,540.0,514.2857142857143
line,109路(东大桥公交场站--北京西站南广场),8,270.0,44,bus_tapin_clusters,270.0,327.27272727272725
line,109路(东大桥公交场站--北京西站南广场),9,240.0,56,bus_tapin_clusters,240.0,276.9230769230769
line,109路(东大桥公交场站--北京西站南广场),10,300.0,33,bus_tapin_clusters,300.0,450.0
line,109路(东大桥公交场站--北京西站南广场),11,270.0,38,bus_tapin_clusters,270.0,327.27272727272725
line,109路(东大桥公交场站--北京西站南广场),12,400.0,44,bus_tapin_clusters,420.0,400.0
line,109路(东大桥公交场站--北京西站南广场),13,327.27272727272725,35,bus_tapin_clusters,330.0,327.27272727272725
line,109路(东大桥公交场站--北京西站南广场),14,435.0,38,bus_tapin_clusters,435.0,450.0
line,109路(东大桥公交场站--北京西站南广场),15,276.9230769230769,53,bus_tapin_clusters,300.0,276.9230769230769
line,109路(东大桥公交场站--北京西站南广场),16,270.0,40,bus_tapin_clusters,270.0,400.0
line,109路(东大桥公交场站--北京西站南广场),17,420.0,41,bus_tapin_clusters,420.0,450.0
line,109路(东大桥公交场站--北京西站南广场),18,240.0,39,bus_tapin_clusters,240.0,400.0
line,109路(东大桥公交场站--北京西站南广场),19,400.0,29,bus_tapin_clusters,720.0,400.0
line,109路(东大桥公交场站--北京西站南广场),20,514.2857142857143,25,bus_tapin_clusters,540.0,514.2857142857143
line,109路(东大桥公交场站--北京西站南广场),21,195.0,14,bus_tapin_clusters,195.0,600.0
line,401路(东直门枢纽站--南十里居),5,300.0,7,bus_tapin_clusters,300.0,514.2857142857143
line,401路(东直门枢纽站--南十里居),6,420.0,31,bus_tapin_clusters,420.0,450.0
line,401路(东直门枢纽站--南十里居),7,300.0,53,bus_tapin_clusters,300.0,327.27272727272725
line,401路(东直门枢纽站--南十里居),8,257.14285714285717,57,bus_tapin_clusters,360.0,257.14285714285717
line,401路(东直门枢纽站--南十里居),9,360.0,48,bus_tapin_clusters,420.0,360.0
line,401路(东直门枢纽站--南十里居),10,450.0,39,bus_tapin_clusters,480.0,450.0
line,401路(东直门枢纽站--南十里居),11,360.0,45,bus_tapin_clusters,420.0,360.0
line,401路(东直门枢纽站--南十里居),12,514.2857142857143,31,bus_tapin_clusters,600.0,514.2857142857143
line,401路(东直门枢纽站--南十里居),13,514.2857142857143,35,bus_tapin_clusters,600.0,514.2857142857143
line,401路(东直门枢纽站--南十里居),14,400.0,34,bus_tapin_clusters,540.0,400.0
line,401路(东直门枢纽站--南十里居),15,360.0,37,bus_tapin_clusters,540.0,360.0
line,401路(东直门枢纽站--南十里居),16,327.27272727272725,48,bus_tapin_clusters,420.0,327.27272727272725
line,401路(东直门枢纽站--南十里居),17,400.0,46,bus_tapin_clusters,420.0,400.0
line,401路(东直门枢纽站--南十里居),18,276.9230769230769,57,bus_tapin_clusters,360.0,276.9230769230769
line,401路(东直门枢纽站--南十里居),19,300.0,45,bus_tapin_clusters,360.0,300.0
line,401路(东直门枢纽站--南十里居),20,510.0,26,bus_tapin_clusters,510.0,514.2857142857143
line,401路(东直门枢纽站--南十里居),21,600.0,20,bus_tapin_clusters,630.0,600.0
line,401路(东直门枢纽站--南十里居),22,450.0,17,bus_tapin_clusters,540.0,450.0
line,106路(东直门枢纽站--北京南站),5,720.0,12,bus_tapin_clusters,780.0,720.0
line,106路(东直门枢纽站--北京南站),6,400.0,39,bus_tapin_clusters,420.0,400.0
line,106路(东直门枢纽站--北京南站),7,400.0,33,bus_tapin_clusters,420.0,400.0
line,106路(东直门枢纽站--北京南站),8,600.0,30,bus_tapin_clusters,690.0,600.0
line,106路(东直门枢纽站--北京南站),9,450.0,31,bus_tapin_clusters,480.0,450.0
line,106路(东直门枢纽站--北京南站),10,400.0,46,bus_tapin_clusters,420.0,400.0
line,106路(东直门枢纽站--北京南站),11,514.2857142857143,31,bus_tapin_clusters,540.0,514.2857142857143
line,106路(东直门枢纽站--北京南站),12,360.0,43,bus_tapin_clusters,420.0,360.0
line,106路(东直门枢纽站--北京南站),13,450.0,30,bus_tapin_clusters,450.0,450.0
line,106路(东直门枢纽站--北京南站),14,300.0,35,bus_tapin_clusters,300.0,450.0
line,106路(东直门枢纽站--北京南站),15,420.0,27,bus_tapin_clusters,420.0,600.0
line,106路(东直门枢纽站--北京南站),16,720.0,27,bus_tapin_clusters,780.0,720.0
line,106路(东直门枢纽站--北京南站),17,240.0,43,bus_tapin_clusters,240.0,400.0
line,106路(东直门枢纽站--北京南站),18,400.0,36,bus_tapin_clusters,510.0,400.0
line,106路(东直门枢纽站--北京南站),19,600.0,23,bus_tapin_clusters,630.0,600.0
line,106路(东直门枢纽站--北京南站),20,600.0,28,bus_tapin_clusters,675.0,600.0
line,106路(东直门枢纽站--北京南站),21,1200.0,12,bus_tapin_clusters,1500.0,1200.0
line,106路(东直门枢纽站--北京南站),22,1080.0,4,bus_tapin_clusters,1080.0,1800.0
line,128路(肖村桥北--北京三十九中学),5,327.27272727272725,43,bus_tapin_clusters,420.0,327.27272727272725
line,128路(肖村桥北--北京三十九中学),6,360.0,50,bus_tapin_clusters,420.0,360.0
line,128路(肖村桥北--北京三十九中学),7,400.0,45,bus_tapin_clusters,480.0,400.0
line,128路(肖村桥北--北京三十九中学),8,327.27272727272725,48,bus_tapin_clusters,480.0,327.27272727272725
line,128路(肖村桥北--北京三十九中学),9,400.0,42,bus_tapin_clusters,540.0,400.0
line,128路(肖村桥北--北京三十九中学),10,450.0,33,bus_tapin_clusters,480.0,450.0
line,128路(肖村桥北--北京三十九中学),11,480.0,39,bus_tapin_clusters,480.0,514.2857142857143
line,128路(肖村桥北--北京三十九中学),12,400.0,48,bus_tapin_clusters,420.0,400.0
line,128路(肖村桥北--北京三十九中学),13,450.0,38,bus_tapin_clusters,510.0,450.0
line,128路(肖村桥北--北京三十九中学),14,600.0,33,bus_tapin_clusters,720.0,600.0
line,128路(肖村桥北--北京三十九中学),15,480.0,38,bus_tapin_clusters,480.0,514.2857142857143
line,128路(肖村桥北--北京三十九中学),16,450.0,40,bus_tapin_clusters,480.0,450.0
line,128路(肖村桥北--北京三十九中学),17,360.0,26,bus_tapin_clusters,930.0,360.0
line,128路(肖村桥北--北京三十九中学),18,450.0,30,bus_tapin_clusters,525.0,450.0
line,128路(肖村桥北--北京三十九中学),19,600.0,33,bus_tapin_clusters,720.0,600.0
line,128路(肖村桥北--北京三十九中学),20,600.0,22,bus_tapin_clusters,930.0,600.0
line,128路(肖村桥北--北京三十九中学),21,900.0,10,bus_tapin_clusters,1095.0,900.0
line,18路(国际展览中心--惠新东桥西),6,900.0,17,bus_tapin_clusters,960.0,900.0
line,18路(国际展览中心--惠新东桥西),7,720.0,27,bus_tapin_clusters,720.0,720.0
line,18路(国际展览中心--惠新东桥西),8,514.2857142857143,32,bus_tapin_clusters,660.0,514.2857142857143
line,18路(国际展览中心--惠新东桥西),9,514.2857142857143,32,bus_tapin_clusters,720.0,514.2857142857143
line,18路(国际展览中心--惠新东桥西),10,855.0,18,bus_tapin_clusters,855.0,900.0
line,18路(国际展览中心--惠新东桥西),11,1200.0,9,bus_tapin_clusters,1740.0,1200.0
line,18路(国际展览中心--惠新东桥西),12,1800.0,12,bus_tapin_clusters,1920.0,1800.0
line,18路(国际展览中心--惠新东桥西),13,1770.0,10,bus_tapin_clusters,1770.0,1800.0
line,18路(国际展览中心--惠新东桥西),14,1200.0,8,bus_tapin_clusters,1770.0,1200.0
line,18路(国际展览中心--惠新东桥西),15,900.0,14,bus_tapin_clusters,990.0,900.0
line,18路(国际展览中心--惠新东桥西),16,720.0,24,bus_tapin_clusters,840.0,720.0
line,18路(国际展览中心--惠新东桥西),17,900.0,18,bus_tapin_clusters,1080.0,900.0
line,18路(国际展览中心--惠新东桥西),18,514.2857142857143,26,bus_tapin_clusters,630.0,514.2857142857143
line,18路(国际展览中心--惠新东桥西),19,900.0,14,bus_tapin_clusters,1350.0,900.0
line,18路(国际展览中心--惠新东桥西),20,1380.0,8,bus_tapin_clusters,1380.0,1800.0
line,18路(国际展览中心--惠新东桥西),5,1200.0,3,bus_tapin_clusters,1260.0,1200.0
line,18路(国际展览中心--惠新东桥西),21,1350.0,2,bus_tapin_clusters,1350.0,1800.0
line,109路(北京西站南广场--东大桥公交场站),5,900.0,14,bus_tapin_clusters,1200.0,900.0
line,109路(北京西站南广场--东大桥公交场站),6,360.0,30,bus_tapin_clusters,360.0,360.0
line,109路(北京西站南广场--东大桥公交场站),7,276.9230769230769,55,bus_tapin_clusters,300.0,276.9230769230769
line,109路(北京西站南广场--东大桥公交场站),8,327.27272727272725,48,bus_tapin_clusters,360.0,327.27272727272725
line,109路(北京西站南广场--东大桥公交场站),9,360.0,46,bus_tapin_clusters,360.0,360.0
line,109路(北京西站南广场--东大桥公交场站),10,400.0,39,bus_tapin_clusters,420.0,400.0
line,109路(北京西站南广场--东大桥公交场站),11,360.0,38,bus_tapin_clusters,510.0,360.0
line,109路(北京西站南广场--东大桥公交场站),12,270.0,36,bus_tapin_clusters,270.0,327.27272727272725
line,109路(北京西站南广场--东大桥公交场站),13,240.0,54,bus_tapin_clusters,300.0,240.0
line,109路(北京西站南广场--东大桥公交场站),14,360.0,42,bus_tapin_clusters,420.0,360.0
line,109路(北京西站南广场--东大桥公交场站),15,276.9230769230769,45,bus_tapin_clusters,300.0,276.9230769230769
line,109路(北京西站南广场--东大桥公交场站),16,300.0,45,bus_tapin_clusters,300.0,360.0
line,109路(北京西站南广场--东大桥公交场站),17,276.9230769230769,42,bus_tapin_clusters,300.0,276.9230769230769
line,109路(北京西站南广场--东大桥公交场站),18,400.0,40,bus_tapin_clusters,420.0,400.0
line,109路(北京西站南广场--东大桥公交场站),19,300.0,39,bus_tapin_clusters,330.0,300.0
line,109路(北京西站南广场--东大桥公交场站),20,600.0,20,bus_tapin_clusters,960.0,600.0
line,109路(北京西站南广场--东大桥公交场站),22,1770.0,4,bus_tapin_clusters,1770.0,1800.0
line,109路(北京西站南广场--东大桥公交场站),21,1140.0,6,bus_tapin_clusters,1140.0,1800.0
line,3路(东直门枢纽站--金家村桥东),5,327.27272727272725,44,bus_tapin_clusters,420.0,327.27272727272725
line,3路(东直门枢纽站--金家村桥东),6,276.9230769230769,64,bus_tapin_clusters,300.0,276.9230769230769
line,3路(东直门枢纽站--金家村桥东),7,300.0,58,bus_tapin_clusters,300.0,300.0
line,3路(东直门枢纽站--金家村桥东),8,300.0,52,bus_tapin_clusters,330.0,300.0
line,3路(东直门枢纽站--金家村桥东),9,720.0,21,bus_tapin_clusters,960.0,720.0
line,3路(东直门枢纽站--金家村桥东),10,720.0,17,bus_tapin_clusters,960.0,720.0
line,3路(东直门枢纽站--金家村桥东),11,450.0,32,bus_tapin_clusters,660.0,450.0
line,3路(东直门枢纽站--金家村桥东),12,600.0,27,bus_tapin_clusters,600.0,600.0
line,3路(东直门枢纽站--金家村桥东),13,600.0,20,bus_tapin_clusters,1020.0,600.0
line,3路(东直门枢纽站--金家村桥东),14,600.0,30,bus_tapin_clusters,720.0,600.0
line,3路(东直门枢纽站--金家村桥东),15,450.0,34,bus_tapin_clusters,540.0,450.0
line,3路(东直门枢纽站--金家村桥东),16,225.0,53,bus_tapin_clusters,240.0,225.0
line,3路(东直门枢纽站--金家村桥东),17,240.0,50,bus_tapin_clusters,360.0,240.0
line,3路(东直门枢纽站--金家村桥东),18,276.9230769230769,48,bus_tapin_clusters,390.0,276.9230769230769
line,3路(东直门枢纽站--金家村桥东),19,450.0,37,bus_tapin_clusters,660.0,450.0
line,3路(东直门枢纽站--金家村桥东),20,720.0,17,bus_tapin_clusters,840.0,720.0
line,3路(东直门枢纽站--金家村桥东),21,900.0,12,bus_tapin_clusters,1020.0,900.0
line,7路(动物园枢纽站--五间楼),5,1755.0,6,bus_tapin_clusters,1755.0,1800.0
line,7路(动物园枢纽站--五间楼),7,514.2857142857143,22,bus_tapin_clusters,1095.0,514.2857142857143
line,7路(动物园枢纽站--五间楼),8,360.0,35,bus_tapin_clusters,540.0,360.0
line,7路(动物园枢纽站--五间楼),9,360.0,43,bus_tapin_clusters,480.0,360.0
line,7路(动物园枢纽站--五间楼),10,211.76470588235293,39,bus_tapin_clusters,480.0,211.76470588235293
line,7路(动物园枢纽站--五间楼),11,330.0,32,bus_tapin_clusters,330.0,400.0
line,7路(动物园枢纽站--五间楼),12,600.0,19,bus_tapin_clusters,1080.0,600.0
line,7路(动物园枢纽站--五间楼),13,400.0,32,bus_tapin_clusters,570.0,400.0
line,7路(动物园枢纽站--五间楼),14,300.0,28,bus_tapin_clusters,840.0,300.0
line,7路(动物园枢纽站--五间楼),15,514.2857142857143,25,bus_tapin_clusters,690.0,514.2857142857143
line,7路(动物园枢纽站--五间楼),16,300.0,34,bus_tapin_clusters,330.0,300.0
line,7路(动物园枢纽站--五间楼),17,300.0,30,bus_tapin_clusters,660.0,300.0
line,7路(动物园枢纽站--五间楼),18,600.0,22,bus_tapin_clusters,660.0,600.0
line,7路(动物园枢纽站--五间楼),19,400.0,33,bus_tapin_clusters,540.0,400.0
line,7路(动物园枢纽站--五间楼),22,1200.0,6,bus_tapin_clusters,1590.0,1200.0
line,7路(动物园枢纽站--五间楼),6,600.0,19,bus_tapin_clusters,1020.0,600.0
line,7路(动物园枢纽站--五间楼),20,900.0,6,bus_tapin_clusters,1290.0,900.0
line,7路(动物园枢纽站--五间楼),21,1140.0,6,bus_tapin_clusters,1140.0,1200.0
line,302路(辛庄--巴沟村),5,514.2857142857143,28,bus_tapin_clusters,720.0,514.2857142857143
line,302路(辛庄--巴沟村),6,420.0,42,bus_tapin_clusters,420.0,450.0
line,302路(辛庄--巴沟村),7,300.0,54,bus_tapin_clusters,300.0,300.0
line,302路(辛庄--巴沟村),8,327.27272727272725,61,bus_tapin_clusters,330.0,327.27272727272725
line,302路(辛庄--巴沟村),9,360.0,51,bus_tapin_clusters,480.0,360.0
line,302路(辛庄--巴沟村),10,420.0,38,bus_tapin_clusters,420.0,450.0
line,302路(辛庄--巴沟村),11,300.0,59,bus_tapin_clusters,300.0,300.0
line,302路(辛庄--巴沟村),12,514.2857142857143,36,bus_tapin_clusters,540.0,514.2857142857143
line,302路(辛庄--巴沟村),13,360.0,41,bus_tapin_clusters,600.0,360.0
line,302路(辛庄--巴沟村),14,540.0,33,bus_tapin_clusters,540.0,600.0
line,302路(辛庄--巴沟村),15,450.0,42,bus_tapin_clusters,480.0,450.0
line,302路(辛庄--巴沟村),16,300.0,58,bus_tapin_clusters,360.0,300.0
line,302路(辛庄--巴沟村),17,360.0,49,bus_tapin_clusters,360.0,400.0
line,302路(辛庄--巴沟村),18,360.0,50,bus_tapin_clusters,360.0,360.0
line,302路(辛庄--巴沟村),19,400.0,37,bus_tapin_clusters,510.0,400.0
line,302路(辛庄--巴沟村),20,360.0,49,bus_tapin_clusters,420.0,360.0
line,302路(辛庄--巴沟村),21,514.2857142857143,34,bus_tapin_clusters,600.0,514.2857142857143
line,302路(辛庄--巴沟村),22,720.0,23,bus_tapin_clusters,780.0,720.0
line,110路(北纬路东站--地铁柳芳站),5,780.0,19,bus_tapin_clusters,780.0,900.0
line,110路(北纬路东站--地铁柳芳站),6,514.2857142857143,33,bus_tapin_clusters,600.0,514.2857142857143
line,110路(北纬路东站--地铁柳芳站),7,514.2857142857143,31,bus_tapin_clusters,600.0,514.2857142857143
line,110路(北纬路东站--地铁柳芳站),8,514.2857142857143,40,bus_tapin_clusters,570.0,514.2857142857143
line,110路(北纬路东站--地铁柳芳站),9,400.0,47,bus_tapin_clusters,420.0,400.0
line,110路(北纬路东站--地铁柳芳站),10,360.0,36,bus_tapin_clusters,600.0,360.0
line,110路(北纬路东站--地铁柳芳站),11,600.0,30,bus_tapin_clusters,780.0,600.0
line,110路(北纬路东站--地铁柳芳站),12,514.2857142857143,31,bus_tapin_clusters,660.0,514.2857142857143
line,110路(北纬路东站--地铁柳芳站),13,600.0,32,bus_tapin_clusters,705.0,600.0
line,110路(北纬路东站--地铁柳芳站),14,450.0,36,bus_tapin_clusters,600.0,450.0
line,110路(北纬路东站--地铁柳芳站),15,400.0,45,bus_tapin_clusters,540.0,400.0
line,110路(北纬路东站--地铁柳芳站),16,514.2857142857143,31,bus_tapin_clusters,660.0,514.2857142857143
line,110路(北纬路东站--地铁柳芳站),17,514.2857142857143,37,bus_tapin_clusters,600.0,514.2857142857143
line,110路(北纬路东站--地铁柳芳站),18,514.2857142857143,34,bus_tapin_clusters,720.0,514.2857142857143
line,110路(北纬路东站--地铁柳芳站),19,600.0,25,bus_tapin_clusters,720.0,600.0
line,110路(北纬路东站--地铁柳芳站),20,720.0,22,bus_tapin_clusters,870.0,720.0
line,110路(北纬路东站--地铁柳芳站),21,900.0,14,bus_tapin_clusters,900.0,900.0
line,110路(北纬路东站--地铁柳芳站),22,1200.0,2,bus_tapin_clusters,1350.0,1200.0
line,15路(动物园枢纽站--天桥商场),5,810.0,16,bus_tapin_clusters,810.0,900.0
line,15路(动物园枢纽站--天桥商场),6,300.0,29,bus_tapin_clusters,360.0,300.0
line,15路(动物园枢纽站--天桥商场),7,327.27272727272725,31,bus_tapin_clusters,600.0,327.27272727272725
line,15路(动物园枢纽站--天桥商场),8,360.0,32,bus_tapin_clusters,690.0,360.0
line,15路(动物园枢纽站--天桥商场),9,420.0,34,bus_tapin_clusters,420.0,514.2857142857143
line,15路(动物园枢纽站--天桥商场),10,360.0,21,bus_tapin_clusters,360.0,514.2857142857143
line,15路(动物园枢纽站--天桥商场),11,400.0,24,bus_tapin_clusters,810.0,400.0
line,15路(动物园枢纽站--天桥商场),12,600.0,21,bus_tapin_clusters,960.0,600.0
line,15路(动物园枢纽站--天桥商场),13,327.27272727272725,23,bus_tapin_clusters,1020.0,327.27272727272725
line,15路(动物园枢纽站--天桥商场),14,480.0,15,bus_tapin_clusters,480.0,514.2857142857143
line,15路(动物园枢纽站--天桥商场),15,450.0,26,bus_tapin_clusters,765.0,450.0
line,15路(动物园枢纽站--天桥商场),16,420.0,26,bus_tapin_clusters,420.0,514.2857142857143
line,15路(动物园枢纽站--天桥商场),17,450.0,31,bus_tapin_clusters,720.0,450.0
line,15路(动物园枢纽站--天桥商场),18,600.0,21,bus_tapin_clusters,600.0,600.0
line,15路(动物园枢纽站--天桥商场),20,1200.0,12,bus_tapin_clusters,1470.0,1200.0
line,15路(动物园枢纽站--天桥商场),21,1200.0,8,bus_tapin_clusters,1920.0,1200.0
line,15路(动物园枢纽站--天桥商场),19,1200.0,14,bus_tapin_clusters,1200.0,1200.0
line,15路(动物园枢纽站--天桥商场),22,780.0,3,bus_tapin_clusters,780.0,900.0
line,65路(北京西站--动物园枢纽站),5,1200.0,5,bus_tapin_clusters,1260.0,1200.0
line,65路(北京西站--动物园枢纽站),6,720.0,12,bus_tapin_clusters,870.0,720.0
line,65路(北京西站--动物园枢纽站),7,600.0,27,bus_tapin_clusters,720.0,600.0
line,65路(北京西站--动物园枢纽站),8,450.0,35,bus_tapin_clusters,540.0,450.0
line,65路(北京西站--动物园枢纽站),9,360.0,36,bus_tapin_clusters,540.0,360.0
line,65路(北京西站--动物园枢纽站),10,720.0,21,bus_tapin_clusters,1080.0,720.0
line,65路(北京西站--动物园枢纽站),11,600.0,26,bus_tapin_clusters,720.0,600.0
line,65路(北京西站--动物园枢纽站),12,1125.0,18,bus_tapin_clusters,1125.0,1200.0
line,65路(北京西站--动物园枢纽站),13,600.0,20,bus_tapin_clusters,660.0,600.0
line,65路(北京西站--动物园枢纽站),14,600.0,21,bus_tapin_clusters,720.0,600.0
line,65路(北京西站--动物园枢纽站),15,514.2857142857143,32,bus_tapin_clusters,570.0,514.2857142857143
line,65路(北京西站--动物园枢纽站),16,720.0,19,bus_tapin_clusters,960.0,720.0
line,65路(北京西站--动物园枢纽站),17,514.2857142857143,24,bus_tapin_clusters,600.0,514.2857142857143
line,65路(北京西站--动物园枢纽站),18,600.0,24,bus_tapin_clusters,600.0,600.0
line,65路(北京西站--动物园枢纽站),19,514.2857142857143,19,bus_tapin_clusters,840.0,514.2857142857143
line,65路(北京西站--动物园枢纽站),20,600.0,18,bus_tapin_clusters,660.0,600.0
line,65路(北京西站--动物园枢纽站),21,810.0,4,bus_tapin_clusters,810.0,1800.0
line,625路(德胜门--二拨子新村),5,660.0,9,bus_tapin_clusters,660.0,1200.0
line,625路(德胜门--二拨子新村),6,480.0,22,bus_tapin_clusters,480.0,514.2857142857143
line,625路(德胜门--二拨子新村),7,360.0,32,bus_tapin_clusters,480.0,360.0
line,625路(德胜门--二拨子新村),8,540.0,20,bus_tapin_clusters,540.0,600.0
line,625路(德胜门--二拨子新村),9,480.0,25,bus_tapin_clusters,480.0,514.2857142857143
line,625路(德胜门--二拨子新村),10,900.0,11,bus_tapin_clusters,1080.0,900.0
line,625路(德胜门--二拨子新村),11,1080.0,9,bus_tapin_clusters,1080.0,1200.0
line,625路(德胜门--二拨子新村),12,1200.0,5,bus_tapin_clusters,1380.0,1200.0
line,625路(德胜门--二拨子新村),13,480.0,6,bus_tapin_clusters,480.0,900.0
line,625路(德胜门--二拨子新村),18,900.0,8,bus_tapin_clusters,960.0,900.0
line,625路(德胜门--二拨子新村),15,600.0,5,bus_tapin_clusters,600.0,1200.0
line,625路(德胜门--二拨子新村),16,600.0,5,bus_tapin_clusters,600.0,720.0
line,625路(德胜门--二拨子新村),17,720.0,7,bus_tapin_clusters,900.0,720.0
line,76路(核桃园东街--张仪村公交场站),5,600.0,13,bus_tapin_clusters,780.0,600.0
line,76路(核桃园东街--张仪村公交场站),6,400.0,24,bus_tapin_clusters,420.0,400.0
line,76路(核桃园东街--张仪村公交场站),7,360.0,42,bus_tapin_clusters,480.0,360.0
line,76路(核桃园东街--张仪村公交场站),8,400.0,39,bus_tapin_clusters,420.0,400.0
line,76路(核桃园东街--张仪村公交场站),9,300.0,47,bus_tapin_clusters,300.0,360.0
line,76路(核桃园东街--张仪村公交场站),10,400.0,40,bus_tapin_clusters,480.0,400.0
line,76路(核桃园东街--张仪村公交场站),11,450.0,32,bus_tapin_clusters,660.0,450.0
line,76路(核桃园东街--张仪村公交场站),12,327.27272727272725,40,bus_tapin_clusters,420.0,327.27272727272725
line,76路(核桃园东街--张仪村公交场站),13,400.0,29,bus_tapin_clusters,600.0,400.0
line,76路(核桃园东街--张仪村公交场站),14,300.0,49,bus_tapin_clusters,420.0,300.0
line,76路(核桃园东街--张仪村公交场站),15,360.0,42,bus_tapin_clusters,405.0,360.0
line,76路(核桃园东街--张仪村公交场站),16,400.0,49,bus_tapin_clusters,420.0,400.0
line,76路(核桃园东街--张仪村公交场站),17,360.0,42,bus_tapin_clusters,480.0,360.0
line,76路(核桃园东街--张仪村公交场站),18,450.0,41,bus_tapin_clusters,480.0,450.0
line,76路(核桃园东街--张仪村公交场站),19,480.0,34,bus_tapin_clusters,480.0,514.2857142857143
line,76路(核桃园东街--张仪村公交场站),20,600.0,13,bus_tapin_clusters,600.0,900.0
line,76路(核桃园东街--张仪村公交场站),21,1620.0,8,bus_tapin_clusters,1620.0,1800.0
line,76路(核桃园东街--张仪村公交场站),22,390.0,6,bus_tapin_clusters,390.0,1200.0
line,36路(天坛南门--华威路南口),8,300.0,19,bus_tapin_clusters,540.0,300.0
line,36路(天坛南门--华威路南口),9,750.0,6,bus_tapin_clusters,750.0,1800.0
line,36路(天坛南门--华威路南口),10,327.27272727272725,22,bus_tapin_clusters,810.0,327.27272727272725
line,36路(天坛南门--华威路南口),11,300.0,12,bus_tapin_clusters,300.0,600.0
line,36路(天坛南门--华威路南口),12,360.0,16,bus_tapin_clusters,360.0,720.0
line,36路(天坛南门--华威路南口),13,240.0,13,bus_tapin_clusters,240.0,327.27272727272725
line,36路(天坛南门--华威路南口),14,480.0,9,bus_tapin_clusters,480.0,900.0
line,36路(天坛南门--华威路南口),15,720.0,9,bus_tapin_clusters,960.0,720.0
line,36路(天坛南门--华威路南口),16,180.0,8,bus_tapin_clusters,180.0,450.0
line,36路(天坛南门--华威路南口),17,450.0,20,bus_tapin_clusters,780.0,450.0
line,36路(天坛南门--华威路南口),18,300.0,8,bus_tapin_clusters,300.0,600.0
line,36路(天坛南门--华威路南口),19,345.0,4,bus_tapin_clusters,345.0,1200.0
line,36路(天坛南门--华威路南口),20,1800.0,2,bus_tapin_clusters,1830.0,1800.0
line,36路(天坛南门--华威路南口),21,270.0,2,bus_tapin_clusters,270.0,1200.0
line,36路(天坛南门--华威路南口),5,1800.0,2,bus_tapin_clusters,2400.0,1800.0
line,83路(怡海花园西门--西单路口南),5,570.0,22,bus_tapin_clusters,570.0,600.0
line,83路(怡海花园西门--西单路口南),6,360.0,44,bus_tapin_clusters,420.0,360.0
line,83路(怡海花园西门--西单路口南),7,300.0,52,bus_tapin_clusters,360.0,300.0
line,83路(怡海花园西门--西单路口南),8,450.0,41,bus_tapin_clusters,450.0,450.0
line,83路(怡海花园西门--西单路口南),9,514.2857142857143,33,bus_tapin_clusters,720.0,514.2857142857143
line,83路(怡海花园西门--西单路口南),10,360.0,47,bus_tapin_clusters,360.0,360.0
line,83路(怡海花园西门--西单路口南),11,360.0,47,bus_tapin_clusters,420.0,360.0
line,83路(怡海花园西门--西单路口南),12,450.0,36,bus_tapin_clusters,450.0,514.2857142857143
line,83路(怡海花园西门--西单路口南),13,450.0,41,bus_tapin_clusters,480.0,450.0
line,83路(怡海花园西门--西单路口南),14,420.0,35,bus_tapin_clusters,420.0,450.0
line,83路(怡海花园西门--西单路口南),15,300.0,43,bus_tapin_clusters,420.0,300.0
line,83路(怡海花园西门--西单路口南),16,300.0,50,bus_tapin_clusters,300.0,300.0
line,83路(怡海花园西门--西单路口南),17,270.0,42,bus_tapin_clusters,270.0,360.0
line,83路(怡海花园西门--西单路口南),18,327.27272727272725,47,bus_tapin_clusters,420.0,327.27272727272725
line,83路(怡海花园西门--西单路口南),19,450.0,37,bus_tapin_clusters,480.0,450.0
line,83路(怡海花园西门--西单路口南),20,600.0,23,bus_tapin_clusters,660.0,600.0
line,83路(怡海花园西门--西单路口南),21,570.0,14,bus_tapin_clusters,570.0,600.0
line,1路(四惠枢纽站--老山公交场站),5,360.0,41,bus_tapin_clusters,360.0,450.0
line,1路(四惠枢纽站--老山公交场站),6,240.0,77,bus_tapin_clusters,240.0,240.0
line,1路(四惠枢纽站--老山公交场站),7,225.0,75,bus_tapin_clusters,240.0,225.0
line,1路(四惠枢纽站--老山公交场站),8,300.0,60,bus_tapin_clusters,300.0,300.0
line,1路(四惠枢纽站--老山公交场站),9,225.0,82,bus_tapin_clusters,240.0,225.0
line,1路(四惠枢纽站--老山公交场站),10,315.0,64,bus_tapin_clusters,315.0,327.27272727272725
line,1路(四惠枢纽站--老山公交场站),11,300.0,69,bus_tapin_clusters,300.0,300.0
line,1路(四惠枢纽站--老山公交场站),12,257.14285714285717,72,bus_tapin_clusters,300.0,257.14285714285717
line,1路(四惠枢纽站--老山公交场站),13,240.0,74,bus_tapin_clusters,240.0,276.9230769230769
line,1路(四惠枢纽站--老山公交场站),14,240.0,70,bus_tapin_clusters,240.0,257.14285714285717
line,1路(四惠枢纽站--老山公交场站),15,240.0,77,bus_tapin_clusters,240.0,257.14285714285717
line,1路(四惠枢纽站--老山公交场站),16,240.0,78,bus_tapin_clusters,240.0,257.14285714285717
line,1路(四惠枢纽站--老山公交场站),17,300.0,66,bus_tapin_clusters,300.0,300.0
line,1路(四惠枢纽站--老山公交场站),18,240.0,75,bus_tapin_clusters,300.0,240.0
line,1路(四惠枢纽站--老山公交场站),19,276.9230769230769,64,bus_tapin_clusters,300.0,276.9230769230769
line,1路(四惠枢纽站--老山公交场站),20,360.0,48,bus_tapin_clusters,360.0,400.0
line,1路(四惠枢纽站--老山公交场站),21,327.27272727272725,57,bus_tapin_clusters,360.0,327.27272727272725
line,1路(四惠枢纽站--老山公交场站),22,450.0,35,bus_tapin_clusters,540.0,450.0
line,104路(地铁柳芳站--北京站西),5,720.0,15,bus_tapin_clusters,720.0,720.0
line,104路(地铁柳芳站--北京站西),6,300.0,44,bus_tapin_clusters,300.0,327.27272727272725
line,104路(地铁柳芳站--北京站西),7,225.0,50,bus_tapin_clusters,270.0,225.0
line,104路(地铁柳芳站--北京站西),8,327.27272727272725,56,bus_tapin_clusters,360.0,327.27272727272725
line,104路(地铁柳芳站--北京站西),9,375.0,42,bus_tapin_clusters,375.0,450.0
line,104路(地铁柳芳站--北京站西),10,300.0,46,bus_tapin_clusters,405.0,300.0
line,104路(地铁柳芳站--北京站西),11,360.0,39,bus_tapin_clusters,480.0,360.0
line,104路(地铁柳芳站--北京站西),12,400.0,37,bus_tapin_clusters,420.0,400.0
line,104路(地铁柳芳站--北京站西),13,450.0,24,bus_tapin_clusters,600.0,450.0
line,104路(地铁柳芳站--北京站西),14,300.0,43,bus_tapin_clusters,390.0,300.0
line,104路(地铁柳芳站--北京站西),15,300.0,32,bus_tapin_clusters,300.0,300.0
line,104路(地铁柳芳站--北京站西),16,300.0,35,bus_tapin_clusters,300.0,327.27272727272725
line,104路(地铁柳芳站--北京站西),17,420.0,33,bus_tapin_clusters,420.0,450.0
line,104路(地铁柳芳站--北京站西),18,270.0,31,bus_tapin_clusters,270.0,450.0
line,104路(地铁柳芳站--北京站西),19,420.0,9,bus_tapin_clusters,420.0,900.0
line,104路(地铁柳芳站--北京站西),20,360.0,16,bus_tapin_clusters,360.0,514.2857142857143
line,104路(地铁柳芳站--北京站西),21,480.0,5,bus_tapin_clusters,480.0,720.0
line,104路(地铁柳芳站--北京站西),22,960.0,3,bus_tapin_clusters,960.0,1200.0
line,108路(大屯东--崇文门),5,1200.0,11,bus_tapin_clusters,1620.0,1200.0
line,108路(大屯东--崇文门),6,240.0,49,bus_tapin_clusters,240.0,257.14285714285717
line,108路(大屯东--崇文门),7,514.2857142857143,33,bus_tapin_clusters,720.0,514.2857142857143
line,108路(大屯东--崇文门),8,540.0,32,bus_tapin_clusters,540.0,600.0
line,108路(大屯东--崇文门),9,420.0,43,bus_tapin_clusters,420.0,450.0
line,108路(大屯东--崇文门),10,400.0,43,bus_tapin_clusters,480.0,400.0
line,108路(大屯东--崇文门),11,600.0,23,bus_tapin_clusters,600.0,600.0
line,108路(大屯东--崇文门),12,360.0,42,bus_tapin_clusters,435.0,360.0
line,108路(大屯东--崇文门),13,450.0,41,bus_tapin_clusters,540.0,450.0
line,108路(大屯东--崇文门),14,514.2857142857143,27,bus_tapin_clusters,660.0,514.2857142857143
line,108路(大屯东--崇文门),15,514.2857142857143,35,bus_tapin_clusters,540.0,514.2857142857143
line,108路(大屯东--崇文门),16,400.0,41,bus_tapin_clusters,420.0,400.0
line,108路(大屯东--崇文门),17,400.0,44,bus_tapin_clusters,540.0,400.0
line,108路(大屯东--崇文门),18,450.0,38,bus_tapin_clusters,600.0,450.0
line,108路(大屯东--崇文门),19,480.0,31,bus_tapin_clusters,480.0,514.2857142857143
line,108路(大屯东--崇文门),20,450.0,35,bus_tapin_clusters,480.0,450.0
line,108路(大屯东--崇文门),21,720.0,19,bus_tapin_clusters,780.0,720.0
line,108路(大屯东--崇文门),22,450.0,7,bus_tapin_clusters,450.0,900.0
line,107路(白石桥东--东直门枢纽站),5,870.0,14,bus_tapin_clusters,870.0,900.0
line,107路(白石桥东--东直门枢纽站),6,276.9230769230769,40,bus_tapin_clusters,300.0,276.9230769230769
line,107路(白石桥东--东直门枢纽站),7,450.0,37,bus_tapin_clusters,540.0,450.0
line,107路(白石桥东--东直门枢纽站),8,300.0,53,bus_tapin_clusters,360.0,300.0
line,107路(白石桥东--东直门枢纽站),9,327.27272727272725,44,bus_tapin_clusters,420.0,327.27272727272725
line,107路(白石桥东--东直门枢纽站),10,327.27272727272725,46,bus_tapin_clusters,360.0,327.27272727272725
line,107路(白石桥东--东直门枢纽站),11,327.27272727272725,39,bus_tapin_clusters,420.0,327.27272727272725
line,107路(白石桥东--东直门枢纽站),12,480.0,28,bus_tapin_clusters,480.0,514.2857142857143
line,107路(白石桥东--东直门枢纽站),13,510.0,27,bus_tapin_clusters,510.0,514.2857142857143
line,107路(白石桥东--东直门枢纽站),14,300.0,32,bus_tapin_clusters,300.0,450.0
line,107路(白石桥东--东直门枢纽站),15,276.9230769230769,34,bus_tapin_clusters,390.0,276.9230769230769
line,107路(白石桥东--东直门枢纽站),16,360.0,40,bus_tapin_clusters,360.0,360.0
line,107路(白石桥东--东直门枢纽站),17,360.0,32,bus_tapin_clusters,420.0,360.0
line,107路(白石桥东--东直门枢纽站),18,327.27272727272725,40,bus_tapin_clusters,330.0,327.27272727272725
line,107路(白石桥东--东直门枢纽站),19,240.0,24,bus_tapin_clusters,240.0,400.0
line,107路(白石桥东--东直门枢纽站),20,360.0,25,bus_tapin_clusters,420.0,360.0
line,107路(白石桥东--东直门枢纽站),21,720.0,12,bus_tapin_clusters,720.0,1200.0
line,107路(白石桥东--东直门枢纽站),22,900.0,3,bus_tapin_clusters,900.0,1200.0
line,916路快车(怀柔汽车站--东直门枢纽站),5,540.0,5,bus_tapin_clusters,540.0,1200.0
line,916路快车(怀柔汽车站--东直门枢纽站),6,1200.0,5,bus_tapin_clusters,2040.0,1200.0
line,916路快车(怀柔汽车站--东直门枢纽站),7,600.0,9,bus_tapin_clusters,600.0,720.0
line,916路快车(怀柔汽车站--东直门枢纽站),8,450.0,13,bus_tapin_clusters,450.0,514.2857142857143
line,916路快车(怀柔汽车站--东直门枢纽站),9,327.27272727272725,18,bus_tapin_clusters,330.0,327.27272727272725
line,916路快车(怀柔汽车站--东直门枢纽站),10,480.0,13,bus_tapin_clusters,480.0,514.2857142857143
line,916路快车(怀柔汽车站--东直门枢纽站),11,600.0,9,bus_tapin_clusters,600.0,720.0
line,916路快车(怀柔汽车站--东直门枢纽站),12,660.0,5,bus_tapin_clusters,660.0,720.0
line,916路快车(怀柔汽车站--东直门枢纽站),13,900.0,4,bus_tapin_clusters,990.0,900.0
line,916路快车(怀柔汽车站--东直门枢纽站),14,480.0,11,bus_tapin_clusters,480.0,600.0
line,916路快车(怀柔汽车站--东直门枢纽站),15,720.0,8,bus_tapin_clusters,840.0,720.0
line,916路快车(怀柔汽车站--东直门枢纽站),16,615.0,10,bus_tapin_clusters,615.0,720.0
line,916路快车(怀柔汽车站--东直门枢纽站),17,450.0,11,bus_tapin_clusters,480.0,450.0
line,916路快车(怀柔汽车站--东直门枢纽站),18,840.0,6,bus_tapin_clusters,840.0,900.0
line,916路快车(怀柔汽车站--东直门枢纽站),19,900.0,3,bus_tapin_clusters,1320.0,900.0
line,414路(地铁海淀五路居站--北京南站南广场),5,1200.0,3,bus_tapin_clusters,1440.0,1200.0
line,414路(地铁海淀五路居站--北京南站南广场),6,555.0,22,bus_tapin_clusters,555.0,720.0
line,414路(地铁海淀五路居站--北京南站南广场),7,400.0,32,bus_tapin_clusters,480.0,400.0
line,414路(地铁海淀五路居站--北京南站南广场),8,400.0,39,bus_tapin_clusters,480.0,400.0
line,414路(地铁海淀五路居站--北京南站南广场),9,720.0,18,bus_tapin_clusters,1170.0,720.0
line,414路(地铁海淀五路居站--北京南站南广场),10,514.2857142857143,31,bus_tapin_clusters,540.0,514.2857142857143
line,414路(地铁海淀五路居站--北京南站南广场),11,720.0,16,bus_tapin_clusters,990.0,720.0
line,414路(地铁海淀五路居站--北京南站南广场),12,360.0,17,bus_tapin_clusters,360.0,514.2857142857143
line,414路(地铁海淀五路居站--北京南站南广场),13,900.0,12,bus_tapin_clusters,1830.0,900.0
line,414路(地铁海淀五路居站--北京南站南广场),14,514.2857142857143,12,bus_tapin_clusters,600.0,514.2857142857143
line,414路(地铁海淀五路居站--北京南站南广场),15,450.0,14,bus_tapin_clusters,450.0,514.2857142857143
line,414路(地铁海淀五路居站--北京南站南广场),16,390.0,25,bus_tapin_clusters,390.0,450.0
line,414路(地铁海淀五路居站--北京南站南广场),17,360.0,10,bus_tapin_clusters,360.0,514.2857142857143
line,414路(地铁海淀五路居站--北京南站南广场),18,540.0,10,bus_tapin_clusters,540.0,720.0
line,414路(地铁海淀五路居站--北京南站南广场),19,450.0,6,bus_tapin_clusters,450.0,900.0
line,9路(金台路口西--金家村桥东),5,360.0,30,bus_tapin_clusters,540.0,360.0
line,9路(金台路口西--金家村桥东),6,327.27272727272725,52,bus_tapin_clusters,390.0,327.27272727272725
line,9路(金台路口西--金家村桥东),7,300.0,55,bus_tapin_clusters,300.0,327.27272727272725
line,9路(金台路口西--金家村桥东),8,300.0,50,bus_tapin_clusters,300.0,327.27272727272725
line,9路(金台路口西--金家村桥东),9,400.0,47,bus_tapin_clusters,450.0,400.0
line,9路(金台路口西--金家村桥东),10,300.0,50,bus_tapin_clusters,420.0,300.0
line,9路(金台路口西--金家村桥东),11,600.0,31,bus_tapin_clusters,600.0,600.0
line,9路(金台路口西--金家村桥东),12,327.27272727272725,50,bus_tapin_clusters,420.0,327.27272727272725
line,9路(金台路口西--金家村桥东),13,300.0,44,bus_tapin_clusters,390.0,300.0
line,9路(金台路口西--金家村桥东),14,327.27272727272725,53,bus_tapin_clusters,360.0,327.27272727272725
line,9路(金台路口西--金家村桥东),15,360.0,49,bus_tapin_clusters,420.0,360.0
line,9路(金台路口西--金家村桥东),16,276.9230769230769,54,bus_tapin_clusters,360.0,276.9230769230769
line,9路(金台路口西--金家村桥东),17,300.0,62,bus_tapin_clusters,300.0,300.0
line,9路(金台路口西--金家村桥东),18,276.9230769230769,51,bus_tapin_clusters,300.0,276.9230769230769
line,9路(金台路口西--金家村桥东),19,360.0,37,bus_tapin_clusters,480.0,360.0
line,9路(金台路口西--金家村桥东),20,450.0,39,bus_tapin_clusters,480.0,450.0
line,9路(金台路口西--金家村桥东),21,540.0,23,bus_tapin_clusters,540.0,600.0
line,9路(金台路口西--金家村桥东),22,720.0,16,bus_tapin_clusters,840.0,720.0
line,114路(白云路--南坞),5,900.0,5,bus_tapin_clusters,900.0,1200.0
line,114路(白云路--南坞),6,300.0,15,bus_tapin_clusters,300.0,450.0
line,114路(白云路--南坞),7,300.0,46,bus_tapin_clusters,300.0,360.0
line,114路(白云路--南坞),8,400.0,36,bus_tapin_clusters,450.0,400.0
line,114路(白云路--南坞),9,300.0,51,bus_tapin_clusters,300.0,360.0
line,114路(白云路--南坞),10,300.0,33,bus_tapin_clusters,300.0,360.0
line,114路(白云路--南坞),11,400.0,40,bus_tapin_clusters,405.0,400.0
line,114路(白云路--南坞),12,360.0,26,bus_tapin_clusters,465.0,360.0
line,114路(白云路--南坞),13,600.0,26,bus_tapin_clusters,720.0,600.0
line,114路(白云路--南坞),14,450.0,25,bus_tapin_clusters,600.0,450.0
line,114路(白云路--南坞),15,327.27272727272725,32,bus_tapin_clusters,540.0,327.27272727272725
line,114路(白云路--南坞),16,480.0,28,bus_tapin_clusters,480.0,514.2857142857143
line,114路(白云路--南坞),17,420.0,33,bus_tapin_clusters,420.0,450.0
line,114路(白云路--南坞),18,360.0,35,bus_tapin_clusters,540.0,360.0
line,114路(白云路--南坞),19,514.2857142857143,28,bus_tapin_clusters,600.0,514.2857142857143
line,114路(白云路--南坞),20,514.2857142857143,26,bus_tapin_clusters,690.0,514.2857142857143
line,114路(白云路--南坞),21,420.0,20,bus_tapin_clusters,420.0,514.2857142857143
line,114路(白云路--南坞),22,1200.0,4,bus_tapin_clusters,1560.0,1200.0
line,387路(慧忠路东口--六圈路西口),5,900.0,13,bus_tapin_clusters,900.0,900.0
line,387路(慧忠路东口--六圈路西口),6,514.2857142857143,36,bus_tapin_clusters,570.0,514.2857142857143
line,387路(慧忠路东口--六圈路西口),7,400.0,41,bus_tapin_clusters,600.0,400.0
line,387路(慧忠路东口--六圈路西口),8,450.0,38,bus_tapin_clusters,510.0,450.0
line,387路(慧忠路东口--六圈路西口),9,450.0,44,bus_tapin_clusters,510.0,450.0
line,387路(慧忠路东口--六圈路西口),10,450.0,37,bus_tapin_clusters,480.0,450.0
line,387路(慧忠路东口--六圈路西口),11,450.0,34,bus_tapin_clusters,600.0,450.0
line,387路(慧忠路东口--六圈路西口),12,450.0,39,bus_tapin_clusters,540.0,450.0
line,387路(慧忠路东口--六圈路西口),13,600.0,28,bus_tapin_clusters,750.0,600.0
line,387路(慧忠路东口--六圈路西口),14,720.0,29,bus_tapin_clusters,840.0,720.0
line,387路(慧忠路东口--六圈路西口),15,514.2857142857143,32,bus_tapin_clusters,630.0,514.2857142857143
line,387路(慧忠路东口--六圈路西口),16,450.0,37,bus_tapin_clusters,480.0,450.0
line,387路(慧忠路东口--六圈路西口),17,360.0,45,bus_tapin_clusters,360.0,450.0
line,387路(慧忠路东口--六圈路西口),18,450.0,38,bus_tapin_clusters,600.0,450.0
line,387路(慧忠路东口--六圈路西口),19,600.0,32,bus_tapin_clusters,750.0,600.0
line,387路(慧忠路东口--六圈路西口),20,514.2857142857143,31,bus_tapin_clusters,600.0,514.2857142857143
line,387路(慧忠路东口--六圈路西口),21,600.0,26,bus_tapin_clusters,900.0,600.0
line,387路(慧忠路东口--六圈路西口),22,1200.0,4,bus_tapin_clusters,1470.0,1200.0
line,845路(地铁东管头南站--狼垡),5,900.0,7,bus_tapin_clusters,900.0,1200.0
line,845路(地铁东管头南站--狼垡),6,900.0,11,bus_tapin_clusters,990.0,900.0
line,845路(地铁东管头南站--狼垡),7,360.0,26,bus_tapin_clusters,570.0,360.0
line,845路(地铁东管头南站--狼垡),8,600.0,29,bus_tapin_clusters,840.0,600.0
line,845路(地铁东管头南站--狼垡),9,810.0,14,bus_tapin_clusters,810.0,900.0
line,845路(地铁东管头南站--狼垡),10,900.0,18,bus_tapin_clusters,1290.0,900.0
line,845路(地铁东管头南站--狼垡),11,1200.0,16,bus_tapin_clusters,1200.0,1200.0
line,845路(地铁东管头南站--狼垡),12,1200.0,13,bus_tapin_clusters,1200.0,1200.0
line,845路(地铁东管头南站--狼垡),13,900.0,19,bus_tapin_clusters,1200.0,900.0
line,845路(地铁东管头南站--狼垡),14,1200.0,13,bus_tapin_clusters,1260.0,1200.0
line,845路(地铁东管头南站--狼垡),15,720.0,16,bus_tapin_clusters,840.0,720.0
line,845路(地铁东管头南站--狼垡),16,660.0,25,bus_tapin_clusters,660.0,720.0
line,845路(地铁东管头南站--狼垡),17,450.0,23,bus_tapin_clusters,480.0,450.0
line,845路(地铁东管头南站--狼垡),18,660.0,25,bus_tapin_clusters,660.0,720.0
line,845路(地铁东管头南站--狼垡),19,1200.0,7,bus_tapin_clusters,1620.0,1200.0
line,845路(地铁东管头南站--狼垡),20,1200.0,4,bus_tapin_clusters,1320.0,1200.0
line,28路(弘燕公交场站--东大桥公交场站),5,480.0,26,bus_tapin_clusters,480.0,600.0
line,28路(弘燕公交场站--东大桥公交场站),6,360.0,44,bus_tapin_clusters,390.0,360.0
line,28路(弘燕公交场站--东大桥公交场站),7,257.14285714285717,61,bus_tapin_clusters,300.0,257.14285714285717
line,28路(弘燕公交场站--东大桥公交场站),8,420.0,32,bus_tapin_clusters,420.0,514.2857142857143
line,28路(弘燕公交场站--东大桥公交场站),9,300.0,46,bus_tapin_clusters,360.0,300.0
line,28路(弘燕公交场站--东大桥公交场站),10,600.0,28,bus_tapin_clusters,690.0,600.0
line,28路(弘燕公交场站--东大桥公交场站),11,360.0,33,bus_tapin_clusters,360.0,514.2857142857143
line,28路(弘燕公交场站--东大桥公交场站),12,300.0,25,bus_tapin_clusters,300.0,450.0
line,28路(弘燕公交场站--东大桥公交场站),13,450.0,32,bus_tapin_clusters,540.0,450.0
line,28路(弘燕公交场站--东大桥公交场站),14,600.0,29,bus_tapin_clusters,780.0,600.0
line,28路(弘燕公交场站--东大桥公交场站),15,390.0,30,bus_tapin_clusters,390.0,450.0
line,28路(弘燕公交场站--东大桥公交场站),16,480.0,37,bus_tapin_clusters,480.0,514.2857142857143
line,28路(弘燕公交场站--东大桥公交场站),17,420.0,41,bus_tapin_clusters,420.0,450.0
line,28路(弘燕公交场站--东大桥公交场站),18,514.2857142857143,34,bus_tapin_clusters,600.0,514.2857142857143
line,28路(弘燕公交场站--东大桥公交场站),19,330.0,36,bus_tapin_clusters,330.0,400.0
line,28路(弘燕公交场站--东大桥公交场站),20,900.0,15,bus_tapin_clusters,900.0,900.0
line,28路(弘燕公交场站--东大桥公交场站),21,1200.0,11,bus_tapin_clusters,1800.0,1200.0
line,60路(龙潭公园--黄寺总政大院),5,180.0,21,bus_tapin_clusters,180.0,300.0
line,60路(龙潭公园--黄寺总政大院),6,400.0,27,bus_tapin_clusters,480.0,400.0
line,60路(龙潭公园--黄寺总政大院),7,257.14285714285717,37,bus_tapin_clusters,300.0,257.14285714285717
line,60路(龙潭公园--黄寺总政大院),8,420.0,25,bus_tapin_clusters,420.0,450.0
line,60路(龙潭公园--黄寺总政大院),9,360.0,31,bus_tapin_clusters,360.0,514.2857142857143
line,60路(龙潭公园--黄寺总政大院),10,360.0,34,bus_tapin_clusters,390.0,360.0
line,60路(龙潭公园--黄寺总政大院),11,300.0,26,bus_tapin_clusters,300.0,514.2857142857143
line,60路(龙潭公园--黄寺总政大院),12,1200.0,9,bus_tapin_clusters,1260.0,1200.0
line,60路(龙潭公园--黄寺总政大院),13,720.0,21,bus_tapin_clusters,900.0,720.0
line,60路(龙潭公园--黄寺总政大院),14,450.0,21,bus_tapin_clusters,660.0,450.0
line,60路(龙潭公园--黄寺总政大院),15,600.0,19,bus_tapin_clusters,720.0,600.0
line,60路(龙潭公园--黄寺总政大院),16,360.0,23,bus_tapin_clusters,420.0,360.0
line,60路(龙潭公园--黄寺总政大院),19,900.0,17,bus_tapin_clusters,1380.0,900.0
line,60路(龙潭公园--黄寺总政大院),17,405.0,14,bus_tapin_clusters,405.0,450.0
line,60路(龙潭公园--黄寺总政大院),20,1200.0,3,bus_tapin_clusters,2460.0,1200.0
line,60路(龙潭公园--黄寺总政大院),21,1800.0,4,bus_tapin_clusters,1800.0,1800.0
line,60路(龙潭公园--黄寺总政大院),18,270.0,7,bus_tapin_clusters,270.0,514.2857142857143
line,348路(大北窑南--大鲁店南口),5,1710.0,2,bus_tapin_clusters,1710.0,1800.0
line,348路(大北窑南--大鲁店南口),6,360.0,5,bus_tapin_clusters,360.0,720.0
line,348路(大北窑南--大鲁店南口),7,600.0,19,bus_tapin_clusters,660.0,600.0
line,348路(大北窑南--大鲁店南口),8,450.0,22,bus_tapin_clusters,510.0,450.0
line,348路(大北窑南--大鲁店南口),9,514.2857142857143,26,bus_tapin_clusters,600.0,514.2857142857143
line,348路(大北窑南--大鲁店南口),10,360.0,26,bus_tapin_clusters,510.0,360.0
line,348路(大北窑南--大鲁店南口),11,327.27272727272725,18,bus_tapin_clusters,450.0,327.27272727272725
line,348路(大北窑南--大鲁店南口),12,720.0,15,bus_tapin_clusters,750.0,720.0
line,348路(大北窑南--大鲁店南口),13,1200.0,8,bus_tapin_clusters,1290.0,1200.0
line,348路(大北窑南--大鲁店南口),14,600.0,11,bus_tapin_clusters,600.0,600.0
line,348路(大北窑南--大鲁店南口),15,450.0,22,bus_tapin_clusters,480.0,450.0
line,348路(大北窑南--大鲁店南口),16,400.0,27,bus_tapin_clusters,480.0,400.0
line,348路(大北窑南--大鲁店南口),17,327.27272727272725,24,bus_tapin_clusters,480.0,327.27272727272725
line,348路(大北窑南--大鲁店南口),18,514.2857142857143,22,bus_tapin_clusters,630.0,514.2857142857143
line,348路(大北窑南--大鲁店南口),19,600.0,13,bus_tapin_clusters,750.0,600.0
line,348路(大北窑南--大鲁店南口),20,600.0,23,bus_tapin_clusters,630.0,600.0
line,348路(大北窑南--大鲁店南口),21,720.0,12,bus_tapin_clusters,1005.0,720.0
line,348路(大北窑南--大鲁店南口),22,780.0,3,bus_tapin_clusters,780.0,900.0
line,403路(环行铁道--北京站东街),5,780.0,11,bus_tapin_clusters,780.0,1200.0
line,403路(环行铁道--北京站东街),6,600.0,27,bus_tapin_clusters,780.0,600.0
line,403路(环行铁道--北京站东街),7,540.0,28,bus_tapin_clusters,540.0,600.0
line,403路(环行铁道--北京站东街),8,514.2857142857143,35,bus_tapin_clusters,570.0,514.2857142857143
line,403路(环行铁道--北京站东街),9,600.0,24,bus_tapin_clusters,1020.0,600.0
line,403路(环行铁道--北京站东街),10,690.0,20,bus_tapin_clusters,690.0,900.0
line,403路(环行铁道--北京站东街),11,720.0,25,bus_tapin_clusters,900.0,720.0
line,403路(环行铁道--北京站东街),12,720.0,20,bus_tapin_clusters,1110.0,720.0
line,403路(环行铁道--北京站东街),13,720.0,27,bus_tapin_clusters,720.0,720.0
line,403路(环行铁道--北京站东街),14,514.2857142857143,19,bus_tapin_clusters,780.0,514.2857142857143
line,403路(环行铁道--北京站东街),15,480.0,29,bus_tapin_clusters,480.0,514.2857142857143
line,403路(环行铁道--北京站东街),16,514.2857142857143,24,bus_tapin_clusters,720.0,514.2857142857143
line,403路(环行铁道--北京站东街),17,600.0,22,bus_tapin_clusters,1080.0,600.0
line,403路(环行铁道--北京站东街),18,720.0,20,bus_tapin_clusters,1080.0,720.0
line,403路(环行铁道--北京站东街),19,600.0,19,bus_tapin_clusters,720.0,600.0
line,403路(环行铁道--北京站东街),21,1200.0,6,bus_tapin_clusters,1440.0,1200.0
line,403路(环行铁道--北京站东街),20,660.0,9,bus_tapin_clusters,660.0,900.0
line,982路(北京西站南广场--土井村西口),5,900.0,4,bus_tapin_clusters,990.0,900.0
line,982路(北京西站南广场--土井村西口),6,450.0,13,bus_tapin_clusters,540.0,450.0
line,982路(北京西站南广场--土井村西口),7,276.9230769230769,25,bus_tapin_clusters,480.0,276.9230769230769
line,982路(北京西站南广场--土井村西口),8,900.0,10,bus_tapin_clusters,1320.0,900.0
line,982路(北京西站南广场--土井村西口),9,450.0,16,bus_tapin_clusters,525.0,450.0
line,982路(北京西站南广场--土井村西口),10,400.0,22,bus_tapin_clusters,675.0,400.0
line,982路(北京西站南广场--土井村西口),11,450.0,20,bus_tapin_clusters,660.0,450.0
line,982路(北京西站南广场--土井村西口),12,480.0,13,bus_tapin_clusters,480.0,514.2857142857143
line,982路(北京西站南广场--土井村西口),13,514.2857142857143,17,bus_tapin_clusters,600.0,514.2857142857143
line,982路(北京西站南广场--土井村西口),14,450.0,16,bus_tapin_clusters,570.0,450.0
line,982路(北京西站南广场--土井村西口),15,514.2857142857143,13,bus_tapin_clusters,780.0,514.2857142857143
line,982路(北京西站南广场--土井村西口),16,360.0,18,bus_tapin_clusters,420.0,360.0
line,982路(北京西站南广场--土井村西口),17,720.0,15,bus_tapin_clusters,780.0,720.0
line,982路(北京西站南广场--土井村西口),18,327.27272727272725,20,bus_tapin_clusters,420.0,327.27272727272725
line,982路(北京西站南广场--土井村西口),19,400.0,11,bus_tapin_clusters,600.0,400.0
line,982路(北京西站南广场--土井村西口),20,450.0,11,bus_tapin_clusters,480.0,450.0
line,973路(大瓦窑公交场站--东窑村),5,600.0,20,bus_tapin_clusters,600.0,720.0
line,973路(大瓦窑公交场站--东窑村),6,300.0,41,bus_tapin_clusters,540.0,300.0
line,973路(大瓦窑公交场站--东窑村),7,450.0,33,bus_tapin_clusters,660.0,450.0
line,973路(大瓦窑公交场站--东窑村),8,300.0,49,bus_tapin_clusters,420.0,300.0
line,973路(大瓦窑公交场站--东窑村),9,600.0,29,bus_tapin_clusters,660.0,600.0
line,973路(大瓦窑公交场站--东窑村),10,720.0,29,bus_tapin_clusters,780.0,720.0
line,973路(大瓦窑公交场站--东窑村),11,720.0,25,bus_tapin_clusters,840.0,720.0
line,973路(大瓦窑公交场站--东窑村),12,514.2857142857143,27,bus_tapin_clusters,960.0,514.2857142857143
line,973路(大瓦窑公交场站--东窑村),13,720.0,23,bus_tapin_clusters,900.0,720.0
line,973路(大瓦窑公交场站--东窑村),14,600.0,29,bus_tapin_clusters,840.0,600.0
line,973路(大瓦窑公交场站--东窑村),15,720.0,20,bus_tapin_clusters,960.0,720.0
line,973路(大瓦窑公交场站--东窑村),16,514.2857142857143,32,bus_tapin_clusters,690.0,514.2857142857143
line,973路(大瓦窑公交场站--东窑村),17,600.0,32,bus_tapin_clusters,690.0,600.0
line,973路(大瓦窑公交场站--东窑村),18,514.2857142857143,31,bus_tapin_clusters,660.0,514.2857142857143
line,973路(大瓦窑公交场站--东窑村),19,720.0,26,bus_tapin_clusters,870.0,720.0
line,973路(大瓦窑公交场站--东窑村),20,900.0,19,bus_tapin_clusters,960.0,900.0
line,973路(大瓦窑公交场站--东窑村),21,900.0,10,bus_tapin_clusters,1050.0,900.0
line,337路(公主坟西--石景山),5,900.0,5,bus_tapin_clusters,900.0,1200.0
line,337路(公主坟西--石景山),6,360.0,15,bus_tapin_clusters,420.0,360.0
line,337路(公主坟西--石景山),7,540.0,12,bus_tapin_clusters,540.0,600.0
line,337路(公主坟西--石景山),8,405.0,12,bus_tapin_clusters,405.0,450.0
line,337路(公主坟西--石景山),9,360.0,13,bus_tapin_clusters,360.0,514.2857142857143
line,337路(公主坟西--石景山),10,360.0,15,bus_tapin_clusters,360.0,400.0
line,337路(公主坟西--石景山),11,315.0,10,bus_tapin_clusters,315.0,514.2857142857143
line,337路(公主坟西--石景山),12,360.0,12,bus_tapin_clusters,360.0,600.0
line,337路(公主坟西--石景山),13,540.0,8,bus_tapin_clusters,540.0,900.0
line,337路(公主坟西--石景山),14,600.0,10,bus_tapin_clusters,750.0,600.0
line,337路(公主坟西--石景山),15,900.0,7,bus_tapin_clusters,1260.0,900.0
line,337路(公主坟西--石景山),16,720.0,8,bus_tapin_clusters,750.0,720.0
line,337路(公主坟西--石景山),17,360.0,15,bus_tapin_clusters,420.0,360.0
line,337路(公主坟西--石景山),18,660.0,8,bus_tapin_clusters,660.0,720.0
line,337路(公主坟西--石景山),19,900.0,8,bus_tapin_clusters,1050.0,900.0
line,337路(公主坟西--石景山),20,1200.0,3,bus_tapin_clusters,1380.0,1200.0
line,337路(公主坟西--石景山),21,690.0,2,bus_tapin_clusters,690.0,1200.0
line,43路(团结湖--五间楼),5,1200.0,3,bus_tapin_clusters,1440.0,1200.0
line,43路(团结湖--五间楼),6,870.0,10,bus_tapin_clusters,870.0,900.0
line,43路(团结湖--五间楼),7,600.0,22,bus_tapin_clusters,750.0,600.0
line,43路(团结湖--五间楼),8,1020.0,16,bus_tapin_clusters,1020.0,1200.0
line,43路(团结湖--五间楼),9,900.0,17,bus_tapin_clusters,1440.0,900.0
line,43路(团结湖--五间楼),10,600.0,25,bus_tapin_clusters,600.0,600.0
line,43路(团结湖--五间楼),11,514.2857142857143,24,bus_tapin_clusters,960.0,514.2857142857143
line,43路(团结湖--五间楼),12,270.0,5,bus_tapin_clusters,270.0,900.0
line,43路(团结湖--五间楼),13,600.0,16,bus_tapin_clusters,630.0,600.0
line,43路(团结湖--五间楼),14,600.0,22,bus_tapin_clusters,930.0,600.0
line,43路(团结湖--五间楼),15,600.0,25,bus_tapin_clusters,720.0,600.0
line,43路(团结湖--五间楼),16,360.0,21,bus_tapin_clusters,360.0,600.0
line,43路(团结湖--五间楼),17,514.2857142857143,27,bus_tapin_clusters,960.0,514.2857142857143
line,43路(团结湖--五间楼),18,514.2857142857143,23,bus_tapin_clusters,900.0,514.2857142857143
line,43路(团结湖--五间楼),19,600.0,28,bus_tapin_clusters,780.0,600.0
line,43路(团结湖--五间楼),20,570.0,20,bus_tapin_clusters,570.0,720.0
line,43路(团结湖--五间楼),21,1200.0,9,bus_tapin_clusters,1740.0,1200.0
line,43路(团结湖--五间楼),22,1800.0,2,bus_tapin_clusters,2010.0,1800.0
line,41路(金蝉西路南口--东单路口南),5,514.2857142857143,29,bus_tapin_clusters,600.0,514.2857142857143
line,41路(金蝉西路南口--东单路口南),6,276.9230769230769,59,bus_tapin_clusters,360.0,276.9230769230769
line,41路(金蝉西路南口--东单路口南),7,360.0,52,bus_tapin_clusters,360.0,360.0
line,41路(金蝉西路南口--东单路口南),8,276.9230769230769,71,bus_tapin_clusters,300.0,276.9230769230769
line,41路(金蝉西路南口--东单路口南),9,300.0,47,bus_tapin_clusters,300.0,360.0
line,41路(金蝉西路南口--东单路口南),10,400.0,47,bus_tapin_clusters,420.0,400.0
line,41路(金蝉西路南口--东单路口南),11,450.0,40,bus_tapin_clusters,480.0,450.0
line,41路(金蝉西路南口--东单路口南),12,400.0,46,bus_tapin_clusters,420.0,400.0
line,41路(金蝉西路南口--东单路口南),13,720.0,25,bus_tapin_clusters,780.0,720.0
line,41路(金蝉西路南口--东单路口南),14,450.0,42,bus_tapin_clusters,600.0,450.0
line,41路(金蝉西路南口--东单路口南),15,510.0,34,bus_tapin_clusters,510.0,514.2857142857143
line,41路(金蝉西路南口--东单路口南),16,257.14285714285717,67,bus_tapin_clusters,300.0,257.14285714285717
line,41路(金蝉西路南口--东单路口南),17,300.0,59,bus_tapin_clusters,360.0,300.0
line,41路(金蝉西路南口--东单路口南),18,400.0,47,bus_tapin_clusters,420.0,400.0
line,41路(金蝉西路南口--东单路口南),19,450.0,37,bus_tapin_clusters,540.0,450.0
line,41路(金蝉西路南口--东单路口南),20,514.2857142857143,31,bus_tapin_clusters,600.0,514.2857142857143
line,41路(金蝉西路南口--东单路口南),21,514.2857142857143,24,bus_tapin_clusters,660.0,514.2857142857143
line,41路(金蝉西路南口--东单路口南),22,900.0,12,bus_tapin_clusters,930.0,900.0
line,82路(国家体育场东--前门),5,720.0,13,bus_tapin_clusters,780.0,720.0
line,82路(国家体育场东--前门),6,600.0,18,bus_tapin_clusters,600.0,720.0
line,82路(国家体育场东--前门),7,600.0,21,bus_tapin_clusters,900.0,600.0
line,82路(国家体育场东--前门),8,450.0,36,bus_tapin_clusters,540.0,450.0
line,82路(国家体育场东--前门),9,600.0,24,bus_tapin_clusters,750.0,600.0
line,82路(国家体育场东--前门),10,514.2857142857143,30,bus_tapin_clusters,600.0,514.2857142857143
line,82路(国家体育场东--前门),11,600.0,19,bus_tapin_clusters,840.0,600.0
line,82路(国家体育场东--前门),12,720.0,20,bus_tapin_clusters,750.0,720.0
line,82路(国家体育场东--前门),13,514.2857142857143,25,bus_tapin_clusters,720.0,514.2857142857143
line,82路(国家体育场东--前门),14,600.0,22,bus_tapin_clusters,720.0,600.0
line,82路(国家体育场东--前门),15,720.0,20,bus_tapin_clusters,840.0,720.0
line,82路(国家体育场东--前门),16,600.0,28,bus_tapin_clusters,750.0,600.0
line,82路(国家体育场东--前门),17,660.0,18,bus_tapin_clusters,660.0,900.0
line,82路(国家体育场东--前门),18,400.0,27,bus_tapin_clusters,660.0,400.0
line,82路(国家体育场东--前门),19,720.0,16,bus_tapin_clusters,870.0,720.0
line,82路(国家体育场东--前门),20,810.0,7,bus_tapin_clusters,810.0,1200.0
line,335路(前泥洼--地铁海淀五路居站),5,1800.0,2,bus_tapin_clusters,2850.0,1800.0
line,335路(前泥洼--地铁海淀五路居站),6,1200.0,7,bus_tapin_clusters,1260.0,1200.0
line,335路(前泥洼--地铁海淀五路居站),7,600.0,7,bus_tapin_clusters,600.0,900.0
line,335路(前泥洼--地铁海淀五路居站),8,360.0,11,bus_tapin_clusters,360.0,600.0
line,335路(前泥洼--地铁海淀五路居站),9,720.0,7,bus_tapin_clusters,1380.0,720.0
line,335路(前泥洼--地铁海淀五路居站),10,1800.0,6,bus_tapin_clusters,2130.0,1800.0
line,335路(前泥洼--地铁海淀五路居站),11,900.0,5,bus_tapin_clusters,900.0,1200.0
line,335路(前泥洼--地铁海淀五路居站),12,1200.0,11,bus_tapin_clusters,1740.0,1200.0
line,335路(前泥洼--地铁海淀五路居站),13,1200.0,15,bus_tapin_clusters,1200.0,1200.0
line,335路(前泥洼--地铁海淀五路居站),14,900.0,19,bus_tapin_clusters,1080.0,900.0
line,335路(前泥洼--地铁海淀五路居站),16,1200.0,11,bus_tapin_clusters,1800.0,1200.0
line,335路(前泥洼--地铁海淀五路居站),18,900.0,14,bus_tapin_clusters,1080.0,900.0
line,335路(前泥洼--地铁海淀五路居站),19,720.0,12,bus_tapin_clusters,1110.0,720.0
line,335路(前泥洼--地铁海淀五路居站),20,1200.0,3,bus_tapin_clusters,1260.0,1200.0
line,335路(前泥洼--地铁海淀五路居站),17,900.0,10,bus_tapin_clusters,1140.0,900.0
line,335路(前泥洼--地铁海淀五路居站),21,1020.0,5,bus_tapin_clusters,1020.0,1200.0
line,335路(前泥洼--地铁海淀五路居站),15,900.0,5,bus_tapin_clusters,900.0,900.0
line,820路(大地公交场站--莲花池南路),5,720.0,20,bus_tapin_clusters,780.0,720.0
line,820路(大地公交场站--莲花池南路),6,360.0,43,bus_tapin_clusters,360.0,360.0
line,820路(大地公交场站--莲花池南路),7,450.0,41,bus_tapin_clusters,480.0,450.0
line,820路(大地公交场站--莲花池南路),8,390.0,42,bus_tapin_clusters,390.0,400.0
line,820路(大地公交场站--莲花池南路),9,420.0,42,bus_tapin_clusters,420.0,450.0
line,820路(大地公交场站--莲花池南路),10,400.0,35,bus_tapin_clusters,540.0,400.0
line,820路(大地公交场站--莲花池南路),11,450.0,39,bus_tapin_clusters,540.0,450.0
line,820路(大地公交场站--莲花池南路),12,720.0,25,bus_tapin_clusters,900.0,720.0
line,820路(大地公交场站--莲花池南路),13,514.2857142857143,36,bus_tapin_clusters,540.0,514.2857142857143
line,820路(大地公交场站--莲花池南路),14,400.0,39,bus_tapin_clusters,660.0,400.0
line,820路(大地公交场站--莲花池南路),15,480.0,35,bus_tapin_clusters,480.0,514.2857142857143
line,820路(大地公交场站--莲花池南路),16,514.2857142857143,36,bus_tapin_clusters,720.0,514.2857142857143
line,820路(大地公交场站--莲花池南路),17,400.0,48,bus_tapin_clusters,480.0,400.0
line,820路(大地公交场站--莲花池南路),18,514.2857142857143,38,bus_tapin_clusters,570.0,514.2857142857143
line,820路(大地公交场站--莲花池南路),19,600.0,30,bus_tapin_clusters,810.0,600.0
line,820路(大地公交场站--莲花池南路),20,1080.0,2,bus_tapin_clusters,1080.0,1200.0
line,18路(惠新东桥南--国际展览中心),5,1200.0,3,bus_tapin_clusters,1560.0,1200.0
line,18路(惠新东桥南--国际展览中心),6,720.0,18,bus_tapin_clusters,870.0,720.0
line,18路(惠新东桥南--国际展览中心),7,240.0,35,bus_tapin_clusters,540.0,240.0
line,18路(惠新东桥南--国际展览中心),8,276.9230769230769,33,bus_tapin_clusters,540.0,276.9230769230769
line,18路(惠新东桥南--国际展览中心),9,360.0,31,bus_tapin_clusters,480.0,360.0
line,18路(惠新东桥南--国际展览中心),10,514.2857142857143,25,bus_tapin_clusters,1080.0,514.2857142857143
line,18路(惠新东桥南--国际展览中心),12,600.0,14,bus_tapin_clusters,1575.0,600.0
line,18路(惠新东桥南--国际展览中心),13,900.0,13,bus_tapin_clusters,1620.0,900.0
line,18路(惠新东桥南--国际展览中心),14,514.2857142857143,15,bus_tapin_clusters,1560.0,514.2857142857143
line,18路(惠新东桥南--国际展览中心),15,600.0,18,bus_tapin_clusters,900.0,600.0
line,18路(惠新东桥南--国际展览中心),16,600.0,25,bus_tapin_clusters,780.0,600.0
line,18路(惠新东桥南--国际展览中心),17,360.0,32,bus_tapin_clusters,570.0,360.0
line,18路(惠新东桥南--国际展览中心),18,900.0,21,bus_tapin_clusters,900.0,900.0
line,18路(惠新东桥南--国际展览中心),19,720.0,18,bus_tapin_clusters,1605.0,720.0
line,18路(惠新东桥南--国际展览中心),20,720.0,12,bus_tapin_clusters,900.0,720.0
line,18路(惠新东桥南--国际展览中心),11,1800.0,6,bus_tapin_clusters,1980.0,1800.0
line,18路(惠新东桥南--国际展览中心),21,1200.0,4,bus_tapin_clusters,1200.0,1200.0
line,5路(菜户营桥--北土城公交场站),5,480.0,14,bus_tapin_clusters,480.0,514.2857142857143
line,5路(菜户营桥--北土城公交场站),6,327.27272727272725,35,bus_tapin_clusters,540.0,327.27272727272725
line,5路(菜户营桥--北土城公交场站),7,276.9230769230769,40,bus_tapin_clusters,360.0,276.9230769230769
line,5路(菜户营桥--北土城公交场站),8,276.9230769230769,43,bus_tapin_clusters,360.0,276.9230769230769
line,5路(菜户营桥--北土城公交场站),9,257.14285714285717,52,bus_tapin_clusters,360.0,257.14285714285717
line,5路(菜户营桥--北土城公交场站),10,257.14285714285717,41,bus_tapin_clusters,420.0,257.14285714285717
line,5路(菜户营桥--北土城公交场站),11,257.14285714285717,36,bus_tapin_clusters,450.0,257.14285714285717
line,5路(菜户营桥--北土城公交场站),12,400.0,32,bus_tapin_clusters,660.0,400.0
line,5路(菜户营桥--北土城公交场站),13,327.27272727272725,41,bus_tapin_clusters,480.0,327.27272727272725
line,5路(菜户营桥--北土城公交场站),14,514.2857142857143,34,bus_tapin_clusters,690.0,514.2857142857143
line,5路(菜户营桥--北土城公交场站),15,600.0,27,bus_tapin_clusters,810.0,600.0
line,5路(菜户营桥--北土城公交场站),16,510.0,30,bus_tapin_clusters,510.0,514.2857142857143
line,5路(菜户营桥--北土城公交场站),17,600.0,28,bus_tapin_clusters,780.0,600.0
line,5路(菜户营桥--北土城公交场站),18,450.0,29,bus_tapin_clusters,600.0,450.0
line,5路(菜户营桥--北土城公交场站),19,600.0,29,bus_tapin_clusters,660.0,600.0
line,5路(菜户营桥--北土城公交场站),20,514.2857142857143,26,bus_tapin_clusters,720.0,514.2857142857143
line,5路(菜户营桥--北土城公交场站),21,720.0,7,bus_tapin_clusters,960.0,720.0
line,321路(南宫南站--六里桥东),5,360.0,7,bus_tapin_clusters,360.0,514.2857142857143
line,321路(南宫南站--六里桥东),6,600.0,6,bus_tapin_clusters,660.0,600.0
line,321路(南宫南站--六里桥东),7,300.0,7,bus_tapin_clusters,300.0,514.2857142857143
line,321路(南宫南站--六里桥东),8,300.0,8,bus_tapin_clusters,300.0,450.0
line,321路(南宫南站--六里桥东),9,870.0,4,bus_tapin_clusters,870.0,900.0
line,321路(南宫南站--六里桥东),10,780.0,4,bus_tapin_clusters,780.0,900.0
line,321路(南宫南站--六里桥东),11,900.0,4,bus_tapin_clusters,960.0,900.0
line,321路(南宫南站--六里桥东),14,600.0,3,bus_tapin_clusters,600.0,900.0
line,321路(南宫南站--六里桥东),16,690.0,4,bus_tapin_clusters,690.0,900.0
line,321路(南宫南站--六里桥东),17,300.0,7,bus_tapin_clusters,300.0,514.2857142857143
line,321路(南宫南站--六里桥东),18,600.0,5,bus_tapin_clusters,600.0,720.0
line,321路(南宫南站--六里桥东),19,360.0,7,bus_tapin_clusters,360.0,514.2857142857143
line,59路(菜户营桥--前门),6,514.2857142857143,29,bus_tapin_clusters,540.0,514.2857142857143
line,59路(菜户营桥--前门),7,360.0,36,bus_tapin_clusters,360.0,450.0
line,59路(菜户营桥--前门),8,327.27272727272725,35,bus_tapin_clusters,540.0,327.27272727272725
line,59路(菜户营桥--前门),9,360.0,26,bus_tapin_clusters,360.0,514.2857142857143
line,59路(菜户营桥--前门),10,300.0,35,bus_tapin_clusters,720.0,300.0
line,59路(菜户营桥--前门),11,600.0,28,bus_tapin_clusters,600.0,720.0
line,59路(菜户营桥--前门),12,514.2857142857143,31,bus_tapin_clusters,570.0,514.2857142857143
line,59路(菜户营桥--前门),13,600.0,28,bus_tapin_clusters,600.0,600.0
line,59路(菜户营桥--前门),14,240.0,16,bus_tapin_clusters,240.0,720.0
line,59路(菜户营桥--前门),15,514.2857142857143,32,bus_tapin_clusters,720.0,514.2857142857143
line,59路(菜户营桥--前门),16,420.0,29,bus_tapin_clusters,420.0,600.0
line,59路(菜户营桥--前门),17,600.0,31,bus_tapin_clusters,720.0,600.0
line,59路(菜户营桥--前门),18,514.2857142857143,30,bus_tapin_clusters,540.0,514.2857142857143
line,59路(菜户营桥--前门),19,330.0,15,bus_tapin_clusters,330.0,720.0
line,59路(菜户营桥--前门),20,720.0,17,bus_tapin_clusters,1020.0,720.0
line,59路(菜户营桥--前门),21,1200.0,8,bus_tapin_clusters,1200.0,1200.0
line,59路(菜户营桥--前门),22,1800.0,2,bus_tapin_clusters,1860.0,1800.0
line,59路(菜户营桥--前门),5,514.2857142857143,11,bus_tapin_clusters,540.0,514.2857142857143
line,65路(动物园枢纽站--北京西站),6,1170.0,10,bus_tapin_clusters,1170.0,1200.0
line,65路(动物园枢纽站--北京西站),7,600.0,24,bus_tapin_clusters,660.0,600.0
line,65路(动物园枢纽站--北京西站),8,400.0,32,bus_tapin_clusters,570.0,400.0
line,65路(动物园枢纽站--北京西站),9,480.0,36,bus_tapin_clusters,480.0,514.2857142857143
line,65路(动物园枢纽站--北京西站),10,514.2857142857143,35,bus_tapin_clusters,600.0,514.2857142857143
line,65路(动物园枢纽站--北京西站),11,900.0,21,bus_tapin_clusters,990.0,900.0
line,65路(动物园枢纽站--北京西站),12,720.0,24,bus_tapin_clusters,810.0,720.0
line,65路(动物园枢纽站--北京西站),13,660.0,18,bus_tapin_clusters,660.0,900.0
line,65路(动物园枢纽站--北京西站),14,514.2857142857143,27,bus_tapin_clusters,720.0,514.2857142857143
line,65路(动物园枢纽站--北京西站),15,720.0,20,bus_tapin_clusters,1260.0,720.0
line,65路(动物园枢纽站--北京西站),16,450.0,23,bus_tapin_clusters,540.0,450.0
line,65路(动物园枢纽站--北京西站),17,400.0,29,bus_tapin_clusters,630.0,400.0
line,65路(动物园枢纽站--北京西站),18,720.0,25,bus_tapin_clusters,870.0,720.0
line,65路(动物园枢纽站--北京西站),19,840.0,17,bus_tapin_clusters,840.0,900.0
line,65路(动物园枢纽站--北京西站),20,900.0,16,bus_tapin_clusters,1260.0,900.0
line,65路(动物园枢纽站--北京西站),21,780.0,9,bus_tapin_clusters,780.0,900.0
line,65路(动物园枢纽站--北京西站),5,1260.0,4,bus_tapin_clusters,1260.0,1800.0
line,65路(动物园枢纽站--北京西站),22,1440.0,2,bus_tapin_clusters,1440.0,1800.0
line,35路(天桥--小郊亭公交场站),6,780.0,19,bus_tapin_clusters,780.0,900.0
line,35路(天桥--小郊亭公交场站),7,514.2857142857143,22,bus_tapin_clusters,870.0,514.2857142857143
line,35路(天桥--小郊亭公交场站),8,720.0,26,bus_tapin_clusters,780.0,720.0
line,35路(天桥--小郊亭公交场站),9,540.0,18,bus_tapin_clusters,540.0,720.0
line,35路(天桥--小郊亭公交场站),10,600.0,28,bus_tapin_clusters,780.0,600.0
line,35路(天桥--小郊亭公交场站),11,900.0,19,bus_tapin_clusters,900.0,900.0
line,35路(天桥--小郊亭公交场站),12,1800.0,8,bus_tapin_clusters,2250.0,1800.0
line,35路(天桥--小郊亭公交场站),13,420.0,11,bus_tapin_clusters,420.0,900.0
line,35路(天桥--小郊亭公交场站),14,600.0,25,bus_tapin_clusters,660.0,600.0
line,35路(天桥--小郊亭公交场站),15,840.0,17,bus_tapin_clusters,840.0,900.0
line,35路(天桥--小郊亭公交场站),16,514.2857142857143,30,bus_tapin_clusters,630.0,514.2857142857143
line,35路(天桥--小郊亭公交场站),17,514.2857142857143,27,bus_tapin_clusters,660.0,514.2857142857143
line,35路(天桥--小郊亭公交场站),18,600.0,29,bus_tapin_clusters,720.0,600.0
line,35路(天桥--小郊亭公交场站),19,450.0,25,bus_tapin_clusters,540.0,450.0
line,35路(天桥--小郊亭公交场站),20,300.0,9,bus_tapin_clusters,300.0,720.0
line,35路(天桥--小郊亭公交场站),21,900.0,8,bus_tapin_clusters,1260.0,900.0
line,35路(天桥--小郊亭公交场站),5,1410.0,4,bus_tapin_clusters,1410.0,1800.0
line,8路(金蝉西路南口--前门),5,450.0,12,bus_tapin_clusters,450.0,900.0
line,8路(金蝉西路南口--前门),6,600.0,34,bus_tapin_clusters,660.0,600.0
line,8路(金蝉西路南口--前门),7,420.0,36,bus_tapin_clusters,420.0,450.0
line,8路(金蝉西路南口--前门),8,420.0,29,bus_tapin_clusters,420.0,600.0
line,8路(金蝉西路南口--前门),9,900.0,9,bus_tapin_clusters,900.0,900.0
line,8路(金蝉西路南口--前门),10,450.0,39,bus_tapin_clusters,480.0,450.0
line,8路(金蝉西路南口--前门),11,600.0,26,bus_tapin_clusters,780.0,600.0
line,8路(金蝉西路南口--前门),12,600.0,30,bus_tapin_clusters,630.0,600.0
line,8路(金蝉西路南口--前门),13,780.0,15,bus_tapin_clusters,780.0,1200.0
line,8路(金蝉西路南口--前门),14,810.0,14,bus_tapin_clusters,810.0,1200.0
line,8路(金蝉西路南口--前门),15,276.9230769230769,47,bus_tapin_clusters,420.0,276.9230769230769
line,8路(金蝉西路南口--前门),16,600.0,28,bus_tapin_clusters,780.0,600.0
line,8路(金蝉西路南口--前门),17,600.0,29,bus_tapin_clusters,660.0,600.0
line,8路(金蝉西路南口--前门),18,720.0,21,bus_tapin_clusters,840.0,720.0
line,8路(金蝉西路南口--前门),19,400.0,25,bus_tapin_clusters,600.0,400.0
line,8路(金蝉西路南口--前门),20,1200.0,14,bus_tapin_clusters,1410.0,1200.0
line,8路(金蝉西路南口--前门),21,840.0,11,bus_tapin_clusters,840.0,900.0
line,5路(北土城公交场站--菜户营桥),6,720.0,20,bus_tapin_clusters,780.0,720.0
line,5路(北土城公交场站--菜户营桥),7,514.2857142857143,27,bus_tapin_clusters,540.0,514.2857142857143
line,5路(北土城公交场站--菜户营桥),8,400.0,34,bus_tapin_clusters,480.0,400.0
line,5路(北土城公交场站--菜户营桥),9,327.27272727272725,31,bus_tapin_clusters,480.0,327.27272727272725
line,5路(北土城公交场站--菜户营桥),10,327.27272727272725,41,bus_tapin_clusters,480.0,327.27272727272725
line,5路(北土城公交场站--菜户营桥),11,360.0,37,bus_tapin_clusters,450.0,360.0
line,5路(北土城公交场站--菜户营桥),12,660.0,29,bus_tapin_clusters,660.0,720.0
line,5路(北土城公交场站--菜户营桥),13,327.27272727272725,29,bus_tapin_clusters,480.0,327.27272727272725
line,5路(北土城公交场站--菜户营桥),14,400.0,44,bus_tapin_clusters,435.0,400.0
line,5路(北土城公交场站--菜户营桥),15,450.0,28,bus_tapin_clusters,690.0,450.0
line,5路(北土城公交场站--菜户营桥),16,450.0,37,bus_tapin_clusters,600.0,450.0
line,5路(北土城公交场站--菜户营桥),17,600.0,23,bus_tapin_clusters,780.0,600.0
line,5路(北土城公交场站--菜户营桥),18,514.2857142857143,30,bus_tapin_clusters,720.0,514.2857142857143
line,5路(北土城公交场站--菜户营桥),19,600.0,31,bus_tapin_clusters,600.0,600.0
line,5路(北土城公交场站--菜户营桥),20,720.0,20,bus_tapin_clusters,1080.0,720.0
line,5路(北土城公交场站--菜户营桥),21,900.0,11,bus_tapin_clusters,1020.0,900.0
line,5路(北土城公交场站--菜户营桥),5,180.0,4,bus_tapin_clusters,180.0,900.0
line,116路(龙潭公园--地铁柳芳站),5,1020.0,7,bus_tapin_clusters,1020.0,1200.0
line,116路(龙潭公园--地铁柳芳站),6,330.0,3,bus_tapin_clusters,330.0,1200.0
line,116路(龙潭公园--地铁柳芳站),7,514.2857142857143,24,bus_tapin_clusters,600.0,514.2857142857143
line,116路(龙潭公园--地铁柳芳站),9,720.0,15,bus_tapin_clusters,990.0,720.0
line,116路(龙潭公园--地铁柳芳站),10,840.0,10,bus_tapin_clusters,840.0,900.0
line,116路(龙潭公园--地铁柳芳站),11,570.0,2,bus_tapin_clusters,570.0,1800.0
line,116路(龙潭公园--地铁柳芳站),12,720.0,22,bus_tapin_clusters,930.0,720.0
line,116路(龙潭公园--地铁柳芳站),13,1200.0,14,bus_tapin_clusters,1830.0,1200.0
line,116路(龙潭公园--地铁柳芳站),15,900.0,14,bus_tapin_clusters,990.0,900.0
line,116路(龙潭公园--地铁柳芳站),16,900.0,18,bus_tapin_clusters,1110.0,900.0
line,116路(龙潭公园--地铁柳芳站),17,1200.0,3,bus_tapin_clusters,1920.0,1200.0
line,116路(龙潭公园--地铁柳芳站),18,990.0,4,bus_tapin_clusters,990.0,1800.0
line,116路(龙潭公园--地铁柳芳站),19,900.0,13,bus_tapin_clusters,1320.0,900.0
line,116路(龙潭公园--地铁柳芳站),20,1020.0,3,bus_tapin_clusters,1020.0,1800.0
line,116路(龙潭公园--地铁柳芳站),21,360.0,3,bus_tapin_clusters,360.0,1800.0
line,116路(龙潭公园--地铁柳芳站),22,1200.0,4,bus_tapin_clusters,1200.0,1200.0
line,116路(龙潭公园--地铁柳芳站),8,600.0,5,bus_tapin_clusters,600.0,1200.0
line,116路(龙潭公园--地铁柳芳站),14,1200.0,5,bus_tapin_clusters,1800.0,1200.0
line,21路(安华桥北--北京西站),6,514.2857142857143,35,bus_tapin_clusters,540.0,514.2857142857143
line,21路(安华桥北--北京西站),7,360.0,55,bus_tapin_clusters,420.0,360.0
line,21路(安华桥北--北京西站),8,400.0,38,bus_tapin_clusters,600.0,400.0
line,21路(安华桥北--北京西站),9,600.0,30,bus_tapin_clusters,630.0,600.0
line,21路(安华桥北--北京西站),10,327.27272727272725,44,bus_tapin_clusters,480.0,327.27272727272725
line,21路(安华桥北--北京西站),11,720.0,24,bus_tapin_clusters,720.0,720.0
line,21路(安华桥北--北京西站),12,600.0,31,bus_tapin_clusters,780.0,600.0
line,21路(安华桥北--北京西站),13,600.0,29,bus_tapin_clusters,600.0,600.0
line,21路(安华桥北--北京西站),14,450.0,42,bus_tapin_clusters,540.0,450.0
line,21路(安华桥北--北京西站),15,645.0,28,bus_tapin_clusters,645.0,720.0
line,21路(安华桥北--北京西站),16,450.0,40,bus_tapin_clusters,480.0,450.0
line,21路(安华桥北--北京西站),17,514.2857142857143,39,bus_tapin_clusters,660.0,514.2857142857143
line,21路(安华桥北--北京西站),18,675.0,24,bus_tapin_clusters,675.0,720.0
line,21路(安华桥北--北京西站),19,600.0,30,bus_tapin_clusters,720.0,600.0
line,21路(安华桥北--北京西站),20,900.0,22,bus_tapin_clusters,900.0,900.0
line,21路(安华桥北--北京西站),21,900.0,16,bus_tapin_clusters,990.0,900.0
line,21路(安华桥北--北京西站),5,900.0,9,bus_tapin_clusters,900.0,1200.0
line,21路(安华桥北--北京西站),22,900.0,3,bus_tapin_clusters,900.0,1200.0
line,108路(崇文门--大屯南),5,480.0,7,bus_tapin_clusters,480.0,1200.0
line,108路(崇文门--大屯南),6,400.0,28,bus_tapin_clusters,540.0,400.0
line,108路(崇文门--大屯南),7,300.0,48,bus_tapin_clusters,300.0,327.27272727272725
line,108路(崇文门--大屯南),8,276.9230769230769,44,bus_tapin_clusters,480.0,276.9230769230769
line,108路(崇文门--大屯南),9,420.0,18,bus_tapin_clusters,420.0,514.2857142857143
line,108路(崇文门--大屯南),10,276.9230769230769,46,bus_tapin_clusters,465.0,276.9230769230769
line,108路(崇文门--大屯南),11,327.27272727272725,40,bus_tapin_clusters,360.0,327.27272727272725
line,108路(崇文门--大屯南),12,450.0,28,bus_tapin_clusters,450.0,514.2857142857143
line,108路(崇文门--大屯南),13,360.0,31,bus_tapin_clusters,420.0,360.0
line,108路(崇文门--大屯南),14,480.0,31,bus_tapin_clusters,480.0,514.2857142857143
line,108路(崇文门--大屯南),15,360.0,39,bus_tapin_clusters,360.0,360.0
line,108路(崇文门--大屯南),16,400.0,42,bus_tapin_clusters,540.0,400.0
line,108路(崇文门--大屯南),17,360.0,42,bus_tapin_clusters,450.0,360.0
line,108路(崇文门--大屯南),18,400.0,39,bus_tapin_clusters,480.0,400.0
line,108路(崇文门--大屯南),19,450.0,37,bus_tapin_clusters,540.0,450.0
line,108路(崇文门--大屯南),20,450.0,31,bus_tapin_clusters,600.0,450.0
line,108路(崇文门--大屯南),21,600.0,22,bus_tapin_clusters,960.0,600.0
line,108路(崇文门--大屯南),22,840.0,8,bus_tapin_clusters,840.0,900.0
line,2路(宽街路口南--双庙),5,840.0,9,bus_tapin_clusters,840.0,900.0
line,2路(宽街路口南--双庙),6,720.0,17,bus_tapin_clusters,840.0,720.0
line,2路(宽街路口南--双庙),7,480.0,30,bus_tapin_clusters,480.0,514.2857142857143
line,2路(宽街路口南--双庙),8,400.0,41,bus_tapin_clusters,480.0,400.0
line,2路(宽街路口南--双庙),9,450.0,37,bus_tapin_clusters,540.0,450.0
line,2路(宽街路口南--双庙),10,360.0,35,bus_tapin_clusters,480.0,360.0
line,2路(宽街路口南--双庙),11,900.0,15,bus_tapin_clusters,1740.0,900.0
line,2路(宽街路口南--双庙),12,900.0,19,bus_tapin_clusters,900.0,900.0
line,2路(宽街路口南--双庙),13,600.0,14,bus_tapin_clusters,600.0,900.0
line,2路(宽街路口南--双庙),15,1530.0,6,bus_tapin_clusters,1530.0,1800.0
line,2路(宽街路口南--双庙),16,900.0,13,bus_tapin_clusters,960.0,900.0
line,2路(宽街路口南--双庙),17,400.0,33,bus_tapin_clusters,540.0,400.0
line,2路(宽街路口南--双庙),18,720.0,26,bus_tapin_clusters,900.0,720.0
line,2路(宽街路口南--双庙),19,720.0,16,bus_tapin_clusters,900.0,720.0
line,2路(宽街路口南--双庙),20,240.0,5,bus_tapin_clusters,240.0,1200.0
line,2路(宽街路口南--双庙),22,1020.0,2,bus_tapin_clusters,1020.0,1200.0
line,2路(宽街路口南--双庙),21,1200.0,4,bus_tapin_clusters,1395.0,1200.0
line,2路(宽街路口南--双庙),14,210.0,2,bus_tapin_clusters,210.0,1200.0
line,115路(东黄城根北口--康家沟),5,840.0,5,bus_tapin_clusters,840.0,1200.0
line,115路(东黄城根北口--康家沟),6,600.0,25,bus_tapin_clusters,780.0,600.0
line,115路(东黄城根北口--康家沟),7,327.27272727272725,48,bus_tapin_clusters,390.0,327.27272727272725
line,115路(东黄城根北口--康家沟),8,240.0,53,bus_tapin_clusters,360.0,240.0
line,115路(东黄城根北口--康家沟),9,257.14285714285717,48,bus_tapin_clusters,420.0,257.14285714285717
line,115路(东黄城根北口--康家沟),10,225.0,54,bus_tapin_clusters,300.0,225.0
line,115路(东黄城根北口--康家沟),11,211.76470588235293,47,bus_tapin_clusters,330.0,211.76470588235293
line,115路(东黄城根北口--康家沟),12,327.27272727272725,36,bus_tapin_clusters,480.0,327.27272727272725
line,115路(东黄城根北口--康家沟),13,300.0,42,bus_tapin_clusters,540.0,300.0
line,115路(东黄城根北口--康家沟),14,257.14285714285717,43,bus_tapin_clusters,360.0,257.14285714285717
line,115路(东黄城根北口--康家沟),15,327.27272727272725,35,bus_tapin_clusters,660.0,327.27272727272725
line,115路(东黄城根北口--康家沟),16,300.0,42,bus_tapin_clusters,300.0,360.0
line,115路(东黄城根北口--康家沟),17,300.0,49,bus_tapin_clusters,360.0,300.0
line,115路(东黄城根北口--康家沟),18,257.14285714285717,47,bus_tapin_clusters,360.0,257.14285714285717
line,115路(东黄城根北口--康家沟),19,400.0,37,bus_tapin_clusters,540.0,400.0
line,115路(东黄城根北口--康家沟),20,450.0,31,bus_tapin_clusters,480.0,450.0
line,115路(东黄城根北口--康家沟),21,720.0,20,bus_tapin_clusters,810.0,720.0
line,115路(东黄城根北口--康家沟),22,720.0,7,bus_tapin_clusters,720.0,720.0
line,133路(晓月苑小区--北京南站),5,840.0,14,bus_tapin_clusters,840.0,1200.0
line,133路(晓月苑小区--北京南站),6,400.0,25,bus_tapin_clusters,480.0,400.0
line,133路(晓月苑小区--北京南站),7,400.0,39,bus_tapin_clusters,420.0,400.0
line,133路(晓月苑小区--北京南站),8,360.0,52,bus_tapin_clusters,405.0,360.0
line,133路(晓月苑小区--北京南站),9,400.0,36,bus_tapin_clusters,600.0,400.0
line,133路(晓月苑小区--北京南站),10,400.0,33,bus_tapin_clusters,600.0,400.0
line,133路(晓月苑小区--北京南站),11,360.0,40,bus_tapin_clusters,480.0,360.0
line,133路(晓月苑小区--北京南站),12,514.2857142857143,30,bus_tapin_clusters,600.0,514.2857142857143
line,133路(晓月苑小区--北京南站),13,600.0,28,bus_tapin_clusters,720.0,600.0
line,133路(晓月苑小区--北京南站),14,450.0,37,bus_tapin_clusters,480.0,450.0
line,133路(晓月苑小区--北京南站),15,450.0,36,bus_tapin_clusters,510.0,450.0
line,133路(晓月苑小区--北京南站),16,400.0,51,bus_tapin_clusters,480.0,400.0
line,133路(晓月苑小区--北京南站),17,360.0,49,bus_tapin_clusters,420.0,360.0
line,133路(晓月苑小区--北京南站),18,327.27272727272725,37,bus_tapin_clusters,480.0,327.27272727272725
line,133路(晓月苑小区--北京南站),19,720.0,19,bus_tapin_clusters,960.0,720.0
line,133路(晓月苑小区--北京南站),20,720.0,23,bus_tapin_clusters,900.0,720.0
line,133路(晓月苑小区--北京南站),21,900.0,14,bus_tapin_clusters,1080.0,900.0
line,331路(新街口豁口--西苑北站),5,840.0,11,bus_tapin_clusters,840.0,1200.0
line,331路(新街口豁口--西苑北站),6,514.2857142857143,36,bus_tapin_clusters,660.0,514.2857142857143
line,331路(新街口豁口--西苑北站),7,450.0,38,bus_tapin_clusters,540.0,450.0
line,331路(新街口豁口--西苑北站),8,400.0,39,bus_tapin_clusters,420.0,400.0
line,331路(新街口豁口--西苑北站),9,276.9230769230769,48,bus_tapin_clusters,420.0,276.9230769230769
line,331路(新街口豁口--西苑北站),10,540.0,31,bus_tapin_clusters,540.0,600.0
line,331路(新街口豁口--西苑北站),11,514.2857142857143,31,bus_tapin_clusters,600.0,514.2857142857143
line,331路(新街口豁口--西苑北站),12,514.2857142857143,29,bus_tapin_clusters,540.0,514.2857142857143
line,331路(新街口豁口--西苑北站),13,514.2857142857143,33,bus_tapin_clusters,660.0,514.2857142857143
line,331路(新街口豁口--西苑北站),14,514.2857142857143,25,bus_tapin_clusters,780.0,514.2857142857143
line,331路(新街口豁口--西苑北站),15,600.0,29,bus_tapin_clusters,660.0,600.0
line,331路(新街口豁口--西苑北站),16,514.2857142857143,33,bus_tapin_clusters,540.0,514.2857142857143
line,331路(新街口豁口--西苑北站),17,400.0,40,bus_tapin_clusters,540.0,400.0
line,331路(新街口豁口--西苑北站),18,360.0,36,bus_tapin_clusters,540.0,360.0
line,331路(新街口豁口--西苑北站),19,600.0,28,bus_tapin_clusters,690.0,600.0
line,331路(新街口豁口--西苑北站),20,514.2857142857143,26,bus_tapin_clusters,600.0,514.2857142857143
line,331路(新街口豁口--西苑北站),21,900.0,15,bus_tapin_clusters,1200.0,900.0
line,331路(新街口豁口--西苑北站),22,1200.0,4,bus_tapin_clusters,1800.0,1200.0
line,111路(崇文门--白石桥东),5,1140.0,7,bus_tapin_clusters,1140.0,1800.0
line,111路(崇文门--白石桥东),6,327.27272727272725,30,bus_tapin_clusters,360.0,327.27272727272725
line,111路(崇文门--白石桥东),7,360.0,38,bus_tapin_clusters,360.0,400.0
line,111路(崇文门--白石桥东),8,360.0,42,bus_tapin_clusters,360.0,400.0
line,111路(崇文门--白石桥东),9,420.0,36,bus_tapin_clusters,420.0,514.2857142857143
line,111路(崇文门--白石桥东),10,390.0,34,bus_tapin_clusters,390.0,514.2857142857143
line,111路(崇文门--白石桥东),11,276.9230769230769,49,bus_tapin_clusters,420.0,276.9230769230769
line,111路(崇文门--白石桥东),12,450.0,34,bus_tapin_clusters,660.0,450.0
line,111路(崇文门--白石桥东),13,510.0,22,bus_tapin_clusters,510.0,514.2857142857143
line,111路(崇文门--白石桥东),14,360.0,42,bus_tapin_clusters,360.0,400.0
line,111路(崇文门--白石桥东),15,514.2857142857143,24,bus_tapin_clusters,600.0,514.2857142857143
line,111路(崇文门--白石桥东),16,400.0,32,bus_tapin_clusters,540.0,400.0
line,111路(崇文门--白石桥东),17,600.0,19,bus_tapin_clusters,600.0,720.0
line,111路(崇文门--白石桥东),18,540.0,25,bus_tapin_clusters,540.0,600.0
line,111路(崇文门--白石桥东),19,514.2857142857143,25,bus_tapin_clusters,660.0,514.2857142857143
line,111路(崇文门--白石桥东),20,600.0,19,bus_tapin_clusters,1200.0,600.0
line,111路(崇文门--白石桥东),21,900.0,10,bus_tapin_clusters,1230.0,900.0
line,111路(崇文门--白石桥东),22,285.0,2,bus_tapin_clusters,285.0,1200.0
line,352路(劲松中街--旧宫路口北),6,900.0,16,bus_tapin_clusters,930.0,900.0
line,352路(劲松中街--旧宫路口北),7,600.0,27,bus_tapin_clusters,780.0,600.0
line,352路(劲松中街--旧宫路口北),8,514.2857142857143,31,bus_tapin_clusters,720.0,514.2857142857143
line,352路(劲松中街--旧宫路口北),9,514.2857142857143,23,bus_tapin_clusters,840.0,514.2857142857143
line,352路(劲松中街--旧宫路口北),10,400.0,36,bus_tapin_clusters,600.0,400.0
line,352路(劲松中街--旧宫路口北),11,720.0,19,bus_tapin_clusters,1080.0,720.0
line,352路(劲松中街--旧宫路口北),12,780.0,10,bus_tapin_clusters,780.0,1200.0
line,352路(劲松中街--旧宫路口北),13,720.0,22,bus_tapin_clusters,1050.0,720.0
line,352路(劲松中街--旧宫路口北),14,900.0,17,bus_tapin_clusters,1080.0,900.0
line,352路(劲松中街--旧宫路口北),15,900.0,17,bus_tapin_clusters,960.0,900.0
line,352路(劲松中街--旧宫路口北),16,720.0,15,bus_tapin_clusters,960.0,720.0
line,352路(劲松中街--旧宫路口北),17,600.0,23,bus_tapin_clusters,840.0,600.0
line,352路(劲松中街--旧宫路口北),18,514.2857142857143,29,bus_tapin_clusters,660.0,514.2857142857143
line,352路(劲松中街--旧宫路口北),19,720.0,15,bus_tapin_clusters,1020.0,720.0
line,352路(劲松中街--旧宫路口北),20,900.0,14,bus_tapin_clusters,1260.0,900.0
line,352路(劲松中街--旧宫路口北),21,930.0,6,bus_tapin_clusters,930.0,1200.0
line,352路(劲松中街--旧宫路口北),5,1350.0,2,bus_tapin_clusters,1350.0,1800.0
line,10路(航天桥东--南菜园),5,1290.0,2,bus_tapin_clusters,1290.0,1800.0
line,10路(航天桥东--南菜园),6,514.2857142857143,24,bus_tapin_clusters,540.0,514.2857142857143
line,10路(航天桥东--南菜园),7,276.9230769230769,54,bus_tapin_clusters,300.0,276.9230769230769
line,10路(航天桥东--南菜园),8,330.0,35,bus_tapin_clusters,330.0,450.0
line,10路(航天桥东--南菜园),9,225.0,45,bus_tapin_clusters,270.0,225.0
line,10路(航天桥东--南菜园),10,315.0,48,bus_tapin_clusters,315.0,327.27272727272725
line,10路(航天桥东--南菜园),11,270.0,18,bus_tapin_clusters,270.0,514.2857142857143
line,10路(航天桥东--南菜园),12,450.0,31,bus_tapin_clusters,600.0,450.0
line,10路(航天桥东--南菜园),13,270.0,17,bus_tapin_clusters,270.0,514.2857142857143
line,10路(航天桥东--南菜园),14,514.2857142857143,25,bus_tapin_clusters,540.0,514.2857142857143
line,10路(航天桥东--南菜园),15,450.0,34,bus_tapin_clusters,540.0,450.0
line,10路(航天桥东--南菜园),16,400.0,30,bus_tapin_clusters,465.0,400.0
line,10路(航天桥东--南菜园),17,240.0,33,bus_tapin_clusters,240.0,240.0
line,10路(航天桥东--南菜园),18,240.0,17,bus_tapin_clusters,240.0,300.0
line,10路(航天桥东--南菜园),19,780.0,7,bus_tapin_clusters,780.0,900.0
line,10路(航天桥东--南菜园),20,390.0,12,bus_tapin_clusters,390.0,600.0
line,10路(航天桥东--南菜园),21,900.0,8,bus_tapin_clusters,1470.0,900.0
line,40路(五路--木樨园桥北),5,870.0,8,bus_tapin_clusters,870.0,900.0
line,40路(五路--木樨园桥北),6,514.2857142857143,29,bus_tapin_clusters,600.0,514.2857142857143
line,40路(五路--木樨园桥北),7,450.0,27,bus_tapin_clusters,660.0,450.0
line,40路(五路--木樨园桥北),8,450.0,29,bus_tapin_clusters,540.0,450.0
line,40路(五路--木樨园桥北),9,400.0,44,bus_tapin_clusters,480.0,400.0
line,40路(五路--木樨园桥北),10,514.2857142857143,28,bus_tapin_clusters,570.0,514.2857142857143
line,40路(五路--木樨园桥北),11,514.2857142857143,33,bus_tapin_clusters,690.0,514.2857142857143
line,40路(五路--木樨园桥北),12,514.2857142857143,35,bus_tapin_clusters,600.0,514.2857142857143
line,40路(五路--木樨园桥北),13,400.0,29,bus_tapin_clusters,540.0,400.0
line,40路(五路--木樨园桥北),14,514.2857142857143,29,bus_tapin_clusters,600.0,514.2857142857143
line,40路(五路--木樨园桥北),15,327.27272727272725,36,bus_tapin_clusters,420.0,327.27272727272725
line,40路(五路--木樨园桥北),16,450.0,37,bus_tapin_clusters,600.0,450.0
line,40路(五路--木樨园桥北),17,514.2857142857143,20,bus_tapin_clusters,660.0,514.2857142857143
line,40路(五路--木樨园桥北),18,514.2857142857143,29,bus_tapin_clusters,780.0,514.2857142857143
line,40路(五路--木樨园桥北),19,660.0,21,bus_tapin_clusters,660.0,720.0
line,40路(五路--木樨园桥北),20,720.0,14,bus_tapin_clusters,780.0,720.0
line,40路(五路--木樨园桥北),22,600.0,5,bus_tapin_clusters,600.0,1200.0
line,40路(五路--木樨园桥北),21,720.0,13,bus_tapin_clusters,1020.0,720.0
line,675路(左家庄--疃里一区),5,600.0,7,bus_tapin_clusters,630.0,600.0
line,675路(左家庄--疃里一区),6,780.0,12,bus_tapin_clusters,780.0,900.0
line,675路(左家庄--疃里一区),7,450.0,24,bus_tapin_clusters,510.0,450.0
line,675路(左家庄--疃里一区),8,600.0,27,bus_tapin_clusters,720.0,600.0
line,675路(左家庄--疃里一区),9,720.0,20,bus_tapin_clusters,720.0,720.0
line,675路(左家庄--疃里一区),10,327.27272727272725,28,bus_tapin_clusters,435.0,327.27272727272725
line,675路(左家庄--疃里一区),11,720.0,22,bus_tapin_clusters,765.0,720.0
line,675路(左家庄--疃里一区),12,600.0,16,bus_tapin_clusters,795.0,600.0
line,675路(左家庄--疃里一区),13,720.0,25,bus_tapin_clusters,750.0,720.0
line,675路(左家庄--疃里一区),14,855.0,10,bus_tapin_clusters,855.0,900.0
line,675路(左家庄--疃里一区),15,514.2857142857143,25,bus_tapin_clusters,780.0,514.2857142857143
line,675路(左家庄--疃里一区),16,540.0,33,bus_tapin_clusters,540.0,600.0
line,675路(左家庄--疃里一区),17,360.0,35,bus_tapin_clusters,480.0,360.0
line,675路(左家庄--疃里一区),18,400.0,40,bus_tapin_clusters,480.0,400.0
line,675路(左家庄--疃里一区),19,660.0,21,bus_tapin_clusters,660.0,720.0
line,675路(左家庄--疃里一区),20,720.0,20,bus_tapin_clusters,780.0,720.0
line,675路(左家庄--疃里一区),21,600.0,16,bus_tapin_clusters,690.0,600.0
line,1路(老山公交场站--四惠枢纽站),5,600.0,23,bus_tapin_clusters,600.0,720.0
line,1路(老山公交场站--四惠枢纽站),6,327.27272727272725,52,bus_tapin_clusters,360.0,327.27272727272725
line,1路(老山公交场站--四惠枢纽站),7,330.0,48,bus_tapin_clusters,330.0,400.0
line,1路(老山公交场站--四惠枢纽站),8,240.0,66,bus_tapin_clusters,240.0,257.14285714285717
line,1路(老山公交场站--四惠枢纽站),9,270.0,67,bus_tapin_clusters,270.0,276.9230769230769
line,1路(老山公交场站--四惠枢纽站),10,375.0,50,bus_tapin_clusters,375.0,400.0
line,1路(老山公交场站--四惠枢纽站),11,270.0,68,bus_tapin_clusters,270.0,276.9230769230769
line,1路(老山公交场站--四惠枢纽站),12,240.0,53,bus_tapin_clusters,240.0,360.0
line,1路(老山公交场站--四惠枢纽站),13,257.14285714285717,66,bus_tapin_clusters,300.0,257.14285714285717
line,1路(老山公交场站--四惠枢纽站),14,276.9230769230769,65,bus_tapin_clusters,300.0,276.9230769230769
line,1路(老山公交场站--四惠枢纽站),15,257.14285714285717,76,bus_tapin_clusters,270.0,257.14285714285717
line,1路(老山公交场站--四惠枢纽站),16,300.0,61,bus_tapin_clusters,300.0,300.0
line,1路(老山公交场站--四惠枢纽站),17,255.0,62,bus_tapin_clusters,255.0,257.14285714285717
line,1路(老山公交场站--四惠枢纽站),18,257.14285714285717,71,bus_tapin_clusters,300.0,257.14285714285717
line,1路(老山公交场站--四惠枢纽站),19,300.0,59,bus_tapin_clusters,300.0,327.27272727272725
line,1路(老山公交场站--四惠枢纽站),20,300.0,57,bus_tapin_clusters,360.0,300.0
line,1路(老山公交场站--四惠枢纽站),21,450.0,39,bus_tapin_clusters,540.0,450.0
line,1路(老山公交场站--四惠枢纽站),22,570.0,20,bus_tapin_clusters,570.0,900.0
line,1路(老山公交场站--四惠枢纽站),23,840.0,2,bus_tapin_clusters,840.0,1200.0
line,40路(木樨园--五路),5,720.0,13,bus_tapin_clusters,720.0,720.0
line,40路(木樨园--五路),6,400.0,39,bus_tapin_clusters,420.0,400.0
line,40路(木樨园--五路),7,400.0,45,bus_tapin_clusters,480.0,400.0
line,40路(木樨园--五路),8,360.0,31,bus_tapin_clusters,690.0,360.0
line,40路(木樨园--五路),9,360.0,41,bus_tapin_clusters,480.0,360.0
line,40路(木樨园--五路),10,450.0,37,bus_tapin_clusters,480.0,450.0
line,40路(木樨园--五路),11,514.2857142857143,33,bus_tapin_clusters,540.0,514.2857142857143
line,40路(木樨园--五路),12,514.2857142857143,33,bus_tapin_clusters,720.0,514.2857142857143
line,40路(木樨园--五路),13,400.0,43,bus_tapin_clusters,420.0,400.0
line,40路(木樨园--五路),14,720.0,16,bus_tapin_clusters,960.0,720.0
line,40路(木樨园--五路),15,600.0,27,bus_tapin_clusters,720.0,600.0
line,40路(木樨园--五路),16,450.0,41,bus_tapin_clusters,480.0,450.0
line,40路(木樨园--五路),17,514.2857142857143,39,bus_tapin_clusters,600.0,514.2857142857143
line,40路(木樨园--五路),18,450.0,26,bus_tapin_clusters,450.0,600.0
line,40路(木樨园--五路),19,600.0,31,bus_tapin_clusters,600.0,600.0
line,40路(木樨园--五路),20,514.2857142857143,28,bus_tapin_clusters,690.0,514.2857142857143
line,40路(木樨园--五路),21,1800.0,4,bus_tapin_clusters,2310.0,1800.0
line,40路(木樨园--五路),22,1320.0,4,bus_tapin_clusters,1320.0,1800.0
line,45路(三路居公交场站--阜成门内),5,660.0,14,bus_tapin_clusters,660.0,900.0
line,45路(三路居公交场站--阜成门内),6,360.0,41,bus_tapin_clusters,480.0,360.0
line,45路(三路居公交场站--阜成门内),7,400.0,38,bus_tapin_clusters,480.0,400.0
line,45路(三路居公交场站--阜成门内),8,514.2857142857143,37,bus_tapin_clusters,540.0,514.2857142857143
line,45路(三路居公交场站--阜成门内),9,450.0,33,bus_tapin_clusters,600.0,450.0
line,45路(三路居公交场站--阜成门内),10,600.0,28,bus_tapin_clusters,660.0,600.0
line,45路(三路居公交场站--阜成门内),11,600.0,24,bus_tapin_clusters,780.0,600.0
line,45路(三路居公交场站--阜成门内),12,720.0,18,bus_tapin_clusters,720.0,720.0
line,45路(三路居公交场站--阜成门内),13,720.0,21,bus_tapin_clusters,900.0,720.0
line,45路(三路居公交场站--阜成门内),14,514.2857142857143,28,bus_tapin_clusters,570.0,514.2857142857143
line,45路(三路居公交场站--阜成门内),15,360.0,41,bus_tapin_clusters,480.0,360.0
line,45路(三路居公交场站--阜成门内),16,400.0,32,bus_tapin_clusters,540.0,400.0
line,45路(三路居公交场站--阜成门内),17,450.0,35,bus_tapin_clusters,600.0,450.0
line,45路(三路居公交场站--阜成门内),18,450.0,26,bus_tapin_clusters,720.0,450.0
line,45路(三路居公交场站--阜成门内),19,720.0,15,bus_tapin_clusters,840.0,720.0
line,45路(三路居公交场站--阜成门内),20,720.0,20,bus_tapin_clusters,795.0,720.0
line,45路(三路居公交场站--阜成门内),21,900.0,8,bus_tapin_clusters,1005.0,900.0
line,997路(经海二路公交场站--莲花池南路),6,720.0,11,bus_tapin_clusters,1080.0,720.0
line,997路(经海二路公交场站--莲花池南路),7,514.2857142857143,21,bus_tapin_clusters,780.0,514.2857142857143
line,997路(经海二路公交场站--莲花池南路),8,600.0,15,bus_tapin_clusters,840.0,600.0
line,997路(经海二路公交场站--莲花池南路),9,720.0,18,bus_tapin_clusters,780.0,720.0
line,997路(经海二路公交场站--莲花池南路),10,690.0,16,bus_tapin_clusters,690.0,720.0
line,997路(经海二路公交场站--莲花池南路),11,600.0,19,bus_tapin_clusters,780.0,600.0
line,997路(经海二路公交场站--莲花池南路),12,630.0,18,bus_tapin_clusters,630.0,720.0
line,997路(经海二路公交场站--莲花池南路),13,900.0,11,bus_tapin_clusters,1260.0,900.0
line,997路(经海二路公交场站--莲花池南路),14,720.0,18,bus_tapin_clusters,930.0,720.0
line,997路(经海二路公交场站--莲花池南路),15,720.0,16,bus_tapin_clusters,870.0,720.0
line,997路(经海二路公交场站--莲花池南路),16,900.0,15,bus_tapin_clusters,1200.0,900.0
line,997路(经海二路公交场站--莲花池南路),17,720.0,14,bus_tapin_clusters,870.0,720.0
line,997路(经海二路公交场站--莲花池南路),18,720.0,20,bus_tapin_clusters,900.0,720.0
line,997路(经海二路公交场站--莲花池南路),19,1200.0,8,bus_tapin_clusters,1350.0,1200.0
line,997路(经海二路公交场站--莲花池南路),20,1200.0,4,bus_tapin_clusters,1350.0,1200.0
line,997路(经海二路公交场站--莲花池南路),5,1320.0,2,bus_tapin_clusters,1320.0,1800.0
line,323路(富丰桥西--知春里),5,480.0,25,bus_tapin_clusters,480.0,600.0
line,323路(富丰桥西--知春里),6,327.27272727272725,38,bus_tapin_clusters,360.0,327.27272727272725
line,323路(富丰桥西--知春里),7,300.0,58,bus_tapin_clusters,300.0,300.0
line,323路(富丰桥西--知春里),8,390.0,52,bus_tapin_clusters,390.0,400.0
line,323路(富丰桥西--知春里),9,360.0,34,bus_tapin_clusters,360.0,450.0
line,323路(富丰桥西--知春里),10,300.0,38,bus_tapin_clusters,300.0,327.27272727272725
line,323路(富丰桥西--知春里),11,276.9230769230769,53,bus_tapin_clusters,300.0,276.9230769230769
line,323路(富丰桥西--知春里),12,360.0,40,bus_tapin_clusters,360.0,360.0
line,323路(富丰桥西--知春里),13,450.0,36,bus_tapin_clusters,450.0,450.0
line,323路(富丰桥西--知春里),14,360.0,44,bus_tapin_clusters,360.0,360.0
line,323路(富丰桥西--知春里),15,360.0,46,bus_tapin_clusters,360.0,400.0
line,323路(富丰桥西--知春里),16,420.0,37,bus_tapin_clusters,420.0,450.0
line,323路(富丰桥西--知春里),17,600.0,29,bus_tapin_clusters,660.0,600.0
line,323路(富丰桥西--知春里),18,514.2857142857143,23,bus_tapin_clusters,600.0,514.2857142857143
line,323路(富丰桥西--知春里),19,600.0,26,bus_tapin_clusters,690.0,600.0
line,323路(富丰桥西--知春里),20,810.0,17,bus_tapin_clusters,810.0,900.0
line,323路(富丰桥西--知春里),21,900.0,8,bus_tapin_clusters,1290.0,900.0
line,323路(富丰桥西--知春里),22,1800.0,2,bus_tapin_clusters,2400.0,1800.0
line,9路(金家村桥东--金台路口西),5,660.0,20,bus_tapin_clusters,660.0,720.0
line,9路(金家村桥东--金台路口西),6,420.0,37,bus_tapin_clusters,420.0,450.0
line,9路(金家村桥东--金台路口西),7,300.0,56,bus_tapin_clusters,300.0,300.0
line,9路(金家村桥东--金台路口西),8,300.0,63,bus_tapin_clusters,300.0,327.27272727272725
line,9路(金家村桥东--金台路口西),9,360.0,47,bus_tapin_clusters,360.0,360.0
line,9路(金家村桥东--金台路口西),10,360.0,49,bus_tapin_clusters,360.0,360.0
line,9路(金家村桥东--金台路口西),11,360.0,45,bus_tapin_clusters,480.0,360.0
line,9路(金家村桥东--金台路口西),12,420.0,44,bus_tapin_clusters,420.0,450.0
line,9路(金家村桥东--金台路口西),13,360.0,46,bus_tapin_clusters,420.0,360.0
line,9路(金家村桥东--金台路口西),14,400.0,46,bus_tapin_clusters,420.0,400.0
line,9路(金家村桥东--金台路口西),15,327.27272727272725,46,bus_tapin_clusters,420.0,327.27272727272725
line,9路(金家村桥东--金台路口西),16,327.27272727272725,53,bus_tapin_clusters,360.0,327.27272727272725
line,9路(金家村桥东--金台路口西),17,360.0,46,bus_tapin_clusters,360.0,400.0
line,9路(金家村桥东--金台路口西),18,300.0,61,bus_tapin_clusters,300.0,327.27272727272725
line,9路(金家村桥东--金台路口西),19,327.27272727272725,52,bus_tapin_clusters,390.0,327.27272727272725
line,9路(金家村桥东--金台路口西),20,514.2857142857143,33,bus_tapin_clusters,540.0,514.2857142857143
line,9路(金家村桥东--金台路口西),21,450.0,30,bus_tapin_clusters,540.0,450.0
line,9路(金家村桥东--金台路口西),22,600.0,15,bus_tapin_clusters,600.0,720.0
line,440路(经海七路公交场站--弘善家园公交场站),5,1290.0,2,bus_tapin_clusters,1290.0,1800.0
line,440路(经海七路公交场站--弘善家园公交场站),6,630.0,10,bus_tapin_clusters,630.0,720.0
line,440路(经海七路公交场站--弘善家园公交场站),7,600.0,20,bus_tapin_clusters,825.0,600.0
line,440路(经海七路公交场站--弘善家园公交场站),8,540.0,23,bus_tapin_clusters,540.0,600.0
line,440路(经海七路公交场站--弘善家园公交场站),9,720.0,17,bus_tapin_clusters,1020.0,720.0
line,440路(经海七路公交场站--弘善家园公交场站),10,720.0,20,bus_tapin_clusters,1110.0,720.0
line,440路(经海七路公交场站--弘善家园公交场站),12,900.0,12,bus_tapin_clusters,960.0,900.0
line,440路(经海七路公交场站--弘善家园公交场站),13,900.0,14,bus_tapin_clusters,1125.0,900.0
line,440路(经海七路公交场站--弘善家园公交场站),14,960.0,10,bus_tapin_clusters,960.0,1200.0
line,440路(经海七路公交场站--弘善家园公交场站),15,514.2857142857143,19,bus_tapin_clusters,720.0,514.2857142857143
line,440路(经海七路公交场站--弘善家园公交场站),16,900.0,16,bus_tapin_clusters,930.0,900.0
line,440路(经海七路公交场站--弘善家园公交场站),17,400.0,25,bus_tapin_clusters,420.0,400.0
line,440路(经海七路公交场站--弘善家园公交场站),18,720.0,22,bus_tapin_clusters,1110.0,720.0
line,440路(经海七路公交场站--弘善家园公交场站),19,900.0,12,bus_tapin_clusters,930.0,900.0
line,440路(经海七路公交场站--弘善家园公交场站),20,630.0,14,bus_tapin_clusters,630.0,720.0
line,440路(经海七路公交场站--弘善家园公交场站),21,1200.0,3,bus_tapin_clusters,1800.0,1200.0
line,440路(经海七路公交场站--弘善家园公交场站),11,1110.0,12,bus_tapin_clusters,1110.0,1200.0
line,88路(草桥东路北口--大钟寺站),6,400.0,34,bus_tapin_clusters,480.0,400.0
line,88路(草桥东路北口--大钟寺站),7,300.0,33,bus_tapin_clusters,420.0,300.0
line,88路(草桥东路北口--大钟寺站),8,300.0,43,bus_tapin_clusters,360.0,300.0
line,88路(草桥东路北口--大钟寺站),9,276.9230769230769,61,bus_tapin_clusters,300.0,276.9230769230769
line,88路(草桥东路北口--大钟寺站),10,360.0,47,bus_tapin_clusters,420.0,360.0
line,88路(草桥东路北口--大钟寺站),11,400.0,34,bus_tapin_clusters,510.0,400.0
line,88路(草桥东路北口--大钟寺站),12,514.2857142857143,34,bus_tapin_clusters,690.0,514.2857142857143
line,88路(草桥东路北口--大钟寺站),13,400.0,33,bus_tapin_clusters,600.0,400.0
line,88路(草桥东路北口--大钟寺站),14,300.0,43,bus_tapin_clusters,480.0,300.0
line,88路(草桥东路北口--大钟寺站),15,514.2857142857143,36,bus_tapin_clusters,540.0,514.2857142857143
line,88路(草桥东路北口--大钟寺站),16,300.0,44,bus_tapin_clusters,420.0,300.0
line,88路(草桥东路北口--大钟寺站),17,257.14285714285717,47,bus_tapin_clusters,360.0,257.14285714285717
line,88路(草桥东路北口--大钟寺站),18,400.0,43,bus_tapin_clusters,480.0,400.0
line,88路(草桥东路北口--大钟寺站),19,450.0,34,bus_tapin_clusters,630.0,450.0
line,88路(草桥东路北口--大钟寺站),20,450.0,32,bus_tapin_clusters,600.0,450.0
line,88路(草桥东路北口--大钟寺站),21,720.0,21,bus_tapin_clusters,900.0,720.0
line,88路(草桥东路北口--大钟寺站),22,900.0,13,bus_tapin_clusters,1020.0,900.0
line,88路(草桥东路北口--大钟寺站),5,360.0,8,bus_tapin_clusters,360.0,600.0
line,13路(小营公交场站--西城三里河),5,675.0,16,bus_tapin_clusters,675.0,900.0
line,13路(小营公交场站--西城三里河),6,720.0,25,bus_tapin_clusters,840.0,720.0
line,13路(小营公交场站--西城三里河),7,360.0,48,bus_tapin_clusters,360.0,400.0
line,13路(小营公交场站--西城三里河),8,514.2857142857143,34,bus_tapin_clusters,540.0,514.2857142857143
line,13路(小营公交场站--西城三里河),9,450.0,39,bus_tapin_clusters,540.0,450.0
line,13路(小营公交场站--西城三里河),10,600.0,28,bus_tapin_clusters,660.0,600.0
line,13路(小营公交场站--西城三里河),11,514.2857142857143,34,bus_tapin_clusters,660.0,514.2857142857143
line,13路(小营公交场站--西城三里河),12,720.0,19,bus_tapin_clusters,1380.0,720.0
line,13路(小营公交场站--西城三里河),13,720.0,21,bus_tapin_clusters,840.0,720.0
line,13路(小营公交场站--西城三里河),14,600.0,30,bus_tapin_clusters,720.0,600.0
line,13路(小营公交场站--西城三里河),15,514.2857142857143,31,bus_tapin_clusters,720.0,514.2857142857143
line,13路(小营公交场站--西城三里河),16,514.2857142857143,32,bus_tapin_clusters,660.0,514.2857142857143
line,13路(小营公交场站--西城三里河),17,450.0,41,bus_tapin_clusters,480.0,450.0
line,13路(小营公交场站--西城三里河),18,450.0,33,bus_tapin_clusters,720.0,450.0
line,13路(小营公交场站--西城三里河),19,600.0,22,bus_tapin_clusters,720.0,600.0
line,13路(小营公交场站--西城三里河),20,900.0,18,bus_tapin_clusters,990.0,900.0
line,13路(小营公交场站--西城三里河),21,1200.0,8,bus_tapin_clusters,1590.0,1200.0
line,13路(小营公交场站--西城三里河),22,1170.0,4,bus_tapin_clusters,1170.0,1200.0
line,23路(朝阳半壁店--虎坊路),6,514.2857142857143,29,bus_tapin_clusters,720.0,514.2857142857143
line,23路(朝阳半壁店--虎坊路),7,400.0,35,bus_tapin_clusters,660.0,400.0
line,23路(朝阳半壁店--虎坊路),8,327.27272727272725,40,bus_tapin_clusters,480.0,327.27272727272725
line,23路(朝阳半壁店--虎坊路),9,400.0,41,bus_tapin_clusters,450.0,400.0
line,23路(朝阳半壁店--虎坊路),10,450.0,34,bus_tapin_clusters,540.0,450.0
line,23路(朝阳半壁店--虎坊路),11,660.0,23,bus_tapin_clusters,660.0,720.0
line,23路(朝阳半壁店--虎坊路),12,540.0,27,bus_tapin_clusters,540.0,600.0
line,23路(朝阳半壁店--虎坊路),13,400.0,39,bus_tapin_clusters,540.0,400.0
line,23路(朝阳半壁店--虎坊路),14,327.27272727272725,34,bus_tapin_clusters,645.0,327.27272727272725
line,23路(朝阳半壁店--虎坊路),15,514.2857142857143,35,bus_tapin_clusters,630.0,514.2857142857143
line,23路(朝阳半壁店--虎坊路),16,400.0,39,bus_tapin_clusters,540.0,400.0
line,23路(朝阳半壁店--虎坊路),17,276.9230769230769,59,bus_tapin_clusters,300.0,276.9230769230769
line,23路(朝阳半壁店--虎坊路),18,450.0,38,bus_tapin_clusters,480.0,450.0
line,23路(朝阳半壁店--虎坊路),19,400.0,33,bus_tapin_clusters,720.0,400.0
line,23路(朝阳半壁店--虎坊路),20,720.0,21,bus_tapin_clusters,1020.0,720.0
line,23路(朝阳半壁店--虎坊路),21,900.0,6,bus_tapin_clusters,1290.0,900.0
line,23路(朝阳半壁店--虎坊路),22,780.0,9,bus_tapin_clusters,780.0,900.0
line,23路(朝阳半壁店--虎坊路),5,1170.0,4,bus_tapin_clusters,1170.0,1800.0
line,405路(孙河公交场站--四惠枢纽站),6,327.27272727272725,22,bus_tapin_clusters,645.0,327.27272727272725
line,405路(孙河公交场站--四惠枢纽站),7,276.9230769230769,40,bus_tapin_clusters,510.0,276.9230769230769
line,405路(孙河公交场站--四惠枢纽站),8,300.0,40,bus_tapin_clusters,300.0,327.27272727272725
line,405路(孙河公交场站--四惠枢纽站),9,276.9230769230769,50,bus_tapin_clusters,360.0,276.9230769230769
line,405路(孙河公交场站--四惠枢纽站),10,720.0,26,bus_tapin_clusters,825.0,720.0
line,405路(孙河公交场站--四惠枢纽站),11,600.0,30,bus_tapin_clusters,720.0,600.0
line,405路(孙河公交场站--四惠枢纽站),12,720.0,28,bus_tapin_clusters,780.0,720.0
line,405路(孙河公交场站--四惠枢纽站),13,450.0,33,bus_tapin_clusters,660.0,450.0
line,405路(孙河公交场站--四惠枢纽站),14,450.0,29,bus_tapin_clusters,720.0,450.0
line,405路(孙河公交场站--四惠枢纽站),15,450.0,37,bus_tapin_clusters,540.0,450.0
line,405路(孙河公交场站--四惠枢纽站),16,400.0,35,bus_tapin_clusters,540.0,400.0
line,405路(孙河公交场站--四惠枢纽站),17,514.2857142857143,33,bus_tapin_clusters,780.0,514.2857142857143
line,405路(孙河公交场站--四惠枢纽站),18,360.0,29,bus_tapin_clusters,420.0,360.0
line,405路(孙河公交场站--四惠枢纽站),19,514.2857142857143,30,bus_tapin_clusters,720.0,514.2857142857143
line,405路(孙河公交场站--四惠枢纽站),20,900.0,15,bus_tapin_clusters,1380.0,900.0
line,405路(孙河公交场站--四惠枢纽站),21,900.0,10,bus_tapin_clusters,990.0,900.0
line,405路(孙河公交场站--四惠枢纽站),5,540.0,7,bus_tapin_clusters,540.0,1200.0
line,405路(孙河公交场站--四惠枢纽站),22,240.0,3,bus_tapin_clusters,240.0,900.0
line,402路(地铁东坝西站--祁家坟),6,720.0,19,bus_tapin_clusters,780.0,720.0
line,402路(地铁东坝西站--祁家坟),7,450.0,40,bus_tapin_clusters,480.0,450.0
line,402路(地铁东坝西站--祁家坟),8,480.0,37,bus_tapin_clusters,480.0,514.2857142857143
line,402路(地铁东坝西站--祁家坟),9,514.2857142857143,35,bus_tapin_clusters,600.0,514.2857142857143
line,402路(地铁东坝西站--祁家坟),10,450.0,28,bus_tapin_clusters,810.0,450.0
line,402路(地铁东坝西站--祁家坟),11,514.2857142857143,36,bus_tapin_clusters,585.0,514.2857142857143
line,402路(地铁东坝西站--祁家坟),12,600.0,30,bus_tapin_clusters,690.0,600.0
line,402路(地铁东坝西站--祁家坟),13,514.2857142857143,32,bus_tapin_clusters,540.0,514.2857142857143
line,402路(地铁东坝西站--祁家坟),14,600.0,29,bus_tapin_clusters,660.0,600.0
line,402路(地铁东坝西站--祁家坟),15,570.0,30,bus_tapin_clusters,570.0,600.0
line,402路(地铁东坝西站--祁家坟),16,514.2857142857143,34,bus_tapin_clusters,525.0,514.2857142857143
line,402路(地铁东坝西站--祁家坟),17,450.0,37,bus_tapin_clusters,480.0,450.0
line,402路(地铁东坝西站--祁家坟),18,420.0,43,bus_tapin_clusters,420.0,450.0
line,402路(地铁东坝西站--祁家坟),19,400.0,37,bus_tapin_clusters,540.0,400.0
line,402路(地铁东坝西站--祁家坟),20,514.2857142857143,31,bus_tapin_clusters,660.0,514.2857142857143
line,402路(地铁东坝西站--祁家坟),21,514.2857142857143,25,bus_tapin_clusters,660.0,514.2857142857143
line,402路(地铁东坝西站--祁家坟),22,780.0,17,bus_tapin_clusters,780.0,900.0
line,402路(地铁东坝西站--祁家坟),5,660.0,6,bus_tapin_clusters,660.0,900.0
line,511路(城南嘉园--方庄东路),7,514.2857142857143,34,bus_tapin_clusters,690.0,514.2857142857143
line,511路(城南嘉园--方庄东路),8,600.0,32,bus_tapin_clusters,720.0,600.0
line,511路(城南嘉园--方庄东路),9,600.0,30,bus_tapin_clusters,720.0,600.0
line,511路(城南嘉园--方庄东路),10,600.0,27,bus_tapin_clusters,780.0,600.0
line,511路(城南嘉园--方庄东路),11,600.0,28,bus_tapin_clusters,720.0,600.0
line,511路(城南嘉园--方庄东路),12,660.0,29,bus_tapin_clusters,660.0,720.0
line,511路(城南嘉园--方庄东路),13,600.0,29,bus_tapin_clusters,660.0,600.0
line,511路(城南嘉园--方庄东路),14,514.2857142857143,30,bus_tapin_clusters,690.0,514.2857142857143
line,511路(城南嘉园--方庄东路),15,600.0,24,bus_tapin_clusters,870.0,600.0
line,511路(城南嘉园--方庄东路),16,600.0,30,bus_tapin_clusters,720.0,600.0
line,511路(城南嘉园--方庄东路),17,420.0,33,bus_tapin_clusters,420.0,450.0
line,511路(城南嘉园--方庄东路),18,600.0,28,bus_tapin_clusters,810.0,600.0
line,511路(城南嘉园--方庄东路),19,690.0,20,bus_tapin_clusters,690.0,720.0
line,511路(城南嘉园--方庄东路),20,720.0,22,bus_tapin_clusters,900.0,720.0
line,511路(城南嘉园--方庄东路),21,900.0,14,bus_tapin_clusters,900.0,1200.0
line,511路(城南嘉园--方庄东路),5,825.0,6,bus_tapin_clusters,825.0,1800.0
line,511路(城南嘉园--方庄东路),6,720.0,18,bus_tapin_clusters,735.0,720.0
line,627路(郭公庄西--航天桥西),5,960.0,9,bus_tapin_clusters,960.0,1200.0
line,627路(郭公庄西--航天桥西),6,690.0,22,bus_tapin_clusters,690.0,720.0
line,627路(郭公庄西--航天桥西),7,510.0,32,bus_tapin_clusters,510.0,514.2857142857143
line,627路(郭公庄西--航天桥西),8,514.2857142857143,32,bus_tapin_clusters,690.0,514.2857142857143
line,627路(郭公庄西--航天桥西),9,720.0,23,bus_tapin_clusters,750.0,720.0
line,627路(郭公庄西--航天桥西),10,900.0,22,bus_tapin_clusters,1050.0,900.0
line,627路(郭公庄西--航天桥西),11,600.0,26,bus_tapin_clusters,840.0,600.0
line,627路(郭公庄西--航天桥西),12,720.0,22,bus_tapin_clusters,840.0,720.0
line,627路(郭公庄西--航天桥西),14,720.0,19,bus_tapin_clusters,840.0,720.0
line,627路(郭公庄西--航天桥西),15,514.2857142857143,27,bus_tapin_clusters,780.0,514.2857142857143
line,627路(郭公庄西--航天桥西),16,720.0,16,bus_tapin_clusters,825.0,720.0
line,627路(郭公庄西--航天桥西),17,600.0,25,bus_tapin_clusters,720.0,600.0
line,627路(郭公庄西--航天桥西),18,720.0,22,bus_tapin_clusters,900.0,720.0
line,627路(郭公庄西--航天桥西),19,720.0,20,bus_tapin_clusters,1230.0,720.0
line,627路(郭公庄西--航天桥西),20,1290.0,10,bus_tapin_clusters,1290.0,1800.0
line,627路(郭公庄西--航天桥西),21,1200.0,5,bus_tapin_clusters,1260.0,1200.0
line,627路(郭公庄西--航天桥西),13,1380.0,10,bus_tapin_clusters,1380.0,1800.0
line,31路(金蝉南里--甜水园街北口),5,660.0,7,bus_tapin_clusters,660.0,900.0
line,31路(金蝉南里--甜水园街北口),6,540.0,16,bus_tapin_clusters,540.0,900.0
line,31路(金蝉南里--甜水园街北口),7,600.0,28,bus_tapin_clusters,780.0,600.0
line,31路(金蝉南里--甜水园街北口),8,327.27272727272725,42,bus_tapin_clusters,420.0,327.27272727272725
line,31路(金蝉南里--甜水园街北口),9,390.0,22,bus_tapin_clusters,390.0,720.0
line,31路(金蝉南里--甜水园街北口),10,450.0,26,bus_tapin_clusters,900.0,450.0
line,31路(金蝉南里--甜水园街北口),11,555.0,24,bus_tapin_clusters,555.0,600.0
line,31路(金蝉南里--甜水园街北口),12,780.0,13,bus_tapin_clusters,780.0,900.0
line,31路(金蝉南里--甜水园街北口),13,600.0,23,bus_tapin_clusters,660.0,600.0
line,31路(金蝉南里--甜水园街北口),14,600.0,20,bus_tapin_clusters,630.0,600.0
line,31路(金蝉南里--甜水园街北口),15,514.2857142857143,26,bus_tapin_clusters,660.0,514.2857142857143
line,31路(金蝉南里--甜水园街北口),16,660.0,21,bus_tapin_clusters,660.0,900.0
line,31路(金蝉南里--甜水园街北口),17,360.0,31,bus_tapin_clusters,540.0,360.0
line,31路(金蝉南里--甜水园街北口),18,360.0,39,bus_tapin_clusters,360.0,400.0
line,31路(金蝉南里--甜水园街北口),19,600.0,27,bus_tapin_clusters,720.0,600.0
line,31路(金蝉南里--甜水园街北口),20,360.0,13,bus_tapin_clusters,360.0,600.0
line,31路(金蝉南里--甜水园街北口),21,514.2857142857143,16,bus_tapin_clusters,840.0,514.2857142857143
line,31路(金蝉南里--甜水园街北口),22,750.0,3,bus_tapin_clusters,750.0,900.0
line,630路(大运村公交场站--香泉环岛),7,660.0,17,bus_tapin_clusters,660.0,900.0
line,630路(大运村公交场站--香泉环岛),8,720.0,14,bus_tapin_clusters,765.0,720.0
line,630路(大运村公交场站--香泉环岛),9,720.0,15,bus_tapin_clusters,900.0,720.0
line,630路(大运村公交场站--香泉环岛),10,514.2857142857143,18,bus_tapin_clusters,810.0,514.2857142857143
line,630路(大运村公交场站--香泉环岛),11,1200.0,8,bus_tapin_clusters,1290.0,1200.0
line,630路(大运村公交场站--香泉环岛),12,1200.0,5,bus_tapin_clusters,1920.0,1200.0
line,630路(大运村公交场站--香泉环岛),13,810.0,12,bus_tapin_clusters,810.0,900.0
line,630路(大运村公交场站--香泉环岛),14,1560.0,2,bus_tapin_clusters,1560.0,1800.0
line,630路(大运村公交场站--香泉环岛),15,900.0,15,bus_tapin_clusters,1320.0,900.0
line,630路(大运村公交场站--香泉环岛),16,900.0,10,bus_tapin_clusters,930.0,900.0
line,630路(大运村公交场站--香泉环岛),17,720.0,15,bus_tapin_clusters,720.0,720.0
line,630路(大运村公交场站--香泉环岛),18,900.0,14,bus_tapin_clusters,1200.0,900.0
line,630路(大运村公交场站--香泉环岛),19,1200.0,4,bus_tapin_clusters,1230.0,1200.0
line,630路(大运村公交场站--香泉环岛),20,1200.0,4,bus_tapin_clusters,1605.0,1200.0
line,630路(大运村公交场站--香泉环岛),21,900.0,2,bus_tapin_clusters,900.0,1200.0
line,630路(大运村公交场站--香泉环岛),6,1260.0,4,bus_tapin_clusters,1260.0,1800.0
line,967路(狼垡东桥北--花园桥南),5,600.0,9,bus_tapin_clusters,600.0,900.0
line,967路(狼垡东桥北--花园桥南),6,600.0,27,bus_tapin_clusters,660.0,600.0
line,967路(狼垡东桥北--花园桥南),7,400.0,33,bus_tapin_clusters,480.0,400.0
line,967路(狼垡东桥北--花园桥南),8,600.0,23,bus_tapin_clusters,660.0,600.0
line,967路(狼垡东桥北--花园桥南),9,600.0,25,bus_tapin_clusters,720.0,600.0
line,967路(狼垡东桥北--花园桥南),10,600.0,22,bus_tapin_clusters,990.0,600.0
line,967路(狼垡东桥北--花园桥南),11,720.0,20,bus_tapin_clusters,960.0,720.0
line,967路(狼垡东桥北--花园桥南),12,900.0,13,bus_tapin_clusters,1140.0,900.0
line,967路(狼垡东桥北--花园桥南),13,600.0,27,bus_tapin_clusters,720.0,600.0
line,967路(狼垡东桥北--花园桥南),14,780.0,23,bus_tapin_clusters,780.0,900.0
line,967路(狼垡东桥北--花园桥南),15,600.0,13,bus_tapin_clusters,600.0,720.0
line,967路(狼垡东桥北--花园桥南),16,514.2857142857143,26,bus_tapin_clusters,540.0,514.2857142857143
line,967路(狼垡东桥北--花园桥南),17,450.0,23,bus_tapin_clusters,840.0,450.0
line,967路(狼垡东桥北--花园桥南),18,900.0,12,bus_tapin_clusters,1290.0,900.0
line,967路(狼垡东桥北--花园桥南),19,660.0,9,bus_tapin_clusters,660.0,900.0
line,409路(来广营西桥东--阜成门内),5,720.0,11,bus_tapin_clusters,720.0,900.0
line,409路(来广营西桥东--阜成门内),6,450.0,40,bus_tapin_clusters,525.0,450.0
line,409路(来广营西桥东--阜成门内),7,514.2857142857143,32,bus_tapin_clusters,630.0,514.2857142857143
line,409路(来广营西桥东--阜成门内),8,450.0,30,bus_tapin_clusters,510.0,450.0
line,409路(来广营西桥东--阜成门内),9,400.0,48,bus_tapin_clusters,420.0,400.0
line,409路(来广营西桥东--阜成门内),10,360.0,44,bus_tapin_clusters,420.0,360.0
line,409路(来广营西桥东--阜成门内),11,600.0,24,bus_tapin_clusters,600.0,600.0
line,409路(来广营西桥东--阜成门内),12,480.0,31,bus_tapin_clusters,480.0,514.2857142857143
line,409路(来广营西桥东--阜成门内),13,450.0,40,bus_tapin_clusters,480.0,450.0
line,409路(来广营西桥东--阜成门内),14,480.0,27,bus_tapin_clusters,480.0,720.0
line,409路(来广营西桥东--阜成门内),15,514.2857142857143,36,bus_tapin_clusters,540.0,514.2857142857143
line,409路(来广营西桥东--阜成门内),16,450.0,44,bus_tapin_clusters,480.0,450.0
line,409路(来广营西桥东--阜成门内),17,480.0,35,bus_tapin_clusters,480.0,514.2857142857143
line,409路(来广营西桥东--阜成门内),18,480.0,27,bus_tapin_clusters,480.0,600.0
line,409路(来广营西桥东--阜成门内),19,514.2857142857143,23,bus_tapin_clusters,600.0,514.2857142857143
line,409路(来广营西桥东--阜成门内),20,600.0,18,bus_tapin_clusters,990.0,600.0
line,409路(来广营西桥东--阜成门内),21,900.0,8,bus_tapin_clusters,930.0,900.0
line,988路(四惠枢纽站--马泉营),5,810.0,10,bus_tapin_clusters,810.0,1800.0
line,988路(四惠枢纽站--马泉营),6,600.0,23,bus_tapin_clusters,720.0,600.0
line,988路(四惠枢纽站--马泉营),7,600.0,28,bus_tapin_clusters,660.0,600.0
line,988路(四惠枢纽站--马泉营),8,600.0,30,bus_tapin_clusters,765.0,600.0
line,988路(四惠枢纽站--马泉营),9,600.0,26,bus_tapin_clusters,750.0,600.0
line,988路(四惠枢纽站--马泉营),10,720.0,20,bus_tapin_clusters,825.0,720.0
line,988路(四惠枢纽站--马泉营),11,720.0,21,bus_tapin_clusters,960.0,720.0
line,988路(四惠枢纽站--马泉营),12,915.0,16,bus_tapin_clusters,915.0,1200.0
line,988路(四惠枢纽站--马泉营),13,720.0,23,bus_tapin_clusters,840.0,720.0
line,988路(四惠枢纽站--马泉营),14,1170.0,16,bus_tapin_clusters,1170.0,1200.0
line,988路(四惠枢纽站--马泉营),15,1140.0,13,bus_tapin_clusters,1140.0,1200.0
line,988路(四惠枢纽站--马泉营),16,720.0,17,bus_tapin_clusters,840.0,720.0
line,988路(四惠枢纽站--马泉营),17,720.0,18,bus_tapin_clusters,1170.0,720.0
line,988路(四惠枢纽站--马泉营),18,514.2857142857143,19,bus_tapin_clusters,720.0,514.2857142857143
line,988路(四惠枢纽站--马泉营),19,840.0,14,bus_tapin_clusters,840.0,900.0
line,988路(四惠枢纽站--马泉营),20,1440.0,5,bus_tapin_clusters,1440.0,1800.0
line,988路(四惠枢纽站--马泉营),21,1200.0,9,bus_tapin_clusters,1200.0,1200.0
line,90路(造甲村东--天坛西门),5,660.0,6,bus_tapin_clusters,660.0,900.0
line,90路(造甲村东--天坛西门),6,600.0,25,bus_tapin_clusters,630.0,600.0
line,90路(造甲村东--天坛西门),7,514.2857142857143,33,bus_tapin_clusters,540.0,514.2857142857143
line,90路(造甲村东--天坛西门),8,540.0,19,bus_tapin_clusters,540.0,720.0
line,90路(造甲村东--天坛西门),9,450.0,28,bus_tapin_clusters,660.0,450.0
line,90路(造甲村东--天坛西门),10,600.0,26,bus_tapin_clusters,660.0,600.0
line,90路(造甲村东--天坛西门),11,600.0,27,bus_tapin_clusters,750.0,600.0
line,90路(造甲村东--天坛西门),12,720.0,23,bus_tapin_clusters,840.0,720.0
line,90路(造甲村东--天坛西门),13,600.0,24,bus_tapin_clusters,720.0,600.0
line,90路(造甲村东--天坛西门),14,600.0,23,bus_tapin_clusters,780.0,600.0
line,90路(造甲村东--天坛西门),15,600.0,23,bus_tapin_clusters,660.0,600.0
line,90路(造甲村东--天坛西门),16,514.2857142857143,24,bus_tapin_clusters,600.0,514.2857142857143
line,90路(造甲村东--天坛西门),17,600.0,26,bus_tapin_clusters,780.0,600.0
line,90路(造甲村东--天坛西门),18,600.0,24,bus_tapin_clusters,660.0,600.0
line,90路(造甲村东--天坛西门),19,900.0,13,bus_tapin_clusters,960.0,900.0
line,90路(造甲村东--天坛西门),20,1200.0,13,bus_tapin_clusters,1740.0,1200.0
line,90路(造甲村东--天坛西门),21,1200.0,2,bus_tapin_clusters,1290.0,1200.0
line,601路(地铁北宫门站--和平东桥),5,600.0,6,bus_tapin_clusters,600.0,900.0
line,601路(地铁北宫门站--和平东桥),6,570.0,24,bus_tapin_clusters,570.0,720.0
line,601路(地铁北宫门站--和平东桥),7,514.2857142857143,36,bus_tapin_clusters,525.0,514.2857142857143
line,601路(地铁北宫门站--和平东桥),8,327.27272727272725,53,bus_tapin_clusters,360.0,327.27272727272725
line,601路(地铁北宫门站--和平东桥),9,450.0,31,bus_tapin_clusters,540.0,450.0
line,601路(地铁北宫门站--和平东桥),10,514.2857142857143,32,bus_tapin_clusters,720.0,514.2857142857143
line,601路(地铁北宫门站--和平东桥),11,450.0,26,bus_tapin_clusters,780.0,450.0
line,601路(地铁北宫门站--和平东桥),12,600.0,29,bus_tapin_clusters,720.0,600.0
line,601路(地铁北宫门站--和平东桥),13,720.0,26,bus_tapin_clusters,990.0,720.0
line,601路(地铁北宫门站--和平东桥),14,514.2857142857143,31,bus_tapin_clusters,690.0,514.2857142857143
line,601路(地铁北宫门站--和平东桥),15,600.0,25,bus_tapin_clusters,720.0,600.0
line,601路(地铁北宫门站--和平东桥),16,514.2857142857143,37,bus_tapin_clusters,540.0,514.2857142857143
line,601路(地铁北宫门站--和平东桥),17,450.0,35,bus_tapin_clusters,660.0,450.0
line,601路(地铁北宫门站--和平东桥),18,450.0,40,bus_tapin_clusters,510.0,450.0
line,601路(地铁北宫门站--和平东桥),19,514.2857142857143,33,bus_tapin_clusters,540.0,514.2857142857143
line,601路(地铁北宫门站--和平东桥),20,720.0,20,bus_tapin_clusters,870.0,720.0
line,601路(地铁北宫门站--和平东桥),21,900.0,15,bus_tapin_clusters,1080.0,900.0
line,601路(地铁北宫门站--和平东桥),22,1110.0,2,bus_tapin_clusters,1110.0,1200.0
line,516路(南皋--亮马桥),6,720.0,18,bus_tapin_clusters,840.0,720.0
line,516路(南皋--亮马桥),7,720.0,20,bus_tapin_clusters,960.0,720.0
line,516路(南皋--亮马桥),8,900.0,15,bus_tapin_clusters,1140.0,900.0
line,516路(南皋--亮马桥),9,720.0,16,bus_tapin_clusters,720.0,720.0
line,516路(南皋--亮马桥),11,1740.0,7,bus_tapin_clusters,1740.0,1800.0
line,516路(南皋--亮马桥),13,1170.0,8,bus_tapin_clusters,1170.0,1200.0
line,516路(南皋--亮马桥),14,1200.0,12,bus_tapin_clusters,1470.0,1200.0
line,516路(南皋--亮马桥),15,1200.0,6,bus_tapin_clusters,1350.0,1200.0
line,516路(南皋--亮马桥),16,600.0,17,bus_tapin_clusters,960.0,600.0
line,516路(南皋--亮马桥),17,660.0,15,bus_tapin_clusters,660.0,720.0
line,516路(南皋--亮马桥),18,780.0,10,bus_tapin_clusters,780.0,900.0
line,516路(南皋--亮马桥),19,900.0,9,bus_tapin_clusters,900.0,900.0
line,516路(南皋--亮马桥),21,1800.0,2,bus_tapin_clusters,1800.0,1800.0
line,516路(南皋--亮马桥),12,1800.0,5,bus_tapin_clusters,2220.0,1800.0
line,516路(南皋--亮马桥),5,1200.0,2,bus_tapin_clusters,1200.0,1800.0
line,516路(南皋--亮马桥),10,1200.0,5,bus_tapin_clusters,1740.0,1200.0
line,985路(牌坊村东口--甜水园西里),5,1140.0,7,bus_tapin_clusters,1140.0,1200.0
line,985路(牌坊村东口--甜水园西里),6,900.0,14,bus_tapin_clusters,930.0,900.0
line,985路(牌坊村东口--甜水园西里),7,1200.0,15,bus_tapin_clusters,1320.0,1200.0
line,985路(牌坊村东口--甜水园西里),8,720.0,18,bus_tapin_clusters,1140.0,720.0
line,985路(牌坊村东口--甜水园西里),9,900.0,18,bus_tapin_clusters,1080.0,900.0
line,985路(牌坊村东口--甜水园西里),10,900.0,12,bus_tapin_clusters,1140.0,900.0
line,985路(牌坊村东口--甜水园西里),11,1110.0,12,bus_tapin_clusters,1110.0,1200.0
line,985路(牌坊村东口--甜水园西里),12,1800.0,6,bus_tapin_clusters,2160.0,1800.0
line,985路(牌坊村东口--甜水园西里),13,900.0,14,bus_tapin_clusters,1500.0,900.0
line,985路(牌坊村东口--甜水园西里),15,1200.0,9,bus_tapin_clusters,1500.0,1200.0
line,985路(牌坊村东口--甜水园西里),16,1200.0,11,bus_tapin_clusters,1500.0,1200.0
line,985路(牌坊村东口--甜水园西里),17,900.0,13,bus_tapin_clusters,1320.0,900.0
line,985路(牌坊村东口--甜水园西里),18,1200.0,7,bus_tapin_clusters,1440.0,1200.0
line,985路(牌坊村东口--甜水园西里),14,1485.0,8,bus_tapin_clusters,1485.0,1800.0
line,409路(阜成门内公交场站--来广营西桥东),5,360.0,5,bus_tapin_clusters,360.0,720.0
line,409路(阜成门内公交场站--来广营西桥东),6,360.0,31,bus_tapin_clusters,480.0,360.0
line,409路(阜成门内公交场站--来广营西桥东),7,300.0,41,bus_tapin_clusters,360.0,300.0
line,409路(阜成门内公交场站--来广营西桥东),8,327.27272727272725,40,bus_tapin_clusters,540.0,327.27272727272725
line,409路(阜成门内公交场站--来广营西桥东),9,315.0,40,bus_tapin_clusters,315.0,360.0
line,409路(阜成门内公交场站--来广营西桥东),10,300.0,45,bus_tapin_clusters,330.0,300.0
line,409路(阜成门内公交场站--来广营西桥东),11,276.9230769230769,52,bus_tapin_clusters,420.0,276.9230769230769
line,409路(阜成门内公交场站--来广营西桥东),12,360.0,27,bus_tapin_clusters,360.0,450.0
line,409路(阜成门内公交场站--来广营西桥东),13,257.14285714285717,41,bus_tapin_clusters,420.0,257.14285714285717
line,409路(阜成门内公交场站--来广营西桥东),14,276.9230769230769,53,bus_tapin_clusters,360.0,276.9230769230769
line,409路(阜成门内公交场站--来广营西桥东),15,300.0,44,bus_tapin_clusters,360.0,300.0
line,409路(阜成门内公交场站--来广营西桥东),16,450.0,41,bus_tapin_clusters,540.0,450.0
line,409路(阜成门内公交场站--来广营西桥东),17,257.14285714285717,52,bus_tapin_clusters,345.0,257.14285714285717
line,409路(阜成门内公交场站--来广营西桥东),18,225.0,45,bus_tapin_clusters,300.0,225.0
line,409路(阜成门内公交场站--来广营西桥东),19,400.0,40,bus_tapin_clusters,480.0,400.0
line,409路(阜成门内公交场站--来广营西桥东),20,276.9230769230769,45,bus_tapin_clusters,420.0,276.9230769230769
line,409路(阜成门内公交场站--来广营西桥东),21,400.0,32,bus_tapin_clusters,495.0,400.0
line,16路(二里庄--动物园枢纽站),7,600.0,27,bus_tapin_clusters,600.0,600.0
line,16路(二里庄--动物园枢纽站),8,720.0,23,bus_tapin_clusters,1320.0,720.0
line,16路(二里庄--动物园枢纽站),9,360.0,37,bus_tapin_clusters,480.0,360.0
line,16路(二里庄--动物园枢纽站),10,1200.0,12,bus_tapin_clusters,1350.0,1200.0
line,16路(二里庄--动物园枢纽站),11,360.0,25,bus_tapin_clusters,720.0,360.0
line,16路(二里庄--动物园枢纽站),12,900.0,14,bus_tapin_clusters,1020.0,900.0
line,16路(二里庄--动物园枢纽站),13,900.0,13,bus_tapin_clusters,1260.0,900.0
line,16路(二里庄--动物园枢纽站),15,900.0,19,bus_tapin_clusters,1170.0,900.0
line,16路(二里庄--动物园枢纽站),16,840.0,19,bus_tapin_clusters,840.0,900.0
line,16路(二里庄--动物园枢纽站),17,514.2857142857143,24,bus_tapin_clusters,870.0,514.2857142857143
line,16路(二里庄--动物园枢纽站),19,450.0,17,bus_tapin_clusters,570.0,450.0
line,16路(二里庄--动物园枢纽站),20,900.0,16,bus_tapin_clusters,1050.0,900.0
line,16路(二里庄--动物园枢纽站),22,900.0,6,bus_tapin_clusters,900.0,1200.0
line,16路(二里庄--动物园枢纽站),6,630.0,2,bus_tapin_clusters,630.0,1800.0
line,16路(二里庄--动物园枢纽站),18,514.2857142857143,16,bus_tapin_clusters,540.0,514.2857142857143
line,16路(二里庄--动物园枢纽站),21,840.0,3,bus_tapin_clusters,840.0,1800.0
line,16路(二里庄--动物园枢纽站),14,1380.0,2,bus_tapin_clusters,1380.0,1800.0
line,42路(东四十条桥--广外甘石桥),5,600.0,7,bus_tapin_clusters,600.0,900.0
line,42路(东四十条桥--广外甘石桥),6,450.0,35,bus_tapin_clusters,540.0,450.0
line,42路(东四十条桥--广外甘石桥),7,450.0,36,bus_tapin_clusters,480.0,450.0
line,42路(东四十条桥--广外甘石桥),8,720.0,26,bus_tapin_clusters,810.0,720.0
line,42路(东四十条桥--广外甘石桥),9,600.0,28,bus_tapin_clusters,690.0,600.0
line,42路(东四十条桥--广外甘石桥),10,327.27272727272725,44,bus_tapin_clusters,360.0,327.27272727272725
line,42路(东四十条桥--广外甘石桥),11,514.2857142857143,31,bus_tapin_clusters,540.0,514.2857142857143
line,42路(东四十条桥--广外甘石桥),12,450.0,40,bus_tapin_clusters,450.0,450.0
line,42路(东四十条桥--广外甘石桥),13,400.0,40,bus_tapin_clusters,480.0,400.0
line,42路(东四十条桥--广外甘石桥),14,720.0,22,bus_tapin_clusters,975.0,720.0
line,42路(东四十条桥--广外甘石桥),15,400.0,33,bus_tapin_clusters,540.0,400.0
line,42路(东四十条桥--广外甘石桥),16,514.2857142857143,37,bus_tapin_clusters,540.0,514.2857142857143
line,42路(东四十条桥--广外甘石桥),17,510.0,30,bus_tapin_clusters,510.0,514.2857142857143
line,42路(东四十条桥--广外甘石桥),18,600.0,27,bus_tapin_clusters,720.0,600.0
line,42路(东四十条桥--广外甘石桥),19,514.2857142857143,19,bus_tapin_clusters,780.0,514.2857142857143
line,42路(东四十条桥--广外甘石桥),20,1200.0,11,bus_tapin_clusters,1620.0,1200.0
line,42路(东四十条桥--广外甘石桥),21,900.0,12,bus_tapin_clusters,1290.0,900.0
line,42路(东四十条桥--广外甘石桥),22,450.0,4,bus_tapin_clusters,450.0,720.0
line,102路(角门南站--动物园枢纽站),5,540.0,5,bus_tapin_clusters,540.0,1200.0
line,102路(角门南站--动物园枢纽站),6,514.2857142857143,35,bus_tapin_clusters,540.0,514.2857142857143
line,102路(角门南站--动物园枢纽站),7,514.2857142857143,25,bus_tapin_clusters,720.0,514.2857142857143
line,102路(角门南站--动物园枢纽站),8,450.0,32,bus_tapin_clusters,450.0,600.0
line,102路(角门南站--动物园枢纽站),9,400.0,24,bus_tapin_clusters,510.0,400.0
line,102路(角门南站--动物园枢纽站),10,360.0,27,bus_tapin_clusters,360.0,400.0
line,102路(角门南站--动物园枢纽站),11,510.0,32,bus_tapin_clusters,510.0,514.2857142857143
line,102路(角门南站--动物园枢纽站),12,450.0,37,bus_tapin_clusters,600.0,450.0
line,102路(角门南站--动物园枢纽站),13,600.0,16,bus_tapin_clusters,600.0,900.0
line,102路(角门南站--动物园枢纽站),14,300.0,30,bus_tapin_clusters,540.0,300.0
line,102路(角门南站--动物园枢纽站),15,600.0,24,bus_tapin_clusters,600.0,600.0
line,102路(角门南站--动物园枢纽站),16,360.0,40,bus_tapin_clusters,360.0,360.0
line,102路(角门南站--动物园枢纽站),17,276.9230769230769,41,bus_tapin_clusters,300.0,276.9230769230769
line,102路(角门南站--动物园枢纽站),18,276.9230769230769,40,bus_tapin_clusters,330.0,276.9230769230769
line,102路(角门南站--动物园枢纽站),19,450.0,40,bus_tapin_clusters,480.0,450.0
line,102路(角门南站--动物园枢纽站),20,600.0,23,bus_tapin_clusters,600.0,720.0
line,102路(角门南站--动物园枢纽站),21,660.0,17,bus_tapin_clusters,660.0,720.0
line,986路(大地公交场站--方庄桥东),8,900.0,14,bus_tapin_clusters,900.0,900.0
line,986路(大地公交场站--方庄桥东),9,720.0,17,bus_tapin_clusters,870.0,720.0
line,986路(大地公交场站--方庄桥东),10,840.0,16,bus_tapin_clusters,840.0,900.0
line,986路(大地公交场站--方庄桥东),11,600.0,24,bus_tapin_clusters,600.0,600.0
line,986路(大地公交场站--方庄桥东),12,720.0,13,bus_tapin_clusters,1620.0,720.0
line,986路(大地公交场站--方庄桥东),13,720.0,15,bus_tapin_clusters,1080.0,720.0
line,986路(大地公交场站--方庄桥东),14,540.0,23,bus_tapin_clusters,540.0,720.0
line,986路(大地公交场站--方庄桥东),15,720.0,18,bus_tapin_clusters,795.0,720.0
line,986路(大地公交场站--方庄桥东),16,600.0,18,bus_tapin_clusters,750.0,600.0
line,986路(大地公交场站--方庄桥东),17,514.2857142857143,26,bus_tapin_clusters,780.0,514.2857142857143
line,986路(大地公交场站--方庄桥东),18,600.0,27,bus_tapin_clusters,660.0,600.0
line,986路(大地公交场站--方庄桥东),19,600.0,18,bus_tapin_clusters,720.0,600.0
line,986路(大地公交场站--方庄桥东),20,1200.0,2,bus_tapin_clusters,1260.0,1200.0
line,986路(大地公交场站--方庄桥东),6,900.0,11,bus_tapin_clusters,900.0,900.0
line,986路(大地公交场站--方庄桥东),7,900.0,16,bus_tapin_clusters,1125.0,900.0
line,986路(大地公交场站--方庄桥东),5,1800.0,2,bus_tapin_clusters,2400.0,1800.0
line,848路(海子角--大北窑南),5,780.0,15,bus_tapin_clusters,780.0,1200.0
line,848路(海子角--大北窑南),6,450.0,32,bus_tapin_clusters,630.0,450.0
line,848路(海子角--大北窑南),7,210.0,66,bus_tapin_clusters,210.0,276.9230769230769
line,848路(海子角--大北窑南),8,300.0,62,bus_tapin_clusters,300.0,327.27272727272725
line,848路(海子角--大北窑南),9,720.0,28,bus_tapin_clusters,840.0,720.0
line,848路(海子角--大北窑南),10,514.2857142857143,35,bus_tapin_clusters,660.0,514.2857142857143
line,848路(海子角--大北窑南),11,600.0,27,bus_tapin_clusters,660.0,600.0
line,848路(海子角--大北窑南),12,600.0,27,bus_tapin_clusters,720.0,600.0
line,848路(海子角--大北窑南),13,600.0,24,bus_tapin_clusters,600.0,720.0
line,848路(海子角--大北窑南),14,514.2857142857143,33,bus_tapin_clusters,600.0,514.2857142857143
line,848路(海子角--大北窑南),15,450.0,34,bus_tapin_clusters,450.0,514.2857142857143
line,848路(海子角--大北窑南),16,450.0,38,bus_tapin_clusters,555.0,450.0
line,848路(海子角--大北窑南),17,327.27272727272725,59,bus_tapin_clusters,360.0,327.27272727272725
line,848路(海子角--大北窑南),18,450.0,40,bus_tapin_clusters,480.0,450.0
line,848路(海子角--大北窑南),19,600.0,34,bus_tapin_clusters,660.0,600.0
line,848路(海子角--大北窑南),20,720.0,20,bus_tapin_clusters,930.0,720.0
line,848路(海子角--大北窑南),21,480.0,2,bus_tapin_clusters,480.0,1200.0
line,423路(明春苑--阜成门内),6,600.0,19,bus_tapin_clusters,900.0,600.0
line,423路(明春苑--阜成门内),7,600.0,28,bus_tapin_clusters,645.0,600.0
line,423路(明春苑--阜成门内),8,600.0,27,bus_tapin_clusters,780.0,600.0
line,423路(明春苑--阜成门内),9,720.0,23,bus_tapin_clusters,1020.0,720.0
line,423路(明春苑--阜成门内),10,900.0,16,bus_tapin_clusters,1410.0,900.0
line,423路(明春苑--阜成门内),11,900.0,18,bus_tapin_clusters,1140.0,900.0
line,423路(明春苑--阜成门内),12,1800.0,10,bus_tapin_clusters,1860.0,1800.0
line,423路(明春苑--阜成门内),13,600.0,24,bus_tapin_clusters,900.0,600.0
line,423路(明春苑--阜成门内),14,514.2857142857143,13,bus_tapin_clusters,1380.0,514.2857142857143
line,423路(明春苑--阜成门内),15,900.0,14,bus_tapin_clusters,1320.0,900.0
line,423路(明春苑--阜成门内),16,720.0,23,bus_tapin_clusters,900.0,720.0
line,423路(明春苑--阜成门内),17,720.0,21,bus_tapin_clusters,780.0,720.0
line,423路(明春苑--阜成门内),18,840.0,12,bus_tapin_clusters,840.0,900.0
line,423路(明春苑--阜成门内),19,1110.0,12,bus_tapin_clusters,1110.0,1200.0
line,423路(明春苑--阜成门内),20,1020.0,8,bus_tapin_clusters,1020.0,1200.0
line,423路(明春苑--阜成门内),5,900.0,11,bus_tapin_clusters,1260.0,900.0
line,423路(明春苑--阜成门内),21,1080.0,2,bus_tapin_clusters,1080.0,1200.0
line,973路(东窑村--大瓦窑公交场站),5,690.0,6,bus_tapin_clusters,690.0,1200.0
line,973路(东窑村--大瓦窑公交场站),6,600.0,32,bus_tapin_clusters,660.0,600.0
line,973路(东窑村--大瓦窑公交场站),7,514.2857142857143,28,bus_tapin_clusters,750.0,514.2857142857143
line,973路(东窑村--大瓦窑公交场站),8,450.0,38,bus_tapin_clusters,660.0,450.0
line,973路(东窑村--大瓦窑公交场站),9,720.0,22,bus_tapin_clusters,840.0,720.0
line,973路(东窑村--大瓦窑公交场站),10,720.0,23,bus_tapin_clusters,960.0,720.0
line,973路(东窑村--大瓦窑公交场站),11,720.0,22,bus_tapin_clusters,900.0,720.0
line,973路(东窑村--大瓦窑公交场站),12,840.0,20,bus_tapin_clusters,840.0,900.0
line,973路(东窑村--大瓦窑公交场站),13,900.0,24,bus_tapin_clusters,960.0,900.0
line,973路(东窑村--大瓦窑公交场站),14,720.0,22,bus_tapin_clusters,990.0,720.0
line,973路(东窑村--大瓦窑公交场站),15,600.0,26,bus_tapin_clusters,840.0,600.0
line,973路(东窑村--大瓦窑公交场站),16,600.0,24,bus_tapin_clusters,900.0,600.0
line,973路(东窑村--大瓦窑公交场站),17,450.0,36,bus_tapin_clusters,480.0,450.0
line,973路(东窑村--大瓦窑公交场站),18,514.2857142857143,35,bus_tapin_clusters,600.0,514.2857142857143
line,973路(东窑村--大瓦窑公交场站),19,450.0,36,bus_tapin_clusters,630.0,450.0
line,973路(东窑村--大瓦窑公交场站),20,720.0,23,bus_tapin_clusters,960.0,720.0
line,973路(东窑村--大瓦窑公交场站),21,720.0,17,bus_tapin_clusters,1140.0,720.0
line,499路(燕莎桥南--草房西路南口),7,450.0,28,bus_tapin_clusters,480.0,450.0
line,499路(燕莎桥南--草房西路南口),8,720.0,16,bus_tapin_clusters,810.0,720.0
line,499路(燕莎桥南--草房西路南口),9,630.0,14,bus_tapin_clusters,630.0,900.0
line,499路(燕莎桥南--草房西路南口),10,480.0,20,bus_tapin_clusters,480.0,720.0
line,499路(燕莎桥南--草房西路南口),11,780.0,7,bus_tapin_clusters,780.0,1200.0
line,499路(燕莎桥南--草房西路南口),15,570.0,14,bus_tapin_clusters,570.0,720.0
line,499路(燕莎桥南--草房西路南口),16,420.0,17,bus_tapin_clusters,420.0,600.0
line,499路(燕莎桥南--草房西路南口),17,300.0,28,bus_tapin_clusters,300.0,360.0
line,499路(燕莎桥南--草房西路南口),12,1200.0,5,bus_tapin_clusters,1500.0,1200.0
line,499路(燕莎桥南--草房西路南口),13,240.0,9,bus_tapin_clusters,240.0,514.2857142857143
line,499路(燕莎桥南--草房西路南口),14,600.0,10,bus_tapin_clusters,600.0,720.0
line,499路(燕莎桥南--草房西路南口),18,327.27272727272725,24,bus_tapin_clusters,450.0,327.27272727272725
line,499路(燕莎桥南--草房西路南口),19,900.0,9,bus_tapin_clusters,1080.0,900.0
line,499路(燕莎桥南--草房西路南口),20,270.0,8,bus_tapin_clusters,270.0,720.0
line,499路(燕莎桥南--草房西路南口),5,540.0,4,bus_tapin_clusters,540.0,1200.0
line,499路(燕莎桥南--草房西路南口),6,780.0,7,bus_tapin_clusters,780.0,900.0
line,939路(李县坟--三元桥东站),7,780.0,5,bus_tapin_clusters,780.0,1200.0
line,939路(李县坟--三元桥东站),8,825.0,6,bus_tapin_clusters,825.0,900.0
line,939路(李县坟--三元桥东站),9,600.0,8,bus_tapin_clusters,600.0,900.0
line,939路(李县坟--三元桥东站),10,1170.0,4,bus_tapin_clusters,1170.0,1200.0
line,939路(李县坟--三元桥东站),16,1200.0,5,bus_tapin_clusters,1380.0,1200.0
line,939路(李县坟--三元桥东站),18,1080.0,5,bus_tapin_clusters,1080.0,1200.0
line,939路(李县坟--三元桥东站),21,1200.0,2,bus_tapin_clusters,1290.0,1200.0
line,939路(李县坟--三元桥东站),5,1200.0,3,bus_tapin_clusters,1320.0,1200.0
line,939路(李县坟--三元桥东站),13,1050.0,2,bus_tapin_clusters,1050.0,1200.0
line,939路(李县坟--三元桥东站),17,480.0,3,bus_tapin_clusters,480.0,1200.0
line,347路(新街口豁口--雍王府),5,420.0,7,bus_tapin_clusters,420.0,900.0
line,347路(新街口豁口--雍王府),6,400.0,29,bus_tapin_clusters,420.0,400.0
line,347路(新街口豁口--雍王府),7,327.27272727272725,38,bus_tapin_clusters,480.0,327.27272727272725
line,347路(新街口豁口--雍王府),8,327.27272727272725,45,bus_tapin_clusters,360.0,327.27272727272725
line,347路(新街口豁口--雍王府),9,360.0,39,bus_tapin_clusters,420.0,360.0
line,347路(新街口豁口--雍王府),10,400.0,34,bus_tapin_clusters,450.0,400.0
line,347路(新街口豁口--雍王府),11,450.0,32,bus_tapin_clusters,540.0,450.0
line,347路(新街口豁口--雍王府),12,400.0,30,bus_tapin_clusters,540.0,400.0
line,347路(新街口豁口--雍王府),13,400.0,31,bus_tapin_clusters,540.0,400.0
line,347路(新街口豁口--雍王府),14,600.0,28,bus_tapin_clusters,600.0,600.0
line,347路(新街口豁口--雍王府),15,600.0,33,bus_tapin_clusters,600.0,600.0
line,347路(新街口豁口--雍王府),16,400.0,42,bus_tapin_clusters,450.0,400.0
line,347路(新街口豁口--雍王府),17,327.27272727272725,46,bus_tapin_clusters,420.0,327.27272727272725
line,347路(新街口豁口--雍王府),18,570.0,31,bus_tapin_clusters,570.0,600.0
line,347路(新街口豁口--雍王府),19,514.2857142857143,24,bus_tapin_clusters,660.0,514.2857142857143
line,347路(新街口豁口--雍王府),20,900.0,18,bus_tapin_clusters,900.0,900.0
line,347路(新街口豁口--雍王府),21,660.0,13,bus_tapin_clusters,660.0,720.0
line,359路(东直门外--首都机场路北口),6,900.0,6,bus_tapin_clusters,1200.0,900.0
line,359路(东直门外--首都机场路北口),7,570.0,10,bus_tapin_clusters,570.0,720.0
line,359路(东直门外--首都机场路北口),8,630.0,14,bus_tapin_clusters,630.0,720.0
line,359路(东直门外--首都机场路北口),9,1200.0,7,bus_tapin_clusters,1800.0,1200.0
line,359路(东直门外--首都机场路北口),12,795.0,6,bus_tapin_clusters,795.0,1200.0
line,359路(东直门外--首都机场路北口),17,1020.0,7,bus_tapin_clusters,1020.0,1200.0
line,359路(东直门外--首都机场路北口),18,870.0,11,bus_tapin_clusters,870.0,900.0
line,359路(东直门外--首都机场路北口),19,870.0,4,bus_tapin_clusters,870.0,900.0
line,359路(东直门外--首都机场路北口),5,810.0,2,bus_tapin_clusters,810.0,1800.0
line,359路(东直门外--首都机场路北口),11,900.0,3,bus_tapin_clusters,900.0,1200.0
line,359路(东直门外--首都机场路北口),13,930.0,2,bus_tapin_clusters,930.0,1200.0
line,359路(东直门外--首都机场路北口),16,1140.0,5,bus_tapin_clusters,1140.0,1200.0
line,359路(东直门外--首都机场路北口),14,1800.0,2,bus_tapin_clusters,2430.0,1800.0
line,359路(东直门外--首都机场路北口),15,1260.0,2,bus_tapin_clusters,1260.0,1800.0
line,11路(大北窑东--孛罗营),6,600.0,11,bus_tapin_clusters,600.0,720.0
line,11路(大北窑东--孛罗营),7,600.0,13,bus_tapin_clusters,600.0,600.0
line,11路(大北窑东--孛罗营),8,514.2857142857143,19,bus_tapin_clusters,720.0,514.2857142857143
line,11路(大北窑东--孛罗营),9,600.0,19,bus_tapin_clusters,720.0,600.0
line,11路(大北窑东--孛罗营),10,420.0,15,bus_tapin_clusters,420.0,514.2857142857143
line,11路(大北窑东--孛罗营),11,720.0,9,bus_tapin_clusters,1140.0,720.0
line,11路(大北窑东--孛罗营),12,720.0,11,bus_tapin_clusters,900.0,720.0
line,11路(大北窑东--孛罗营),13,780.0,11,bus_tapin_clusters,780.0,900.0
line,11路(大北窑东--孛罗营),14,900.0,12,bus_tapin_clusters,1260.0,900.0
line,11路(大北窑东--孛罗营),15,570.0,16,bus_tapin_clusters,570.0,720.0
line,11路(大北窑东--孛罗营),16,450.0,21,bus_tapin_clusters,600.0,450.0
line,11路(大北窑东--孛罗营),17,450.0,32,bus_tapin_clusters,450.0,450.0
line,11路(大北窑东--孛罗营),18,450.0,20,bus_tapin_clusters,720.0,450.0
line,11路(大北窑东--孛罗营),19,720.0,11,bus_tapin_clusters,1200.0,720.0
line,11路(大北窑东--孛罗营),20,360.0,11,bus_tapin_clusters,360.0,600.0
line,11路(大北窑东--孛罗营),21,420.0,11,bus_tapin_clusters,420.0,514.2857142857143
line,11路(大北窑东--孛罗营),22,810.0,5,bus_tapin_clusters,810.0,900.0
line,115路(康家沟--东黄城根北口),5,720.0,13,bus_tapin_clusters,720.0,900.0
line,115路(康家沟--东黄城根北口),6,400.0,47,bus_tapin_clusters,420.0,400.0
line,115路(康家沟--东黄城根北口),7,400.0,40,bus_tapin_clusters,510.0,400.0
line,115路(康家沟--东黄城根北口),8,480.0,30,bus_tapin_clusters,480.0,514.2857142857143
line,115路(康家沟--东黄城根北口),9,360.0,54,bus_tapin_clusters,360.0,360.0
line,115路(康家沟--东黄城根北口),10,480.0,31,bus_tapin_clusters,480.0,600.0
line,115路(康家沟--东黄城根北口),11,420.0,35,bus_tapin_clusters,420.0,450.0
line,115路(康家沟--东黄城根北口),12,450.0,31,bus_tapin_clusters,540.0,450.0
line,115路(康家沟--东黄城根北口),13,540.0,33,bus_tapin_clusters,540.0,600.0
line,115路(康家沟--东黄城根北口),14,600.0,20,bus_tapin_clusters,690.0,600.0
line,115路(康家沟--东黄城根北口),15,600.0,26,bus_tapin_clusters,600.0,720.0
line,115路(康家沟--东黄城根北口),16,480.0,31,bus_tapin_clusters,480.0,600.0
line,115路(康家沟--东黄城根北口),17,600.0,29,bus_tapin_clusters,600.0,600.0
line,115路(康家沟--东黄城根北口),18,400.0,34,bus_tapin_clusters,480.0,400.0
line,115路(康家沟--东黄城根北口),19,510.0,32,bus_tapin_clusters,510.0,514.2857142857143
line,115路(康家沟--东黄城根北口),20,720.0,20,bus_tapin_clusters,900.0,720.0
line,115路(康家沟--东黄城根北口),21,540.0,6,bus_tapin_clusters,540.0,720.0
line,115路(康家沟--东黄城根北口),22,1680.0,3,bus_tapin_clusters,1680.0,1800.0
line,42路(广外甘石桥--东四十条桥西),5,600.0,13,bus_tapin_clusters,660.0,600.0
line,42路(广外甘石桥--东四十条桥西),6,400.0,34,bus_tapin_clusters,570.0,400.0
line,42路(广外甘石桥--东四十条桥西),7,225.0,44,bus_tapin_clusters,480.0,225.0
line,42路(广外甘石桥--东四十条桥西),8,327.27272727272725,41,bus_tapin_clusters,360.0,327.27272727272725
line,42路(广外甘石桥--东四十条桥西),9,360.0,39,bus_tapin_clusters,420.0,360.0
line,42路(广外甘石桥--东四十条桥西),10,400.0,37,bus_tapin_clusters,480.0,400.0
line,42路(广外甘石桥--东四十条桥西),11,360.0,33,bus_tapin_clusters,480.0,360.0
line,42路(广外甘石桥--东四十条桥西),12,400.0,35,bus_tapin_clusters,480.0,400.0
line,42路(广外甘石桥--东四十条桥西),13,480.0,33,bus_tapin_clusters,480.0,514.2857142857143
line,42路(广外甘石桥--东四十条桥西),14,450.0,35,bus_tapin_clusters,570.0,450.0
line,42路(广外甘石桥--东四十条桥西),15,514.2857142857143,30,bus_tapin_clusters,600.0,514.2857142857143
line,42路(广外甘石桥--东四十条桥西),16,540.0,24,bus_tapin_clusters,540.0,600.0
line,42路(广外甘石桥--东四十条桥西),17,450.0,35,bus_tapin_clusters,600.0,450.0
line,42路(广外甘石桥--东四十条桥西),18,360.0,29,bus_tapin_clusters,780.0,360.0
line,42路(广外甘石桥--东四十条桥西),19,600.0,24,bus_tapin_clusters,615.0,600.0
line,42路(广外甘石桥--东四十条桥西),20,720.0,16,bus_tapin_clusters,870.0,720.0
line,42路(广外甘石桥--东四十条桥西),21,1200.0,10,bus_tapin_clusters,1620.0,1200.0
line,42路(广外甘石桥--东四十条桥西),22,600.0,5,bus_tapin_clusters,600.0,1200.0
line,114路(南坞--白云路),6,720.0,18,bus_tapin_clusters,750.0,720.0
line,114路(南坞--白云路),7,420.0,29,bus_tapin_clusters,420.0,514.2857142857143
line,114路(南坞--白云路),8,257.14285714285717,45,bus_tapin_clusters,420.0,257.14285714285717
line,114路(南坞--白云路),9,360.0,31,bus_tapin_clusters,360.0,450.0
line,114路(南坞--白云路),10,514.2857142857143,31,bus_tapin_clusters,720.0,514.2857142857143
line,114路(南坞--白云路),11,360.0,28,bus_tapin_clusters,360.0,400.0
line,114路(南坞--白云路),12,450.0,33,bus_tapin_clusters,600.0,450.0
line,114路(南坞--白云路),13,720.0,23,bus_tapin_clusters,720.0,720.0
line,114路(南坞--白云路),14,855.0,20,bus_tapin_clusters,855.0,900.0
line,114路(南坞--白云路),15,900.0,13,bus_tapin_clusters,900.0,900.0
line,114路(南坞--白云路),16,400.0,30,bus_tapin_clusters,690.0,400.0
line,114路(南坞--白云路),17,450.0,31,bus_tapin_clusters,600.0,450.0
line,114路(南坞--白云路),18,600.0,25,bus_tapin_clusters,900.0,600.0
line,114路(南坞--白云路),19,450.0,24,bus_tapin_clusters,690.0,450.0
line,114路(南坞--白云路),20,900.0,11,bus_tapin_clusters,1260.0,900.0
line,114路(南坞--白云路),21,690.0,6,bus_tapin_clusters,690.0,900.0
line,114路(南坞--白云路),22,840.0,5,bus_tapin_clusters,840.0,1200.0
line,94路(塔院小区南门--公主坟东),6,720.0,21,bus_tapin_clusters,720.0,720.0
line,94路(塔院小区南门--公主坟东),7,720.0,27,bus_tapin_clusters,960.0,720.0
line,94路(塔院小区南门--公主坟东),8,450.0,37,bus_tapin_clusters,660.0,450.0
line,94路(塔院小区南门--公主坟东),9,360.0,33,bus_tapin_clusters,780.0,360.0
line,94路(塔院小区南门--公主坟东),10,600.0,29,bus_tapin_clusters,840.0,600.0
line,94路(塔院小区南门--公主坟东),11,600.0,24,bus_tapin_clusters,720.0,600.0
line,94路(塔院小区南门--公主坟东),12,514.2857142857143,32,bus_tapin_clusters,600.0,514.2857142857143
line,94路(塔院小区南门--公主坟东),13,600.0,25,bus_tapin_clusters,600.0,720.0
line,94路(塔院小区南门--公主坟东),14,600.0,28,bus_tapin_clusters,930.0,600.0
line,94路(塔院小区南门--公主坟东),15,514.2857142857143,33,bus_tapin_clusters,600.0,514.2857142857143
line,94路(塔院小区南门--公主坟东),16,514.2857142857143,27,bus_tapin_clusters,720.0,514.2857142857143
line,94路(塔院小区南门--公主坟东),17,327.27272727272725,41,bus_tapin_clusters,540.0,327.27272727272725
line,94路(塔院小区南门--公主坟东),18,400.0,28,bus_tapin_clusters,930.0,400.0
line,94路(塔院小区南门--公主坟东),19,600.0,27,bus_tapin_clusters,600.0,600.0
line,94路(塔院小区南门--公主坟东),20,514.2857142857143,23,bus_tapin_clusters,1140.0,514.2857142857143
line,94路(塔院小区南门--公主坟东),21,327.27272727272725,20,bus_tapin_clusters,390.0,327.27272727272725
line,94路(塔院小区南门--公主坟东),22,1110.0,4,bus_tapin_clusters,1110.0,1200.0
line,117路(红庙路口东--五路居),5,450.0,18,bus_tapin_clusters,480.0,450.0
line,117路(红庙路口东--五路居),6,240.0,42,bus_tapin_clusters,240.0,360.0
line,117路(红庙路口东--五路居),7,276.9230769230769,36,bus_tapin_clusters,450.0,276.9230769230769
line,117路(红庙路口东--五路居),8,360.0,49,bus_tapin_clusters,360.0,360.0
line,117路(红庙路口东--五路居),9,360.0,27,bus_tapin_clusters,360.0,360.0
line,117路(红庙路口东--五路居),10,360.0,38,bus_tapin_clusters,570.0,360.0
line,117路(红庙路口东--五路居),11,300.0,44,bus_tapin_clusters,315.0,300.0
line,117路(红庙路口东--五路居),12,300.0,35,bus_tapin_clusters,420.0,300.0
line,117路(红庙路口东--五路居),13,514.2857142857143,34,bus_tapin_clusters,660.0,514.2857142857143
line,117路(红庙路口东--五路居),14,514.2857142857143,28,bus_tapin_clusters,840.0,514.2857142857143
line,117路(红庙路口东--五路居),15,400.0,28,bus_tapin_clusters,690.0,400.0
line,117路(红庙路口东--五路居),16,420.0,41,bus_tapin_clusters,420.0,450.0
line,117路(红庙路口东--五路居),17,360.0,31,bus_tapin_clusters,360.0,450.0
line,117路(红庙路口东--五路居),18,514.2857142857143,29,bus_tapin_clusters,720.0,514.2857142857143
line,117路(红庙路口东--五路居),19,600.0,29,bus_tapin_clusters,720.0,600.0
line,117路(红庙路口东--五路居),20,840.0,20,bus_tapin_clusters,840.0,900.0
line,117路(红庙路口东--五路居),22,1200.0,8,bus_tapin_clusters,1200.0,1200.0
line,117路(红庙路口东--五路居),21,900.0,12,bus_tapin_clusters,1170.0,900.0
line,658路(嘉铭园公交场站--定慧桥南),6,480.0,37,bus_tapin_clusters,480.0,514.2857142857143
line,658路(嘉铭园公交场站--定慧桥南),7,514.2857142857143,35,bus_tapin_clusters,540.0,514.2857142857143
line,658路(嘉铭园公交场站--定慧桥南),8,420.0,41,bus_tapin_clusters,420.0,450.0
line,658路(嘉铭园公交场站--定慧桥南),9,514.2857142857143,34,bus_tapin_clusters,690.0,514.2857142857143
line,658路(嘉铭园公交场站--定慧桥南),10,514.2857142857143,31,bus_tapin_clusters,600.0,514.2857142857143
line,658路(嘉铭园公交场站--定慧桥南),11,514.2857142857143,31,bus_tapin_clusters,720.0,514.2857142857143
line,658路(嘉铭园公交场站--定慧桥南),12,600.0,23,bus_tapin_clusters,1050.0,600.0
line,658路(嘉铭园公交场站--定慧桥南),13,900.0,21,bus_tapin_clusters,900.0,900.0
line,658路(嘉铭园公交场站--定慧桥南),14,720.0,24,bus_tapin_clusters,780.0,720.0
line,658路(嘉铭园公交场站--定慧桥南),15,480.0,23,bus_tapin_clusters,480.0,600.0
line,658路(嘉铭园公交场站--定慧桥南),16,450.0,43,bus_tapin_clusters,540.0,450.0
line,658路(嘉铭园公交场站--定慧桥南),17,600.0,28,bus_tapin_clusters,660.0,600.0
line,658路(嘉铭园公交场站--定慧桥南),18,600.0,23,bus_tapin_clusters,900.0,600.0
line,658路(嘉铭园公交场站--定慧桥南),19,600.0,30,bus_tapin_clusters,750.0,600.0
line,658路(嘉铭园公交场站--定慧桥南),20,600.0,25,bus_tapin_clusters,660.0,600.0
line,658路(嘉铭园公交场站--定慧桥南),21,600.0,26,bus_tapin_clusters,720.0,600.0
line,658路(嘉铭园公交场站--定慧桥南),5,600.0,9,bus_tapin_clusters,600.0,900.0
line,658路(嘉铭园公交场站--定慧桥南),22,990.0,2,bus_tapin_clusters,990.0,1200.0
line,320路(清河火车站--北京西站),5,900.0,4,bus_tapin_clusters,900.0,1800.0
line,320路(清河火车站--北京西站),6,600.0,24,bus_tapin_clusters,705.0,600.0
line,320路(清河火车站--北京西站),7,600.0,26,bus_tapin_clusters,660.0,600.0
line,320路(清河火车站--北京西站),8,300.0,50,bus_tapin_clusters,300.0,327.27272727272725
line,320路(清河火车站--北京西站),9,600.0,24,bus_tapin_clusters,780.0,600.0
line,320路(清河火车站--北京西站),10,450.0,40,bus_tapin_clusters,600.0,450.0
line,320路(清河火车站--北京西站),11,720.0,25,bus_tapin_clusters,1020.0,720.0
line,320路(清河火车站--北京西站),12,720.0,24,bus_tapin_clusters,930.0,720.0
line,320路(清河火车站--北京西站),13,720.0,23,bus_tapin_clusters,840.0,720.0
line,320路(清河火车站--北京西站),14,720.0,25,bus_tapin_clusters,840.0,720.0
line,320路(清河火车站--北京西站),15,450.0,32,bus_tapin_clusters,660.0,450.0
line,320路(清河火车站--北京西站),16,420.0,39,bus_tapin_clusters,420.0,450.0
line,320路(清河火车站--北京西站),17,327.27272727272725,51,bus_tapin_clusters,360.0,327.27272727272725
line,320路(清河火车站--北京西站),18,450.0,35,bus_tapin_clusters,510.0,450.0
line,320路(清河火车站--北京西站),19,400.0,37,bus_tapin_clusters,540.0,400.0
line,320路(清河火车站--北京西站),20,600.0,29,bus_tapin_clusters,690.0,600.0
line,320路(清河火车站--北京西站),21,514.2857142857143,24,bus_tapin_clusters,660.0,514.2857142857143
line,320路(清河火车站--北京西站),22,900.0,11,bus_tapin_clusters,960.0,900.0
line,919路快车(延庆电信局8点前)(延庆电信局--德胜门),5,1065.0,2,bus_tapin_clusters,1065.0,1800.0
line,919路快车(延庆电信局8点前)(延庆电信局--德胜门),6,1200.0,3,bus_tapin_clusters,1560.0,1200.0
line,919路快车(延庆电信局8点前)(延庆电信局--德胜门),7,420.0,7,bus_tapin_clusters,420.0,514.2857142857143
line,919路快车(延庆电信局8点前)(延庆电信局--德胜门),8,300.0,10,bus_tapin_clusters,300.0,360.0
line,919路快车(延庆电信局8点前)(延庆电信局--德胜门),9,660.0,4,bus_tapin_clusters,660.0,900.0
line,919路快车(延庆电信局8点前)(延庆电信局--德胜门),10,450.0,8,bus_tapin_clusters,450.0,450.0
line,919路快车(延庆电信局8点前)(延庆电信局--德胜门),11,720.0,5,bus_tapin_clusters,1140.0,720.0
line,919路快车(延庆电信局8点前)(延庆电信局--德胜门),12,870.0,2,bus_tapin_clusters,870.0,1800.0
line,919路快车(延庆电信局8点前)(延庆电信局--德胜门),13,780.0,4,bus_tapin_clusters,780.0,900.0
line,919路快车(延庆电信局8点前)(延庆电信局--德胜门),14,720.0,5,bus_tapin_clusters,720.0,720.0
line,919路快车(延庆电信局8点前)(延庆电信局--德胜门),15,810.0,4,bus_tapin_clusters,810.0,900.0
line,919路快车(延庆电信局8点前)(延庆电信局--德胜门),16,600.0,6,bus_tapin_clusters,660.0,600.0
line,919路快车(延庆电信局8点前)(延庆电信局--德胜门),17,540.0,6,bus_tapin_clusters,540.0,600.0
line,919路快车(延庆电信局8点前)(延庆电信局--德胜门),18,480.0,6,bus_tapin_clusters,480.0,600.0
line,349路(北京西站南广场--丰台西站),6,660.0,19,bus_tapin_clusters,660.0,900.0
line,349路(北京西站南广场--丰台西站),7,600.0,27,bus_tapin_clusters,780.0,600.0
line,349路(北京西站南广场--丰台西站),8,570.0,28,bus_tapin_clusters,570.0,600.0
line,349路(北京西站南广场--丰台西站),9,450.0,38,bus_tapin_clusters,570.0,450.0
line,349路(北京西站南广场--丰台西站),10,480.0,18,bus_tapin_clusters,480.0,900.0
line,349路(北京西站南广场--丰台西站),11,600.0,29,bus_tapin_clusters,660.0,600.0
line,349路(北京西站南广场--丰台西站),12,514.2857142857143,25,bus_tapin_clusters,540.0,514.2857142857143
line,349路(北京西站南广场--丰台西站),13,720.0,17,bus_tapin_clusters,960.0,720.0
line,349路(北京西站南广场--丰台西站),14,720.0,12,bus_tapin_clusters,1095.0,720.0
line,349路(北京西站南广场--丰台西站),15,600.0,21,bus_tapin_clusters,600.0,720.0
line,349路(北京西站南广场--丰台西站),16,600.0,20,bus_tapin_clusters,1200.0,600.0
line,349路(北京西站南广场--丰台西站),17,720.0,22,bus_tapin_clusters,780.0,720.0
line,349路(北京西站南广场--丰台西站),18,300.0,18,bus_tapin_clusters,300.0,600.0
line,349路(北京西站南广场--丰台西站),19,630.0,16,bus_tapin_clusters,630.0,720.0
line,349路(北京西站南广场--丰台西站),20,180.0,9,bus_tapin_clusters,180.0,720.0
line,567路(东湖--惠新西街北口),6,1020.0,14,bus_tapin_clusters,1020.0,1200.0
line,567路(东湖--惠新西街北口),7,360.0,19,bus_tapin_clusters,420.0,360.0
line,567路(东湖--惠新西街北口),8,400.0,27,bus_tapin_clusters,570.0,400.0
line,567路(东湖--惠新西街北口),9,600.0,22,bus_tapin_clusters,840.0,600.0
line,567路(东湖--惠新西街北口),10,514.2857142857143,17,bus_tapin_clusters,840.0,514.2857142857143
line,567路(东湖--惠新西街北口),11,720.0,17,bus_tapin_clusters,720.0,900.0
line,567路(东湖--惠新西街北口),12,720.0,14,bus_tapin_clusters,780.0,720.0
line,567路(东湖--惠新西街北口),13,1800.0,6,bus_tapin_clusters,1800.0,1800.0
line,567路(东湖--惠新西街北口),14,930.0,10,bus_tapin_clusters,930.0,1200.0
line,567路(东湖--惠新西街北口),15,600.0,25,bus_tapin_clusters,720.0,600.0
line,567路(东湖--惠新西街北口),16,720.0,17,bus_tapin_clusters,720.0,900.0
line,567路(东湖--惠新西街北口),17,720.0,21,bus_tapin_clusters,720.0,720.0
line,567路(东湖--惠新西街北口),18,270.0,18,bus_tapin_clusters,270.0,450.0
line,567路(东湖--惠新西街北口),21,480.0,2,bus_tapin_clusters,480.0,1200.0
line,567路(东湖--惠新西街北口),5,1260.0,2,bus_tapin_clusters,1260.0,1800.0
line,567路(东湖--惠新西街北口),20,180.0,3,bus_tapin_clusters,180.0,1200.0
line,387路(六圈路西口--慧忠路东口),5,660.0,9,bus_tapin_clusters,660.0,900.0
line,387路(六圈路西口--慧忠路东口),6,450.0,29,bus_tapin_clusters,720.0,450.0
line,387路(六圈路西口--慧忠路东口),7,514.2857142857143,35,bus_tapin_clusters,600.0,514.2857142857143
line,387路(六圈路西口--慧忠路东口),8,360.0,42,bus_tapin_clusters,510.0,360.0
line,387路(六圈路西口--慧忠路东口),9,276.9230769230769,53,bus_tapin_clusters,360.0,276.9230769230769
line,387路(六圈路西口--慧忠路东口),10,400.0,39,bus_tapin_clusters,480.0,400.0
line,387路(六圈路西口--慧忠路东口),11,360.0,45,bus_tapin_clusters,480.0,360.0
line,387路(六圈路西口--慧忠路东口),12,450.0,35,bus_tapin_clusters,600.0,450.0
line,387路(六圈路西口--慧忠路东口),13,514.2857142857143,34,bus_tapin_clusters,630.0,514.2857142857143
line,387路(六圈路西口--慧忠路东口),14,514.2857142857143,31,bus_tapin_clusters,660.0,514.2857142857143
line,387路(六圈路西口--慧忠路东口),15,360.0,35,bus_tapin_clusters,690.0,360.0
line,387路(六圈路西口--慧忠路东口),16,225.0,42,bus_tapin_clusters,480.0,225.0
line,387路(六圈路西口--慧忠路东口),17,327.27272727272725,44,bus_tapin_clusters,420.0,327.27272727272725
line,387路(六圈路西口--慧忠路东口),18,360.0,37,bus_tapin_clusters,480.0,360.0
line,387路(六圈路西口--慧忠路东口),19,360.0,52,bus_tapin_clusters,360.0,360.0
line,387路(六圈路西口--慧忠路东口),20,327.27272727272725,46,bus_tapin_clusters,420.0,327.27272727272725
line,387路(六圈路西口--慧忠路东口),21,327.27272727272725,45,bus_tapin_clusters,420.0,327.27272727272725
line,387路(六圈路西口--慧忠路东口),22,514.2857142857143,19,bus_tapin_clusters,900.0,514.2857142857143
line,387路(六圈路西口--慧忠路东口),23,240.0,3,bus_tapin_clusters,240.0,900.0
line,309路(太子峪陵园--北京西站南广场),5,900.0,3,bus_tapin_clusters,900.0,1200.0
line,309路(太子峪陵园--北京西站南广场),6,450.0,12,bus_tapin_clusters,570.0,450.0
line,309路(太子峪陵园--北京西站南广场),7,240.0,17,bus_tapin_clusters,240.0,360.0
line,309路(太子峪陵园--北京西站南广场),8,300.0,19,bus_tapin_clusters,300.0,327.27272727272725
line,309路(太子峪陵园--北京西站南广场),9,400.0,15,bus_tapin_clusters,480.0,400.0
line,309路(太子峪陵园--北京西站南广场),10,450.0,13,bus_tapin_clusters,480.0,450.0
line,309路(太子峪陵园--北京西站南广场),11,720.0,5,bus_tapin_clusters,1140.0,720.0
line,309路(太子峪陵园--北京西站南广场),12,720.0,4,bus_tapin_clusters,720.0,1200.0
line,309路(太子峪陵园--北京西站南广场),13,1710.0,2,bus_tapin_clusters,1710.0,1800.0
line,309路(太子峪陵园--北京西站南广场),14,600.0,7,bus_tapin_clusters,600.0,720.0
line,309路(太子峪陵园--北京西站南广场),15,720.0,7,bus_tapin_clusters,840.0,720.0
line,309路(太子峪陵园--北京西站南广场),16,420.0,11,bus_tapin_clusters,420.0,450.0
line,309路(太子峪陵园--北京西站南广场),17,450.0,14,bus_tapin_clusters,480.0,450.0
line,309路(太子峪陵园--北京西站南广场),18,600.0,8,bus_tapin_clusters,750.0,600.0
line,309路(太子峪陵园--北京西站南广场),19,1200.0,3,bus_tapin_clusters,2100.0,1200.0
line,309路(太子峪陵园--北京西站南广场),20,1260.0,2,bus_tapin_clusters,1260.0,1800.0
line,53路(北京西站南广场--四方桥西),5,510.0,16,bus_tapin_clusters,510.0,600.0
line,53路(北京西站南广场--四方桥西),6,400.0,37,bus_tapin_clusters,480.0,400.0
line,53路(北京西站南广场--四方桥西),7,360.0,49,bus_tapin_clusters,420.0,360.0
line,53路(北京西站南广场--四方桥西),8,400.0,44,bus_tapin_clusters,450.0,400.0
line,53路(北京西站南广场--四方桥西),9,360.0,45,bus_tapin_clusters,420.0,360.0
line,53路(北京西站南广场--四方桥西),10,400.0,41,bus_tapin_clusters,450.0,400.0
line,53路(北京西站南广场--四方桥西),11,450.0,36,bus_tapin_clusters,675.0,450.0
line,53路(北京西站南广场--四方桥西),12,600.0,24,bus_tapin_clusters,720.0,600.0
line,53路(北京西站南广场--四方桥西),13,720.0,27,bus_tapin_clusters,840.0,720.0
line,53路(北京西站南广场--四方桥西),14,600.0,30,bus_tapin_clusters,720.0,600.0
line,53路(北京西站南广场--四方桥西),15,514.2857142857143,31,bus_tapin_clusters,720.0,514.2857142857143
line,53路(北京西站南广场--四方桥西),16,360.0,39,bus_tapin_clusters,480.0,360.0
line,53路(北京西站南广场--四方桥西),17,400.0,44,bus_tapin_clusters,420.0,400.0
line,53路(北京西站南广场--四方桥西),18,400.0,43,bus_tapin_clusters,540.0,400.0
line,53路(北京西站南广场--四方桥西),19,450.0,40,bus_tapin_clusters,480.0,450.0
line,53路(北京西站南广场--四方桥西),20,600.0,28,bus_tapin_clusters,705.0,600.0
line,53路(北京西站南广场--四方桥西),21,600.0,25,bus_tapin_clusters,840.0,600.0
line,53路(北京西站南广场--四方桥西),22,600.0,17,bus_tapin_clusters,840.0,600.0
line,437路(公主坟北--地铁安河桥北站),5,960.0,7,bus_tapin_clusters,960.0,1200.0
line,437路(公主坟北--地铁安河桥北站),6,720.0,19,bus_tapin_clusters,840.0,720.0
line,437路(公主坟北--地铁安河桥北站),7,600.0,27,bus_tapin_clusters,660.0,600.0
line,437路(公主坟北--地铁安河桥北站),8,514.2857142857143,33,bus_tapin_clusters,660.0,514.2857142857143
line,437路(公主坟北--地铁安河桥北站),9,600.0,30,bus_tapin_clusters,720.0,600.0
line,437路(公主坟北--地铁安河桥北站),10,600.0,23,bus_tapin_clusters,900.0,600.0
line,437路(公主坟北--地铁安河桥北站),11,720.0,20,bus_tapin_clusters,900.0,720.0
line,437路(公主坟北--地铁安河桥北站),12,720.0,23,bus_tapin_clusters,900.0,720.0
line,437路(公主坟北--地铁安河桥北站),13,780.0,19,bus_tapin_clusters,780.0,900.0
line,437路(公主坟北--地铁安河桥北站),14,600.0,29,bus_tapin_clusters,900.0,600.0
line,437路(公主坟北--地铁安河桥北站),15,900.0,16,bus_tapin_clusters,930.0,900.0
line,437路(公主坟北--地铁安河桥北站),16,600.0,26,bus_tapin_clusters,615.0,600.0
line,437路(公主坟北--地铁安河桥北站),17,400.0,40,bus_tapin_clusters,480.0,400.0
line,437路(公主坟北--地铁安河桥北站),18,540.0,27,bus_tapin_clusters,540.0,600.0
line,437路(公主坟北--地铁安河桥北站),19,720.0,21,bus_tapin_clusters,960.0,720.0
line,437路(公主坟北--地铁安河桥北站),20,900.0,17,bus_tapin_clusters,1020.0,900.0
line,437路(公主坟北--地铁安河桥北站),21,1200.0,6,bus_tapin_clusters,1290.0,1200.0
line,437路(公主坟北--地铁安河桥北站),22,1590.0,2,bus_tapin_clusters,1590.0,1800.0
line,477路(明春苑--广外关厢),5,600.0,14,bus_tapin_clusters,600.0,900.0
line,477路(明春苑--广外关厢),6,600.0,25,bus_tapin_clusters,780.0,600.0
line,477路(明春苑--广外关厢),7,450.0,36,bus_tapin_clusters,510.0,450.0
line,477路(明春苑--广外关厢),8,450.0,35,bus_tapin_clusters,600.0,450.0
line,477路(明春苑--广外关厢),9,900.0,22,bus_tapin_clusters,1080.0,900.0
line,477路(明春苑--广外关厢),10,720.0,20,bus_tapin_clusters,1020.0,720.0
line,477路(明春苑--广外关厢),11,600.0,24,bus_tapin_clusters,600.0,720.0
line,477路(明春苑--广外关厢),12,900.0,18,bus_tapin_clusters,1200.0,900.0
line,477路(明春苑--广外关厢),13,600.0,25,bus_tapin_clusters,900.0,600.0
line,477路(明春苑--广外关厢),14,1200.0,9,bus_tapin_clusters,1800.0,1200.0
line,477路(明春苑--广外关厢),15,900.0,18,bus_tapin_clusters,1125.0,900.0
line,477路(明春苑--广外关厢),16,720.0,19,bus_tapin_clusters,960.0,720.0
line,477路(明春苑--广外关厢),17,900.0,21,bus_tapin_clusters,1020.0,900.0
line,477路(明春苑--广外关厢),18,1200.0,13,bus_tapin_clusters,1500.0,1200.0
line,477路(明春苑--广外关厢),19,600.0,17,bus_tapin_clusters,1020.0,600.0
line,477路(明春苑--广外关厢),21,1200.0,7,bus_tapin_clusters,1800.0,1200.0
line,477路(明春苑--广外关厢),20,1200.0,8,bus_tapin_clusters,1740.0,1200.0
line,89路(红莲南里--恩济东街南口),6,360.0,46,bus_tapin_clusters,405.0,360.0
line,89路(红莲南里--恩济东街南口),7,300.0,48,bus_tapin_clusters,390.0,300.0
line,89路(红莲南里--恩济东街南口),8,360.0,46,bus_tapin_clusters,420.0,360.0
line,89路(红莲南里--恩济东街南口),9,400.0,43,bus_tapin_clusters,600.0,400.0
line,89路(红莲南里--恩济东街南口),10,225.0,55,bus_tapin_clusters,300.0,225.0
line,89路(红莲南里--恩济东街南口),11,240.0,50,bus_tapin_clusters,360.0,240.0
line,89路(红莲南里--恩济东街南口),12,276.9230769230769,50,bus_tapin_clusters,465.0,276.9230769230769
line,89路(红莲南里--恩济东街南口),13,300.0,44,bus_tapin_clusters,435.0,300.0
line,89路(红莲南里--恩济东街南口),14,300.0,42,bus_tapin_clusters,480.0,300.0
line,89路(红莲南里--恩济东街南口),15,300.0,46,bus_tapin_clusters,450.0,300.0
line,89路(红莲南里--恩济东街南口),16,225.0,56,bus_tapin_clusters,345.0,225.0
line,89路(红莲南里--恩济东街南口),17,360.0,45,bus_tapin_clusters,480.0,360.0
line,89路(红莲南里--恩济东街南口),18,257.14285714285717,43,bus_tapin_clusters,420.0,257.14285714285717
line,89路(红莲南里--恩济东街南口),19,257.14285714285717,47,bus_tapin_clusters,420.0,257.14285714285717
line,89路(红莲南里--恩济东街南口),20,225.0,37,bus_tapin_clusters,420.0,225.0
line,89路(红莲南里--恩济东街南口),21,450.0,23,bus_tapin_clusters,960.0,450.0
line,89路(红莲南里--恩济东街南口),22,720.0,12,bus_tapin_clusters,780.0,720.0
line,89路(红莲南里--恩济东街南口),5,270.0,14,bus_tapin_clusters,270.0,400.0
line,890路(北京西站南广场--下苇甸),6,600.0,15,bus_tapin_clusters,660.0,600.0
line,890路(北京西站南广场--下苇甸),7,450.0,33,bus_tapin_clusters,480.0,450.0
line,890路(北京西站南广场--下苇甸),8,276.9230769230769,43,bus_tapin_clusters,300.0,276.9230769230769
line,890路(北京西站南广场--下苇甸),9,360.0,25,bus_tapin_clusters,360.0,400.0
line,890路(北京西站南广场--下苇甸),10,720.0,15,bus_tapin_clusters,1170.0,720.0
line,890路(北京西站南广场--下苇甸),11,900.0,14,bus_tapin_clusters,1020.0,900.0
line,890路(北京西站南广场--下苇甸),12,720.0,9,bus_tapin_clusters,960.0,720.0
line,890路(北京西站南广场--下苇甸),13,900.0,14,bus_tapin_clusters,1080.0,900.0
line,890路(北京西站南广场--下苇甸),14,600.0,16,bus_tapin_clusters,870.0,600.0
line,890路(北京西站南广场--下苇甸),15,660.0,19,bus_tapin_clusters,660.0,720.0
line,890路(北京西站南广场--下苇甸),16,450.0,31,bus_tapin_clusters,480.0,450.0
line,890路(北京西站南广场--下苇甸),17,400.0,36,bus_tapin_clusters,480.0,400.0
line,890路(北京西站南广场--下苇甸),18,450.0,33,bus_tapin_clusters,480.0,450.0
line,890路(北京西站南广场--下苇甸),19,720.0,11,bus_tapin_clusters,840.0,720.0
line,890路(北京西站南广场--下苇甸),20,720.0,12,bus_tapin_clusters,930.0,720.0
line,890路(北京西站南广场--下苇甸),5,1200.0,3,bus_tapin_clusters,1320.0,1200.0
line,300路外环(十里河桥北--十里河桥西),5,480.0,17,bus_tapin_clusters,480.0,720.0
line,300路外环(十里河桥北--十里河桥西),6,300.0,62,bus_tapin_clusters,315.0,300.0
line,300路外环(十里河桥北--十里河桥西),7,300.0,64,bus_tapin_clusters,300.0,300.0
line,300路外环(十里河桥北--十里河桥西),8,300.0,63,bus_tapin_clusters,300.0,300.0
line,300路外环(十里河桥北--十里河桥西),9,276.9230769230769,63,bus_tapin_clusters,300.0,276.9230769230769
line,300路外环(十里河桥北--十里河桥西),10,300.0,62,bus_tapin_clusters,360.0,300.0
line,300路外环(十里河桥北--十里河桥西),11,360.0,58,bus_tapin_clusters,390.0,360.0
line,300路外环(十里河桥北--十里河桥西),12,327.27272727272725,53,bus_tapin_clusters,420.0,327.27272727272725
line,300路外环(十里河桥北--十里河桥西),13,450.0,44,bus_tapin_clusters,480.0,450.0
line,300路外环(十里河桥北--十里河桥西),14,450.0,46,bus_tapin_clusters,495.0,450.0
line,300路外环(十里河桥北--十里河桥西),15,300.0,59,bus_tapin_clusters,300.0,300.0
line,300路外环(十里河桥北--十里河桥西),16,360.0,53,bus_tapin_clusters,420.0,360.0
line,300路外环(十里河桥北--十里河桥西),17,360.0,52,bus_tapin_clusters,360.0,400.0
line,300路外环(十里河桥北--十里河桥西),18,300.0,54,bus_tapin_clusters,300.0,360.0
line,300路外环(十里河桥北--十里河桥西),19,400.0,46,bus_tapin_clusters,480.0,400.0
line,300路外环(十里河桥北--十里河桥西),20,514.2857142857143,36,bus_tapin_clusters,600.0,514.2857142857143
line,300路外环(十里河桥北--十里河桥西),21,514.2857142857143,33,bus_tapin_clusters,600.0,514.2857142857143
line,300路外环(十里河桥北--十里河桥西),22,600.0,5,bus_tapin_clusters,600.0,900.0
line,300路快外(大钟寺--大钟寺),5,330.0,22,bus_tapin_clusters,330.0,514.2857142857143
line,300路快外(大钟寺--大钟寺),6,240.0,69,bus_tapin_clusters,240.0,240.0
line,300路快外(大钟寺--大钟寺),7,225.0,76,bus_tapin_clusters,240.0,225.0
line,300路快外(大钟寺--大钟寺),8,276.9230769230769,68,bus_tapin_clusters,300.0,276.9230769230769
line,300路快外(大钟寺--大钟寺),9,257.14285714285717,67,bus_tapin_clusters,300.0,257.14285714285717
line,300路快外(大钟寺--大钟寺),10,257.14285714285717,66,bus_tapin_clusters,300.0,257.14285714285717
line,300路快外(大钟寺--大钟寺),11,300.0,61,bus_tapin_clusters,360.0,300.0
line,300路快外(大钟寺--大钟寺),12,360.0,53,bus_tapin_clusters,360.0,360.0
line,300路快外(大钟寺--大钟寺),13,400.0,45,bus_tapin_clusters,480.0,400.0
line,300路快外(大钟寺--大钟寺),14,360.0,52,bus_tapin_clusters,405.0,360.0
line,300路快外(大钟寺--大钟寺),15,327.27272727272725,58,bus_tapin_clusters,360.0,327.27272727272725
line,300路快外(大钟寺--大钟寺),16,300.0,54,bus_tapin_clusters,300.0,327.27272727272725
line,300路快外(大钟寺--大钟寺),17,257.14285714285717,66,bus_tapin_clusters,300.0,257.14285714285717
line,300路快外(大钟寺--大钟寺),18,327.27272727272725,58,bus_tapin_clusters,330.0,327.27272727272725
line,300路快外(大钟寺--大钟寺),19,400.0,44,bus_tapin_clusters,450.0,400.0
line,300路快外(大钟寺--大钟寺),20,420.0,39,bus_tapin_clusters,420.0,450.0
line,300路快外(大钟寺--大钟寺),21,360.0,46,bus_tapin_clusters,480.0,360.0
line,300路快外(大钟寺--大钟寺),22,600.0,5,bus_tapin_clusters,720.0,600.0
line,67路(樊家村公交场站--前门西),5,540.0,14,bus_tapin_clusters,540.0,720.0
line,67路(樊家村公交场站--前门西),6,360.0,38,bus_tapin_clusters,570.0,360.0
line,67路(樊家村公交场站--前门西),7,360.0,50,bus_tapin_clusters,360.0,360.0
line,67路(樊家村公交场站--前门西),8,300.0,59,bus_tapin_clusters,360.0,300.0
line,67路(樊家村公交场站--前门西),9,450.0,41,bus_tapin_clusters,480.0,450.0
line,67路(樊家村公交场站--前门西),10,400.0,42,bus_tapin_clusters,480.0,400.0
line,67路(樊家村公交场站--前门西),11,514.2857142857143,30,bus_tapin_clusters,630.0,514.2857142857143
line,67路(樊家村公交场站--前门西),12,510.0,30,bus_tapin_clusters,510.0,600.0
line,67路(樊家村公交场站--前门西),13,514.2857142857143,35,bus_tapin_clusters,540.0,514.2857142857143
line,67路(樊家村公交场站--前门西),14,450.0,35,bus_tapin_clusters,540.0,450.0
line,67路(樊家村公交场站--前门西),15,327.27272727272725,47,bus_tapin_clusters,420.0,327.27272727272725
line,67路(樊家村公交场站--前门西),16,300.0,50,bus_tapin_clusters,300.0,300.0
line,67路(樊家村公交场站--前门西),17,400.0,47,bus_tapin_clusters,420.0,400.0
line,67路(樊家村公交场站--前门西),18,514.2857142857143,30,bus_tapin_clusters,630.0,514.2857142857143
line,67路(樊家村公交场站--前门西),19,600.0,33,bus_tapin_clusters,690.0,600.0
line,67路(樊家村公交场站--前门西),20,720.0,21,bus_tapin_clusters,720.0,720.0
line,67路(樊家村公交场站--前门西),21,720.0,22,bus_tapin_clusters,720.0,720.0
line,302路(巴沟村--辛庄),5,600.0,11,bus_tapin_clusters,600.0,900.0
line,302路(巴沟村--辛庄),6,400.0,46,bus_tapin_clusters,495.0,400.0
line,302路(巴沟村--辛庄),7,400.0,42,bus_tapin_clusters,450.0,400.0
line,302路(巴沟村--辛庄),8,327.27272727272725,47,bus_tapin_clusters,420.0,327.27272727272725
line,302路(巴沟村--辛庄),9,360.0,54,bus_tapin_clusters,360.0,360.0
line,302路(巴沟村--辛庄),10,360.0,51,bus_tapin_clusters,480.0,360.0
line,302路(巴沟村--辛庄),11,450.0,39,bus_tapin_clusters,480.0,450.0
line,302路(巴沟村--辛庄),12,450.0,43,bus_tapin_clusters,480.0,450.0
line,302路(巴沟村--辛庄),13,660.0,26,bus_tapin_clusters,660.0,720.0
line,302路(巴沟村--辛庄),14,360.0,47,bus_tapin_clusters,420.0,360.0
line,302路(巴沟村--辛庄),15,400.0,41,bus_tapin_clusters,480.0,400.0
line,302路(巴沟村--辛庄),16,360.0,42,bus_tapin_clusters,540.0,360.0
line,302路(巴沟村--辛庄),17,327.27272727272725,56,bus_tapin_clusters,360.0,327.27272727272725
line,302路(巴沟村--辛庄),18,300.0,57,bus_tapin_clusters,300.0,327.27272727272725
line,302路(巴沟村--辛庄),19,514.2857142857143,36,bus_tapin_clusters,630.0,514.2857142857143
line,302路(巴沟村--辛庄),20,514.2857142857143,32,bus_tapin_clusters,720.0,514.2857142857143
line,302路(巴沟村--辛庄),21,450.0,44,bus_tapin_clusters,480.0,450.0
line,302路(巴沟村--辛庄),22,540.0,33,bus_tapin_clusters,540.0,600.0
line,302路(巴沟村--辛庄),23,720.0,4,bus_tapin_clusters,720.0,1200.0
line,300路内环(和平东桥--和平东桥),5,300.0,18,bus_tapin_clusters,300.0,514.2857142857143
line,300路内环(和平东桥--和平东桥),6,257.14285714285717,64,bus_tapin_clusters,330.0,257.14285714285717
line,300路内环(和平东桥--和平东桥),7,276.9230769230769,67,bus_tapin_clusters,300.0,276.9230769230769
line,300路内环(和平东桥--和平东桥),8,276.9230769230769,65,bus_tapin_clusters,360.0,276.9230769230769
line,300路内环(和平东桥--和平东桥),9,300.0,59,bus_tapin_clusters,360.0,300.0
line,300路内环(和平东桥--和平东桥),10,327.27272727272725,58,bus_tapin_clusters,345.0,327.27272727272725
line,300路内环(和平东桥--和平东桥),11,327.27272727272725,58,bus_tapin_clusters,360.0,327.27272727272725
line,300路内环(和平东桥--和平东桥),12,400.0,48,bus_tapin_clusters,420.0,400.0
line,300路内环(和平东桥--和平东桥),13,360.0,49,bus_tapin_clusters,420.0,360.0
line,300路内环(和平东桥--和平东桥),14,327.27272727272725,52,bus_tapin_clusters,420.0,327.27272727272725
line,300路内环(和平东桥--和平东桥),15,300.0,60,bus_tapin_clusters,300.0,300.0
line,300路内环(和平东桥--和平东桥),16,270.0,59,bus_tapin_clusters,270.0,300.0
line,300路内环(和平东桥--和平东桥),17,276.9230769230769,60,bus_tapin_clusters,300.0,276.9230769230769
line,300路内环(和平东桥--和平东桥),18,300.0,62,bus_tapin_clusters,360.0,300.0
line,300路内环(和平东桥--和平东桥),19,400.0,51,bus_tapin_clusters,480.0,400.0
line,300路内环(和平东桥--和平东桥),20,400.0,38,bus_tapin_clusters,480.0,400.0
line,300路内环(和平东桥--和平东桥),21,450.0,28,bus_tapin_clusters,630.0,450.0
line,300路内环(和平东桥--和平东桥),22,780.0,4,bus_tapin_clusters,780.0,1200.0
line,74路(菜户营西路--颐和园新建宫门),5,480.0,15,bus_tapin_clusters,480.0,1200.0
line,74路(菜户营西路--颐和园新建宫门),6,450.0,34,bus_tapin_clusters,540.0,450.0
line,74路(菜户营西路--颐和园新建宫门),7,257.14285714285717,41,bus_tapin_clusters,420.0,257.14285714285717
line,74路(菜户营西路--颐和园新建宫门),8,450.0,43,bus_tapin_clusters,480.0,450.0
line,74路(菜户营西路--颐和园新建宫门),9,327.27272727272725,43,bus_tapin_clusters,360.0,327.27272727272725
line,74路(菜户营西路--颐和园新建宫门),10,400.0,39,bus_tapin_clusters,540.0,400.0
line,74路(菜户营西路--颐和园新建宫门),11,480.0,34,bus_tapin_clusters,480.0,514.2857142857143
line,74路(菜户营西路--颐和园新建宫门),12,450.0,27,bus_tapin_clusters,780.0,450.0
line,74路(菜户营西路--颐和园新建宫门),13,360.0,33,bus_tapin_clusters,510.0,360.0
line,74路(菜户营西路--颐和园新建宫门),14,514.2857142857143,25,bus_tapin_clusters,570.0,514.2857142857143
line,74路(菜户营西路--颐和园新建宫门),15,360.0,38,bus_tapin_clusters,480.0,360.0
line,74路(菜户营西路--颐和园新建宫门),16,450.0,25,bus_tapin_clusters,600.0,450.0
line,74路(菜户营西路--颐和园新建宫门),17,480.0,34,bus_tapin_clusters,480.0,514.2857142857143
line,74路(菜户营西路--颐和园新建宫门),18,257.14285714285717,49,bus_tapin_clusters,420.0,257.14285714285717
line,74路(菜户营西路--颐和园新建宫门),19,780.0,16,bus_tapin_clusters,780.0,900.0
line,74路(菜户营西路--颐和园新建宫门),20,1200.0,10,bus_tapin_clusters,1440.0,1200.0
line,74路(菜户营西路--颐和园新建宫门),21,720.0,5,bus_tapin_clusters,720.0,1200.0
line,74路(菜户营西路--颐和园新建宫门),22,870.0,2,bus_tapin_clusters,870.0,1200.0
line,401路(南十里居--东直门枢纽站),6,514.2857142857143,24,bus_tapin_clusters,570.0,514.2857142857143
line,401路(南十里居--东直门枢纽站),7,300.0,56,bus_tapin_clusters,360.0,300.0
line,401路(南十里居--东直门枢纽站),8,450.0,39,bus_tapin_clusters,540.0,450.0
line,401路(南十里居--东直门枢纽站),9,400.0,44,bus_tapin_clusters,420.0,400.0
line,401路(南十里居--东直门枢纽站),10,400.0,43,bus_tapin_clusters,420.0,400.0
line,401路(南十里居--东直门枢纽站),11,514.2857142857143,33,bus_tapin_clusters,600.0,514.2857142857143
line,401路(南十里居--东直门枢纽站),12,400.0,37,bus_tapin_clusters,420.0,400.0
line,401路(南十里居--东直门枢纽站),13,360.0,36,bus_tapin_clusters,480.0,360.0
line,401路(南十里居--东直门枢纽站),14,480.0,32,bus_tapin_clusters,480.0,514.2857142857143
line,401路(南十里居--东直门枢纽站),15,450.0,32,bus_tapin_clusters,600.0,450.0
line,401路(南十里居--东直门枢纽站),16,360.0,44,bus_tapin_clusters,375.0,360.0
line,401路(南十里居--东直门枢纽站),17,360.0,45,bus_tapin_clusters,420.0,360.0
line,401路(南十里居--东直门枢纽站),18,360.0,53,bus_tapin_clusters,420.0,360.0
line,401路(南十里居--东直门枢纽站),19,400.0,45,bus_tapin_clusters,420.0,400.0
line,401路(南十里居--东直门枢纽站),20,400.0,39,bus_tapin_clusters,480.0,400.0
line,401路(南十里居--东直门枢纽站),21,600.0,19,bus_tapin_clusters,1140.0,600.0
line,401路(南十里居--东直门枢纽站),22,660.0,10,bus_tapin_clusters,660.0,720.0
line,401路(南十里居--东直门枢纽站),5,480.0,7,bus_tapin_clusters,480.0,1200.0
line,139路(宋家庄枢纽站--东大桥公交场站),5,840.0,9,bus_tapin_clusters,840.0,1200.0
line,139路(宋家庄枢纽站--东大桥公交场站),6,300.0,37,bus_tapin_clusters,540.0,300.0
line,139路(宋家庄枢纽站--东大桥公交场站),7,450.0,36,bus_tapin_clusters,480.0,450.0
line,139路(宋家庄枢纽站--东大桥公交场站),8,400.0,30,bus_tapin_clusters,630.0,400.0
line,139路(宋家庄枢纽站--东大桥公交场站),9,514.2857142857143,30,bus_tapin_clusters,780.0,514.2857142857143
line,139路(宋家庄枢纽站--东大桥公交场站),10,450.0,26,bus_tapin_clusters,990.0,450.0
line,139路(宋家庄枢纽站--东大桥公交场站),11,600.0,32,bus_tapin_clusters,660.0,600.0
line,139路(宋家庄枢纽站--东大桥公交场站),12,720.0,24,bus_tapin_clusters,780.0,720.0
line,139路(宋家庄枢纽站--东大桥公交场站),13,400.0,30,bus_tapin_clusters,900.0,400.0
line,139路(宋家庄枢纽站--东大桥公交场站),14,900.0,20,bus_tapin_clusters,1080.0,900.0
line,139路(宋家庄枢纽站--东大桥公交场站),15,900.0,23,bus_tapin_clusters,900.0,900.0
line,139路(宋家庄枢纽站--东大桥公交场站),16,514.2857142857143,33,bus_tapin_clusters,540.0,514.2857142857143
line,139路(宋家庄枢纽站--东大桥公交场站),17,514.2857142857143,37,bus_tapin_clusters,600.0,514.2857142857143
line,139路(宋家庄枢纽站--东大桥公交场站),18,720.0,28,bus_tapin_clusters,720.0,720.0
line,139路(宋家庄枢纽站--东大桥公交场站),19,720.0,26,bus_tapin_clusters,960.0,720.0
line,139路(宋家庄枢纽站--东大桥公交场站),20,900.0,16,bus_tapin_clusters,1020.0,900.0
line,139路(宋家庄枢纽站--东大桥公交场站),21,720.0,16,bus_tapin_clusters,1140.0,720.0
line,139路(宋家庄枢纽站--东大桥公交场站),22,540.0,2,bus_tapin_clusters,540.0,1200.0
line,624路(航天桥--槐树岭公交场站),5,1530.0,2,bus_tapin_clusters,1530.0,1800.0
line,624路(航天桥--槐树岭公交场站),6,570.0,6,bus_tapin_clusters,570.0,900.0
line,624路(航天桥--槐树岭公交场站),7,300.0,15,bus_tapin_clusters,300.0,360.0
line,624路(航天桥--槐树岭公交场站),8,450.0,20,bus_tapin_clusters,450.0,600.0
line,624路(航天桥--槐树岭公交场站),9,514.2857142857143,9,bus_tapin_clusters,840.0,514.2857142857143
line,624路(航天桥--槐树岭公交场站),10,720.0,11,bus_tapin_clusters,900.0,720.0
line,624路(航天桥--槐树岭公交场站),11,400.0,16,bus_tapin_clusters,570.0,400.0
line,624路(航天桥--槐树岭公交场站),12,300.0,11,bus_tapin_clusters,300.0,327.27272727272725
line,624路(航天桥--槐树岭公交场站),13,330.0,11,bus_tapin_clusters,330.0,600.0
line,624路(航天桥--槐树岭公交场站),14,390.0,16,bus_tapin_clusters,390.0,600.0
line,624路(航天桥--槐树岭公交场站),15,257.14285714285717,27,bus_tapin_clusters,480.0,257.14285714285717
line,624路(航天桥--槐树岭公交场站),16,360.0,22,bus_tapin_clusters,360.0,360.0
line,624路(航天桥--槐树岭公交场站),17,400.0,18,bus_tapin_clusters,510.0,400.0
line,624路(航天桥--槐树岭公交场站),18,240.0,25,bus_tapin_clusters,240.0,257.14285714285717
line,624路(航天桥--槐树岭公交场站),19,360.0,28,bus_tapin_clusters,540.0,360.0
line,624路(航天桥--槐树岭公交场站),20,450.0,18,bus_tapin_clusters,630.0,450.0
line,624路(航天桥--槐树岭公交场站),21,1020.0,6,bus_tapin_clusters,1020.0,1200.0
line,29路(北京站东街--弘燕公交场站),5,960.0,6,bus_tapin_clusters,960.0,1800.0
line,29路(北京站东街--弘燕公交场站),6,540.0,24,bus_tapin_clusters,540.0,600.0
line,29路(北京站东街--弘燕公交场站),7,300.0,35,bus_tapin_clusters,300.0,450.0
line,29路(北京站东街--弘燕公交场站),8,420.0,35,bus_tapin_clusters,420.0,450.0
line,29路(北京站东街--弘燕公交场站),9,360.0,27,bus_tapin_clusters,360.0,400.0
line,29路(北京站东街--弘燕公交场站),10,450.0,27,bus_tapin_clusters,540.0,450.0
line,29路(北京站东街--弘燕公交场站),11,400.0,22,bus_tapin_clusters,510.0,400.0
line,29路(北京站东街--弘燕公交场站),12,600.0,22,bus_tapin_clusters,780.0,600.0
line,29路(北京站东街--弘燕公交场站),13,600.0,22,bus_tapin_clusters,750.0,600.0
line,29路(北京站东街--弘燕公交场站),14,660.0,23,bus_tapin_clusters,660.0,720.0
line,29路(北京站东街--弘燕公交场站),15,600.0,19,bus_tapin_clusters,1080.0,600.0
line,29路(北京站东街--弘燕公交场站),16,400.0,23,bus_tapin_clusters,420.0,400.0
line,29路(北京站东街--弘燕公交场站),17,480.0,31,bus_tapin_clusters,480.0,514.2857142857143
line,29路(北京站东街--弘燕公交场站),18,450.0,27,bus_tapin_clusters,450.0,450.0
line,29路(北京站东街--弘燕公交场站),19,480.0,19,bus_tapin_clusters,480.0,720.0
line,29路(北京站东街--弘燕公交场站),20,330.0,19,bus_tapin_clusters,330.0,400.0
line,29路(北京站东街--弘燕公交场站),22,420.0,5,bus_tapin_clusters,420.0,720.0
line,34路(虎坊桥路口东--孛罗营),6,420.0,36,bus_tapin_clusters,420.0,450.0
line,34路(虎坊桥路口东--孛罗营),7,514.2857142857143,28,bus_tapin_clusters,600.0,514.2857142857143
line,34路(虎坊桥路口东--孛罗营),8,360.0,43,bus_tapin_clusters,360.0,400.0
line,34路(虎坊桥路口东--孛罗营),9,450.0,39,bus_tapin_clusters,480.0,450.0
line,34路(虎坊桥路口东--孛罗营),10,450.0,37,bus_tapin_clusters,480.0,450.0
line,34路(虎坊桥路口东--孛罗营),11,300.0,50,bus_tapin_clusters,360.0,300.0
line,34路(虎坊桥路口东--孛罗营),12,450.0,33,bus_tapin_clusters,600.0,450.0
line,34路(虎坊桥路口东--孛罗营),13,450.0,35,bus_tapin_clusters,600.0,450.0
line,34路(虎坊桥路口东--孛罗营),14,400.0,39,bus_tapin_clusters,540.0,400.0
line,34路(虎坊桥路口东--孛罗营),15,514.2857142857143,31,bus_tapin_clusters,600.0,514.2857142857143
line,34路(虎坊桥路口东--孛罗营),16,300.0,41,bus_tapin_clusters,420.0,300.0
line,34路(虎坊桥路口东--孛罗营),17,400.0,37,bus_tapin_clusters,540.0,400.0
line,34路(虎坊桥路口东--孛罗营),18,257.14285714285717,52,bus_tapin_clusters,390.0,257.14285714285717
line,34路(虎坊桥路口东--孛罗营),19,327.27272727272725,47,bus_tapin_clusters,420.0,327.27272727272725
line,34路(虎坊桥路口东--孛罗营),20,720.0,26,bus_tapin_clusters,780.0,720.0
line,34路(虎坊桥路口东--孛罗营),21,720.0,20,bus_tapin_clusters,960.0,720.0
line,34路(虎坊桥路口东--孛罗营),22,720.0,8,bus_tapin_clusters,720.0,900.0
line,85路(五路--菜户营桥东),5,900.0,7,bus_tapin_clusters,900.0,1200.0
line,85路(五路--菜户营桥东),6,450.0,31,bus_tapin_clusters,660.0,450.0
line,85路(五路--菜户营桥东),7,450.0,36,bus_tapin_clusters,540.0,450.0
line,85路(五路--菜户营桥东),8,514.2857142857143,34,bus_tapin_clusters,690.0,514.2857142857143
line,85路(五路--菜户营桥东),9,450.0,34,bus_tapin_clusters,660.0,450.0
line,85路(五路--菜户营桥东),10,630.0,24,bus_tapin_clusters,630.0,720.0
line,85路(五路--菜户营桥东),11,514.2857142857143,21,bus_tapin_clusters,720.0,514.2857142857143
line,85路(五路--菜户营桥东),12,514.2857142857143,26,bus_tapin_clusters,840.0,514.2857142857143
line,85路(五路--菜户营桥东),13,327.27272727272725,22,bus_tapin_clusters,600.0,327.27272727272725
line,85路(五路--菜户营桥东),14,720.0,17,bus_tapin_clusters,900.0,720.0
line,85路(五路--菜户营桥东),15,420.0,17,bus_tapin_clusters,420.0,720.0
line,85路(五路--菜户营桥东),16,514.2857142857143,32,bus_tapin_clusters,570.0,514.2857142857143
line,85路(五路--菜户营桥东),17,480.0,17,bus_tapin_clusters,480.0,900.0
line,85路(五路--菜户营桥东),18,720.0,21,bus_tapin_clusters,720.0,720.0
line,85路(五路--菜户营桥东),19,720.0,16,bus_tapin_clusters,930.0,720.0
line,85路(五路--菜户营桥东),20,1800.0,4,bus_tapin_clusters,1860.0,1800.0
line,85路(五路--菜户营桥东),21,360.0,7,bus_tapin_clusters,360.0,600.0
line,57路(四惠枢纽站--靛厂新村),5,390.0,18,bus_tapin_clusters,390.0,600.0
line,57路(四惠枢纽站--靛厂新村),6,276.9230769230769,61,bus_tapin_clusters,300.0,276.9230769230769
line,57路(四惠枢纽站--靛厂新村),7,327.27272727272725,60,bus_tapin_clusters,330.0,327.27272727272725
line,57路(四惠枢纽站--靛厂新村),8,300.0,50,bus_tapin_clusters,300.0,360.0
line,57路(四惠枢纽站--靛厂新村),9,360.0,50,bus_tapin_clusters,420.0,360.0
line,57路(四惠枢纽站--靛厂新村),10,276.9230769230769,61,bus_tapin_clusters,360.0,276.9230769230769
line,57路(四惠枢纽站--靛厂新村),11,276.9230769230769,56,bus_tapin_clusters,300.0,276.9230769230769
line,57路(四惠枢纽站--靛厂新村),12,360.0,45,bus_tapin_clusters,420.0,360.0
line,57路(四惠枢纽站--靛厂新村),13,327.27272727272725,43,bus_tapin_clusters,420.0,327.27272727272725
line,57路(四惠枢纽站--靛厂新村),14,400.0,45,bus_tapin_clusters,450.0,400.0
line,57路(四惠枢纽站--靛厂新村),15,360.0,51,bus_tapin_clusters,360.0,360.0
line,57路(四惠枢纽站--靛厂新村),16,300.0,62,bus_tapin_clusters,300.0,300.0
line,57路(四惠枢纽站--靛厂新村),17,360.0,53,bus_tapin_clusters,360.0,360.0
line,57路(四惠枢纽站--靛厂新村),18,300.0,55,bus_tapin_clusters,330.0,300.0
line,57路(四惠枢纽站--靛厂新村),19,360.0,50,bus_tapin_clusters,360.0,360.0
line,57路(四惠枢纽站--靛厂新村),20,360.0,41,bus_tapin_clusters,360.0,360.0
line,57路(四惠枢纽站--靛厂新村),21,400.0,41,bus_tapin_clusters,540.0,400.0
line,57路(四惠枢纽站--靛厂新村),22,450.0,21,bus_tapin_clusters,660.0,450.0
line,34路(孛罗营--虎坊桥路口南),5,600.0,13,bus_tapin_clusters,600.0,1200.0
line,34路(孛罗营--虎坊桥路口南),6,360.0,41,bus_tapin_clusters,480.0,360.0
line,34路(孛罗营--虎坊桥路口南),7,330.0,40,bus_tapin_clusters,330.0,400.0
line,34路(孛罗营--虎坊桥路口南),8,327.27272727272725,56,bus_tapin_clusters,360.0,327.27272727272725
line,34路(孛罗营--虎坊桥路口南),9,514.2857142857143,28,bus_tapin_clusters,570.0,514.2857142857143
line,34路(孛罗营--虎坊桥路口南),10,360.0,43,bus_tapin_clusters,480.0,360.0
line,34路(孛罗营--虎坊桥路口南),11,420.0,35,bus_tapin_clusters,420.0,450.0
line,34路(孛罗营--虎坊桥路口南),12,660.0,25,bus_tapin_clusters,660.0,720.0
line,34路(孛罗营--虎坊桥路口南),13,540.0,31,bus_tapin_clusters,540.0,600.0
line,34路(孛罗营--虎坊桥路口南),14,300.0,38,bus_tapin_clusters,300.0,514.2857142857143
line,34路(孛罗营--虎坊桥路口南),15,540.0,27,bus_tapin_clusters,540.0,600.0
line,34路(孛罗营--虎坊桥路口南),16,450.0,38,bus_tapin_clusters,570.0,450.0
line,34路(孛罗营--虎坊桥路口南),17,400.0,44,bus_tapin_clusters,480.0,400.0
line,34路(孛罗营--虎坊桥路口南),18,600.0,28,bus_tapin_clusters,600.0,600.0
line,34路(孛罗营--虎坊桥路口南),19,600.0,31,bus_tapin_clusters,780.0,600.0
line,34路(孛罗营--虎坊桥路口南),20,900.0,18,bus_tapin_clusters,1440.0,900.0
line,34路(孛罗营--虎坊桥路口南),21,750.0,18,bus_tapin_clusters,750.0,900.0
line,34路(孛罗营--虎坊桥路口南),22,420.0,2,bus_tapin_clusters,420.0,1200.0
line,47路(小马厂--花园路北口),5,720.0,13,bus_tapin_clusters,720.0,1200.0
line,47路(小马厂--花园路北口),6,720.0,23,bus_tapin_clusters,840.0,720.0
line,47路(小马厂--花园路北口),7,514.2857142857143,23,bus_tapin_clusters,540.0,514.2857142857143
line,47路(小马厂--花园路北口),8,450.0,38,bus_tapin_clusters,600.0,450.0
line,47路(小马厂--花园路北口),9,514.2857142857143,27,bus_tapin_clusters,720.0,514.2857142857143
line,47路(小马厂--花园路北口),10,450.0,36,bus_tapin_clusters,600.0,450.0
line,47路(小马厂--花园路北口),11,300.0,30,bus_tapin_clusters,360.0,300.0
line,47路(小马厂--花园路北口),12,720.0,19,bus_tapin_clusters,1260.0,720.0
line,47路(小马厂--花园路北口),13,270.0,34,bus_tapin_clusters,270.0,327.27272727272725
line,47路(小马厂--花园路北口),15,300.0,23,bus_tapin_clusters,300.0,400.0
line,47路(小马厂--花园路北口),16,270.0,40,bus_tapin_clusters,270.0,300.0
line,47路(小马厂--花园路北口),17,300.0,39,bus_tapin_clusters,300.0,514.2857142857143
line,47路(小马厂--花园路北口),18,600.0,23,bus_tapin_clusters,630.0,600.0
line,47路(小马厂--花园路北口),19,240.0,17,bus_tapin_clusters,240.0,450.0
line,47路(小马厂--花园路北口),20,630.0,7,bus_tapin_clusters,630.0,720.0
line,47路(小马厂--花园路北口),14,240.0,25,bus_tapin_clusters,240.0,514.2857142857143
line,47路(小马厂--花园路北口),21,660.0,6,bus_tapin_clusters,660.0,900.0
line,121路(阜成门内--南坞),5,360.0,8,bus_tapin_clusters,360.0,720.0
line,121路(阜成门内--南坞),6,450.0,34,bus_tapin_clusters,480.0,450.0
line,121路(阜成门内--南坞),7,276.9230769230769,56,bus_tapin_clusters,360.0,276.9230769230769
line,121路(阜成门内--南坞),8,510.0,32,bus_tapin_clusters,510.0,514.2857142857143
line,121路(阜成门内--南坞),9,400.0,40,bus_tapin_clusters,450.0,400.0
line,121路(阜成门内--南坞),10,450.0,29,bus_tapin_clusters,720.0,450.0
line,121路(阜成门内--南坞),11,514.2857142857143,28,bus_tapin_clusters,660.0,514.2857142857143
line,121路(阜成门内--南坞),12,600.0,22,bus_tapin_clusters,930.0,600.0
line,121路(阜成门内--南坞),13,400.0,30,bus_tapin_clusters,570.0,400.0
line,121路(阜成门内--南坞),14,327.27272727272725,27,bus_tapin_clusters,540.0,327.27272727272725
line,121路(阜成门内--南坞),15,270.0,31,bus_tapin_clusters,270.0,400.0
line,121路(阜成门内--南坞),16,327.27272727272725,49,bus_tapin_clusters,420.0,327.27272727272725
line,121路(阜成门内--南坞),17,300.0,43,bus_tapin_clusters,300.0,327.27272727272725
line,121路(阜成门内--南坞),18,480.0,31,bus_tapin_clusters,480.0,600.0
line,121路(阜成门内--南坞),19,450.0,16,bus_tapin_clusters,510.0,450.0
line,121路(阜成门内--南坞),20,360.0,18,bus_tapin_clusters,360.0,600.0
line,121路(阜成门内--南坞),21,540.0,4,bus_tapin_clusters,540.0,1200.0
line,121路(阜成门内--南坞),22,360.0,9,bus_tapin_clusters,360.0,900.0
line,56路(大观园公交场站--动物园枢纽站),5,1080.0,4,bus_tapin_clusters,1080.0,1800.0
line,56路(大观园公交场站--动物园枢纽站),6,400.0,25,bus_tapin_clusters,600.0,400.0
line,56路(大观园公交场站--动物园枢纽站),7,327.27272727272725,37,bus_tapin_clusters,360.0,327.27272727272725
line,56路(大观园公交场站--动物园枢纽站),8,390.0,30,bus_tapin_clusters,390.0,400.0
line,56路(大观园公交场站--动物园枢纽站),9,600.0,14,bus_tapin_clusters,600.0,720.0
line,56路(大观园公交场站--动物园枢纽站),11,400.0,25,bus_tapin_clusters,600.0,400.0
line,56路(大观园公交场站--动物园枢纽站),12,720.0,21,bus_tapin_clusters,1140.0,720.0
line,56路(大观园公交场站--动物园枢纽站),13,450.0,23,bus_tapin_clusters,540.0,450.0
line,56路(大观园公交场站--动物园枢纽站),14,900.0,14,bus_tapin_clusters,1440.0,900.0
line,56路(大观园公交场站--动物园枢纽站),15,300.0,33,bus_tapin_clusters,480.0,300.0
line,56路(大观园公交场站--动物园枢纽站),16,327.27272727272725,25,bus_tapin_clusters,540.0,327.27272727272725
line,56路(大观园公交场站--动物园枢纽站),17,720.0,13,bus_tapin_clusters,720.0,720.0
line,56路(大观园公交场站--动物园枢纽站),18,720.0,8,bus_tapin_clusters,720.0,1200.0
line,56路(大观园公交场站--动物园枢纽站),19,450.0,20,bus_tapin_clusters,1035.0,450.0
line,56路(大观园公交场站--动物园枢纽站),20,960.0,4,bus_tapin_clusters,960.0,1200.0
line,56路(大观园公交场站--动物园枢纽站),10,514.2857142857143,27,bus_tapin_clusters,600.0,514.2857142857143
line,599路(前门--博兴六路公交场站),5,1080.0,5,bus_tapin_clusters,1080.0,1200.0
line,599路(前门--博兴六路公交场站),6,600.0,27,bus_tapin_clusters,660.0,600.0
line,599路(前门--博兴六路公交场站),7,450.0,42,bus_tapin_clusters,480.0,450.0
line,599路(前门--博兴六路公交场站),8,276.9230769230769,45,bus_tapin_clusters,450.0,276.9230769230769
line,599路(前门--博兴六路公交场站),9,480.0,36,bus_tapin_clusters,480.0,514.2857142857143
line,599路(前门--博兴六路公交场站),10,240.0,48,bus_tapin_clusters,345.0,240.0
line,599路(前门--博兴六路公交场站),11,300.0,47,bus_tapin_clusters,300.0,400.0
line,599路(前门--博兴六路公交场站),12,327.27272727272725,38,bus_tapin_clusters,480.0,327.27272727272725
line,599路(前门--博兴六路公交场站),13,420.0,31,bus_tapin_clusters,420.0,514.2857142857143
line,599路(前门--博兴六路公交场站),14,450.0,32,bus_tapin_clusters,450.0,600.0
line,599路(前门--博兴六路公交场站),15,300.0,52,bus_tapin_clusters,360.0,300.0
line,599路(前门--博兴六路公交场站),16,257.14285714285717,53,bus_tapin_clusters,300.0,257.14285714285717
line,599路(前门--博兴六路公交场站),17,327.27272727272725,52,bus_tapin_clusters,360.0,327.27272727272725
line,599路(前门--博兴六路公交场站),18,400.0,44,bus_tapin_clusters,420.0,400.0
line,599路(前门--博兴六路公交场站),19,400.0,42,bus_tapin_clusters,420.0,400.0
line,599路(前门--博兴六路公交场站),20,400.0,24,bus_tapin_clusters,570.0,400.0
line,599路(前门--博兴六路公交场站),21,480.0,12,bus_tapin_clusters,480.0,514.2857142857143
line,410路(北京西站南广场--丽园路公交场站),5,600.0,9,bus_tapin_clusters,600.0,900.0
line,410路(北京西站南广场--丽园路公交场站),6,450.0,36,bus_tapin_clusters,480.0,450.0
line,410路(北京西站南广场--丽园路公交场站),7,450.0,44,bus_tapin_clusters,465.0,450.0
line,410路(北京西站南广场--丽园路公交场站),8,514.2857142857143,29,bus_tapin_clusters,600.0,514.2857142857143
line,410路(北京西站南广场--丽园路公交场站),9,514.2857142857143,33,bus_tapin_clusters,600.0,514.2857142857143
line,410路(北京西站南广场--丽园路公交场站),10,514.2857142857143,24,bus_tapin_clusters,600.0,514.2857142857143
line,410路(北京西站南广场--丽园路公交场站),11,720.0,16,bus_tapin_clusters,840.0,720.0
line,410路(北京西站南广场--丽园路公交场站),12,600.0,20,bus_tapin_clusters,660.0,600.0
line,410路(北京西站南广场--丽园路公交场站),13,600.0,18,bus_tapin_clusters,630.0,600.0
line,410路(北京西站南广场--丽园路公交场站),14,720.0,16,bus_tapin_clusters,810.0,720.0
line,410路(北京西站南广场--丽园路公交场站),15,540.0,21,bus_tapin_clusters,540.0,600.0
line,410路(北京西站南广场--丽园路公交场站),16,600.0,18,bus_tapin_clusters,1110.0,600.0
line,410路(北京西站南广场--丽园路公交场站),17,600.0,16,bus_tapin_clusters,600.0,600.0
line,410路(北京西站南广场--丽园路公交场站),18,600.0,23,bus_tapin_clusters,840.0,600.0
line,410路(北京西站南广场--丽园路公交场站),19,600.0,16,bus_tapin_clusters,885.0,600.0
line,410路(北京西站南广场--丽园路公交场站),20,1140.0,6,bus_tapin_clusters,1140.0,1200.0
line,408路(石佛营西里--慧忠里),5,780.0,8,bus_tapin_clusters,780.0,1800.0
line,408路(石佛营西里--慧忠里),6,780.0,19,bus_tapin_clusters,780.0,900.0
line,408路(石佛营西里--慧忠里),7,720.0,26,bus_tapin_clusters,945.0,720.0
line,408路(石佛营西里--慧忠里),8,514.2857142857143,33,bus_tapin_clusters,540.0,514.2857142857143
line,408路(石佛营西里--慧忠里),9,514.2857142857143,35,bus_tapin_clusters,540.0,514.2857142857143
line,408路(石佛营西里--慧忠里),10,540.0,16,bus_tapin_clusters,540.0,900.0
line,408路(石佛营西里--慧忠里),11,400.0,40,bus_tapin_clusters,480.0,400.0
line,408路(石佛营西里--慧忠里),12,450.0,33,bus_tapin_clusters,660.0,450.0
line,408路(石佛营西里--慧忠里),13,450.0,34,bus_tapin_clusters,540.0,450.0
line,408路(石佛营西里--慧忠里),14,450.0,36,bus_tapin_clusters,540.0,450.0
line,408路(石佛营西里--慧忠里),15,327.27272727272725,39,bus_tapin_clusters,480.0,327.27272727272725
line,408路(石佛营西里--慧忠里),16,600.0,26,bus_tapin_clusters,600.0,600.0
line,408路(石佛营西里--慧忠里),17,510.0,30,bus_tapin_clusters,510.0,600.0
line,408路(石佛营西里--慧忠里),18,400.0,37,bus_tapin_clusters,660.0,400.0
line,408路(石佛营西里--慧忠里),19,600.0,27,bus_tapin_clusters,600.0,600.0
line,408路(石佛营西里--慧忠里),20,600.0,24,bus_tapin_clusters,810.0,600.0
line,408路(石佛营西里--慧忠里),21,514.2857142857143,20,bus_tapin_clusters,900.0,514.2857142857143
line,408路(石佛营西里--慧忠里),22,690.0,2,bus_tapin_clusters,690.0,1200.0
line,89路(恩济西街南站--红莲南里),5,780.0,5,bus_tapin_clusters,780.0,1200.0
line,89路(恩济西街南站--红莲南里),6,360.0,27,bus_tapin_clusters,480.0,360.0
line,89路(恩济西街南站--红莲南里),7,257.14285714285717,40,bus_tapin_clusters,360.0,257.14285714285717
line,89路(恩济西街南站--红莲南里),8,360.0,36,bus_tapin_clusters,435.0,360.0
line,89路(恩济西街南站--红莲南里),9,300.0,47,bus_tapin_clusters,360.0,300.0
line,89路(恩济西街南站--红莲南里),10,300.0,49,bus_tapin_clusters,360.0,300.0
line,89路(恩济西街南站--红莲南里),11,327.27272727272725,47,bus_tapin_clusters,480.0,327.27272727272725
line,89路(恩济西街南站--红莲南里),12,400.0,34,bus_tapin_clusters,480.0,400.0
line,89路(恩济西街南站--红莲南里),13,400.0,40,bus_tapin_clusters,480.0,400.0
line,89路(恩济西街南站--红莲南里),14,600.0,26,bus_tapin_clusters,720.0,600.0
line,89路(恩济西街南站--红莲南里),15,514.2857142857143,27,bus_tapin_clusters,720.0,514.2857142857143
line,89路(恩济西街南站--红莲南里),16,450.0,32,bus_tapin_clusters,630.0,450.0
line,89路(恩济西街南站--红莲南里),17,300.0,36,bus_tapin_clusters,510.0,300.0
line,89路(恩济西街南站--红莲南里),18,450.0,44,bus_tapin_clusters,480.0,450.0
line,89路(恩济西街南站--红莲南里),19,600.0,25,bus_tapin_clusters,720.0,600.0
line,89路(恩济西街南站--红莲南里),20,450.0,27,bus_tapin_clusters,780.0,450.0
line,89路(恩济西街南站--红莲南里),21,900.0,18,bus_tapin_clusters,1050.0,900.0
line,89路(恩济西街南站--红莲南里),22,1080.0,6,bus_tapin_clusters,1080.0,1200.0
line,98路(四方桥西--东大桥路口东),5,420.0,19,bus_tapin_clusters,420.0,900.0
line,98路(四方桥西--东大桥路口东),6,300.0,55,bus_tapin_clusters,360.0,300.0
line,98路(四方桥西--东大桥路口东),7,300.0,46,bus_tapin_clusters,300.0,400.0
line,98路(四方桥西--东大桥路口东),8,276.9230769230769,59,bus_tapin_clusters,300.0,276.9230769230769
line,98路(四方桥西--东大桥路口东),9,400.0,43,bus_tapin_clusters,420.0,400.0
line,98路(四方桥西--东大桥路口东),10,360.0,50,bus_tapin_clusters,480.0,360.0
line,98路(四方桥西--东大桥路口东),11,276.9230769230769,44,bus_tapin_clusters,480.0,276.9230769230769
line,98路(四方桥西--东大桥路口东),12,450.0,36,bus_tapin_clusters,540.0,450.0
line,98路(四方桥西--东大桥路口东),13,600.0,32,bus_tapin_clusters,600.0,600.0
line,98路(四方桥西--东大桥路口东),14,600.0,31,bus_tapin_clusters,780.0,600.0
line,98路(四方桥西--东大桥路口东),15,450.0,37,bus_tapin_clusters,540.0,450.0
line,98路(四方桥西--东大桥路口东),16,360.0,43,bus_tapin_clusters,360.0,360.0
line,98路(四方桥西--东大桥路口东),17,360.0,44,bus_tapin_clusters,450.0,360.0
line,98路(四方桥西--东大桥路口东),18,327.27272727272725,40,bus_tapin_clusters,420.0,327.27272727272725
line,98路(四方桥西--东大桥路口东),19,270.0,38,bus_tapin_clusters,270.0,300.0
line,98路(四方桥西--东大桥路口东),20,390.0,29,bus_tapin_clusters,390.0,514.2857142857143
line,98路(四方桥西--东大桥路口东),21,600.0,14,bus_tapin_clusters,660.0,600.0
line,47路(花园路北口--小马厂),6,660.0,17,bus_tapin_clusters,660.0,900.0
line,47路(花园路北口--小马厂),7,514.2857142857143,24,bus_tapin_clusters,690.0,514.2857142857143
line,47路(花园路北口--小马厂),8,450.0,27,bus_tapin_clusters,810.0,450.0
line,47路(花园路北口--小马厂),9,720.0,23,bus_tapin_clusters,1020.0,720.0
line,47路(花园路北口--小马厂),10,720.0,18,bus_tapin_clusters,1005.0,720.0
line,47路(花园路北口--小马厂),11,514.2857142857143,27,bus_tapin_clusters,900.0,514.2857142857143
line,47路(花园路北口--小马厂),12,720.0,10,bus_tapin_clusters,960.0,720.0
line,47路(花园路北口--小马厂),13,1800.0,10,bus_tapin_clusters,2580.0,1800.0
line,47路(花园路北口--小马厂),16,240.0,8,bus_tapin_clusters,240.0,514.2857142857143
line,47路(花园路北口--小马厂),17,270.0,10,bus_tapin_clusters,270.0,514.2857142857143
line,47路(花园路北口--小马厂),18,600.0,10,bus_tapin_clusters,690.0,600.0
line,47路(花园路北口--小马厂),19,240.0,22,bus_tapin_clusters,240.0,360.0
line,47路(花园路北口--小马厂),14,180.0,5,bus_tapin_clusters,180.0,1200.0
line,47路(花园路北口--小马厂),15,1800.0,2,bus_tapin_clusters,1830.0,1800.0
line,47路(花园路北口--小马厂),20,720.0,5,bus_tapin_clusters,720.0,1200.0
line,47路(花园路北口--小马厂),5,1350.0,2,bus_tapin_clusters,1350.0,1800.0
line,977路(菜户营桥西--冯村公交场站),5,600.0,10,bus_tapin_clusters,600.0,1200.0
line,977路(菜户营桥西--冯村公交场站),6,600.0,22,bus_tapin_clusters,795.0,600.0
line,977路(菜户营桥西--冯村公交场站),7,720.0,20,bus_tapin_clusters,840.0,720.0
line,977路(菜户营桥西--冯村公交场站),8,600.0,28,bus_tapin_clusters,870.0,600.0
line,977路(菜户营桥西--冯村公交场站),9,450.0,24,bus_tapin_clusters,510.0,450.0
line,977路(菜户营桥西--冯村公交场站),10,514.2857142857143,33,bus_tapin_clusters,540.0,514.2857142857143
line,977路(菜户营桥西--冯村公交场站),11,600.0,23,bus_tapin_clusters,780.0,600.0
line,977路(菜户营桥西--冯村公交场站),12,1050.0,13,bus_tapin_clusters,1050.0,1200.0
line,977路(菜户营桥西--冯村公交场站),13,720.0,19,bus_tapin_clusters,930.0,720.0
line,977路(菜户营桥西--冯村公交场站),14,900.0,22,bus_tapin_clusters,990.0,900.0
line,977路(菜户营桥西--冯村公交场站),15,720.0,19,bus_tapin_clusters,900.0,720.0
line,977路(菜户营桥西--冯村公交场站),16,900.0,18,bus_tapin_clusters,900.0,900.0
line,977路(菜户营桥西--冯村公交场站),17,900.0,14,bus_tapin_clusters,1080.0,900.0
line,977路(菜户营桥西--冯村公交场站),18,720.0,14,bus_tapin_clusters,960.0,720.0
line,977路(菜户营桥西--冯村公交场站),19,1200.0,15,bus_tapin_clusters,1740.0,1200.0
line,977路(菜户营桥西--冯村公交场站),20,900.0,12,bus_tapin_clusters,1260.0,900.0
line,977路(菜户营桥西--冯村公交场站),21,720.0,8,bus_tapin_clusters,855.0,720.0
line,695路(动物园枢纽站--时代庄园北站),6,514.2857142857143,29,bus_tapin_clusters,600.0,514.2857142857143
line,695路(动物园枢纽站--时代庄园北站),7,600.0,24,bus_tapin_clusters,750.0,600.0
line,695路(动物园枢纽站--时代庄园北站),8,514.2857142857143,28,bus_tapin_clusters,690.0,514.2857142857143
line,695路(动物园枢纽站--时代庄园北站),9,720.0,20,bus_tapin_clusters,990.0,720.0
line,695路(动物园枢纽站--时代庄园北站),10,720.0,22,bus_tapin_clusters,1140.0,720.0
line,695路(动物园枢纽站--时代庄园北站),11,810.0,12,bus_tapin_clusters,810.0,1200.0
line,695路(动物园枢纽站--时代庄园北站),12,900.0,15,bus_tapin_clusters,960.0,900.0
line,695路(动物园枢纽站--时代庄园北站),14,720.0,22,bus_tapin_clusters,840.0,720.0
line,695路(动物园枢纽站--时代庄园北站),16,1140.0,13,bus_tapin_clusters,1140.0,1200.0
line,695路(动物园枢纽站--时代庄园北站),17,600.0,18,bus_tapin_clusters,780.0,600.0
line,695路(动物园枢纽站--时代庄园北站),5,780.0,5,bus_tapin_clusters,780.0,1200.0
line,695路(动物园枢纽站--时代庄园北站),13,720.0,19,bus_tapin_clusters,840.0,720.0
line,695路(动物园枢纽站--时代庄园北站),15,720.0,15,bus_tapin_clusters,840.0,720.0
line,695路(动物园枢纽站--时代庄园北站),18,900.0,14,bus_tapin_clusters,1080.0,900.0
line,695路(动物园枢纽站--时代庄园北站),21,780.0,7,bus_tapin_clusters,780.0,900.0
line,695路(动物园枢纽站--时代庄园北站),19,1200.0,6,bus_tapin_clusters,2310.0,1200.0
line,695路(动物园枢纽站--时代庄园北站),20,1380.0,2,bus_tapin_clusters,1380.0,1800.0
line,68路(马官营西--厂桥路口西),5,540.0,15,bus_tapin_clusters,540.0,600.0
line,68路(马官营西--厂桥路口西),6,300.0,54,bus_tapin_clusters,315.0,300.0
line,68路(马官营西--厂桥路口西),7,360.0,48,bus_tapin_clusters,375.0,360.0
line,68路(马官营西--厂桥路口西),8,327.27272727272725,49,bus_tapin_clusters,360.0,327.27272727272725
line,68路(马官营西--厂桥路口西),9,360.0,43,bus_tapin_clusters,360.0,400.0
line,68路(马官营西--厂桥路口西),10,600.0,27,bus_tapin_clusters,780.0,600.0
line,68路(马官营西--厂桥路口西),11,400.0,40,bus_tapin_clusters,495.0,400.0
line,68路(马官营西--厂桥路口西),12,720.0,15,bus_tapin_clusters,1320.0,720.0
line,68路(马官营西--厂桥路口西),13,450.0,28,bus_tapin_clusters,480.0,450.0
line,68路(马官营西--厂桥路口西),14,360.0,34,bus_tapin_clusters,660.0,360.0
line,68路(马官营西--厂桥路口西),15,300.0,33,bus_tapin_clusters,360.0,300.0
line,68路(马官营西--厂桥路口西),16,300.0,50,bus_tapin_clusters,390.0,300.0
line,68路(马官营西--厂桥路口西),17,510.0,33,bus_tapin_clusters,510.0,514.2857142857143
line,68路(马官营西--厂桥路口西),18,720.0,18,bus_tapin_clusters,750.0,720.0
line,68路(马官营西--厂桥路口西),19,450.0,30,bus_tapin_clusters,600.0,450.0
line,68路(马官营西--厂桥路口西),20,514.2857142857143,20,bus_tapin_clusters,750.0,514.2857142857143
line,68路(马官营西--厂桥路口西),21,720.0,10,bus_tapin_clusters,1020.0,720.0
line,93路(吕家营--前门),5,840.0,14,bus_tapin_clusters,840.0,900.0
line,93路(吕家营--前门),6,400.0,38,bus_tapin_clusters,480.0,400.0
line,93路(吕家营--前门),7,450.0,34,bus_tapin_clusters,540.0,450.0
line,93路(吕家营--前门),8,450.0,31,bus_tapin_clusters,780.0,450.0
line,93路(吕家营--前门),9,450.0,33,bus_tapin_clusters,600.0,450.0
line,93路(吕家营--前门),10,600.0,28,bus_tapin_clusters,690.0,600.0
line,93路(吕家营--前门),11,450.0,30,bus_tapin_clusters,660.0,450.0
line,93路(吕家营--前门),12,600.0,25,bus_tapin_clusters,660.0,600.0
line,93路(吕家营--前门),13,514.2857142857143,32,bus_tapin_clusters,720.0,514.2857142857143
line,93路(吕家营--前门),14,720.0,19,bus_tapin_clusters,960.0,720.0
line,93路(吕家营--前门),15,300.0,45,bus_tapin_clusters,300.0,400.0
line,93路(吕家营--前门),16,870.0,14,bus_tapin_clusters,870.0,1200.0
line,93路(吕家营--前门),17,390.0,34,bus_tapin_clusters,390.0,450.0
line,93路(吕家营--前门),18,720.0,17,bus_tapin_clusters,1110.0,720.0
line,93路(吕家营--前门),19,900.0,20,bus_tapin_clusters,1140.0,900.0
line,93路(吕家营--前门),20,480.0,28,bus_tapin_clusters,480.0,600.0
line,93路(吕家营--前门),21,1200.0,9,bus_tapin_clusters,1200.0,1200.0
line,50路(北京西站--左安门外),6,450.0,40,bus_tapin_clusters,495.0,450.0
line,50路(北京西站--左安门外),7,327.27272727272725,47,bus_tapin_clusters,420.0,327.27272727272725
line,50路(北京西站--左安门外),8,514.2857142857143,34,bus_tapin_clusters,630.0,514.2857142857143
line,50路(北京西站--左安门外),9,276.9230769230769,61,bus_tapin_clusters,300.0,276.9230769230769
line,50路(北京西站--左安门外),10,450.0,39,bus_tapin_clusters,540.0,450.0
line,50路(北京西站--左安门外),11,400.0,39,bus_tapin_clusters,510.0,400.0
line,50路(北京西站--左安门外),12,360.0,51,bus_tapin_clusters,360.0,360.0
line,50路(北京西站--左安门外),13,360.0,43,bus_tapin_clusters,420.0,360.0
line,50路(北京西站--左安门外),14,420.0,44,bus_tapin_clusters,420.0,450.0
line,50路(北京西站--左安门外),15,300.0,54,bus_tapin_clusters,360.0,300.0
line,50路(北京西站--左安门外),16,300.0,56,bus_tapin_clusters,300.0,327.27272727272725
line,50路(北京西站--左安门外),17,360.0,51,bus_tapin_clusters,360.0,360.0
line,50路(北京西站--左安门外),18,327.27272727272725,54,bus_tapin_clusters,360.0,327.27272727272725
line,50路(北京西站--左安门外),19,400.0,38,bus_tapin_clusters,585.0,400.0
line,50路(北京西站--左安门外),20,327.27272727272725,48,bus_tapin_clusters,360.0,327.27272727272725
line,50路(北京西站--左安门外),21,327.27272727272725,37,bus_tapin_clusters,540.0,327.27272727272725
line,50路(北京西站--左安门外),22,514.2857142857143,20,bus_tapin_clusters,825.0,514.2857142857143
line,50路(北京西站--左安门外),5,510.0,13,bus_tapin_clusters,510.0,720.0
line,361路(巴沟村--望京科技创业园),5,690.0,4,bus_tapin_clusters,690.0,1800.0
line,361路(巴沟村--望京科技创业园),6,720.0,23,bus_tapin_clusters,840.0,720.0
line,361路(巴沟村--望京科技创业园),7,450.0,34,bus_tapin_clusters,660.0,450.0
line,361路(巴沟村--望京科技创业园),8,514.2857142857143,33,bus_tapin_clusters,720.0,514.2857142857143
line,361路(巴沟村--望京科技创业园),9,720.0,24,bus_tapin_clusters,1170.0,720.0
line,361路(巴沟村--望京科技创业园),10,720.0,21,bus_tapin_clusters,780.0,720.0
line,361路(巴沟村--望京科技创业园),11,720.0,24,bus_tapin_clusters,870.0,720.0
line,361路(巴沟村--望京科技创业园),12,900.0,16,bus_tapin_clusters,1080.0,900.0
line,361路(巴沟村--望京科技创业园),13,900.0,16,bus_tapin_clusters,1170.0,900.0
line,361路(巴沟村--望京科技创业园),14,900.0,13,bus_tapin_clusters,1440.0,900.0
line,361路(巴沟村--望京科技创业园),15,1200.0,13,bus_tapin_clusters,1380.0,1200.0
line,361路(巴沟村--望京科技创业园),16,450.0,26,bus_tapin_clusters,720.0,450.0
line,361路(巴沟村--望京科技创业园),17,600.0,28,bus_tapin_clusters,870.0,600.0
line,361路(巴沟村--望京科技创业园),18,720.0,23,bus_tapin_clusters,810.0,720.0
line,361路(巴沟村--望京科技创业园),19,720.0,22,bus_tapin_clusters,780.0,720.0
line,361路(巴沟村--望京科技创业园),20,660.0,26,bus_tapin_clusters,660.0,720.0
line,361路(巴沟村--望京科技创业园),21,1200.0,13,bus_tapin_clusters,1800.0,1200.0
line,361路(巴沟村--望京科技创业园),22,1680.0,4,bus_tapin_clusters,1680.0,1800.0
line,374路(北京西站--颐和园新建宫门),6,450.0,30,bus_tapin_clusters,660.0,450.0
line,374路(北京西站--颐和园新建宫门),7,300.0,54,bus_tapin_clusters,375.0,300.0
line,374路(北京西站--颐和园新建宫门),8,400.0,39,bus_tapin_clusters,510.0,400.0
line,374路(北京西站--颐和园新建宫门),9,400.0,40,bus_tapin_clusters,450.0,400.0
line,374路(北京西站--颐和园新建宫门),10,600.0,23,bus_tapin_clusters,600.0,600.0
line,374路(北京西站--颐和园新建宫门),11,514.2857142857143,32,bus_tapin_clusters,630.0,514.2857142857143
line,374路(北京西站--颐和园新建宫门),12,720.0,27,bus_tapin_clusters,780.0,720.0
line,374路(北京西站--颐和园新建宫门),13,450.0,30,bus_tapin_clusters,555.0,450.0
line,374路(北京西站--颐和园新建宫门),14,514.2857142857143,35,bus_tapin_clusters,600.0,514.2857142857143
line,374路(北京西站--颐和园新建宫门),15,514.2857142857143,33,bus_tapin_clusters,540.0,514.2857142857143
line,374路(北京西站--颐和园新建宫门),16,400.0,40,bus_tapin_clusters,495.0,400.0
line,374路(北京西站--颐和园新建宫门),17,450.0,32,bus_tapin_clusters,540.0,450.0
line,374路(北京西站--颐和园新建宫门),18,360.0,41,bus_tapin_clusters,420.0,360.0
line,374路(北京西站--颐和园新建宫门),19,720.0,20,bus_tapin_clusters,795.0,720.0
line,374路(北京西站--颐和园新建宫门),20,514.2857142857143,19,bus_tapin_clusters,660.0,514.2857142857143
line,374路(北京西站--颐和园新建宫门),21,360.0,12,bus_tapin_clusters,360.0,720.0
line,374路(北京西站--颐和园新建宫门),22,630.0,8,bus_tapin_clusters,630.0,900.0
line,374路(北京西站--颐和园新建宫门),23,330.0,2,bus_tapin_clusters,330.0,1200.0
line,693路(育新小区--阜永路口西),5,600.0,15,bus_tapin_clusters,600.0,900.0
line,693路(育新小区--阜永路口西),6,450.0,28,bus_tapin_clusters,450.0,720.0
line,693路(育新小区--阜永路口西),7,390.0,26,bus_tapin_clusters,390.0,450.0
line,693路(育新小区--阜永路口西),8,360.0,53,bus_tapin_clusters,390.0,360.0
line,693路(育新小区--阜永路口西),9,390.0,42,bus_tapin_clusters,390.0,400.0
line,693路(育新小区--阜永路口西),10,600.0,27,bus_tapin_clusters,660.0,600.0
line,693路(育新小区--阜永路口西),11,514.2857142857143,29,bus_tapin_clusters,660.0,514.2857142857143
line,693路(育新小区--阜永路口西),12,600.0,28,bus_tapin_clusters,600.0,600.0
line,693路(育新小区--阜永路口西),13,900.0,21,bus_tapin_clusters,1320.0,900.0
line,693路(育新小区--阜永路口西),14,480.0,29,bus_tapin_clusters,480.0,514.2857142857143
line,693路(育新小区--阜永路口西),15,514.2857142857143,29,bus_tapin_clusters,720.0,514.2857142857143
line,693路(育新小区--阜永路口西),16,450.0,37,bus_tapin_clusters,450.0,450.0
line,693路(育新小区--阜永路口西),17,600.0,27,bus_tapin_clusters,600.0,600.0
line,693路(育新小区--阜永路口西),18,600.0,28,bus_tapin_clusters,720.0,600.0
line,693路(育新小区--阜永路口西),19,720.0,19,bus_tapin_clusters,1080.0,720.0
line,693路(育新小区--阜永路口西),20,720.0,22,bus_tapin_clusters,960.0,720.0
line,693路(育新小区--阜永路口西),21,720.0,22,bus_tapin_clusters,1080.0,720.0
line,639路(北京站东--黎各庄),9,900.0,13,bus_tapin_clusters,1380.0,900.0
line,639路(北京站东--黎各庄),11,720.0,16,bus_tapin_clusters,870.0,720.0
line,639路(北京站东--黎各庄),12,720.0,16,bus_tapin_clusters,960.0,720.0
line,639路(北京站东--黎各庄),13,720.0,17,bus_tapin_clusters,840.0,720.0
line,639路(北京站东--黎各庄),14,900.0,11,bus_tapin_clusters,1020.0,900.0
line,639路(北京站东--黎各庄),15,1200.0,9,bus_tapin_clusters,1740.0,1200.0
line,639路(北京站东--黎各庄),16,1110.0,14,bus_tapin_clusters,1110.0,1200.0
line,639路(北京站东--黎各庄),17,900.0,14,bus_tapin_clusters,1140.0,900.0
line,639路(北京站东--黎各庄),18,720.0,15,bus_tapin_clusters,840.0,720.0
line,639路(北京站东--黎各庄),19,720.0,15,bus_tapin_clusters,1020.0,720.0
line,639路(北京站东--黎各庄),20,1200.0,9,bus_tapin_clusters,1320.0,1200.0
line,639路(北京站东--黎各庄),21,870.0,9,bus_tapin_clusters,870.0,900.0
line,639路(北京站东--黎各庄),10,600.0,15,bus_tapin_clusters,900.0,600.0
line,639路(北京站东--黎各庄),5,1290.0,2,bus_tapin_clusters,1290.0,1800.0
line,639路(北京站东--黎各庄),6,1800.0,2,bus_tapin_clusters,1830.0,1800.0
line,639路(北京站东--黎各庄),7,1200.0,5,bus_tapin_clusters,1620.0,1200.0
line,639路(北京站东--黎各庄),8,720.0,7,bus_tapin_clusters,960.0,720.0
line,546路(富丰桥西--鲁谷公交场站),6,870.0,4,bus_tapin_clusters,870.0,900.0
line,546路(富丰桥西--鲁谷公交场站),8,360.0,11,bus_tapin_clusters,360.0,450.0
line,546路(富丰桥西--鲁谷公交场站),9,480.0,11,bus_tapin_clusters,480.0,514.2857142857143
line,546路(富丰桥西--鲁谷公交场站),12,900.0,5,bus_tapin_clusters,1740.0,900.0
line,546路(富丰桥西--鲁谷公交场站),14,1320.0,3,bus_tapin_clusters,1320.0,1800.0
line,546路(富丰桥西--鲁谷公交场站),15,450.0,8,bus_tapin_clusters,615.0,450.0
line,546路(富丰桥西--鲁谷公交场站),16,270.0,12,bus_tapin_clusters,270.0,400.0
line,546路(富丰桥西--鲁谷公交场站),17,900.0,6,bus_tapin_clusters,1155.0,900.0
line,546路(富丰桥西--鲁谷公交场站),18,510.0,10,bus_tapin_clusters,510.0,600.0
line,546路(富丰桥西--鲁谷公交场站),19,240.0,16,bus_tapin_clusters,240.0,450.0
line,546路(富丰桥西--鲁谷公交场站),22,120.0,2,bus_tapin_clusters,120.0,1200.0
line,546路(富丰桥西--鲁谷公交场站),10,750.0,2,bus_tapin_clusters,750.0,1200.0
line,54路(三营门--四惠桥),6,450.0,36,bus_tapin_clusters,570.0,450.0
line,54路(三营门--四惠桥),7,450.0,37,bus_tapin_clusters,600.0,450.0
line,54路(三营门--四惠桥),8,327.27272727272725,46,bus_tapin_clusters,420.0,327.27272727272725
line,54路(三营门--四惠桥),9,400.0,39,bus_tapin_clusters,540.0,400.0
line,54路(三营门--四惠桥),10,400.0,38,bus_tapin_clusters,600.0,400.0
line,54路(三营门--四惠桥),11,400.0,31,bus_tapin_clusters,660.0,400.0
line,54路(三营门--四惠桥),12,600.0,25,bus_tapin_clusters,600.0,720.0
line,54路(三营门--四惠桥),13,600.0,28,bus_tapin_clusters,810.0,600.0
line,54路(三营门--四惠桥),14,514.2857142857143,34,bus_tapin_clusters,525.0,514.2857142857143
line,54路(三营门--四惠桥),15,514.2857142857143,35,bus_tapin_clusters,600.0,514.2857142857143
line,54路(三营门--四惠桥),16,450.0,38,bus_tapin_clusters,600.0,450.0
line,54路(三营门--四惠桥),17,450.0,39,bus_tapin_clusters,480.0,450.0
line,54路(三营门--四惠桥),18,510.0,36,bus_tapin_clusters,510.0,514.2857142857143
line,54路(三营门--四惠桥),19,600.0,28,bus_tapin_clusters,780.0,600.0
line,54路(三营门--四惠桥),20,720.0,22,bus_tapin_clusters,960.0,720.0
line,54路(三营门--四惠桥),21,1200.0,12,bus_tapin_clusters,1290.0,1200.0
line,54路(三营门--四惠桥),5,555.0,6,bus_tapin_clusters,555.0,1200.0
line,101路(红庙路口东--百万庄西口),5,360.0,7,bus_tapin_clusters,360.0,720.0
line,101路(红庙路口东--百万庄西口),6,360.0,33,bus_tapin_clusters,480.0,360.0
line,101路(红庙路口东--百万庄西口),7,327.27272727272725,45,bus_tapin_clusters,360.0,327.27272727272725
line,101路(红庙路口东--百万庄西口),8,360.0,39,bus_tapin_clusters,360.0,400.0
line,101路(红庙路口东--百万庄西口),9,360.0,41,bus_tapin_clusters,420.0,360.0
line,101路(红庙路口东--百万庄西口),10,400.0,28,bus_tapin_clusters,540.0,400.0
line,101路(红庙路口东--百万庄西口),11,450.0,28,bus_tapin_clusters,465.0,450.0
line,101路(红庙路口东--百万庄西口),12,400.0,36,bus_tapin_clusters,525.0,400.0
line,101路(红庙路口东--百万庄西口),13,720.0,24,bus_tapin_clusters,720.0,720.0
line,101路(红庙路口东--百万庄西口),14,600.0,23,bus_tapin_clusters,600.0,600.0
line,101路(红庙路口东--百万庄西口),15,257.14285714285717,44,bus_tapin_clusters,420.0,257.14285714285717
line,101路(红庙路口东--百万庄西口),16,510.0,31,bus_tapin_clusters,510.0,514.2857142857143
line,101路(红庙路口东--百万庄西口),17,300.0,30,bus_tapin_clusters,420.0,300.0
line,101路(红庙路口东--百万庄西口),18,276.9230769230769,34,bus_tapin_clusters,360.0,276.9230769230769
line,101路(红庙路口东--百万庄西口),19,660.0,23,bus_tapin_clusters,660.0,720.0
line,101路(红庙路口东--百万庄西口),20,270.0,22,bus_tapin_clusters,270.0,514.2857142857143
line,101路(红庙路口东--百万庄西口),21,360.0,13,bus_tapin_clusters,360.0,720.0
line,101路(红庙路口东--百万庄西口),22,150.0,3,bus_tapin_clusters,150.0,900.0
line,46路(三路居公交场站--西单商场),5,480.0,7,bus_tapin_clusters,480.0,900.0
line,46路(三路居公交场站--西单商场),6,600.0,26,bus_tapin_clusters,600.0,600.0
line,46路(三路居公交场站--西单商场),7,360.0,34,bus_tapin_clusters,585.0,360.0
line,46路(三路居公交场站--西单商场),8,514.2857142857143,34,bus_tapin_clusters,630.0,514.2857142857143
line,46路(三路居公交场站--西单商场),9,360.0,23,bus_tapin_clusters,840.0,360.0
line,46路(三路居公交场站--西单商场),10,600.0,27,bus_tapin_clusters,720.0,600.0
line,46路(三路居公交场站--西单商场),11,450.0,26,bus_tapin_clusters,480.0,450.0
line,46路(三路居公交场站--西单商场),12,450.0,22,bus_tapin_clusters,660.0,450.0
line,46路(三路居公交场站--西单商场),13,514.2857142857143,28,bus_tapin_clusters,540.0,514.2857142857143
line,46路(三路居公交场站--西单商场),14,1200.0,13,bus_tapin_clusters,1440.0,1200.0
line,46路(三路居公交场站--西单商场),15,300.0,25,bus_tapin_clusters,420.0,300.0
line,46路(三路居公交场站--西单商场),16,514.2857142857143,23,bus_tapin_clusters,600.0,514.2857142857143
line,46路(三路居公交场站--西单商场),18,720.0,14,bus_tapin_clusters,990.0,720.0
line,46路(三路居公交场站--西单商场),19,900.0,10,bus_tapin_clusters,990.0,900.0
line,46路(三路居公交场站--西单商场),20,360.0,5,bus_tapin_clusters,360.0,1200.0
line,46路(三路居公交场站--西单商场),17,360.0,5,bus_tapin_clusters,360.0,900.0
line,53路(四方桥西--北京西站南广场),5,600.0,12,bus_tapin_clusters,600.0,1200.0
line,53路(四方桥西--北京西站南广场),6,450.0,40,bus_tapin_clusters,540.0,450.0
line,53路(四方桥西--北京西站南广场),7,400.0,43,bus_tapin_clusters,480.0,400.0
line,53路(四方桥西--北京西站南广场),8,450.0,41,bus_tapin_clusters,480.0,450.0
line,53路(四方桥西--北京西站南广场),9,450.0,37,bus_tapin_clusters,540.0,450.0
line,53路(四方桥西--北京西站南广场),10,450.0,36,bus_tapin_clusters,555.0,450.0
line,53路(四方桥西--北京西站南广场),11,400.0,29,bus_tapin_clusters,540.0,400.0
line,53路(四方桥西--北京西站南广场),12,600.0,30,bus_tapin_clusters,690.0,600.0
line,53路(四方桥西--北京西站南广场),13,450.0,34,bus_tapin_clusters,720.0,450.0
line,53路(四方桥西--北京西站南广场),14,600.0,30,bus_tapin_clusters,720.0,600.0
line,53路(四方桥西--北京西站南广场),15,450.0,40,bus_tapin_clusters,540.0,450.0
line,53路(四方桥西--北京西站南广场),16,450.0,41,bus_tapin_clusters,480.0,450.0
line,53路(四方桥西--北京西站南广场),17,360.0,43,bus_tapin_clusters,420.0,360.0
line,53路(四方桥西--北京西站南广场),18,400.0,40,bus_tapin_clusters,420.0,400.0
line,53路(四方桥西--北京西站南广场),19,450.0,36,bus_tapin_clusters,480.0,450.0
line,53路(四方桥西--北京西站南广场),20,450.0,37,bus_tapin_clusters,480.0,450.0
line,53路(四方桥西--北京西站南广场),21,720.0,10,bus_tapin_clusters,840.0,720.0
line,66路(城南嘉园北--前门),5,480.0,15,bus_tapin_clusters,480.0,900.0
line,66路(城南嘉园北--前门),6,360.0,47,bus_tapin_clusters,420.0,360.0
line,66路(城南嘉园北--前门),7,300.0,56,bus_tapin_clusters,390.0,300.0
line,66路(城南嘉园北--前门),8,300.0,55,bus_tapin_clusters,300.0,300.0
line,66路(城南嘉园北--前门),9,360.0,53,bus_tapin_clusters,360.0,360.0
line,66路(城南嘉园北--前门),10,327.27272727272725,52,bus_tapin_clusters,420.0,327.27272727272725
line,66路(城南嘉园北--前门),11,400.0,47,bus_tapin_clusters,480.0,400.0
line,66路(城南嘉园北--前门),12,300.0,57,bus_tapin_clusters,360.0,300.0
line,66路(城南嘉园北--前门),13,300.0,50,bus_tapin_clusters,375.0,300.0
line,66路(城南嘉园北--前门),14,300.0,59,bus_tapin_clusters,360.0,300.0
line,66路(城南嘉园北--前门),15,257.14285714285717,60,bus_tapin_clusters,300.0,257.14285714285717
line,66路(城南嘉园北--前门),16,300.0,50,bus_tapin_clusters,300.0,327.27272727272725
line,66路(城南嘉园北--前门),17,327.27272727272725,53,bus_tapin_clusters,390.0,327.27272727272725
line,66路(城南嘉园北--前门),18,400.0,42,bus_tapin_clusters,480.0,400.0
line,66路(城南嘉园北--前门),19,480.0,29,bus_tapin_clusters,480.0,600.0
line,66路(城南嘉园北--前门),20,300.0,43,bus_tapin_clusters,420.0,300.0
line,66路(城南嘉园北--前门),21,660.0,12,bus_tapin_clusters,660.0,900.0
line,360路(西直门公交场站--香泉环岛),6,900.0,11,bus_tapin_clusters,1080.0,900.0
line,360路(西直门公交场站--香泉环岛),7,400.0,25,bus_tapin_clusters,780.0,400.0
line,360路(西直门公交场站--香泉环岛),8,450.0,31,bus_tapin_clusters,540.0,450.0
line,360路(西直门公交场站--香泉环岛),9,514.2857142857143,33,bus_tapin_clusters,540.0,514.2857142857143
line,360路(西直门公交场站--香泉环岛),10,400.0,34,bus_tapin_clusters,510.0,400.0
line,360路(西直门公交场站--香泉环岛),11,514.2857142857143,35,bus_tapin_clusters,660.0,514.2857142857143
line,360路(西直门公交场站--香泉环岛),12,600.0,22,bus_tapin_clusters,1020.0,600.0
line,360路(西直门公交场站--香泉环岛),13,900.0,19,bus_tapin_clusters,1110.0,900.0
line,360路(西直门公交场站--香泉环岛),14,720.0,22,bus_tapin_clusters,840.0,720.0
line,360路(西直门公交场站--香泉环岛),15,400.0,38,bus_tapin_clusters,450.0,400.0
line,360路(西直门公交场站--香泉环岛),16,514.2857142857143,35,bus_tapin_clusters,600.0,514.2857142857143
line,360路(西直门公交场站--香泉环岛),17,360.0,37,bus_tapin_clusters,600.0,360.0
line,360路(西直门公交场站--香泉环岛),18,360.0,41,bus_tapin_clusters,540.0,360.0
line,360路(西直门公交场站--香泉环岛),19,600.0,30,bus_tapin_clusters,645.0,600.0
line,360路(西直门公交场站--香泉环岛),20,600.0,24,bus_tapin_clusters,690.0,600.0
line,360路(西直门公交场站--香泉环岛),5,600.0,3,bus_tapin_clusters,600.0,1800.0
line,360路(西直门公交场站--香泉环岛),21,720.0,14,bus_tapin_clusters,840.0,720.0
line,547路(地铁善各庄站--和平西桥),6,900.0,4,bus_tapin_clusters,990.0,900.0
line,547路(地铁善各庄站--和平西桥),7,240.0,7,bus_tapin_clusters,240.0,514.2857142857143
line,547路(地铁善各庄站--和平西桥),8,480.0,7,bus_tapin_clusters,480.0,514.2857142857143
line,547路(地铁善各庄站--和平西桥),9,855.0,4,bus_tapin_clusters,855.0,900.0
line,547路(地铁善各庄站--和平西桥),10,1800.0,2,bus_tapin_clusters,2100.0,1800.0
line,547路(地铁善各庄站--和平西桥),11,1170.0,2,bus_tapin_clusters,1170.0,1800.0
line,547路(地铁善各庄站--和平西桥),12,1140.0,3,bus_tapin_clusters,1140.0,1200.0
line,547路(地铁善各庄站--和平西桥),14,1800.0,2,bus_tapin_clusters,2130.0,1800.0
line,547路(地铁善各庄站--和平西桥),16,1800.0,2,bus_tapin_clusters,2130.0,1800.0
line,547路(地铁善各庄站--和平西桥),17,1410.0,2,bus_tapin_clusters,1410.0,1800.0
line,547路(地铁善各庄站--和平西桥),18,660.0,5,bus_tapin_clusters,660.0,720.0
line,547路(地铁善各庄站--和平西桥),19,1800.0,2,bus_tapin_clusters,1890.0,1800.0
line,专10路(弘燕公交场站--大北窑南),5,1440.0,2,bus_tapin_clusters,1440.0,1800.0
line,专10路(弘燕公交场站--大北窑南),6,514.2857142857143,20,bus_tapin_clusters,720.0,514.2857142857143
line,专10路(弘燕公交场站--大北窑南),7,450.0,22,bus_tapin_clusters,540.0,450.0
line,专10路(弘燕公交场站--大北窑南),8,450.0,30,bus_tapin_clusters,450.0,450.0
line,专10路(弘燕公交场站--大北窑南),9,360.0,31,bus_tapin_clusters,360.0,400.0
line,专10路(弘燕公交场站--大北窑南),10,514.2857142857143,22,bus_tapin_clusters,1080.0,514.2857142857143
line,专10路(弘燕公交场站--大北窑南),11,900.0,16,bus_tapin_clusters,1290.0,900.0
line,专10路(弘燕公交场站--大北窑南),14,1170.0,14,bus_tapin_clusters,1170.0,1200.0
line,专10路(弘燕公交场站--大北窑南),15,450.0,31,bus_tapin_clusters,540.0,450.0
line,专10路(弘燕公交场站--大北窑南),16,400.0,35,bus_tapin_clusters,660.0,400.0
line,专10路(弘燕公交场站--大北窑南),17,450.0,25,bus_tapin_clusters,720.0,450.0
line,专10路(弘燕公交场站--大北窑南),18,720.0,18,bus_tapin_clusters,720.0,720.0
line,专10路(弘燕公交场站--大北窑南),19,600.0,18,bus_tapin_clusters,1020.0,600.0
line,专10路(弘燕公交场站--大北窑南),20,510.0,14,bus_tapin_clusters,510.0,514.2857142857143
line,专10路(弘燕公交场站--大北窑南),21,960.0,5,bus_tapin_clusters,960.0,1200.0
line,专10路(弘燕公交场站--大北窑南),12,1800.0,5,bus_tapin_clusters,1920.0,1800.0
line,348路(大鲁店南口--大北窑南),5,720.0,9,bus_tapin_clusters,1200.0,720.0
line,348路(大鲁店南口--大北窑南),7,360.0,22,bus_tapin_clusters,540.0,360.0
line,348路(大鲁店南口--大北窑南),8,600.0,17,bus_tapin_clusters,990.0,600.0
line,348路(大鲁店南口--大北窑南),9,360.0,20,bus_tapin_clusters,450.0,360.0
line,348路(大鲁店南口--大北窑南),10,400.0,21,bus_tapin_clusters,660.0,400.0
line,348路(大鲁店南口--大北窑南),11,1200.0,10,bus_tapin_clusters,1380.0,1200.0
line,348路(大鲁店南口--大北窑南),12,514.2857142857143,15,bus_tapin_clusters,660.0,514.2857142857143
line,348路(大鲁店南口--大北窑南),13,514.2857142857143,16,bus_tapin_clusters,540.0,514.2857142857143
line,348路(大鲁店南口--大北窑南),14,480.0,17,bus_tapin_clusters,480.0,600.0
line,348路(大鲁店南口--大北窑南),15,780.0,11,bus_tapin_clusters,780.0,900.0
line,348路(大鲁店南口--大北窑南),16,327.27272727272725,23,bus_tapin_clusters,540.0,327.27272727272725
line,348路(大鲁店南口--大北窑南),17,450.0,27,bus_tapin_clusters,660.0,450.0
line,348路(大鲁店南口--大北窑南),18,450.0,23,bus_tapin_clusters,660.0,450.0
line,348路(大鲁店南口--大北窑南),19,450.0,17,bus_tapin_clusters,540.0,450.0
line,348路(大鲁店南口--大北窑南),20,1200.0,5,bus_tapin_clusters,1440.0,1200.0
line,348路(大鲁店南口--大北窑南),21,570.0,2,bus_tapin_clusters,570.0,1200.0
line,348路(大鲁店南口--大北窑南),6,480.0,7,bus_tapin_clusters,480.0,720.0
line,534路(中央党校北门--西直门公交场站),5,780.0,7,bus_tapin_clusters,780.0,1200.0
line,534路(中央党校北门--西直门公交场站),6,720.0,21,bus_tapin_clusters,840.0,720.0
line,534路(中央党校北门--西直门公交场站),7,514.2857142857143,33,bus_tapin_clusters,540.0,514.2857142857143
line,534路(中央党校北门--西直门公交场站),8,720.0,25,bus_tapin_clusters,900.0,720.0
line,534路(中央党校北门--西直门公交场站),9,600.0,28,bus_tapin_clusters,690.0,600.0
line,534路(中央党校北门--西直门公交场站),10,900.0,19,bus_tapin_clusters,1140.0,900.0
line,534路(中央党校北门--西直门公交场站),11,900.0,20,bus_tapin_clusters,990.0,900.0
line,534路(中央党校北门--西直门公交场站),12,900.0,17,bus_tapin_clusters,900.0,1200.0
line,534路(中央党校北门--西直门公交场站),13,600.0,27,bus_tapin_clusters,840.0,600.0
line,534路(中央党校北门--西直门公交场站),14,600.0,24,bus_tapin_clusters,840.0,600.0
line,534路(中央党校北门--西直门公交场站),15,720.0,23,bus_tapin_clusters,840.0,720.0
line,534路(中央党校北门--西直门公交场站),16,600.0,29,bus_tapin_clusters,780.0,600.0
line,534路(中央党校北门--西直门公交场站),17,514.2857142857143,33,bus_tapin_clusters,660.0,514.2857142857143
line,534路(中央党校北门--西直门公交场站),18,514.2857142857143,22,bus_tapin_clusters,780.0,514.2857142857143
line,534路(中央党校北门--西直门公交场站),19,600.0,24,bus_tapin_clusters,855.0,600.0
line,534路(中央党校北门--西直门公交场站),20,900.0,10,bus_tapin_clusters,1020.0,900.0
line,534路(中央党校北门--西直门公交场站),21,900.0,3,bus_tapin_clusters,1080.0,900.0
line,425路(南坞--小营公交场站),6,300.0,50,bus_tapin_clusters,300.0,300.0
line,425路(南坞--小营公交场站),7,257.14285714285717,56,bus_tapin_clusters,300.0,257.14285714285717
line,425路(南坞--小营公交场站),8,327.27272727272725,50,bus_tapin_clusters,405.0,327.27272727272725
line,425路(南坞--小营公交场站),9,327.27272727272725,41,bus_tapin_clusters,360.0,327.27272727272725
line,425路(南坞--小营公交场站),10,360.0,44,bus_tapin_clusters,420.0,360.0
line,425路(南坞--小营公交场站),11,400.0,39,bus_tapin_clusters,480.0,400.0
line,425路(南坞--小营公交场站),12,360.0,36,bus_tapin_clusters,360.0,400.0
line,425路(南坞--小营公交场站),13,400.0,44,bus_tapin_clusters,420.0,400.0
line,425路(南坞--小营公交场站),14,420.0,44,bus_tapin_clusters,420.0,450.0
line,425路(南坞--小营公交场站),15,327.27272727272725,49,bus_tapin_clusters,360.0,327.27272727272725
line,425路(南坞--小营公交场站),16,300.0,56,bus_tapin_clusters,300.0,300.0
line,425路(南坞--小营公交场站),17,300.0,61,bus_tapin_clusters,300.0,300.0
line,425路(南坞--小营公交场站),18,240.0,52,bus_tapin_clusters,240.0,327.27272727272725
line,425路(南坞--小营公交场站),19,390.0,47,bus_tapin_clusters,390.0,400.0
line,425路(南坞--小营公交场站),20,360.0,40,bus_tapin_clusters,420.0,360.0
line,425路(南坞--小营公交场站),21,514.2857142857143,31,bus_tapin_clusters,660.0,514.2857142857143
line,425路(南坞--小营公交场站),5,450.0,12,bus_tapin_clusters,450.0,900.0
line,425路(南坞--小营公交场站),22,600.0,14,bus_tapin_clusters,600.0,720.0
line,132路(东直门枢纽站--东湖),6,720.0,4,bus_tapin_clusters,720.0,1800.0
line,132路(东直门枢纽站--东湖),7,900.0,10,bus_tapin_clusters,1140.0,900.0
line,132路(东直门枢纽站--东湖),8,900.0,15,bus_tapin_clusters,1320.0,900.0
line,132路(东直门枢纽站--东湖),10,720.0,12,bus_tapin_clusters,1230.0,720.0
line,132路(东直门枢纽站--东湖),11,900.0,9,bus_tapin_clusters,1140.0,900.0
line,132路(东直门枢纽站--东湖),14,600.0,20,bus_tapin_clusters,810.0,600.0
line,132路(东直门枢纽站--东湖),15,870.0,10,bus_tapin_clusters,870.0,900.0
line,132路(东直门枢纽站--东湖),16,720.0,18,bus_tapin_clusters,990.0,720.0
line,132路(东直门枢纽站--东湖),17,900.0,10,bus_tapin_clusters,1260.0,900.0
line,132路(东直门枢纽站--东湖),18,1200.0,9,bus_tapin_clusters,1680.0,1200.0
line,132路(东直门枢纽站--东湖),19,1200.0,8,bus_tapin_clusters,2160.0,1200.0
line,132路(东直门枢纽站--东湖),9,900.0,7,bus_tapin_clusters,1200.0,900.0
line,132路(东直门枢纽站--东湖),12,1050.0,6,bus_tapin_clusters,1050.0,1200.0
line,132路(东直门枢纽站--东湖),13,1080.0,2,bus_tapin_clusters,1080.0,1800.0
line,132路(东直门枢纽站--东湖),21,900.0,6,bus_tapin_clusters,1530.0,900.0
line,132路(东直门枢纽站--东湖),20,420.0,3,bus_tapin_clusters,420.0,1200.0
line,982路(土井村西口--北京西站南广场),6,510.0,5,bus_tapin_clusters,510.0,720.0
line,982路(土井村西口--北京西站南广场),7,1200.0,3,bus_tapin_clusters,1380.0,1200.0
line,982路(土井村西口--北京西站南广场),8,720.0,4,bus_tapin_clusters,720.0,900.0
line,982路(土井村西口--北京西站南广场),9,240.0,5,bus_tapin_clusters,240.0,720.0
line,982路(土井村西口--北京西站南广场),11,1620.0,2,bus_tapin_clusters,1620.0,1800.0
line,982路(土井村西口--北京西站南广场),12,1200.0,3,bus_tapin_clusters,1260.0,1200.0
line,982路(土井村西口--北京西站南广场),13,540.0,4,bus_tapin_clusters,540.0,900.0
line,982路(土井村西口--北京西站南广场),14,900.0,4,bus_tapin_clusters,930.0,900.0
line,982路(土井村西口--北京西站南广场),15,510.0,6,bus_tapin_clusters,510.0,600.0
line,982路(土井村西口--北京西站南广场),16,900.0,4,bus_tapin_clusters,930.0,900.0
line,982路(土井村西口--北京西站南广场),17,900.0,4,bus_tapin_clusters,1185.0,900.0
line,982路(土井村西口--北京西站南广场),18,1425.0,2,bus_tapin_clusters,1425.0,1800.0
line,982路(土井村西口--北京西站南广场),19,720.0,5,bus_tapin_clusters,780.0,720.0
line,386路(巴沟村--七星路南口),6,900.0,18,bus_tapin_clusters,1020.0,900.0
line,386路(巴沟村--七星路南口),7,600.0,24,bus_tapin_clusters,720.0,600.0
line,386路(巴沟村--七星路南口),8,720.0,22,bus_tapin_clusters,1080.0,720.0
line,386路(巴沟村--七星路南口),9,495.0,38,bus_tapin_clusters,495.0,514.2857142857143
line,386路(巴沟村--七星路南口),10,690.0,22,bus_tapin_clusters,690.0,720.0
line,386路(巴沟村--七星路南口),11,720.0,22,bus_tapin_clusters,720.0,900.0
line,386路(巴沟村--七星路南口),12,900.0,20,bus_tapin_clusters,1065.0,900.0
line,386路(巴沟村--七星路南口),13,900.0,19,bus_tapin_clusters,1020.0,900.0
line,386路(巴沟村--七星路南口),14,540.0,29,bus_tapin_clusters,540.0,600.0
line,386路(巴沟村--七星路南口),15,720.0,22,bus_tapin_clusters,1020.0,720.0
line,386路(巴沟村--七星路南口),16,660.0,24,bus_tapin_clusters,660.0,720.0
line,386路(巴沟村--七星路南口),17,450.0,36,bus_tapin_clusters,480.0,450.0
line,386路(巴沟村--七星路南口),18,1200.0,15,bus_tapin_clusters,1320.0,1200.0
line,386路(巴沟村--七星路南口),19,720.0,20,bus_tapin_clusters,1035.0,720.0
line,386路(巴沟村--七星路南口),20,514.2857142857143,24,bus_tapin_clusters,705.0,514.2857142857143
line,386路(巴沟村--七星路南口),21,720.0,15,bus_tapin_clusters,780.0,720.0
line,618路(月坛体育场--龙锦苑东五区南门),6,720.0,19,bus_tapin_clusters,900.0,720.0
line,618路(月坛体育场--龙锦苑东五区南门),7,900.0,19,bus_tapin_clusters,900.0,900.0
line,618路(月坛体育场--龙锦苑东五区南门),8,600.0,29,bus_tapin_clusters,660.0,600.0
line,618路(月坛体育场--龙锦苑东五区南门),9,360.0,46,bus_tapin_clusters,420.0,360.0
line,618路(月坛体育场--龙锦苑东五区南门),10,690.0,25,bus_tapin_clusters,690.0,720.0
line,618路(月坛体育场--龙锦苑东五区南门),11,720.0,27,bus_tapin_clusters,900.0,720.0
line,618路(月坛体育场--龙锦苑东五区南门),12,885.0,22,bus_tapin_clusters,885.0,900.0
line,618路(月坛体育场--龙锦苑东五区南门),13,720.0,22,bus_tapin_clusters,1020.0,720.0
line,618路(月坛体育场--龙锦苑东五区南门),14,720.0,23,bus_tapin_clusters,720.0,720.0
line,618路(月坛体育场--龙锦苑东五区南门),15,600.0,30,bus_tapin_clusters,615.0,600.0
line,618路(月坛体育场--龙锦苑东五区南门),16,400.0,36,bus_tapin_clusters,480.0,400.0
line,618路(月坛体育场--龙锦苑东五区南门),17,400.0,42,bus_tapin_clusters,540.0,400.0
line,618路(月坛体育场--龙锦苑东五区南门),18,514.2857142857143,32,bus_tapin_clusters,570.0,514.2857142857143
line,618路(月坛体育场--龙锦苑东五区南门),19,600.0,28,bus_tapin_clusters,750.0,600.0
line,618路(月坛体育场--龙锦苑东五区南门),20,720.0,19,bus_tapin_clusters,1200.0,720.0
line,618路(月坛体育场--龙锦苑东五区南门),21,720.0,16,bus_tapin_clusters,945.0,720.0
line,618路(月坛体育场--龙锦苑东五区南门),5,855.0,4,bus_tapin_clusters,855.0,1800.0
line,55路(祁家豁子--西安门),5,1320.0,2,bus_tapin_clusters,1320.0,1800.0
line,55路(祁家豁子--西安门),6,270.0,30,bus_tapin_clusters,270.0,327.27272727272725
line,55路(祁家豁子--西安门),7,225.0,52,bus_tapin_clusters,240.0,225.0
line,55路(祁家豁子--西安门),8,360.0,36,bus_tapin_clusters,390.0,360.0
line,55路(祁家豁子--西安门),9,327.27272727272725,45,bus_tapin_clusters,420.0,327.27272727272725
line,55路(祁家豁子--西安门),10,514.2857142857143,24,bus_tapin_clusters,795.0,514.2857142857143
line,55路(祁家豁子--西安门),11,720.0,25,bus_tapin_clusters,840.0,720.0
line,55路(祁家豁子--西安门),12,315.0,22,bus_tapin_clusters,315.0,720.0
line,55路(祁家豁子--西安门),13,600.0,16,bus_tapin_clusters,1455.0,600.0
line,55路(祁家豁子--西安门),14,600.0,22,bus_tapin_clusters,1020.0,600.0
line,55路(祁家豁子--西安门),15,400.0,21,bus_tapin_clusters,510.0,400.0
line,55路(祁家豁子--西安门),16,600.0,23,bus_tapin_clusters,1500.0,600.0
line,55路(祁家豁子--西安门),18,400.0,26,bus_tapin_clusters,600.0,400.0
line,55路(祁家豁子--西安门),19,720.0,9,bus_tapin_clusters,720.0,1200.0
line,55路(祁家豁子--西安门),20,240.0,6,bus_tapin_clusters,240.0,600.0
line,51路(双龙小区--嘉园三里),6,660.0,22,bus_tapin_clusters,660.0,720.0
line,51路(双龙小区--嘉园三里),7,514.2857142857143,27,bus_tapin_clusters,720.0,514.2857142857143
line,51路(双龙小区--嘉园三里),8,400.0,38,bus_tapin_clusters,420.0,400.0
line,51路(双龙小区--嘉园三里),9,450.0,35,bus_tapin_clusters,480.0,450.0
line,51路(双龙小区--嘉园三里),10,514.2857142857143,34,bus_tapin_clusters,630.0,514.2857142857143
line,51路(双龙小区--嘉园三里),11,514.2857142857143,23,bus_tapin_clusters,840.0,514.2857142857143
line,51路(双龙小区--嘉园三里),12,720.0,21,bus_tapin_clusters,960.0,720.0
line,51路(双龙小区--嘉园三里),13,720.0,17,bus_tapin_clusters,1020.0,720.0
line,51路(双龙小区--嘉园三里),14,900.0,19,bus_tapin_clusters,900.0,900.0
line,51路(双龙小区--嘉园三里),15,600.0,21,bus_tapin_clusters,900.0,600.0
line,51路(双龙小区--嘉园三里),16,600.0,25,bus_tapin_clusters,660.0,600.0
line,51路(双龙小区--嘉园三里),17,400.0,37,bus_tapin_clusters,480.0,400.0
line,51路(双龙小区--嘉园三里),18,600.0,30,bus_tapin_clusters,690.0,600.0
line,51路(双龙小区--嘉园三里),19,900.0,18,bus_tapin_clusters,1050.0,900.0
line,51路(双龙小区--嘉园三里),20,720.0,22,bus_tapin_clusters,900.0,720.0
line,51路(双龙小区--嘉园三里),21,900.0,11,bus_tapin_clusters,900.0,900.0
line,51路(双龙小区--嘉园三里),22,840.0,5,bus_tapin_clusters,840.0,1200.0
line,51路(双龙小区--嘉园三里),5,1020.0,2,bus_tapin_clusters,1020.0,1800.0
line,94路(公主坟东--塔院小区南门),6,514.2857142857143,33,bus_tapin_clusters,600.0,514.2857142857143
line,94路(公主坟东--塔院小区南门),7,450.0,40,bus_tapin_clusters,480.0,450.0
line,94路(公主坟东--塔院小区南门),8,360.0,37,bus_tapin_clusters,600.0,360.0
line,94路(公主坟东--塔院小区南门),9,514.2857142857143,31,bus_tapin_clusters,600.0,514.2857142857143
line,94路(公主坟东--塔院小区南门),10,514.2857142857143,33,bus_tapin_clusters,600.0,514.2857142857143
line,94路(公主坟东--塔院小区南门),11,600.0,23,bus_tapin_clusters,720.0,600.0
line,94路(公主坟东--塔院小区南门),12,600.0,31,bus_tapin_clusters,600.0,600.0
line,94路(公主坟东--塔院小区南门),13,600.0,28,bus_tapin_clusters,660.0,600.0
line,94路(公主坟东--塔院小区南门),14,450.0,32,bus_tapin_clusters,600.0,450.0
line,94路(公主坟东--塔院小区南门),15,600.0,24,bus_tapin_clusters,660.0,600.0
line,94路(公主坟东--塔院小区南门),16,360.0,44,bus_tapin_clusters,390.0,360.0
line,94路(公主坟东--塔院小区南门),17,450.0,41,bus_tapin_clusters,540.0,450.0
line,94路(公主坟东--塔院小区南门),18,225.0,46,bus_tapin_clusters,450.0,225.0
line,94路(公主坟东--塔院小区南门),19,660.0,23,bus_tapin_clusters,660.0,720.0
line,94路(公主坟东--塔院小区南门),20,300.0,34,bus_tapin_clusters,570.0,300.0
line,94路(公主坟东--塔院小区南门),21,870.0,14,bus_tapin_clusters,870.0,900.0
line,61路(阜成门内--西山国家森林公园),5,690.0,10,bus_tapin_clusters,690.0,1200.0
line,61路(阜成门内--西山国家森林公园),6,420.0,33,bus_tapin_clusters,420.0,450.0
line,61路(阜成门内--西山国家森林公园),7,400.0,38,bus_tapin_clusters,480.0,400.0
line,61路(阜成门内--西山国家森林公园),8,400.0,34,bus_tapin_clusters,480.0,400.0
line,61路(阜成门内--西山国家森林公园),9,600.0,27,bus_tapin_clusters,840.0,600.0
line,61路(阜成门内--西山国家森林公园),10,480.0,29,bus_tapin_clusters,480.0,600.0
line,61路(阜成门内--西山国家森林公园),12,514.2857142857143,26,bus_tapin_clusters,750.0,514.2857142857143
line,61路(阜成门内--西山国家森林公园),13,900.0,19,bus_tapin_clusters,1080.0,900.0
line,61路(阜成门内--西山国家森林公园),14,480.0,37,bus_tapin_clusters,480.0,514.2857142857143
line,61路(阜成门内--西山国家森林公园),15,450.0,30,bus_tapin_clusters,480.0,450.0
line,61路(阜成门内--西山国家森林公园),16,360.0,38,bus_tapin_clusters,360.0,450.0
line,61路(阜成门内--西山国家森林公园),17,327.27272727272725,35,bus_tapin_clusters,360.0,327.27272727272725
line,61路(阜成门内--西山国家森林公园),18,420.0,33,bus_tapin_clusters,420.0,450.0
line,61路(阜成门内--西山国家森林公园),19,630.0,18,bus_tapin_clusters,630.0,720.0
line,61路(阜成门内--西山国家森林公园),20,360.0,19,bus_tapin_clusters,360.0,600.0
line,61路(阜成门内--西山国家森林公园),22,570.0,3,bus_tapin_clusters,570.0,1200.0
line,61路(阜成门内--西山国家森林公园),11,720.0,9,bus_tapin_clusters,900.0,720.0
line,61路(阜成门内--西山国家森林公园),21,600.0,2,bus_tapin_clusters,600.0,1200.0
line,614路(万柳中路北口--单村),7,600.0,24,bus_tapin_clusters,960.0,600.0
line,614路(万柳中路北口--单村),8,450.0,32,bus_tapin_clusters,540.0,450.0
line,614路(万柳中路北口--单村),9,257.14285714285717,41,bus_tapin_clusters,540.0,257.14285714285717
line,614路(万柳中路北口--单村),10,450.0,33,bus_tapin_clusters,600.0,450.0
line,614路(万柳中路北口--单村),11,400.0,30,bus_tapin_clusters,720.0,400.0
line,614路(万柳中路北口--单村),12,720.0,17,bus_tapin_clusters,900.0,720.0
line,614路(万柳中路北口--单村),13,360.0,27,bus_tapin_clusters,780.0,360.0
line,614路(万柳中路北口--单村),14,257.14285714285717,35,bus_tapin_clusters,630.0,257.14285714285717
line,614路(万柳中路北口--单村),15,450.0,22,bus_tapin_clusters,690.0,450.0
line,614路(万柳中路北口--单村),16,450.0,25,bus_tapin_clusters,660.0,450.0
line,614路(万柳中路北口--单村),17,450.0,31,bus_tapin_clusters,600.0,450.0
line,614路(万柳中路北口--单村),18,514.2857142857143,27,bus_tapin_clusters,780.0,514.2857142857143
line,614路(万柳中路北口--单村),19,360.0,19,bus_tapin_clusters,660.0,360.0
line,614路(万柳中路北口--单村),20,720.0,11,bus_tapin_clusters,960.0,720.0
line,614路(万柳中路北口--单村),21,900.0,6,bus_tapin_clusters,1065.0,900.0
line,614路(万柳中路北口--单村),22,540.0,5,bus_tapin_clusters,540.0,600.0
line,614路(万柳中路北口--单村),6,900.0,11,bus_tapin_clusters,960.0,900.0
line,439路(十里河桥东--百子湾),5,840.0,5,bus_tapin_clusters,840.0,1200.0
line,439路(十里河桥东--百子湾),6,660.0,8,bus_tapin_clusters,660.0,900.0
line,439路(十里河桥东--百子湾),7,600.0,14,bus_tapin_clusters,840.0,600.0
line,439路(十里河桥东--百子湾),8,720.0,16,bus_tapin_clusters,960.0,720.0
line,439路(十里河桥东--百子湾),9,900.0,16,bus_tapin_clusters,1020.0,900.0
line,439路(十里河桥东--百子湾),10,720.0,18,bus_tapin_clusters,840.0,720.0
line,439路(十里河桥东--百子湾),11,840.0,14,bus_tapin_clusters,840.0,900.0
line,439路(十里河桥东--百子湾),12,1800.0,5,bus_tapin_clusters,2160.0,1800.0
line,439路(十里河桥东--百子湾),14,1200.0,13,bus_tapin_clusters,1320.0,1200.0
line,439路(十里河桥东--百子湾),15,720.0,15,bus_tapin_clusters,960.0,720.0
line,439路(十里河桥东--百子湾),16,900.0,8,bus_tapin_clusters,1590.0,900.0
line,439路(十里河桥东--百子湾),17,855.0,14,bus_tapin_clusters,855.0,900.0
line,439路(十里河桥东--百子湾),18,720.0,20,bus_tapin_clusters,840.0,720.0
line,439路(十里河桥东--百子湾),19,720.0,13,bus_tapin_clusters,1020.0,720.0
line,439路(十里河桥东--百子湾),20,900.0,8,bus_tapin_clusters,1500.0,900.0
line,439路(十里河桥东--百子湾),13,900.0,7,bus_tapin_clusters,900.0,900.0
line,439路(十里河桥东--百子湾),21,630.0,2,bus_tapin_clusters,630.0,1200.0
line,50路(左安门外--北京西站),5,420.0,21,bus_tapin_clusters,420.0,900.0
line,50路(左安门外--北京西站),6,300.0,57,bus_tapin_clusters,360.0,300.0
line,50路(左安门外--北京西站),7,300.0,60,bus_tapin_clusters,360.0,300.0
line,50路(左安门外--北京西站),8,327.27272727272725,47,bus_tapin_clusters,420.0,327.27272727272725
line,50路(左安门外--北京西站),9,514.2857142857143,32,bus_tapin_clusters,705.0,514.2857142857143
line,50路(左安门外--北京西站),10,450.0,41,bus_tapin_clusters,480.0,450.0
line,50路(左安门外--北京西站),11,360.0,54,bus_tapin_clusters,360.0,360.0
line,50路(左安门外--北京西站),12,514.2857142857143,38,bus_tapin_clusters,525.0,514.2857142857143
line,50路(左安门外--北京西站),13,420.0,46,bus_tapin_clusters,420.0,450.0
line,50路(左安门外--北京西站),14,360.0,52,bus_tapin_clusters,360.0,360.0
line,50路(左安门外--北京西站),15,360.0,54,bus_tapin_clusters,360.0,360.0
line,50路(左安门外--北京西站),16,327.27272727272725,56,bus_tapin_clusters,360.0,327.27272727272725
line,50路(左安门外--北京西站),17,327.27272727272725,50,bus_tapin_clusters,375.0,327.27272727272725
line,50路(左安门外--北京西站),18,390.0,48,bus_tapin_clusters,390.0,400.0
line,50路(左安门外--北京西站),19,327.27272727272725,51,bus_tapin_clusters,360.0,327.27272727272725
line,50路(左安门外--北京西站),20,450.0,34,bus_tapin_clusters,570.0,450.0
line,50路(左安门外--北京西站),21,600.0,28,bus_tapin_clusters,780.0,600.0
line,395路(富丰桥西--复兴门南),7,720.0,15,bus_tapin_clusters,1320.0,720.0
line,395路(富丰桥西--复兴门南),8,900.0,21,bus_tapin_clusters,1020.0,900.0
line,395路(富丰桥西--复兴门南),9,1200.0,14,bus_tapin_clusters,1470.0,1200.0
line,395路(富丰桥西--复兴门南),11,1710.0,4,bus_tapin_clusters,1710.0,1800.0
line,395路(富丰桥西--复兴门南),13,1200.0,14,bus_tapin_clusters,1710.0,1200.0
line,395路(富丰桥西--复兴门南),14,900.0,18,bus_tapin_clusters,1260.0,900.0
line,395路(富丰桥西--复兴门南),15,720.0,22,bus_tapin_clusters,870.0,720.0
line,395路(富丰桥西--复兴门南),16,900.0,19,bus_tapin_clusters,900.0,900.0
line,395路(富丰桥西--复兴门南),17,900.0,21,bus_tapin_clusters,900.0,900.0
line,395路(富丰桥西--复兴门南),18,900.0,19,bus_tapin_clusters,1380.0,900.0
line,395路(富丰桥西--复兴门南),19,600.0,19,bus_tapin_clusters,660.0,600.0
line,395路(富丰桥西--复兴门南),20,900.0,8,bus_tapin_clusters,960.0,900.0
line,395路(富丰桥西--复兴门南),6,720.0,15,bus_tapin_clusters,1050.0,720.0
line,395路(富丰桥西--复兴门南),10,1800.0,3,bus_tapin_clusters,1830.0,1800.0
line,395路(富丰桥西--复兴门南),12,1200.0,5,bus_tapin_clusters,1380.0,1200.0
line,395路(富丰桥西--复兴门南),5,945.0,4,bus_tapin_clusters,945.0,1800.0
line,375路(北京北站--东北旺中路),6,480.0,16,bus_tapin_clusters,480.0,514.2857142857143
line,375路(北京北站--东北旺中路),7,300.0,33,bus_tapin_clusters,300.0,327.27272727272725
line,375路(北京北站--东北旺中路),8,327.27272727272725,23,bus_tapin_clusters,360.0,327.27272727272725
line,375路(北京北站--东北旺中路),9,720.0,13,bus_tapin_clusters,840.0,720.0
line,375路(北京北站--东北旺中路),10,720.0,10,bus_tapin_clusters,780.0,720.0
line,375路(北京北站--东北旺中路),11,720.0,9,bus_tapin_clusters,960.0,720.0
line,375路(北京北站--东北旺中路),12,360.0,14,bus_tapin_clusters,510.0,360.0
line,375路(北京北站--东北旺中路),13,1200.0,5,bus_tapin_clusters,1260.0,1200.0
line,375路(北京北站--东北旺中路),14,660.0,9,bus_tapin_clusters,660.0,720.0
line,375路(北京北站--东北旺中路),15,720.0,11,bus_tapin_clusters,720.0,720.0
line,375路(北京北站--东北旺中路),16,720.0,14,bus_tapin_clusters,720.0,720.0
line,375路(北京北站--东北旺中路),17,514.2857142857143,19,bus_tapin_clusters,660.0,514.2857142857143
line,375路(北京北站--东北旺中路),18,720.0,15,bus_tapin_clusters,960.0,720.0
line,375路(北京北站--东北旺中路),19,540.0,13,bus_tapin_clusters,540.0,600.0
line,375路(北京北站--东北旺中路),21,480.0,4,bus_tapin_clusters,480.0,900.0
line,375路(北京北站--东北旺中路),20,840.0,4,bus_tapin_clusters,840.0,900.0
line,394路(北京西站--韩家川),5,660.0,7,bus_tapin_clusters,660.0,1200.0
line,394路(北京西站--韩家川),6,300.0,33,bus_tapin_clusters,300.0,327.27272727272725
line,394路(北京西站--韩家川),7,240.0,53,bus_tapin_clusters,240.0,240.0
line,394路(北京西站--韩家川),8,327.27272727272725,31,bus_tapin_clusters,360.0,327.27272727272725
line,394路(北京西站--韩家川),9,450.0,21,bus_tapin_clusters,480.0,450.0
line,394路(北京西站--韩家川),10,630.0,18,bus_tapin_clusters,630.0,720.0
line,394路(北京西站--韩家川),11,690.0,12,bus_tapin_clusters,690.0,720.0
line,394路(北京西站--韩家川),12,600.0,15,bus_tapin_clusters,840.0,600.0
line,394路(北京西站--韩家川),13,480.0,18,bus_tapin_clusters,480.0,514.2857142857143
line,394路(北京西站--韩家川),14,514.2857142857143,19,bus_tapin_clusters,660.0,514.2857142857143
line,394路(北京西站--韩家川),15,390.0,16,bus_tapin_clusters,390.0,514.2857142857143
line,394路(北京西站--韩家川),16,600.0,17,bus_tapin_clusters,840.0,600.0
line,394路(北京西站--韩家川),17,720.0,11,bus_tapin_clusters,780.0,720.0
line,394路(北京西站--韩家川),18,300.0,10,bus_tapin_clusters,300.0,720.0
line,394路(北京西站--韩家川),19,514.2857142857143,12,bus_tapin_clusters,780.0,514.2857142857143
line,394路(北京西站--韩家川),20,300.0,12,bus_tapin_clusters,300.0,327.27272727272725
line,48路(城南嘉园北--前门),5,600.0,14,bus_tapin_clusters,600.0,1200.0
line,48路(城南嘉园北--前门),6,390.0,42,bus_tapin_clusters,390.0,400.0
line,48路(城南嘉园北--前门),7,300.0,47,bus_tapin_clusters,360.0,300.0
line,48路(城南嘉园北--前门),8,400.0,43,bus_tapin_clusters,480.0,400.0
line,48路(城南嘉园北--前门),9,327.27272727272725,55,bus_tapin_clusters,360.0,327.27272727272725
line,48路(城南嘉园北--前门),10,420.0,44,bus_tapin_clusters,420.0,450.0
line,48路(城南嘉园北--前门),11,360.0,49,bus_tapin_clusters,390.0,360.0
line,48路(城南嘉园北--前门),12,360.0,38,bus_tapin_clusters,450.0,360.0
line,48路(城南嘉园北--前门),13,360.0,39,bus_tapin_clusters,420.0,360.0
line,48路(城南嘉园北--前门),14,360.0,48,bus_tapin_clusters,360.0,360.0
line,48路(城南嘉园北--前门),15,450.0,42,bus_tapin_clusters,480.0,450.0
line,48路(城南嘉园北--前门),16,300.0,64,bus_tapin_clusters,300.0,327.27272727272725
line,48路(城南嘉园北--前门),17,300.0,45,bus_tapin_clusters,300.0,327.27272727272725
line,48路(城南嘉园北--前门),18,400.0,45,bus_tapin_clusters,420.0,400.0
line,48路(城南嘉园北--前门),19,405.0,40,bus_tapin_clusters,405.0,450.0
line,48路(城南嘉园北--前门),20,450.0,31,bus_tapin_clusters,720.0,450.0
line,48路(城南嘉园北--前门),21,600.0,17,bus_tapin_clusters,1440.0,600.0
line,48路(城南嘉园北--前门),22,120.0,3,bus_tapin_clusters,120.0,900.0
line,126路(石各庄--北京站东),6,514.2857142857143,23,bus_tapin_clusters,660.0,514.2857142857143
line,126路(石各庄--北京站东),7,360.0,37,bus_tapin_clusters,480.0,360.0
line,126路(石各庄--北京站东),8,450.0,34,bus_tapin_clusters,525.0,450.0
line,126路(石各庄--北京站东),9,300.0,37,bus_tapin_clusters,480.0,300.0
line,126路(石各庄--北京站东),10,600.0,20,bus_tapin_clusters,870.0,600.0
line,126路(石各庄--北京站东),11,720.0,20,bus_tapin_clusters,990.0,720.0
line,126路(石各庄--北京站东),12,720.0,22,bus_tapin_clusters,780.0,720.0
line,126路(石各庄--北京站东),13,660.0,18,bus_tapin_clusters,660.0,720.0
line,126路(石各庄--北京站东),14,514.2857142857143,30,bus_tapin_clusters,630.0,514.2857142857143
line,126路(石各庄--北京站东),15,514.2857142857143,25,bus_tapin_clusters,600.0,514.2857142857143
line,126路(石各庄--北京站东),16,514.2857142857143,29,bus_tapin_clusters,660.0,514.2857142857143
line,126路(石各庄--北京站东),17,600.0,28,bus_tapin_clusters,720.0,600.0
line,126路(石各庄--北京站东),18,570.0,20,bus_tapin_clusters,570.0,600.0
line,126路(石各庄--北京站东),19,900.0,15,bus_tapin_clusters,1200.0,900.0
line,126路(石各庄--北京站东),20,1200.0,16,bus_tapin_clusters,1560.0,1200.0
line,126路(石各庄--北京站东),21,1080.0,5,bus_tapin_clusters,1080.0,1200.0
line,529路(北京南站南广场--翠海明苑),5,1230.0,4,bus_tapin_clusters,1230.0,1800.0
line,529路(北京南站南广场--翠海明苑),6,1200.0,11,bus_tapin_clusters,1260.0,1200.0
line,529路(北京南站南广场--翠海明苑),7,720.0,23,bus_tapin_clusters,1080.0,720.0
line,529路(北京南站南广场--翠海明苑),8,690.0,28,bus_tapin_clusters,690.0,720.0
line,529路(北京南站南广场--翠海明苑),9,600.0,27,bus_tapin_clusters,780.0,600.0
line,529路(北京南站南广场--翠海明苑),10,600.0,28,bus_tapin_clusters,720.0,600.0
line,529路(北京南站南广场--翠海明苑),11,840.0,17,bus_tapin_clusters,840.0,900.0
line,529路(北京南站南广场--翠海明苑),12,900.0,21,bus_tapin_clusters,1080.0,900.0
line,529路(北京南站南广场--翠海明苑),14,600.0,23,bus_tapin_clusters,780.0,600.0
line,529路(北京南站南广场--翠海明苑),15,514.2857142857143,25,bus_tapin_clusters,720.0,514.2857142857143
line,529路(北京南站南广场--翠海明苑),16,600.0,29,bus_tapin_clusters,720.0,600.0
line,529路(北京南站南广场--翠海明苑),17,514.2857142857143,29,bus_tapin_clusters,600.0,514.2857142857143
line,529路(北京南站南广场--翠海明苑),18,600.0,31,bus_tapin_clusters,720.0,600.0
line,529路(北京南站南广场--翠海明苑),19,720.0,24,bus_tapin_clusters,720.0,720.0
line,529路(北京南站南广场--翠海明苑),20,720.0,20,bus_tapin_clusters,780.0,720.0
line,529路(北京南站南广场--翠海明苑),21,900.0,11,bus_tapin_clusters,1020.0,900.0
line,529路(北京南站南广场--翠海明苑),13,1170.0,12,bus_tapin_clusters,1170.0,1200.0
line,529路(北京南站南广场--翠海明苑),22,1800.0,2,bus_tapin_clusters,1830.0,1800.0
line,86路(航天桥北--国家体育馆),6,420.0,23,bus_tapin_clusters,420.0,514.2857142857143
line,86路(航天桥北--国家体育馆),7,400.0,41,bus_tapin_clusters,540.0,400.0
line,86路(航天桥北--国家体育馆),8,540.0,30,bus_tapin_clusters,540.0,600.0
line,86路(航天桥北--国家体育馆),9,480.0,31,bus_tapin_clusters,480.0,514.2857142857143
line,86路(航天桥北--国家体育馆),10,400.0,33,bus_tapin_clusters,480.0,400.0
line,86路(航天桥北--国家体育馆),11,514.2857142857143,29,bus_tapin_clusters,660.0,514.2857142857143
line,86路(航天桥北--国家体育馆),12,514.2857142857143,30,bus_tapin_clusters,630.0,514.2857142857143
line,86路(航天桥北--国家体育馆),13,450.0,23,bus_tapin_clusters,720.0,450.0
line,86路(航天桥北--国家体育馆),14,870.0,6,bus_tapin_clusters,870.0,1800.0
line,86路(航天桥北--国家体育馆),15,690.0,20,bus_tapin_clusters,690.0,720.0
line,86路(航天桥北--国家体育馆),16,300.0,47,bus_tapin_clusters,390.0,300.0
line,86路(航天桥北--国家体育馆),17,390.0,25,bus_tapin_clusters,390.0,600.0
line,86路(航天桥北--国家体育馆),18,360.0,34,bus_tapin_clusters,390.0,360.0
line,86路(航天桥北--国家体育馆),19,540.0,24,bus_tapin_clusters,540.0,600.0
line,86路(航天桥北--国家体育馆),20,600.0,21,bus_tapin_clusters,900.0,600.0
line,86路(航天桥北--国家体育馆),21,400.0,21,bus_tapin_clusters,600.0,400.0
line,91路(方庄北口--八棵杨中街),6,514.2857142857143,21,bus_tapin_clusters,600.0,514.2857142857143
line,91路(方庄北口--八棵杨中街),7,514.2857142857143,21,bus_tapin_clusters,660.0,514.2857142857143
line,91路(方庄北口--八棵杨中街),8,600.0,19,bus_tapin_clusters,600.0,720.0
line,91路(方庄北口--八棵杨中街),9,450.0,32,bus_tapin_clusters,540.0,450.0
line,91路(方庄北口--八棵杨中街),10,450.0,25,bus_tapin_clusters,540.0,450.0
line,91路(方庄北口--八棵杨中街),11,600.0,27,bus_tapin_clusters,840.0,600.0
line,91路(方庄北口--八棵杨中街),12,600.0,25,bus_tapin_clusters,600.0,600.0
line,91路(方庄北口--八棵杨中街),13,450.0,23,bus_tapin_clusters,540.0,450.0
line,91路(方庄北口--八棵杨中街),14,450.0,33,bus_tapin_clusters,480.0,450.0
line,91路(方庄北口--八棵杨中街),15,514.2857142857143,29,bus_tapin_clusters,720.0,514.2857142857143
line,91路(方庄北口--八棵杨中街),16,514.2857142857143,28,bus_tapin_clusters,540.0,514.2857142857143
line,91路(方庄北口--八棵杨中街),17,480.0,23,bus_tapin_clusters,480.0,600.0
line,91路(方庄北口--八棵杨中街),18,600.0,19,bus_tapin_clusters,900.0,600.0
line,91路(方庄北口--八棵杨中街),19,600.0,15,bus_tapin_clusters,720.0,600.0
line,91路(方庄北口--八棵杨中街),20,720.0,15,bus_tapin_clusters,960.0,720.0
line,32路(公主坟西--月坛南街北站),6,720.0,12,bus_tapin_clusters,735.0,720.0
line,32路(公主坟西--月坛南街北站),7,450.0,29,bus_tapin_clusters,780.0,450.0
line,32路(公主坟西--月坛南街北站),8,514.2857142857143,30,bus_tapin_clusters,645.0,514.2857142857143
line,32路(公主坟西--月坛南街北站),9,900.0,22,bus_tapin_clusters,1200.0,900.0
line,32路(公主坟西--月坛南街北站),10,1200.0,13,bus_tapin_clusters,1620.0,1200.0
line,32路(公主坟西--月坛南街北站),11,1200.0,6,bus_tapin_clusters,1800.0,1200.0
line,32路(公主坟西--月坛南街北站),12,900.0,15,bus_tapin_clusters,1740.0,900.0
line,32路(公主坟西--月坛南街北站),16,840.0,14,bus_tapin_clusters,840.0,900.0
line,32路(公主坟西--月坛南街北站),17,840.0,14,bus_tapin_clusters,840.0,900.0
line,32路(公主坟西--月坛南街北站),15,1770.0,8,bus_tapin_clusters,1770.0,1800.0
line,32路(公主坟西--月坛南街北站),13,1620.0,5,bus_tapin_clusters,1620.0,1800.0
line,32路(公主坟西--月坛南街北站),18,1200.0,5,bus_tapin_clusters,2700.0,1200.0
line,32路(公主坟西--月坛南街北站),14,120.0,3,bus_tapin_clusters,120.0,1200.0
line,32路(公主坟西--月坛南街北站),20,240.0,3,bus_tapin_clusters,240.0,900.0
line,418路(东直门枢纽站--金盏),5,720.0,13,bus_tapin_clusters,720.0,1200.0
line,418路(东直门枢纽站--金盏),6,600.0,18,bus_tapin_clusters,915.0,600.0
line,418路(东直门枢纽站--金盏),7,360.0,45,bus_tapin_clusters,360.0,360.0
line,418路(东直门枢纽站--金盏),8,360.0,51,bus_tapin_clusters,480.0,360.0
line,418路(东直门枢纽站--金盏),9,360.0,50,bus_tapin_clusters,360.0,360.0
line,418路(东直门枢纽站--金盏),10,300.0,44,bus_tapin_clusters,300.0,450.0
line,418路(东直门枢纽站--金盏),11,300.0,34,bus_tapin_clusters,300.0,360.0
line,418路(东直门枢纽站--金盏),12,450.0,38,bus_tapin_clusters,480.0,450.0
line,418路(东直门枢纽站--金盏),13,360.0,39,bus_tapin_clusters,540.0,360.0
line,418路(东直门枢纽站--金盏),14,360.0,35,bus_tapin_clusters,360.0,450.0
line,418路(东直门枢纽站--金盏),15,514.2857142857143,31,bus_tapin_clusters,780.0,514.2857142857143
line,418路(东直门枢纽站--金盏),16,600.0,27,bus_tapin_clusters,600.0,720.0
line,418路(东直门枢纽站--金盏),17,315.0,50,bus_tapin_clusters,315.0,360.0
line,418路(东直门枢纽站--金盏),18,300.0,39,bus_tapin_clusters,300.0,400.0
line,418路(东直门枢纽站--金盏),19,300.0,43,bus_tapin_clusters,300.0,300.0
line,418路(东直门枢纽站--金盏),20,450.0,30,bus_tapin_clusters,570.0,450.0
line,418路(东直门枢纽站--金盏),21,720.0,19,bus_tapin_clusters,1140.0,720.0
line,418路(东直门枢纽站--金盏),22,450.0,24,bus_tapin_clusters,660.0,450.0
line,418路(东直门枢纽站--金盏),23,690.0,2,bus_tapin_clusters,690.0,1200.0
line,418路(金盏--东直门枢纽站),5,1110.0,2,bus_tapin_clusters,1110.0,1800.0
line,418路(金盏--东直门枢纽站),6,450.0,25,bus_tapin_clusters,600.0,450.0
line,418路(金盏--东直门枢纽站),7,400.0,41,bus_tapin_clusters,480.0,400.0
line,418路(金盏--东直门枢纽站),8,360.0,36,bus_tapin_clusters,510.0,360.0
line,418路(金盏--东直门枢纽站),9,420.0,38,bus_tapin_clusters,420.0,450.0
line,418路(金盏--东直门枢纽站),10,450.0,39,bus_tapin_clusters,450.0,450.0
line,418路(金盏--东直门枢纽站),11,514.2857142857143,28,bus_tapin_clusters,600.0,514.2857142857143
line,418路(金盏--东直门枢纽站),12,450.0,32,bus_tapin_clusters,660.0,450.0
line,418路(金盏--东直门枢纽站),13,600.0,24,bus_tapin_clusters,780.0,600.0
line,418路(金盏--东直门枢纽站),14,400.0,37,bus_tapin_clusters,420.0,400.0
line,418路(金盏--东直门枢纽站),15,514.2857142857143,24,bus_tapin_clusters,690.0,514.2857142857143
line,418路(金盏--东直门枢纽站),16,450.0,31,bus_tapin_clusters,480.0,450.0
line,418路(金盏--东直门枢纽站),17,450.0,35,bus_tapin_clusters,540.0,450.0
line,418路(金盏--东直门枢纽站),18,450.0,26,bus_tapin_clusters,480.0,450.0
line,418路(金盏--东直门枢纽站),19,480.0,30,bus_tapin_clusters,480.0,514.2857142857143
line,418路(金盏--东直门枢纽站),20,600.0,22,bus_tapin_clusters,840.0,600.0
line,418路(金盏--东直门枢纽站),21,900.0,14,bus_tapin_clusters,990.0,900.0
line,418路(金盏--东直门枢纽站),22,1200.0,4,bus_tapin_clusters,1200.0,1200.0
line,944路(奶子房公交场站--安贞桥西),5,900.0,2,bus_tapin_clusters,900.0,1800.0
line,944路(奶子房公交场站--安贞桥西),6,720.0,17,bus_tapin_clusters,1200.0,720.0
line,944路(奶子房公交场站--安贞桥西),7,600.0,19,bus_tapin_clusters,1320.0,600.0
line,944路(奶子房公交场站--安贞桥西),8,450.0,24,bus_tapin_clusters,540.0,450.0
line,944路(奶子房公交场站--安贞桥西),9,720.0,25,bus_tapin_clusters,780.0,720.0
line,944路(奶子房公交场站--安贞桥西),10,780.0,17,bus_tapin_clusters,780.0,900.0
line,944路(奶子房公交场站--安贞桥西),11,600.0,21,bus_tapin_clusters,660.0,600.0
line,944路(奶子房公交场站--安贞桥西),12,900.0,16,bus_tapin_clusters,1050.0,900.0
line,944路(奶子房公交场站--安贞桥西),13,1200.0,13,bus_tapin_clusters,1320.0,1200.0
line,944路(奶子房公交场站--安贞桥西),14,720.0,18,bus_tapin_clusters,1365.0,720.0
line,944路(奶子房公交场站--安贞桥西),15,1170.0,12,bus_tapin_clusters,1170.0,1200.0
line,944路(奶子房公交场站--安贞桥西),16,720.0,18,bus_tapin_clusters,1005.0,720.0
line,944路(奶子房公交场站--安贞桥西),17,720.0,18,bus_tapin_clusters,840.0,720.0
line,944路(奶子房公交场站--安贞桥西),19,900.0,11,bus_tapin_clusters,960.0,900.0
line,944路(奶子房公交场站--安贞桥西),18,900.0,12,bus_tapin_clusters,1020.0,900.0
line,698路(香泉环岛--公主坟),6,1200.0,10,bus_tapin_clusters,1320.0,1200.0
line,698路(香泉环岛--公主坟),7,540.0,17,bus_tapin_clusters,540.0,600.0
line,698路(香泉环岛--公主坟),8,514.2857142857143,21,bus_tapin_clusters,660.0,514.2857142857143
line,698路(香泉环岛--公主坟),9,600.0,10,bus_tapin_clusters,870.0,600.0
line,698路(香泉环岛--公主坟),10,480.0,21,bus_tapin_clusters,480.0,514.2857142857143
line,698路(香泉环岛--公主坟),11,720.0,12,bus_tapin_clusters,870.0,720.0
line,698路(香泉环岛--公主坟),12,510.0,14,bus_tapin_clusters,510.0,720.0
line,698路(香泉环岛--公主坟),13,900.0,9,bus_tapin_clusters,960.0,900.0
line,698路(香泉环岛--公主坟),14,1200.0,7,bus_tapin_clusters,1200.0,1200.0
line,698路(香泉环岛--公主坟),15,720.0,11,bus_tapin_clusters,960.0,720.0
line,698路(香泉环岛--公主坟),16,540.0,19,bus_tapin_clusters,540.0,600.0
line,698路(香泉环岛--公主坟),17,570.0,10,bus_tapin_clusters,570.0,600.0
line,698路(香泉环岛--公主坟),18,720.0,16,bus_tapin_clusters,780.0,720.0
line,698路(香泉环岛--公主坟),19,960.0,10,bus_tapin_clusters,960.0,1200.0
line,698路(香泉环岛--公主坟),20,1200.0,3,bus_tapin_clusters,2220.0,1200.0
line,87路(定慧寺东--蓟门桥),6,400.0,48,bus_tapin_clusters,420.0,400.0
line,87路(定慧寺东--蓟门桥),7,300.0,51,bus_tapin_clusters,330.0,300.0
line,87路(定慧寺东--蓟门桥),8,360.0,49,bus_tapin_clusters,360.0,400.0
line,87路(定慧寺东--蓟门桥),9,327.27272727272725,52,bus_tapin_clusters,420.0,327.27272727272725
line,87路(定慧寺东--蓟门桥),10,327.27272727272725,47,bus_tapin_clusters,420.0,327.27272727272725
line,87路(定慧寺东--蓟门桥),11,400.0,42,bus_tapin_clusters,540.0,400.0
line,87路(定慧寺东--蓟门桥),12,360.0,43,bus_tapin_clusters,480.0,360.0
line,87路(定慧寺东--蓟门桥),13,400.0,42,bus_tapin_clusters,480.0,400.0
line,87路(定慧寺东--蓟门桥),14,360.0,44,bus_tapin_clusters,435.0,360.0
line,87路(定慧寺东--蓟门桥),15,327.27272727272725,49,bus_tapin_clusters,360.0,327.27272727272725
line,87路(定慧寺东--蓟门桥),16,240.0,65,bus_tapin_clusters,300.0,240.0
line,87路(定慧寺东--蓟门桥),17,300.0,56,bus_tapin_clusters,360.0,300.0
line,87路(定慧寺东--蓟门桥),18,257.14285714285717,47,bus_tapin_clusters,450.0,257.14285714285717
line,87路(定慧寺东--蓟门桥),19,360.0,40,bus_tapin_clusters,480.0,360.0
line,87路(定慧寺东--蓟门桥),20,327.27272727272725,31,bus_tapin_clusters,360.0,327.27272727272725
line,87路(定慧寺东--蓟门桥),21,1080.0,15,bus_tapin_clusters,1080.0,1200.0
line,87路(定慧寺东--蓟门桥),22,720.0,7,bus_tapin_clusters,1020.0,720.0
line,87路(定慧寺东--蓟门桥),5,540.0,3,bus_tapin_clusters,540.0,1200.0
line,380路(德胜门--嘉铭园公交场站),5,900.0,6,bus_tapin_clusters,900.0,1800.0
line,380路(德胜门--嘉铭园公交场站),6,720.0,21,bus_tapin_clusters,780.0,720.0
line,380路(德胜门--嘉铭园公交场站),7,600.0,24,bus_tapin_clusters,750.0,600.0
line,380路(德胜门--嘉铭园公交场站),8,600.0,23,bus_tapin_clusters,600.0,720.0
line,380路(德胜门--嘉铭园公交场站),9,600.0,28,bus_tapin_clusters,600.0,600.0
line,380路(德胜门--嘉铭园公交场站),10,600.0,25,bus_tapin_clusters,660.0,600.0
line,380路(德胜门--嘉铭园公交场站),11,514.2857142857143,24,bus_tapin_clusters,750.0,514.2857142857143
line,380路(德胜门--嘉铭园公交场站),12,720.0,12,bus_tapin_clusters,900.0,720.0
line,380路(德胜门--嘉铭园公交场站),13,900.0,17,bus_tapin_clusters,1080.0,900.0
line,380路(德胜门--嘉铭园公交场站),14,720.0,20,bus_tapin_clusters,810.0,720.0
line,380路(德胜门--嘉铭园公交场站),15,600.0,24,bus_tapin_clusters,690.0,600.0
line,380路(德胜门--嘉铭园公交场站),16,600.0,22,bus_tapin_clusters,750.0,600.0
line,380路(德胜门--嘉铭园公交场站),17,600.0,26,bus_tapin_clusters,600.0,600.0
line,380路(德胜门--嘉铭园公交场站),18,720.0,23,bus_tapin_clusters,720.0,720.0
line,380路(德胜门--嘉铭园公交场站),19,900.0,16,bus_tapin_clusters,1005.0,900.0
line,380路(德胜门--嘉铭园公交场站),20,900.0,9,bus_tapin_clusters,900.0,1200.0
line,380路(德胜门--嘉铭园公交场站),21,750.0,5,bus_tapin_clusters,750.0,1200.0
line,26路(天宁寺桥东--二里庄),6,570.0,18,bus_tapin_clusters,570.0,600.0
line,26路(天宁寺桥东--二里庄),7,300.0,45,bus_tapin_clusters,360.0,300.0
line,26路(天宁寺桥东--二里庄),8,327.27272727272725,46,bus_tapin_clusters,480.0,327.27272727272725
line,26路(天宁寺桥东--二里庄),9,420.0,25,bus_tapin_clusters,420.0,514.2857142857143
line,26路(天宁寺桥东--二里庄),10,450.0,35,bus_tapin_clusters,480.0,450.0
line,26路(天宁寺桥东--二里庄),11,450.0,32,bus_tapin_clusters,630.0,450.0
line,26路(天宁寺桥东--二里庄),13,514.2857142857143,33,bus_tapin_clusters,660.0,514.2857142857143
line,26路(天宁寺桥东--二里庄),14,330.0,28,bus_tapin_clusters,330.0,600.0
line,26路(天宁寺桥东--二里庄),15,514.2857142857143,27,bus_tapin_clusters,720.0,514.2857142857143
line,26路(天宁寺桥东--二里庄),16,480.0,29,bus_tapin_clusters,480.0,600.0
line,26路(天宁寺桥东--二里庄),17,450.0,40,bus_tapin_clusters,465.0,450.0
line,26路(天宁寺桥东--二里庄),18,327.27272727272725,37,bus_tapin_clusters,480.0,327.27272727272725
line,26路(天宁寺桥东--二里庄),19,400.0,33,bus_tapin_clusters,600.0,400.0
line,26路(天宁寺桥东--二里庄),20,900.0,16,bus_tapin_clusters,1020.0,900.0
line,26路(天宁寺桥东--二里庄),21,1200.0,12,bus_tapin_clusters,1200.0,1200.0
line,26路(天宁寺桥东--二里庄),5,660.0,5,bus_tapin_clusters,660.0,1200.0
line,26路(天宁寺桥东--二里庄),12,514.2857142857143,25,bus_tapin_clusters,660.0,514.2857142857143
line,26路(天宁寺桥东--二里庄),22,1200.0,2,bus_tapin_clusters,1200.0,1200.0
line,138路(唐家村--石佛营西里),7,600.0,23,bus_tapin_clusters,600.0,720.0
line,138路(唐家村--石佛营西里),8,400.0,25,bus_tapin_clusters,840.0,400.0
line,138路(唐家村--石佛营西里),9,514.2857142857143,36,bus_tapin_clusters,630.0,514.2857142857143
line,138路(唐家村--石佛营西里),10,825.0,14,bus_tapin_clusters,825.0,900.0
line,138路(唐家村--石佛营西里),11,600.0,16,bus_tapin_clusters,600.0,600.0
line,138路(唐家村--石佛营西里),12,360.0,21,bus_tapin_clusters,360.0,450.0
line,138路(唐家村--石佛营西里),13,540.0,14,bus_tapin_clusters,540.0,600.0
line,138路(唐家村--石佛营西里),14,495.0,24,bus_tapin_clusters,495.0,720.0
line,138路(唐家村--石佛营西里),15,900.0,14,bus_tapin_clusters,930.0,900.0
line,138路(唐家村--石佛营西里),16,720.0,15,bus_tapin_clusters,1080.0,720.0
line,138路(唐家村--石佛营西里),17,720.0,19,bus_tapin_clusters,720.0,720.0
line,138路(唐家村--石佛营西里),18,420.0,7,bus_tapin_clusters,420.0,1200.0
line,138路(唐家村--石佛营西里),6,600.0,9,bus_tapin_clusters,600.0,720.0
line,138路(唐家村--石佛营西里),20,150.0,2,bus_tapin_clusters,150.0,1200.0
line,72路(城南嘉园北--大北窑南),5,720.0,14,bus_tapin_clusters,720.0,1200.0
line,72路(城南嘉园北--大北窑南),6,420.0,42,bus_tapin_clusters,420.0,450.0
line,72路(城南嘉园北--大北窑南),7,360.0,49,bus_tapin_clusters,390.0,360.0
line,72路(城南嘉园北--大北窑南),8,450.0,35,bus_tapin_clusters,600.0,450.0
line,72路(城南嘉园北--大北窑南),9,514.2857142857143,33,bus_tapin_clusters,660.0,514.2857142857143
line,72路(城南嘉园北--大北窑南),10,450.0,33,bus_tapin_clusters,540.0,450.0
line,72路(城南嘉园北--大北窑南),11,450.0,40,bus_tapin_clusters,600.0,450.0
line,72路(城南嘉园北--大北窑南),12,514.2857142857143,31,bus_tapin_clusters,540.0,514.2857142857143
line,72路(城南嘉园北--大北窑南),13,600.0,34,bus_tapin_clusters,600.0,600.0
line,72路(城南嘉园北--大北窑南),14,400.0,43,bus_tapin_clusters,480.0,400.0
line,72路(城南嘉园北--大北窑南),15,420.0,37,bus_tapin_clusters,420.0,514.2857142857143
line,72路(城南嘉园北--大北窑南),16,327.27272727272725,55,bus_tapin_clusters,360.0,327.27272727272725
line,72路(城南嘉园北--大北窑南),17,360.0,37,bus_tapin_clusters,480.0,360.0
line,72路(城南嘉园北--大北窑南),18,600.0,24,bus_tapin_clusters,675.0,600.0
line,72路(城南嘉园北--大北窑南),19,600.0,27,bus_tapin_clusters,600.0,600.0
line,72路(城南嘉园北--大北窑南),20,514.2857142857143,24,bus_tapin_clusters,630.0,514.2857142857143
line,72路(城南嘉园北--大北窑南),21,690.0,14,bus_tapin_clusters,690.0,900.0
line,431路(单店北站--东四十条桥东),5,900.0,4,bus_tapin_clusters,900.0,1800.0
line,431路(单店北站--东四十条桥东),6,450.0,31,bus_tapin_clusters,540.0,450.0
line,431路(单店北站--东四十条桥东),7,400.0,42,bus_tapin_clusters,510.0,400.0
line,431路(单店北站--东四十条桥东),8,450.0,39,bus_tapin_clusters,480.0,450.0
line,431路(单店北站--东四十条桥东),9,360.0,36,bus_tapin_clusters,360.0,450.0
line,431路(单店北站--东四十条桥东),10,720.0,23,bus_tapin_clusters,720.0,720.0
line,431路(单店北站--东四十条桥东),11,780.0,19,bus_tapin_clusters,780.0,900.0
line,431路(单店北站--东四十条桥东),12,600.0,22,bus_tapin_clusters,720.0,600.0
line,431路(单店北站--东四十条桥东),13,720.0,18,bus_tapin_clusters,810.0,720.0
line,431路(单店北站--东四十条桥东),14,1200.0,14,bus_tapin_clusters,1290.0,1200.0
line,431路(单店北站--东四十条桥东),15,510.0,28,bus_tapin_clusters,510.0,514.2857142857143
line,431路(单店北站--东四十条桥东),16,660.0,17,bus_tapin_clusters,660.0,720.0
line,431路(单店北站--东四十条桥东),17,540.0,27,bus_tapin_clusters,540.0,600.0
line,431路(单店北站--东四十条桥东),18,600.0,17,bus_tapin_clusters,810.0,600.0
line,431路(单店北站--东四十条桥东),19,660.0,14,bus_tapin_clusters,660.0,720.0
line,431路(单店北站--东四十条桥东),20,660.0,5,bus_tapin_clusters,660.0,900.0
line,35路(小郊亭公交场站--天桥),5,1290.0,6,bus_tapin_clusters,1290.0,1800.0
line,35路(小郊亭公交场站--天桥),6,690.0,21,bus_tapin_clusters,690.0,720.0
line,35路(小郊亭公交场站--天桥),7,720.0,25,bus_tapin_clusters,960.0,720.0
line,35路(小郊亭公交场站--天桥),8,480.0,31,bus_tapin_clusters,480.0,600.0
line,35路(小郊亭公交场站--天桥),9,600.0,27,bus_tapin_clusters,840.0,600.0
line,35路(小郊亭公交场站--天桥),10,514.2857142857143,24,bus_tapin_clusters,570.0,514.2857142857143
line,35路(小郊亭公交场站--天桥),11,600.0,28,bus_tapin_clusters,900.0,600.0
line,35路(小郊亭公交场站--天桥),12,390.0,26,bus_tapin_clusters,390.0,600.0
line,35路(小郊亭公交场站--天桥),13,514.2857142857143,24,bus_tapin_clusters,600.0,514.2857142857143
line,35路(小郊亭公交场站--天桥),14,1200.0,11,bus_tapin_clusters,2460.0,1200.0
line,35路(小郊亭公交场站--天桥),15,660.0,20,bus_tapin_clusters,660.0,720.0
line,35路(小郊亭公交场站--天桥),16,510.0,29,bus_tapin_clusters,510.0,514.2857142857143
line,35路(小郊亭公交场站--天桥),17,450.0,33,bus_tapin_clusters,540.0,450.0
line,35路(小郊亭公交场站--天桥),18,514.2857142857143,28,bus_tapin_clusters,660.0,514.2857142857143
line,35路(小郊亭公交场站--天桥),19,600.0,27,bus_tapin_clusters,600.0,600.0
line,35路(小郊亭公交场站--天桥),20,1200.0,8,bus_tapin_clusters,1260.0,1200.0
line,35路(小郊亭公交场站--天桥),21,420.0,13,bus_tapin_clusters,420.0,600.0
line,847路(孙河公交场站--马甸桥西),5,840.0,8,bus_tapin_clusters,840.0,1800.0
line,847路(孙河公交场站--马甸桥西),6,600.0,21,bus_tapin_clusters,720.0,600.0
line,847路(孙河公交场站--马甸桥西),7,514.2857142857143,25,bus_tapin_clusters,600.0,514.2857142857143
line,847路(孙河公交场站--马甸桥西),8,720.0,20,bus_tapin_clusters,1140.0,720.0
line,847路(孙河公交场站--马甸桥西),9,514.2857142857143,24,bus_tapin_clusters,660.0,514.2857142857143
line,847路(孙河公交场站--马甸桥西),10,1200.0,16,bus_tapin_clusters,1320.0,1200.0
line,847路(孙河公交场站--马甸桥西),11,900.0,18,bus_tapin_clusters,1320.0,900.0
line,847路(孙河公交场站--马甸桥西),12,900.0,17,bus_tapin_clusters,1020.0,900.0
line,847路(孙河公交场站--马甸桥西),13,900.0,14,bus_tapin_clusters,1200.0,900.0
line,847路(孙河公交场站--马甸桥西),14,1200.0,16,bus_tapin_clusters,1245.0,1200.0
line,847路(孙河公交场站--马甸桥西),15,720.0,23,bus_tapin_clusters,960.0,720.0
line,847路(孙河公交场站--马甸桥西),16,720.0,25,bus_tapin_clusters,900.0,720.0
line,847路(孙河公交场站--马甸桥西),17,600.0,29,bus_tapin_clusters,600.0,600.0
line,847路(孙河公交场站--马甸桥西),18,540.0,27,bus_tapin_clusters,540.0,600.0
line,847路(孙河公交场站--马甸桥西),19,720.0,17,bus_tapin_clusters,960.0,720.0
line,847路(孙河公交场站--马甸桥西),20,900.0,10,bus_tapin_clusters,1140.0,900.0
line,408路(慧忠里--石佛营西里),5,900.0,4,bus_tapin_clusters,900.0,1800.0
line,408路(慧忠里--石佛营西里),6,514.2857142857143,22,bus_tapin_clusters,780.0,514.2857142857143
line,408路(慧忠里--石佛营西里),7,400.0,33,bus_tapin_clusters,540.0,400.0
line,408路(慧忠里--石佛营西里),8,514.2857142857143,27,bus_tapin_clusters,900.0,514.2857142857143
line,408路(慧忠里--石佛营西里),9,450.0,28,bus_tapin_clusters,570.0,450.0
line,408路(慧忠里--石佛营西里),10,450.0,30,bus_tapin_clusters,600.0,450.0
line,408路(慧忠里--石佛营西里),11,900.0,14,bus_tapin_clusters,960.0,900.0
line,408路(慧忠里--石佛营西里),12,450.0,33,bus_tapin_clusters,540.0,450.0
line,408路(慧忠里--石佛营西里),13,400.0,27,bus_tapin_clusters,660.0,400.0
line,408路(慧忠里--石佛营西里),14,514.2857142857143,26,bus_tapin_clusters,540.0,514.2857142857143
line,408路(慧忠里--石佛营西里),15,450.0,31,bus_tapin_clusters,600.0,450.0
line,408路(慧忠里--石佛营西里),16,600.0,29,bus_tapin_clusters,600.0,600.0
line,408路(慧忠里--石佛营西里),17,600.0,28,bus_tapin_clusters,660.0,600.0
line,408路(慧忠里--石佛营西里),18,600.0,29,bus_tapin_clusters,660.0,600.0
line,408路(慧忠里--石佛营西里),19,514.2857142857143,20,bus_tapin_clusters,810.0,514.2857142857143
line,408路(慧忠里--石佛营西里),20,600.0,16,bus_tapin_clusters,1020.0,600.0
line,408路(慧忠里--石佛营西里),21,900.0,7,bus_tapin_clusters,1140.0,900.0
line,458路(北京南站--南宫迎宾路南站),5,1320.0,2,bus_tapin_clusters,1320.0,1800.0
line,458路(北京南站--南宫迎宾路南站),6,1080.0,6,bus_tapin_clusters,1080.0,1800.0
line,458路(北京南站--南宫迎宾路南站),7,600.0,20,bus_tapin_clusters,825.0,600.0
line,458路(北京南站--南宫迎宾路南站),8,400.0,36,bus_tapin_clusters,450.0,400.0
line,458路(北京南站--南宫迎宾路南站),9,400.0,33,bus_tapin_clusters,480.0,400.0
line,458路(北京南站--南宫迎宾路南站),10,514.2857142857143,18,bus_tapin_clusters,750.0,514.2857142857143
line,458路(北京南站--南宫迎宾路南站),11,720.0,13,bus_tapin_clusters,1200.0,720.0
line,458路(北京南站--南宫迎宾路南站),12,600.0,17,bus_tapin_clusters,960.0,600.0
line,458路(北京南站--南宫迎宾路南站),13,600.0,21,bus_tapin_clusters,900.0,600.0
line,458路(北京南站--南宫迎宾路南站),14,720.0,19,bus_tapin_clusters,840.0,720.0
line,458路(北京南站--南宫迎宾路南站),15,400.0,25,bus_tapin_clusters,720.0,400.0
line,458路(北京南站--南宫迎宾路南站),16,450.0,26,bus_tapin_clusters,600.0,450.0
line,458路(北京南站--南宫迎宾路南站),17,400.0,42,bus_tapin_clusters,600.0,400.0
line,458路(北京南站--南宫迎宾路南站),18,514.2857142857143,27,bus_tapin_clusters,540.0,514.2857142857143
line,458路(北京南站--南宫迎宾路南站),19,514.2857142857143,20,bus_tapin_clusters,735.0,514.2857142857143
line,458路(北京南站--南宫迎宾路南站),20,900.0,7,bus_tapin_clusters,1020.0,900.0
line,458路(北京南站--南宫迎宾路南站),21,690.0,3,bus_tapin_clusters,690.0,1200.0
line,458路(北京南站--南宫迎宾路南站),22,1200.0,2,bus_tapin_clusters,1440.0,1200.0
line,437路(地铁安河桥北站--公主坟北),6,600.0,22,bus_tapin_clusters,870.0,600.0
line,437路(地铁安河桥北站--公主坟北),7,900.0,18,bus_tapin_clusters,1170.0,900.0
line,437路(地铁安河桥北站--公主坟北),8,720.0,24,bus_tapin_clusters,810.0,720.0
line,437路(地铁安河桥北站--公主坟北),9,720.0,25,bus_tapin_clusters,900.0,720.0
line,437路(地铁安河桥北站--公主坟北),10,720.0,16,bus_tapin_clusters,840.0,720.0
line,437路(地铁安河桥北站--公主坟北),11,600.0,23,bus_tapin_clusters,900.0,600.0
line,437路(地铁安河桥北站--公主坟北),12,540.0,15,bus_tapin_clusters,540.0,600.0
line,437路(地铁安河桥北站--公主坟北),13,900.0,10,bus_tapin_clusters,1140.0,900.0
line,437路(地铁安河桥北站--公主坟北),14,900.0,17,bus_tapin_clusters,1320.0,900.0
line,437路(地铁安河桥北站--公主坟北),15,900.0,18,bus_tapin_clusters,900.0,900.0
line,437路(地铁安河桥北站--公主坟北),16,600.0,22,bus_tapin_clusters,780.0,600.0
line,437路(地铁安河桥北站--公主坟北),17,480.0,27,bus_tapin_clusters,480.0,600.0
line,437路(地铁安河桥北站--公主坟北),18,1200.0,17,bus_tapin_clusters,1800.0,1200.0
line,437路(地铁安河桥北站--公主坟北),19,1020.0,13,bus_tapin_clusters,1020.0,1200.0
line,437路(地铁安河桥北站--公主坟北),20,1200.0,4,bus_tapin_clusters,1380.0,1200.0
line,622路(成和园小区--北京站东),6,450.0,32,bus_tapin_clusters,630.0,450.0
line,622路(成和园小区--北京站东),7,400.0,39,bus_tapin_clusters,480.0,400.0
line,622路(成和园小区--北京站东),8,514.2857142857143,29,bus_tapin_clusters,540.0,514.2857142857143
line,622路(成和园小区--北京站东),9,720.0,24,bus_tapin_clusters,1050.0,720.0
line,622路(成和园小区--北京站东),10,600.0,25,bus_tapin_clusters,780.0,600.0
line,622路(成和园小区--北京站东),11,900.0,19,bus_tapin_clusters,1260.0,900.0
line,622路(成和园小区--北京站东),12,720.0,23,bus_tapin_clusters,840.0,720.0
line,622路(成和园小区--北京站东),13,900.0,22,bus_tapin_clusters,1020.0,900.0
line,622路(成和园小区--北京站东),14,720.0,20,bus_tapin_clusters,1140.0,720.0
line,622路(成和园小区--北京站东),15,900.0,16,bus_tapin_clusters,930.0,900.0
line,622路(成和园小区--北京站东),16,600.0,29,bus_tapin_clusters,660.0,600.0
line,622路(成和园小区--北京站东),17,600.0,29,bus_tapin_clusters,660.0,600.0
line,622路(成和园小区--北京站东),18,900.0,14,bus_tapin_clusters,1440.0,900.0
line,622路(成和园小区--北京站东),19,1080.0,10,bus_tapin_clusters,1080.0,1200.0
line,622路(成和园小区--北京站东),20,855.0,4,bus_tapin_clusters,855.0,1200.0
line,622路(成和园小区--北京站东),21,1080.0,3,bus_tapin_clusters,1080.0,1200.0
line,622路(成和园小区--北京站东),5,840.0,4,bus_tapin_clusters,840.0,1800.0
line,536路(左家庄--屏翠西路东口),6,1110.0,12,bus_tapin_clusters,1110.0,1200.0
line,536路(左家庄--屏翠西路东口),7,600.0,25,bus_tapin_clusters,600.0,600.0
line,536路(左家庄--屏翠西路东口),8,514.2857142857143,32,bus_tapin_clusters,660.0,514.2857142857143
line,536路(左家庄--屏翠西路东口),9,514.2857142857143,30,bus_tapin_clusters,690.0,514.2857142857143
line,536路(左家庄--屏翠西路东口),10,514.2857142857143,29,bus_tapin_clusters,720.0,514.2857142857143
line,536路(左家庄--屏翠西路东口),11,514.2857142857143,24,bus_tapin_clusters,720.0,514.2857142857143
line,536路(左家庄--屏翠西路东口),12,600.0,24,bus_tapin_clusters,675.0,600.0
line,536路(左家庄--屏翠西路东口),13,514.2857142857143,24,bus_tapin_clusters,660.0,514.2857142857143
line,536路(左家庄--屏翠西路东口),14,514.2857142857143,29,bus_tapin_clusters,840.0,514.2857142857143
line,536路(左家庄--屏翠西路东口),15,514.2857142857143,35,bus_tapin_clusters,600.0,514.2857142857143
line,536路(左家庄--屏翠西路东口),16,600.0,32,bus_tapin_clusters,660.0,600.0
line,536路(左家庄--屏翠西路东口),17,600.0,30,bus_tapin_clusters,660.0,600.0
line,536路(左家庄--屏翠西路东口),18,514.2857142857143,31,bus_tapin_clusters,780.0,514.2857142857143
line,536路(左家庄--屏翠西路东口),19,720.0,22,bus_tapin_clusters,840.0,720.0
line,536路(左家庄--屏翠西路东口),20,900.0,20,bus_tapin_clusters,930.0,900.0
line,536路(左家庄--屏翠西路东口),21,1140.0,9,bus_tapin_clusters,1140.0,1200.0
line,536路(左家庄--屏翠西路东口),5,480.0,3,bus_tapin_clusters,480.0,1200.0
line,990路(小红门牌坊村--地铁公益西桥站),5,990.0,2,bus_tapin_clusters,990.0,1800.0
line,990路(小红门牌坊村--地铁公益西桥站),6,720.0,11,bus_tapin_clusters,900.0,720.0
line,990路(小红门牌坊村--地铁公益西桥站),7,720.0,23,bus_tapin_clusters,780.0,720.0
line,990路(小红门牌坊村--地铁公益西桥站),8,900.0,16,bus_tapin_clusters,1080.0,900.0
line,990路(小红门牌坊村--地铁公益西桥站),9,570.0,19,bus_tapin_clusters,570.0,600.0
line,990路(小红门牌坊村--地铁公益西桥站),10,1200.0,10,bus_tapin_clusters,1440.0,1200.0
line,990路(小红门牌坊村--地铁公益西桥站),14,1200.0,5,bus_tapin_clusters,2100.0,1200.0
line,990路(小红门牌坊村--地铁公益西桥站),15,900.0,9,bus_tapin_clusters,1680.0,900.0
line,990路(小红门牌坊村--地铁公益西桥站),16,660.0,24,bus_tapin_clusters,660.0,720.0
line,990路(小红门牌坊村--地铁公益西桥站),18,330.0,12,bus_tapin_clusters,330.0,600.0
line,990路(小红门牌坊村--地铁公益西桥站),19,300.0,5,bus_tapin_clusters,300.0,900.0
line,990路(小红门牌坊村--地铁公益西桥站),17,1200.0,5,bus_tapin_clusters,1560.0,1200.0
line,990路(小红门牌坊村--地铁公益西桥站),12,360.0,4,bus_tapin_clusters,360.0,1200.0
line,990路(小红门牌坊村--地铁公益西桥站),13,1200.0,3,bus_tapin_clusters,1920.0,1200.0
line,990路(小红门牌坊村--地铁公益西桥站),20,1800.0,2,bus_tapin_clusters,1890.0,1800.0
line,58路(四惠枢纽站--神武门),6,360.0,42,bus_tapin_clusters,480.0,360.0
line,58路(四惠枢纽站--神武门),7,360.0,55,bus_tapin_clusters,360.0,360.0
line,58路(四惠枢纽站--神武门),8,327.27272727272725,53,bus_tapin_clusters,360.0,327.27272727272725
line,58路(四惠枢纽站--神武门),9,327.27272727272725,54,bus_tapin_clusters,360.0,327.27272727272725
line,58路(四惠枢纽站--神武门),10,450.0,43,bus_tapin_clusters,480.0,450.0
line,58路(四惠枢纽站--神武门),11,450.0,34,bus_tapin_clusters,600.0,450.0
line,58路(四惠枢纽站--神武门),12,600.0,30,bus_tapin_clusters,690.0,600.0
line,58路(四惠枢纽站--神武门),13,660.0,28,bus_tapin_clusters,660.0,720.0
line,58路(四惠枢纽站--神武门),14,390.0,41,bus_tapin_clusters,390.0,400.0
line,58路(四惠枢纽站--神武门),15,400.0,42,bus_tapin_clusters,480.0,400.0
line,58路(四惠枢纽站--神武门),16,360.0,42,bus_tapin_clusters,480.0,360.0
line,58路(四惠枢纽站--神武门),17,400.0,46,bus_tapin_clusters,480.0,400.0
line,58路(四惠枢纽站--神武门),18,450.0,40,bus_tapin_clusters,510.0,450.0
line,58路(四惠枢纽站--神武门),19,514.2857142857143,28,bus_tapin_clusters,810.0,514.2857142857143
line,58路(四惠枢纽站--神武门),20,600.0,27,bus_tapin_clusters,660.0,600.0
line,58路(四惠枢纽站--神武门),21,600.0,20,bus_tapin_clusters,840.0,600.0
line,58路(四惠枢纽站--神武门),22,780.0,8,bus_tapin_clusters,780.0,1200.0
line,58路(四惠枢纽站--神武门),5,750.0,4,bus_tapin_clusters,750.0,1800.0
line,124路(西四路口东--大屯南),6,600.0,21,bus_tapin_clusters,840.0,600.0
line,124路(西四路口东--大屯南),7,570.0,24,bus_tapin_clusters,570.0,600.0
line,124路(西四路口东--大屯南),8,400.0,46,bus_tapin_clusters,420.0,400.0
line,124路(西四路口东--大屯南),9,360.0,38,bus_tapin_clusters,465.0,360.0
line,124路(西四路口东--大屯南),10,450.0,40,bus_tapin_clusters,480.0,450.0
line,124路(西四路口东--大屯南),11,450.0,33,bus_tapin_clusters,600.0,450.0
line,124路(西四路口东--大屯南),12,514.2857142857143,36,bus_tapin_clusters,570.0,514.2857142857143
line,124路(西四路口东--大屯南),13,450.0,33,bus_tapin_clusters,660.0,450.0
line,124路(西四路口东--大屯南),14,400.0,31,bus_tapin_clusters,840.0,400.0
line,124路(西四路口东--大屯南),15,514.2857142857143,32,bus_tapin_clusters,600.0,514.2857142857143
line,124路(西四路口东--大屯南),16,514.2857142857143,31,bus_tapin_clusters,540.0,514.2857142857143
line,124路(西四路口东--大屯南),17,510.0,32,bus_tapin_clusters,510.0,514.2857142857143
line,124路(西四路口东--大屯南),18,400.0,33,bus_tapin_clusters,600.0,400.0
line,124路(西四路口东--大屯南),19,600.0,22,bus_tapin_clusters,750.0,600.0
line,124路(西四路口东--大屯南),21,1200.0,10,bus_tapin_clusters,1260.0,1200.0
line,124路(西四路口东--大屯南),22,690.0,8,bus_tapin_clusters,690.0,720.0
line,124路(西四路口东--大屯南),20,630.0,12,bus_tapin_clusters,630.0,900.0
line,124路(西四路口东--大屯南),5,1500.0,2,bus_tapin_clusters,1500.0,1800.0
line,671路(四惠枢纽站--西苑),5,780.0,7,bus_tapin_clusters,780.0,1200.0
line,671路(四惠枢纽站--西苑),6,514.2857142857143,33,bus_tapin_clusters,660.0,514.2857142857143
line,671路(四惠枢纽站--西苑),7,360.0,50,bus_tapin_clusters,390.0,360.0
line,671路(四惠枢纽站--西苑),8,450.0,40,bus_tapin_clusters,450.0,450.0
line,671路(四惠枢纽站--西苑),9,480.0,32,bus_tapin_clusters,480.0,514.2857142857143
line,671路(四惠枢纽站--西苑),10,360.0,45,bus_tapin_clusters,480.0,360.0
line,671路(四惠枢纽站--西苑),11,514.2857142857143,33,bus_tapin_clusters,600.0,514.2857142857143
line,671路(四惠枢纽站--西苑),12,720.0,28,bus_tapin_clusters,780.0,720.0
line,671路(四惠枢纽站--西苑),13,720.0,25,bus_tapin_clusters,900.0,720.0
line,671路(四惠枢纽站--西苑),14,600.0,32,bus_tapin_clusters,660.0,600.0
line,671路(四惠枢纽站--西苑),15,480.0,29,bus_tapin_clusters,480.0,514.2857142857143
line,671路(四惠枢纽站--西苑),16,360.0,49,bus_tapin_clusters,420.0,360.0
line,671路(四惠枢纽站--西苑),17,480.0,36,bus_tapin_clusters,480.0,514.2857142857143
line,671路(四惠枢纽站--西苑),18,420.0,40,bus_tapin_clusters,420.0,514.2857142857143
line,671路(四惠枢纽站--西苑),19,514.2857142857143,35,bus_tapin_clusters,600.0,514.2857142857143
line,671路(四惠枢纽站--西苑),20,600.0,30,bus_tapin_clusters,720.0,600.0
line,671路(四惠枢纽站--西苑),21,900.0,21,bus_tapin_clusters,900.0,900.0
line,901路(燕山东岭--六里桥北里),6,600.0,4,bus_tapin_clusters,600.0,900.0
line,901路(燕山东岭--六里桥北里),7,480.0,7,bus_tapin_clusters,480.0,514.2857142857143
line,901路(燕山东岭--六里桥北里),8,210.0,9,bus_tapin_clusters,210.0,400.0
line,901路(燕山东岭--六里桥北里),9,390.0,8,bus_tapin_clusters,390.0,450.0
line,901路(燕山东岭--六里桥北里),10,360.0,7,bus_tapin_clusters,360.0,514.2857142857143
line,901路(燕山东岭--六里桥北里),11,900.0,4,bus_tapin_clusters,960.0,900.0
line,901路(燕山东岭--六里桥北里),12,1200.0,3,bus_tapin_clusters,1200.0,1200.0
line,901路(燕山东岭--六里桥北里),13,1200.0,3,bus_tapin_clusters,1500.0,1200.0
line,901路(燕山东岭--六里桥北里),14,1200.0,2,bus_tapin_clusters,1200.0,1800.0
line,901路(燕山东岭--六里桥北里),15,780.0,3,bus_tapin_clusters,780.0,1200.0
line,901路(燕山东岭--六里桥北里),16,600.0,6,bus_tapin_clusters,630.0,600.0
line,901路(燕山东岭--六里桥北里),17,360.0,9,bus_tapin_clusters,360.0,400.0
line,901路(燕山东岭--六里桥北里),18,660.0,5,bus_tapin_clusters,660.0,720.0
line,901路(燕山东岭--六里桥北里),19,1140.0,3,bus_tapin_clusters,1140.0,1200.0
line,901路(燕山东岭--六里桥北里),20,900.0,4,bus_tapin_clusters,900.0,900.0
line,352路(旧宫路口北--劲松中街),6,720.0,11,bus_tapin_clusters,900.0,720.0
line,352路(旧宫路口北--劲松中街),7,400.0,26,bus_tapin_clusters,465.0,400.0
line,352路(旧宫路口北--劲松中街),8,720.0,15,bus_tapin_clusters,720.0,720.0
line,352路(旧宫路口北--劲松中街),9,600.0,17,bus_tapin_clusters,780.0,600.0
line,352路(旧宫路口北--劲松中街),10,600.0,10,bus_tapin_clusters,600.0,600.0
line,352路(旧宫路口北--劲松中街),11,540.0,12,bus_tapin_clusters,540.0,600.0
line,352路(旧宫路口北--劲松中街),12,720.0,11,bus_tapin_clusters,900.0,720.0
line,352路(旧宫路口北--劲松中街),13,900.0,8,bus_tapin_clusters,900.0,900.0
line,352路(旧宫路口北--劲松中街),14,900.0,9,bus_tapin_clusters,960.0,900.0
line,352路(旧宫路口北--劲松中街),15,900.0,11,bus_tapin_clusters,1260.0,900.0
line,352路(旧宫路口北--劲松中街),16,570.0,10,bus_tapin_clusters,570.0,900.0
line,352路(旧宫路口北--劲松中街),17,720.0,15,bus_tapin_clusters,900.0,720.0
line,352路(旧宫路口北--劲松中街),18,600.0,8,bus_tapin_clusters,1140.0,600.0
line,352路(旧宫路口北--劲松中街),5,960.0,3,bus_tapin_clusters,960.0,1200.0
line,80路(小红庙--新街口豁口),5,420.0,3,bus_tapin_clusters,420.0,1200.0
line,80路(小红庙--新街口豁口),6,360.0,24,bus_tapin_clusters,540.0,360.0
line,80路(小红庙--新街口豁口),7,514.2857142857143,24,bus_tapin_clusters,690.0,514.2857142857143
line,80路(小红庙--新街口豁口),8,327.27272727272725,38,bus_tapin_clusters,360.0,327.27272727272725
line,80路(小红庙--新街口豁口),9,390.0,27,bus_tapin_clusters,390.0,400.0
line,80路(小红庙--新街口豁口),10,600.0,25,bus_tapin_clusters,720.0,600.0
line,80路(小红庙--新街口豁口),11,400.0,27,bus_tapin_clusters,660.0,400.0
line,80路(小红庙--新街口豁口),12,514.2857142857143,13,bus_tapin_clusters,540.0,514.2857142857143
line,80路(小红庙--新街口豁口),13,400.0,19,bus_tapin_clusters,600.0,400.0
line,80路(小红庙--新街口豁口),14,400.0,29,bus_tapin_clusters,660.0,400.0
line,80路(小红庙--新街口豁口),15,720.0,23,bus_tapin_clusters,900.0,720.0
line,80路(小红庙--新街口豁口),16,720.0,23,bus_tapin_clusters,780.0,720.0
line,80路(小红庙--新街口豁口),17,600.0,21,bus_tapin_clusters,600.0,600.0
line,80路(小红庙--新街口豁口),18,660.0,19,bus_tapin_clusters,660.0,720.0
line,80路(小红庙--新街口豁口),19,720.0,6,bus_tapin_clusters,930.0,720.0
line,80路(小红庙--新街口豁口),20,900.0,10,bus_tapin_clusters,1290.0,900.0
line,80路(小红庙--新街口豁口),21,780.0,2,bus_tapin_clusters,780.0,1800.0
line,634路(郭庄子公交场站--保福寺桥西),5,690.0,12,bus_tapin_clusters,690.0,1200.0
line,634路(郭庄子公交场站--保福寺桥西),6,600.0,23,bus_tapin_clusters,1020.0,600.0
line,634路(郭庄子公交场站--保福寺桥西),7,720.0,21,bus_tapin_clusters,960.0,720.0
line,634路(郭庄子公交场站--保福寺桥西),8,327.27272727272725,42,bus_tapin_clusters,480.0,327.27272727272725
line,634路(郭庄子公交场站--保福寺桥西),9,480.0,28,bus_tapin_clusters,480.0,600.0
line,634路(郭庄子公交场站--保福寺桥西),10,900.0,19,bus_tapin_clusters,1260.0,900.0
line,634路(郭庄子公交场站--保福寺桥西),11,514.2857142857143,22,bus_tapin_clusters,600.0,514.2857142857143
line,634路(郭庄子公交场站--保福寺桥西),12,720.0,25,bus_tapin_clusters,780.0,720.0
line,634路(郭庄子公交场站--保福寺桥西),13,900.0,20,bus_tapin_clusters,930.0,900.0
line,634路(郭庄子公交场站--保福寺桥西),14,600.0,22,bus_tapin_clusters,1080.0,600.0
line,634路(郭庄子公交场站--保福寺桥西),15,600.0,27,bus_tapin_clusters,630.0,600.0
line,634路(郭庄子公交场站--保福寺桥西),16,400.0,46,bus_tapin_clusters,480.0,400.0
line,634路(郭庄子公交场站--保福寺桥西),17,600.0,30,bus_tapin_clusters,840.0,600.0
line,634路(郭庄子公交场站--保福寺桥西),18,600.0,29,bus_tapin_clusters,660.0,600.0
line,634路(郭庄子公交场站--保福寺桥西),19,600.0,21,bus_tapin_clusters,840.0,600.0
line,634路(郭庄子公交场站--保福寺桥西),20,750.0,16,bus_tapin_clusters,750.0,900.0
line,634路(郭庄子公交场站--保福寺桥西),21,720.0,9,bus_tapin_clusters,1020.0,720.0
line,456路(菜户营桥东--思邈路),7,870.0,8,bus_tapin_clusters,870.0,900.0
line,456路(菜户营桥东--思邈路),8,900.0,4,bus_tapin_clusters,1110.0,900.0
line,456路(菜户营桥东--思邈路),9,1140.0,6,bus_tapin_clusters,1140.0,1200.0
line,456路(菜户营桥东--思邈路),10,1800.0,4,bus_tapin_clusters,1980.0,1800.0
line,456路(菜户营桥东--思邈路),11,1800.0,4,bus_tapin_clusters,2340.0,1800.0
line,456路(菜户营桥东--思邈路),12,1290.0,2,bus_tapin_clusters,1290.0,1800.0
line,456路(菜户营桥东--思邈路),13,1200.0,5,bus_tapin_clusters,1200.0,1200.0
line,456路(菜户营桥东--思邈路),14,1800.0,2,bus_tapin_clusters,1950.0,1800.0
line,456路(菜户营桥东--思邈路),15,480.0,7,bus_tapin_clusters,480.0,900.0
line,456路(菜户营桥东--思邈路),16,600.0,11,bus_tapin_clusters,600.0,600.0
line,456路(菜户营桥东--思邈路),17,900.0,6,bus_tapin_clusters,900.0,1200.0
line,456路(菜户营桥东--思邈路),18,960.0,3,bus_tapin_clusters,960.0,1200.0
line,456路(菜户营桥东--思邈路),20,1740.0,2,bus_tapin_clusters,1740.0,1800.0
line,11路(孛罗营--大北窑东),5,1020.0,2,bus_tapin_clusters,1020.0,1800.0
line,11路(孛罗营--大北窑东),6,1200.0,4,bus_tapin_clusters,1230.0,1200.0
line,11路(孛罗营--大北窑东),7,514.2857142857143,12,bus_tapin_clusters,810.0,514.2857142857143
line,11路(孛罗营--大北窑东),8,720.0,12,bus_tapin_clusters,780.0,720.0
line,11路(孛罗营--大北窑东),9,900.0,10,bus_tapin_clusters,1530.0,900.0
line,11路(孛罗营--大北窑东),10,900.0,10,bus_tapin_clusters,1170.0,900.0
line,11路(孛罗营--大北窑东),11,1050.0,4,bus_tapin_clusters,1050.0,1800.0
line,11路(孛罗营--大北窑东),12,630.0,8,bus_tapin_clusters,630.0,720.0
line,11路(孛罗营--大北窑东),14,1200.0,8,bus_tapin_clusters,1230.0,1200.0
line,11路(孛罗营--大北窑东),15,720.0,16,bus_tapin_clusters,720.0,720.0
line,11路(孛罗营--大北窑东),16,1200.0,7,bus_tapin_clusters,1740.0,1200.0
line,11路(孛罗营--大北窑东),17,514.2857142857143,17,bus_tapin_clusters,660.0,514.2857142857143
line,11路(孛罗营--大北窑东),18,1200.0,5,bus_tapin_clusters,1440.0,1200.0
line,11路(孛罗营--大北窑东),19,720.0,9,bus_tapin_clusters,720.0,720.0
line,11路(孛罗营--大北窑东),13,1080.0,4,bus_tapin_clusters,1080.0,1800.0
line,11路(孛罗营--大北窑东),21,840.0,5,bus_tapin_clusters,840.0,900.0
line,3路(金家村桥东--东直门枢纽站),5,930.0,4,bus_tapin_clusters,930.0,1800.0
line,3路(金家村桥东--东直门枢纽站),6,514.2857142857143,26,bus_tapin_clusters,765.0,514.2857142857143
line,3路(金家村桥东--东直门枢纽站),7,600.0,25,bus_tapin_clusters,720.0,600.0
line,3路(金家村桥东--东直门枢纽站),8,327.27272727272725,35,bus_tapin_clusters,420.0,327.27272727272725
line,3路(金家村桥东--东直门枢纽站),9,600.0,23,bus_tapin_clusters,600.0,720.0
line,3路(金家村桥东--东直门枢纽站),10,514.2857142857143,22,bus_tapin_clusters,810.0,514.2857142857143
line,3路(金家村桥东--东直门枢纽站),11,720.0,22,bus_tapin_clusters,720.0,720.0
line,3路(金家村桥东--东直门枢纽站),12,900.0,13,bus_tapin_clusters,1440.0,900.0
line,3路(金家村桥东--东直门枢纽站),13,514.2857142857143,23,bus_tapin_clusters,600.0,514.2857142857143
line,3路(金家村桥东--东直门枢纽站),16,360.0,32,bus_tapin_clusters,600.0,360.0
line,3路(金家村桥东--东直门枢纽站),17,400.0,26,bus_tapin_clusters,720.0,400.0
line,3路(金家村桥东--东直门枢纽站),18,514.2857142857143,26,bus_tapin_clusters,540.0,514.2857142857143
line,3路(金家村桥东--东直门枢纽站),19,400.0,29,bus_tapin_clusters,600.0,400.0
line,3路(金家村桥东--东直门枢纽站),20,900.0,15,bus_tapin_clusters,1200.0,900.0
line,3路(金家村桥东--东直门枢纽站),14,514.2857142857143,17,bus_tapin_clusters,780.0,514.2857142857143
line,3路(金家村桥东--东直门枢纽站),15,514.2857142857143,21,bus_tapin_clusters,720.0,514.2857142857143
line,3路(金家村桥东--东直门枢纽站),21,720.0,10,bus_tapin_clusters,900.0,720.0
line,353路(万源路--富丰桥西),6,900.0,8,bus_tapin_clusters,1440.0,900.0
line,353路(万源路--富丰桥西),7,630.0,8,bus_tapin_clusters,630.0,1200.0
line,353路(万源路--富丰桥西),8,600.0,17,bus_tapin_clusters,780.0,600.0
line,353路(万源路--富丰桥西),9,600.0,14,bus_tapin_clusters,630.0,600.0
line,353路(万源路--富丰桥西),10,1200.0,11,bus_tapin_clusters,1260.0,1200.0
line,353路(万源路--富丰桥西),12,900.0,12,bus_tapin_clusters,1275.0,900.0
line,353路(万源路--富丰桥西),14,840.0,11,bus_tapin_clusters,840.0,900.0
line,353路(万源路--富丰桥西),15,720.0,18,bus_tapin_clusters,765.0,720.0
line,353路(万源路--富丰桥西),16,840.0,9,bus_tapin_clusters,840.0,1200.0
line,353路(万源路--富丰桥西),17,840.0,13,bus_tapin_clusters,840.0,900.0
line,353路(万源路--富丰桥西),18,900.0,8,bus_tapin_clusters,1320.0,900.0
line,353路(万源路--富丰桥西),19,1200.0,5,bus_tapin_clusters,1380.0,1200.0
line,353路(万源路--富丰桥西),11,600.0,5,bus_tapin_clusters,600.0,1200.0
line,353路(万源路--富丰桥西),13,1200.0,8,bus_tapin_clusters,1455.0,1200.0
line,353路(万源路--富丰桥西),20,1800.0,2,bus_tapin_clusters,1980.0,1800.0
line,353路(万源路--富丰桥西),5,1410.0,2,bus_tapin_clusters,1410.0,1800.0
line,308路(衙门口--白云路),5,690.0,2,bus_tapin_clusters,690.0,1800.0
line,308路(衙门口--白云路),6,720.0,16,bus_tapin_clusters,990.0,720.0
line,308路(衙门口--白云路),7,600.0,24,bus_tapin_clusters,720.0,600.0
line,308路(衙门口--白云路),8,327.27272727272725,47,bus_tapin_clusters,360.0,327.27272727272725
line,308路(衙门口--白云路),9,514.2857142857143,24,bus_tapin_clusters,720.0,514.2857142857143
line,308路(衙门口--白云路),10,900.0,18,bus_tapin_clusters,990.0,900.0
line,308路(衙门口--白云路),11,780.0,13,bus_tapin_clusters,780.0,900.0
line,308路(衙门口--白云路),12,720.0,18,bus_tapin_clusters,720.0,720.0
line,308路(衙门口--白云路),13,840.0,15,bus_tapin_clusters,840.0,900.0
line,308路(衙门口--白云路),14,540.0,19,bus_tapin_clusters,540.0,600.0
line,308路(衙门口--白云路),15,600.0,26,bus_tapin_clusters,690.0,600.0
line,308路(衙门口--白云路),16,360.0,23,bus_tapin_clusters,360.0,600.0
line,308路(衙门口--白云路),17,900.0,19,bus_tapin_clusters,900.0,900.0
line,308路(衙门口--白云路),18,600.0,20,bus_tapin_clusters,720.0,600.0
line,308路(衙门口--白云路),19,1200.0,7,bus_tapin_clusters,1440.0,1200.0
line,308路(衙门口--白云路),20,630.0,10,bus_tapin_clusters,630.0,900.0
line,308路(衙门口--白云路),21,1800.0,4,bus_tapin_clusters,1830.0,1800.0
line,87路(蓟门桥--定慧寺东),5,870.0,8,bus_tapin_clusters,870.0,1800.0
line,87路(蓟门桥--定慧寺东),6,514.2857142857143,31,bus_tapin_clusters,720.0,514.2857142857143
line,87路(蓟门桥--定慧寺东),7,300.0,49,bus_tapin_clusters,300.0,360.0
line,87路(蓟门桥--定慧寺东),8,240.0,53,bus_tapin_clusters,360.0,240.0
line,87路(蓟门桥--定慧寺东),9,400.0,36,bus_tapin_clusters,540.0,400.0
line,87路(蓟门桥--定慧寺东),10,300.0,45,bus_tapin_clusters,480.0,300.0
line,87路(蓟门桥--定慧寺东),11,360.0,41,bus_tapin_clusters,480.0,360.0
line,87路(蓟门桥--定慧寺东),12,400.0,34,bus_tapin_clusters,510.0,400.0
line,87路(蓟门桥--定慧寺东),13,450.0,27,bus_tapin_clusters,540.0,450.0
line,87路(蓟门桥--定慧寺东),14,360.0,30,bus_tapin_clusters,585.0,360.0
line,87路(蓟门桥--定慧寺东),15,360.0,41,bus_tapin_clusters,450.0,360.0
line,87路(蓟门桥--定慧寺东),16,390.0,50,bus_tapin_clusters,390.0,400.0
line,87路(蓟门桥--定慧寺东),17,300.0,50,bus_tapin_clusters,420.0,300.0
line,87路(蓟门桥--定慧寺东),18,300.0,47,bus_tapin_clusters,300.0,327.27272727272725
line,87路(蓟门桥--定慧寺东),19,300.0,47,bus_tapin_clusters,360.0,300.0
line,87路(蓟门桥--定慧寺东),20,420.0,41,bus_tapin_clusters,420.0,450.0
line,87路(蓟门桥--定慧寺东),21,900.0,13,bus_tapin_clusters,1350.0,900.0
line,87路(蓟门桥--定慧寺东),22,720.0,9,bus_tapin_clusters,1080.0,720.0
line,507路(金庄--小屯西路南口),5,540.0,3,bus_tapin_clusters,540.0,1200.0
line,507路(金庄--小屯西路南口),6,240.0,15,bus_tapin_clusters,240.0,600.0
line,507路(金庄--小屯西路南口),7,360.0,15,bus_tapin_clusters,360.0,400.0
line,507路(金庄--小屯西路南口),8,945.0,4,bus_tapin_clusters,945.0,1200.0
line,507路(金庄--小屯西路南口),9,360.0,9,bus_tapin_clusters,360.0,600.0
line,507路(金庄--小屯西路南口),10,900.0,4,bus_tapin_clusters,1230.0,900.0
line,507路(金庄--小屯西路南口),12,360.0,5,bus_tapin_clusters,360.0,720.0
line,507路(金庄--小屯西路南口),13,330.0,12,bus_tapin_clusters,330.0,720.0
line,507路(金庄--小屯西路南口),14,420.0,14,bus_tapin_clusters,420.0,514.2857142857143
line,507路(金庄--小屯西路南口),15,585.0,10,bus_tapin_clusters,585.0,600.0
line,507路(金庄--小屯西路南口),16,720.0,9,bus_tapin_clusters,780.0,720.0
line,507路(金庄--小屯西路南口),17,330.0,15,bus_tapin_clusters,330.0,450.0
line,507路(金庄--小屯西路南口),18,600.0,11,bus_tapin_clusters,780.0,600.0
line,507路(金庄--小屯西路南口),19,720.0,9,bus_tapin_clusters,1020.0,720.0
line,507路(金庄--小屯西路南口),20,720.0,3,bus_tapin_clusters,720.0,1200.0
line,507路(金庄--小屯西路南口),21,300.0,3,bus_tapin_clusters,300.0,1200.0
line,430路(安定门--东沙各庄公交场站),6,900.0,11,bus_tapin_clusters,900.0,1200.0
line,430路(安定门--东沙各庄公交场站),7,570.0,20,bus_tapin_clusters,570.0,600.0
line,430路(安定门--东沙各庄公交场站),8,400.0,33,bus_tapin_clusters,570.0,400.0
line,430路(安定门--东沙各庄公交场站),9,600.0,23,bus_tapin_clusters,660.0,600.0
line,430路(安定门--东沙各庄公交场站),10,300.0,37,bus_tapin_clusters,420.0,300.0
line,430路(安定门--东沙各庄公交场站),11,600.0,18,bus_tapin_clusters,720.0,600.0
line,430路(安定门--东沙各庄公交场站),12,514.2857142857143,19,bus_tapin_clusters,540.0,514.2857142857143
line,430路(安定门--东沙各庄公交场站),13,514.2857142857143,23,bus_tapin_clusters,540.0,514.2857142857143
line,430路(安定门--东沙各庄公交场站),14,600.0,19,bus_tapin_clusters,600.0,600.0
line,430路(安定门--东沙各庄公交场站),15,360.0,29,bus_tapin_clusters,480.0,360.0
line,430路(安定门--东沙各庄公交场站),16,400.0,31,bus_tapin_clusters,540.0,400.0
line,430路(安定门--东沙各庄公交场站),17,360.0,38,bus_tapin_clusters,375.0,360.0
line,430路(安定门--东沙各庄公交场站),18,360.0,34,bus_tapin_clusters,465.0,360.0
line,430路(安定门--东沙各庄公交场站),19,600.0,19,bus_tapin_clusters,600.0,600.0
line,430路(安定门--东沙各庄公交场站),20,450.0,23,bus_tapin_clusters,450.0,450.0
line,430路(安定门--东沙各庄公交场站),21,540.0,11,bus_tapin_clusters,540.0,720.0
line,405路(四惠枢纽站--孙河公交场站),5,900.0,4,bus_tapin_clusters,900.0,1800.0
line,405路(四惠枢纽站--孙河公交场站),6,514.2857142857143,25,bus_tapin_clusters,660.0,514.2857142857143
line,405路(四惠枢纽站--孙河公交场站),7,514.2857142857143,33,bus_tapin_clusters,600.0,514.2857142857143
line,405路(四惠枢纽站--孙河公交场站),8,514.2857142857143,36,bus_tapin_clusters,600.0,514.2857142857143
line,405路(四惠枢纽站--孙河公交场站),9,450.0,39,bus_tapin_clusters,600.0,450.0
line,405路(四惠枢纽站--孙河公交场站),10,600.0,31,bus_tapin_clusters,660.0,600.0
line,405路(四惠枢纽站--孙河公交场站),11,720.0,23,bus_tapin_clusters,720.0,720.0
line,405路(四惠枢纽站--孙河公交场站),12,720.0,22,bus_tapin_clusters,900.0,720.0
line,405路(四惠枢纽站--孙河公交场站),13,720.0,24,bus_tapin_clusters,900.0,720.0
line,405路(四惠枢纽站--孙河公交场站),14,720.0,24,bus_tapin_clusters,900.0,720.0
line,405路(四惠枢纽站--孙河公交场站),15,514.2857142857143,30,bus_tapin_clusters,690.0,514.2857142857143
line,405路(四惠枢纽站--孙河公交场站),16,400.0,42,bus_tapin_clusters,480.0,400.0
line,405路(四惠枢纽站--孙河公交场站),17,400.0,40,bus_tapin_clusters,480.0,400.0
line,405路(四惠枢纽站--孙河公交场站),18,514.2857142857143,31,bus_tapin_clusters,600.0,514.2857142857143
line,405路(四惠枢纽站--孙河公交场站),19,450.0,35,bus_tapin_clusters,600.0,450.0
line,405路(四惠枢纽站--孙河公交场站),20,514.2857142857143,33,bus_tapin_clusters,600.0,514.2857142857143
line,405路(四惠枢纽站--孙河公交场站),21,900.0,21,bus_tapin_clusters,900.0,900.0
line,405路(四惠枢纽站--孙河公交场站),22,1020.0,4,bus_tapin_clusters,1020.0,1200.0
line,395路(复兴门南--富丰桥西),5,1140.0,2,bus_tapin_clusters,1140.0,1800.0
line,395路(复兴门南--富丰桥西),6,600.0,16,bus_tapin_clusters,690.0,600.0
line,395路(复兴门南--富丰桥西),7,514.2857142857143,24,bus_tapin_clusters,780.0,514.2857142857143
line,395路(复兴门南--富丰桥西),9,420.0,15,bus_tapin_clusters,420.0,450.0
line,395路(复兴门南--富丰桥西),10,900.0,15,bus_tapin_clusters,1020.0,900.0
line,395路(复兴门南--富丰桥西),11,900.0,17,bus_tapin_clusters,1200.0,900.0
line,395路(复兴门南--富丰桥西),12,900.0,22,bus_tapin_clusters,1050.0,900.0
line,395路(复兴门南--富丰桥西),13,1080.0,15,bus_tapin_clusters,1080.0,1200.0
line,395路(复兴门南--富丰桥西),15,600.0,20,bus_tapin_clusters,915.0,600.0
line,395路(复兴门南--富丰桥西),16,600.0,26,bus_tapin_clusters,780.0,600.0
line,395路(复兴门南--富丰桥西),17,600.0,19,bus_tapin_clusters,1020.0,600.0
line,395路(复兴门南--富丰桥西),18,600.0,24,bus_tapin_clusters,810.0,600.0
line,395路(复兴门南--富丰桥西),19,690.0,22,bus_tapin_clusters,690.0,720.0
line,395路(复兴门南--富丰桥西),21,1410.0,2,bus_tapin_clusters,1410.0,1800.0
line,395路(复兴门南--富丰桥西),8,180.0,10,bus_tapin_clusters,180.0,720.0
line,395路(复兴门南--富丰桥西),14,1140.0,10,bus_tapin_clusters,1140.0,1200.0
line,395路(复兴门南--富丰桥西),20,240.0,3,bus_tapin_clusters,240.0,1800.0
line,419路(甘露园北--国家体育场东),6,540.0,27,bus_tapin_clusters,540.0,600.0
line,419路(甘露园北--国家体育场东),7,450.0,37,bus_tapin_clusters,660.0,450.0
line,419路(甘露园北--国家体育场东),8,600.0,29,bus_tapin_clusters,720.0,600.0
line,419路(甘露园北--国家体育场东),9,450.0,38,bus_tapin_clusters,570.0,450.0
line,419路(甘露园北--国家体育场东),10,600.0,26,bus_tapin_clusters,780.0,600.0
line,419路(甘露园北--国家体育场东),11,720.0,23,bus_tapin_clusters,720.0,900.0
line,419路(甘露园北--国家体育场东),12,514.2857142857143,31,bus_tapin_clusters,780.0,514.2857142857143
line,419路(甘露园北--国家体育场东),13,600.0,24,bus_tapin_clusters,750.0,600.0
line,419路(甘露园北--国家体育场东),14,720.0,25,bus_tapin_clusters,840.0,720.0
line,419路(甘露园北--国家体育场东),15,420.0,36,bus_tapin_clusters,420.0,450.0
line,419路(甘露园北--国家体育场东),16,400.0,45,bus_tapin_clusters,420.0,400.0
line,419路(甘露园北--国家体育场东),17,450.0,39,bus_tapin_clusters,600.0,450.0
line,419路(甘露园北--国家体育场东),18,720.0,25,bus_tapin_clusters,840.0,720.0
line,419路(甘露园北--国家体育场东),19,720.0,21,bus_tapin_clusters,1020.0,720.0
line,419路(甘露园北--国家体育场东),20,600.0,26,bus_tapin_clusters,780.0,600.0
line,419路(甘露园北--国家体育场东),21,720.0,15,bus_tapin_clusters,720.0,720.0
line,419路(甘露园北--国家体育场东),5,1290.0,2,bus_tapin_clusters,1290.0,1800.0
line,637路(北京站东--次渠),5,810.0,2,bus_tapin_clusters,810.0,1800.0
line,637路(北京站东--次渠),6,900.0,9,bus_tapin_clusters,900.0,900.0
line,637路(北京站东--次渠),7,1200.0,16,bus_tapin_clusters,1440.0,1200.0
line,637路(北京站东--次渠),8,720.0,21,bus_tapin_clusters,780.0,720.0
line,637路(北京站东--次渠),9,600.0,28,bus_tapin_clusters,840.0,600.0
line,637路(北京站东--次渠),10,600.0,20,bus_tapin_clusters,630.0,600.0
line,637路(北京站东--次渠),11,720.0,25,bus_tapin_clusters,720.0,720.0
line,637路(北京站东--次渠),12,514.2857142857143,29,bus_tapin_clusters,600.0,514.2857142857143
line,637路(北京站东--次渠),13,900.0,17,bus_tapin_clusters,1200.0,900.0
line,637路(北京站东--次渠),14,450.0,21,bus_tapin_clusters,930.0,450.0
line,637路(北京站东--次渠),15,660.0,18,bus_tapin_clusters,660.0,720.0
line,637路(北京站东--次渠),16,360.0,42,bus_tapin_clusters,390.0,360.0
line,637路(北京站东--次渠),17,360.0,21,bus_tapin_clusters,360.0,360.0
line,637路(北京站东--次渠),18,450.0,25,bus_tapin_clusters,540.0,450.0
line,637路(北京站东--次渠),19,514.2857142857143,31,bus_tapin_clusters,660.0,514.2857142857143
line,637路(北京站东--次渠),20,720.0,21,bus_tapin_clusters,840.0,720.0
line,637路(北京站东--次渠),21,960.0,4,bus_tapin_clusters,960.0,1200.0
line,440路(弘善家园西站--经海七路公交场站),7,540.0,22,bus_tapin_clusters,540.0,600.0
line,440路(弘善家园西站--经海七路公交场站),8,720.0,14,bus_tapin_clusters,840.0,720.0
line,440路(弘善家园西站--经海七路公交场站),9,720.0,17,bus_tapin_clusters,840.0,720.0
line,440路(弘善家园西站--经海七路公交场站),11,900.0,10,bus_tapin_clusters,930.0,900.0
line,440路(弘善家园西站--经海七路公交场站),12,1200.0,5,bus_tapin_clusters,1380.0,1200.0
line,440路(弘善家园西站--经海七路公交场站),13,1560.0,3,bus_tapin_clusters,1560.0,1800.0
line,440路(弘善家园西站--经海七路公交场站),14,1200.0,9,bus_tapin_clusters,1860.0,1200.0
line,440路(弘善家园西站--经海七路公交场站),15,660.0,14,bus_tapin_clusters,660.0,720.0
line,440路(弘善家园西站--经海七路公交场站),16,450.0,19,bus_tapin_clusters,450.0,600.0
line,440路(弘善家园西站--经海七路公交场站),17,450.0,32,bus_tapin_clusters,540.0,450.0
line,440路(弘善家园西站--经海七路公交场站),18,514.2857142857143,21,bus_tapin_clusters,960.0,514.2857142857143
line,440路(弘善家园西站--经海七路公交场站),19,300.0,26,bus_tapin_clusters,300.0,514.2857142857143
line,440路(弘善家园西站--经海七路公交场站),20,514.2857142857143,21,bus_tapin_clusters,660.0,514.2857142857143
line,440路(弘善家园西站--经海七路公交场站),21,780.0,4,bus_tapin_clusters,780.0,1200.0
line,440路(弘善家园西站--经海七路公交场站),10,900.0,10,bus_tapin_clusters,1050.0,900.0
line,440路(弘善家园西站--经海七路公交场站),6,1005.0,2,bus_tapin_clusters,1005.0,1800.0
line,374路(颐和园新建宫门--北京西站),6,450.0,37,bus_tapin_clusters,600.0,450.0
line,374路(颐和园新建宫门--北京西站),7,514.2857142857143,36,bus_tapin_clusters,540.0,514.2857142857143
line,374路(颐和园新建宫门--北京西站),8,480.0,33,bus_tapin_clusters,480.0,514.2857142857143
line,374路(颐和园新建宫门--北京西站),9,480.0,33,bus_tapin_clusters,480.0,514.2857142857143
line,374路(颐和园新建宫门--北京西站),10,510.0,36,bus_tapin_clusters,510.0,514.2857142857143
line,374路(颐和园新建宫门--北京西站),11,600.0,25,bus_tapin_clusters,690.0,600.0
line,374路(颐和园新建宫门--北京西站),12,600.0,26,bus_tapin_clusters,660.0,600.0
line,374路(颐和园新建宫门--北京西站),13,450.0,33,bus_tapin_clusters,480.0,450.0
line,374路(颐和园新建宫门--北京西站),14,720.0,26,bus_tapin_clusters,810.0,720.0
line,374路(颐和园新建宫门--北京西站),15,450.0,36,bus_tapin_clusters,480.0,450.0
line,374路(颐和园新建宫门--北京西站),16,450.0,37,bus_tapin_clusters,540.0,450.0
line,374路(颐和园新建宫门--北京西站),17,276.9230769230769,43,bus_tapin_clusters,330.0,276.9230769230769
line,374路(颐和园新建宫门--北京西站),18,450.0,34,bus_tapin_clusters,630.0,450.0
line,374路(颐和园新建宫门--北京西站),19,660.0,22,bus_tapin_clusters,660.0,720.0
line,374路(颐和园新建宫门--北京西站),20,600.0,19,bus_tapin_clusters,840.0,600.0
line,374路(颐和园新建宫门--北京西站),21,1800.0,6,bus_tapin_clusters,2400.0,1800.0
line,374路(颐和园新建宫门--北京西站),5,780.0,5,bus_tapin_clusters,780.0,1200.0
line,130路(东湖--北官厅),5,1140.0,4,bus_tapin_clusters,1140.0,1800.0
line,130路(东湖--北官厅),6,900.0,15,bus_tapin_clusters,1140.0,900.0
line,130路(东湖--北官厅),7,514.2857142857143,30,bus_tapin_clusters,600.0,514.2857142857143
line,130路(东湖--北官厅),8,600.0,29,bus_tapin_clusters,720.0,600.0
line,130路(东湖--北官厅),9,600.0,26,bus_tapin_clusters,780.0,600.0
line,130路(东湖--北官厅),10,900.0,20,bus_tapin_clusters,1050.0,900.0
line,130路(东湖--北官厅),11,600.0,22,bus_tapin_clusters,750.0,600.0
line,130路(东湖--北官厅),13,720.0,21,bus_tapin_clusters,780.0,720.0
line,130路(东湖--北官厅),14,720.0,20,bus_tapin_clusters,780.0,720.0
line,130路(东湖--北官厅),15,900.0,17,bus_tapin_clusters,1140.0,900.0
line,130路(东湖--北官厅),16,600.0,29,bus_tapin_clusters,720.0,600.0
line,130路(东湖--北官厅),17,720.0,22,bus_tapin_clusters,900.0,720.0
line,130路(东湖--北官厅),18,720.0,20,bus_tapin_clusters,870.0,720.0
line,130路(东湖--北官厅),19,514.2857142857143,23,bus_tapin_clusters,660.0,514.2857142857143
line,130路(东湖--北官厅),20,720.0,16,bus_tapin_clusters,780.0,720.0
line,130路(东湖--北官厅),12,720.0,18,bus_tapin_clusters,1020.0,720.0
line,130路(东湖--北官厅),21,990.0,2,bus_tapin_clusters,990.0,1200.0
line,602路(丰台体育中心--老君堂北站),6,450.0,32,bus_tapin_clusters,600.0,450.0
line,602路(丰台体育中心--老君堂北站),7,360.0,27,bus_tapin_clusters,660.0,360.0
line,602路(丰台体育中心--老君堂北站),8,600.0,28,bus_tapin_clusters,690.0,600.0
line,602路(丰台体育中心--老君堂北站),9,720.0,22,bus_tapin_clusters,840.0,720.0
line,602路(丰台体育中心--老君堂北站),10,870.0,22,bus_tapin_clusters,870.0,900.0
line,602路(丰台体育中心--老君堂北站),11,900.0,18,bus_tapin_clusters,1050.0,900.0
line,602路(丰台体育中心--老君堂北站),12,900.0,16,bus_tapin_clusters,930.0,900.0
line,602路(丰台体育中心--老君堂北站),13,900.0,21,bus_tapin_clusters,1020.0,900.0
line,602路(丰台体育中心--老君堂北站),14,720.0,23,bus_tapin_clusters,840.0,720.0
line,602路(丰台体育中心--老君堂北站),15,400.0,29,bus_tapin_clusters,660.0,400.0
line,602路(丰台体育中心--老君堂北站),16,514.2857142857143,28,bus_tapin_clusters,615.0,514.2857142857143
line,602路(丰台体育中心--老君堂北站),17,450.0,29,bus_tapin_clusters,600.0,450.0
line,602路(丰台体育中心--老君堂北站),18,600.0,23,bus_tapin_clusters,720.0,600.0
line,602路(丰台体育中心--老君堂北站),19,600.0,21,bus_tapin_clusters,720.0,600.0
line,602路(丰台体育中心--老君堂北站),20,720.0,11,bus_tapin_clusters,780.0,720.0
line,602路(丰台体育中心--老君堂北站),21,900.0,9,bus_tapin_clusters,900.0,900.0
line,43路(五间楼--团结湖),5,570.0,11,bus_tapin_clusters,570.0,1200.0
line,43路(五间楼--团结湖),6,514.2857142857143,32,bus_tapin_clusters,570.0,514.2857142857143
line,43路(五间楼--团结湖),7,600.0,30,bus_tapin_clusters,690.0,600.0
line,43路(五间楼--团结湖),8,514.2857142857143,29,bus_tapin_clusters,540.0,514.2857142857143
line,43路(五间楼--团结湖),9,900.0,18,bus_tapin_clusters,1260.0,900.0
line,43路(五间楼--团结湖),10,514.2857142857143,20,bus_tapin_clusters,1140.0,514.2857142857143
line,43路(五间楼--团结湖),11,810.0,14,bus_tapin_clusters,810.0,900.0
line,43路(五间楼--团结湖),12,1200.0,14,bus_tapin_clusters,1620.0,1200.0
line,43路(五间楼--团结湖),13,1200.0,8,bus_tapin_clusters,1935.0,1200.0
line,43路(五间楼--团结湖),15,480.0,36,bus_tapin_clusters,480.0,514.2857142857143
line,43路(五间楼--团结湖),16,400.0,40,bus_tapin_clusters,540.0,400.0
line,43路(五间楼--团结湖),17,514.2857142857143,28,bus_tapin_clusters,750.0,514.2857142857143
line,43路(五间楼--团结湖),18,720.0,25,bus_tapin_clusters,720.0,720.0
line,43路(五间楼--团结湖),19,720.0,15,bus_tapin_clusters,960.0,720.0
line,43路(五间楼--团结湖),20,600.0,27,bus_tapin_clusters,720.0,600.0
line,43路(五间楼--团结湖),21,480.0,10,bus_tapin_clusters,480.0,720.0
line,43路(五间楼--团结湖),22,840.0,6,bus_tapin_clusters,840.0,900.0
line,43路(五间楼--团结湖),14,1800.0,2,bus_tapin_clusters,2430.0,1800.0
line,41路(东单路口南--金蝉西路南口),5,600.0,2,bus_tapin_clusters,600.0,1800.0
line,41路(东单路口南--金蝉西路南口),6,600.0,20,bus_tapin_clusters,600.0,720.0
line,41路(东单路口南--金蝉西路南口),7,400.0,35,bus_tapin_clusters,540.0,400.0
line,41路(东单路口南--金蝉西路南口),8,390.0,45,bus_tapin_clusters,390.0,400.0
line,41路(东单路口南--金蝉西路南口),9,285.0,56,bus_tapin_clusters,285.0,327.27272727272725
line,41路(东单路口南--金蝉西路南口),10,276.9230769230769,53,bus_tapin_clusters,300.0,276.9230769230769
line,41路(东单路口南--金蝉西路南口),11,450.0,37,bus_tapin_clusters,510.0,450.0
line,41路(东单路口南--金蝉西路南口),12,300.0,50,bus_tapin_clusters,360.0,300.0
line,41路(东单路口南--金蝉西路南口),13,327.27272727272725,32,bus_tapin_clusters,450.0,327.27272727272725
line,41路(东单路口南--金蝉西路南口),14,450.0,31,bus_tapin_clusters,480.0,450.0
line,41路(东单路口南--金蝉西路南口),15,300.0,53,bus_tapin_clusters,300.0,327.27272727272725
line,41路(东单路口南--金蝉西路南口),16,300.0,62,bus_tapin_clusters,300.0,300.0
line,41路(东单路口南--金蝉西路南口),17,300.0,53,bus_tapin_clusters,360.0,300.0
line,41路(东单路口南--金蝉西路南口),18,300.0,58,bus_tapin_clusters,300.0,327.27272727272725
line,41路(东单路口南--金蝉西路南口),19,450.0,44,bus_tapin_clusters,480.0,450.0
line,41路(东单路口南--金蝉西路南口),20,400.0,38,bus_tapin_clusters,480.0,400.0
line,41路(东单路口南--金蝉西路南口),21,400.0,33,bus_tapin_clusters,540.0,400.0
line,41路(东单路口南--金蝉西路南口),22,600.0,17,bus_tapin_clusters,720.0,600.0
line,41路(东单路口南--金蝉西路南口),23,930.0,2,bus_tapin_clusters,930.0,1200.0
line,486路(西直河南站--辛庄),6,600.0,14,bus_tapin_clusters,600.0,600.0
line,486路(西直河南站--辛庄),7,400.0,32,bus_tapin_clusters,465.0,400.0
line,486路(西直河南站--辛庄),8,900.0,14,bus_tapin_clusters,1140.0,900.0
line,486路(西直河南站--辛庄),9,720.0,21,bus_tapin_clusters,780.0,720.0
line,486路(西直河南站--辛庄),10,514.2857142857143,16,bus_tapin_clusters,1080.0,514.2857142857143
line,486路(西直河南站--辛庄),11,720.0,18,bus_tapin_clusters,870.0,720.0
line,486路(西直河南站--辛庄),12,900.0,11,bus_tapin_clusters,1440.0,900.0
line,486路(西直河南站--辛庄),13,720.0,19,bus_tapin_clusters,840.0,720.0
line,486路(西直河南站--辛庄),14,900.0,14,bus_tapin_clusters,1065.0,900.0
line,486路(西直河南站--辛庄),15,600.0,19,bus_tapin_clusters,780.0,600.0
line,486路(西直河南站--辛庄),16,900.0,15,bus_tapin_clusters,900.0,900.0
line,486路(西直河南站--辛庄),17,900.0,11,bus_tapin_clusters,1200.0,900.0
line,486路(西直河南站--辛庄),18,900.0,16,bus_tapin_clusters,960.0,900.0
line,486路(西直河南站--辛庄),19,720.0,16,bus_tapin_clusters,870.0,720.0
line,486路(西直河南站--辛庄),21,720.0,7,bus_tapin_clusters,720.0,1200.0
line,486路(西直河南站--辛庄),20,1560.0,2,bus_tapin_clusters,1560.0,1800.0
line,501路(南苑机场--草桥东路北口),6,960.0,8,bus_tapin_clusters,960.0,1200.0
line,501路(南苑机场--草桥东路北口),7,600.0,26,bus_tapin_clusters,720.0,600.0
line,501路(南苑机场--草桥东路北口),8,900.0,20,bus_tapin_clusters,1035.0,900.0
line,501路(南苑机场--草桥东路北口),9,720.0,27,bus_tapin_clusters,780.0,720.0
line,501路(南苑机场--草桥东路北口),11,900.0,14,bus_tapin_clusters,1410.0,900.0
line,501路(南苑机场--草桥东路北口),12,720.0,5,bus_tapin_clusters,720.0,1200.0
line,501路(南苑机场--草桥东路北口),13,900.0,11,bus_tapin_clusters,1200.0,900.0
line,501路(南苑机场--草桥东路北口),14,900.0,10,bus_tapin_clusters,930.0,900.0
line,501路(南苑机场--草桥东路北口),16,1200.0,13,bus_tapin_clusters,1320.0,1200.0
line,501路(南苑机场--草桥东路北口),17,900.0,17,bus_tapin_clusters,1320.0,900.0
line,501路(南苑机场--草桥东路北口),18,1110.0,12,bus_tapin_clusters,1110.0,1200.0
line,501路(南苑机场--草桥东路北口),19,1650.0,2,bus_tapin_clusters,1650.0,1800.0
line,501路(南苑机场--草桥东路北口),10,900.0,15,bus_tapin_clusters,900.0,900.0
line,501路(南苑机场--草桥东路北口),15,1800.0,3,bus_tapin_clusters,3060.0,1800.0
line,821路(小周易村--方庄南口),6,600.0,17,bus_tapin_clusters,840.0,600.0
line,821路(小周易村--方庄南口),7,600.0,27,bus_tapin_clusters,720.0,600.0
line,821路(小周易村--方庄南口),8,720.0,17,bus_tapin_clusters,900.0,720.0
line,821路(小周易村--方庄南口),9,600.0,32,bus_tapin_clusters,675.0,600.0
line,821路(小周易村--方庄南口),10,600.0,29,bus_tapin_clusters,780.0,600.0
line,821路(小周易村--方庄南口),11,900.0,15,bus_tapin_clusters,1260.0,900.0
line,821路(小周易村--方庄南口),12,600.0,22,bus_tapin_clusters,780.0,600.0
line,821路(小周易村--方庄南口),13,720.0,22,bus_tapin_clusters,960.0,720.0
line,821路(小周易村--方庄南口),14,600.0,22,bus_tapin_clusters,630.0,600.0
line,821路(小周易村--方庄南口),15,720.0,21,bus_tapin_clusters,780.0,720.0
line,821路(小周易村--方庄南口),16,514.2857142857143,31,bus_tapin_clusters,600.0,514.2857142857143
line,821路(小周易村--方庄南口),17,514.2857142857143,30,bus_tapin_clusters,570.0,514.2857142857143
line,821路(小周易村--方庄南口),18,600.0,27,bus_tapin_clusters,750.0,600.0
line,821路(小周易村--方庄南口),19,600.0,20,bus_tapin_clusters,990.0,600.0
line,821路(小周易村--方庄南口),20,900.0,13,bus_tapin_clusters,1140.0,900.0
line,821路(小周易村--方庄南口),21,510.0,6,bus_tapin_clusters,510.0,720.0
line,821路(小周易村--方庄南口),5,540.0,3,bus_tapin_clusters,540.0,1200.0
line,380路(嘉铭园公交场站--德胜门),6,900.0,19,bus_tapin_clusters,900.0,900.0
line,380路(嘉铭园公交场站--德胜门),7,720.0,25,bus_tapin_clusters,840.0,720.0
line,380路(嘉铭园公交场站--德胜门),8,600.0,30,bus_tapin_clusters,720.0,600.0
line,380路(嘉铭园公交场站--德胜门),9,514.2857142857143,34,bus_tapin_clusters,600.0,514.2857142857143
line,380路(嘉铭园公交场站--德胜门),10,720.0,23,bus_tapin_clusters,840.0,720.0
line,380路(嘉铭园公交场站--德胜门),11,840.0,17,bus_tapin_clusters,840.0,900.0
line,380路(嘉铭园公交场站--德胜门),12,720.0,15,bus_tapin_clusters,720.0,900.0
line,380路(嘉铭园公交场站--德胜门),14,840.0,19,bus_tapin_clusters,840.0,900.0
line,380路(嘉铭园公交场站--德胜门),15,720.0,24,bus_tapin_clusters,720.0,720.0
line,380路(嘉铭园公交场站--德胜门),16,720.0,25,bus_tapin_clusters,780.0,720.0
line,380路(嘉铭园公交场站--德胜门),17,720.0,26,bus_tapin_clusters,870.0,720.0
line,380路(嘉铭园公交场站--德胜门),18,720.0,16,bus_tapin_clusters,990.0,720.0
line,380路(嘉铭园公交场站--德胜门),19,1200.0,12,bus_tapin_clusters,1200.0,1200.0
line,380路(嘉铭园公交场站--德胜门),20,1050.0,14,bus_tapin_clusters,1050.0,1200.0
line,380路(嘉铭园公交场站--德胜门),5,930.0,2,bus_tapin_clusters,930.0,1800.0
line,380路(嘉铭园公交场站--德胜门),13,720.0,14,bus_tapin_clusters,990.0,720.0
line,380路(嘉铭园公交场站--德胜门),21,900.0,5,bus_tapin_clusters,960.0,900.0
line,307路(巴沟村--龙域北街东口),6,1200.0,4,bus_tapin_clusters,1740.0,1200.0
line,307路(巴沟村--龙域北街东口),8,900.0,9,bus_tapin_clusters,1320.0,900.0
line,307路(巴沟村--龙域北街东口),9,900.0,8,bus_tapin_clusters,1455.0,900.0
line,307路(巴沟村--龙域北街东口),10,900.0,9,bus_tapin_clusters,1200.0,900.0
line,307路(巴沟村--龙域北街东口),13,900.0,9,bus_tapin_clusters,960.0,900.0
line,307路(巴沟村--龙域北街东口),14,1200.0,5,bus_tapin_clusters,1500.0,1200.0
line,307路(巴沟村--龙域北街东口),15,720.0,10,bus_tapin_clusters,1140.0,720.0
line,307路(巴沟村--龙域北街东口),16,690.0,10,bus_tapin_clusters,690.0,900.0
line,307路(巴沟村--龙域北街东口),17,1140.0,2,bus_tapin_clusters,1140.0,1200.0
line,307路(巴沟村--龙域北街东口),20,1200.0,3,bus_tapin_clusters,2460.0,1200.0
line,307路(巴沟村--龙域北街东口),12,1410.0,4,bus_tapin_clusters,1410.0,1800.0
line,307路(巴沟村--龙域北街东口),18,1140.0,3,bus_tapin_clusters,1140.0,1200.0
line,307路(巴沟村--龙域北街东口),7,1020.0,3,bus_tapin_clusters,1020.0,1200.0
line,307路(巴沟村--龙域北街东口),11,660.0,2,bus_tapin_clusters,660.0,1200.0
line,140路(北京站东街--石佛营西里),7,1410.0,4,bus_tapin_clusters,1410.0,1800.0
line,140路(北京站东街--石佛营西里),8,720.0,8,bus_tapin_clusters,720.0,900.0
line,140路(北京站东街--石佛营西里),9,1200.0,3,bus_tapin_clusters,1200.0,1200.0
line,140路(北京站东街--石佛营西里),10,690.0,8,bus_tapin_clusters,690.0,720.0
line,140路(北京站东街--石佛营西里),11,720.0,7,bus_tapin_clusters,840.0,720.0
line,140路(北京站东街--石佛营西里),12,570.0,2,bus_tapin_clusters,570.0,1200.0
line,140路(北京站东街--石佛营西里),14,1545.0,4,bus_tapin_clusters,1545.0,1800.0
line,140路(北京站东街--石佛营西里),15,1140.0,5,bus_tapin_clusters,1140.0,1200.0
line,140路(北京站东街--石佛营西里),16,720.0,8,bus_tapin_clusters,840.0,720.0
line,140路(北京站东街--石佛营西里),17,720.0,6,bus_tapin_clusters,930.0,720.0
line,140路(北京站东街--石佛营西里),20,750.0,2,bus_tapin_clusters,750.0,1200.0
line,140路(北京站东街--石佛营西里),13,1140.0,3,bus_tapin_clusters,1140.0,1200.0
line,497路(郭公庄西--木樨园桥),6,570.0,12,bus_tapin_clusters,570.0,600.0
line,497路(郭公庄西--木樨园桥),7,514.2857142857143,13,bus_tapin_clusters,540.0,514.2857142857143
line,497路(郭公庄西--木樨园桥),8,600.0,15,bus_tapin_clusters,720.0,600.0
line,497路(郭公庄西--木樨园桥),9,600.0,11,bus_tapin_clusters,960.0,600.0
line,497路(郭公庄西--木樨园桥),10,900.0,10,bus_tapin_clusters,960.0,900.0
line,497路(郭公庄西--木樨园桥),11,900.0,11,bus_tapin_clusters,1200.0,900.0
line,497路(郭公庄西--木樨园桥),12,720.0,9,bus_tapin_clusters,780.0,720.0
line,497路(郭公庄西--木樨园桥),13,900.0,8,bus_tapin_clusters,1080.0,900.0
line,497路(郭公庄西--木樨园桥),14,990.0,8,bus_tapin_clusters,990.0,1200.0
line,497路(郭公庄西--木樨园桥),15,720.0,11,bus_tapin_clusters,1020.0,720.0
line,497路(郭公庄西--木樨园桥),16,720.0,10,bus_tapin_clusters,840.0,720.0
line,497路(郭公庄西--木樨园桥),17,1200.0,5,bus_tapin_clusters,1650.0,1200.0
line,497路(郭公庄西--木樨园桥),18,900.0,5,bus_tapin_clusters,960.0,900.0
line,657路(东湖--郎辛庄),6,720.0,26,bus_tapin_clusters,870.0,720.0
line,657路(东湖--郎辛庄),7,600.0,30,bus_tapin_clusters,720.0,600.0
line,657路(东湖--郎辛庄),8,600.0,28,bus_tapin_clusters,720.0,600.0
line,657路(东湖--郎辛庄),9,1200.0,15,bus_tapin_clusters,1200.0,1200.0
line,657路(东湖--郎辛庄),10,1200.0,14,bus_tapin_clusters,1350.0,1200.0
line,657路(东湖--郎辛庄),11,900.0,14,bus_tapin_clusters,990.0,900.0
line,657路(东湖--郎辛庄),12,900.0,17,bus_tapin_clusters,1260.0,900.0
line,657路(东湖--郎辛庄),13,780.0,19,bus_tapin_clusters,780.0,900.0
line,657路(东湖--郎辛庄),14,690.0,21,bus_tapin_clusters,690.0,720.0
line,657路(东湖--郎辛庄),15,720.0,20,bus_tapin_clusters,825.0,720.0
line,657路(东湖--郎辛庄),16,514.2857142857143,28,bus_tapin_clusters,630.0,514.2857142857143
line,657路(东湖--郎辛庄),17,514.2857142857143,29,bus_tapin_clusters,540.0,514.2857142857143
line,657路(东湖--郎辛庄),18,514.2857142857143,30,bus_tapin_clusters,690.0,514.2857142857143
line,657路(东湖--郎辛庄),19,720.0,25,bus_tapin_clusters,720.0,720.0
line,657路(东湖--郎辛庄),20,720.0,15,bus_tapin_clusters,960.0,720.0
line,657路(东湖--郎辛庄),21,390.0,16,bus_tapin_clusters,390.0,720.0
line,657路(东湖--郎辛庄),5,690.0,2,bus_tapin_clusters,690.0,1800.0
line,682路(青年路小区--阜安西路),5,1200.0,2,bus_tapin_clusters,1200.0,1800.0
line,682路(青年路小区--阜安西路),6,900.0,14,bus_tapin_clusters,900.0,1200.0
line,682路(青年路小区--阜安西路),7,600.0,27,bus_tapin_clusters,780.0,600.0
line,682路(青年路小区--阜安西路),8,450.0,38,bus_tapin_clusters,540.0,450.0
line,682路(青年路小区--阜安西路),9,450.0,35,bus_tapin_clusters,600.0,450.0
line,682路(青年路小区--阜安西路),10,514.2857142857143,34,bus_tapin_clusters,660.0,514.2857142857143
line,682路(青年路小区--阜安西路),11,600.0,27,bus_tapin_clusters,780.0,600.0
line,682路(青年路小区--阜安西路),12,720.0,23,bus_tapin_clusters,960.0,720.0
line,682路(青年路小区--阜安西路),13,600.0,24,bus_tapin_clusters,750.0,600.0
line,682路(青年路小区--阜安西路),14,720.0,19,bus_tapin_clusters,720.0,720.0
line,682路(青年路小区--阜安西路),15,600.0,27,bus_tapin_clusters,600.0,600.0
line,682路(青年路小区--阜安西路),16,510.0,29,bus_tapin_clusters,510.0,600.0
line,682路(青年路小区--阜安西路),17,514.2857142857143,31,bus_tapin_clusters,780.0,514.2857142857143
line,682路(青年路小区--阜安西路),18,900.0,16,bus_tapin_clusters,1080.0,900.0
line,682路(青年路小区--阜安西路),19,900.0,15,bus_tapin_clusters,900.0,900.0
line,682路(青年路小区--阜安西路),20,900.0,12,bus_tapin_clusters,1080.0,900.0
line,682路(青年路小区--阜安西路),21,540.0,11,bus_tapin_clusters,540.0,900.0
line,669路(万盛北街--大北窑南),7,514.2857142857143,19,bus_tapin_clusters,540.0,514.2857142857143
line,669路(万盛北街--大北窑南),8,450.0,23,bus_tapin_clusters,540.0,450.0
line,669路(万盛北街--大北窑南),9,720.0,14,bus_tapin_clusters,750.0,720.0
line,669路(万盛北街--大北窑南),10,840.0,11,bus_tapin_clusters,840.0,900.0
line,669路(万盛北街--大北窑南),11,720.0,13,bus_tapin_clusters,960.0,720.0
line,669路(万盛北街--大北窑南),12,720.0,10,bus_tapin_clusters,720.0,720.0
line,669路(万盛北街--大北窑南),13,900.0,11,bus_tapin_clusters,1200.0,900.0
line,669路(万盛北街--大北窑南),14,900.0,8,bus_tapin_clusters,1410.0,900.0
line,669路(万盛北街--大北窑南),15,600.0,12,bus_tapin_clusters,810.0,600.0
line,669路(万盛北街--大北窑南),16,720.0,11,bus_tapin_clusters,780.0,720.0
line,669路(万盛北街--大北窑南),17,450.0,18,bus_tapin_clusters,480.0,450.0
line,669路(万盛北街--大北窑南),18,600.0,12,bus_tapin_clusters,780.0,600.0
line,669路(万盛北街--大北窑南),19,660.0,7,bus_tapin_clusters,660.0,1200.0
line,669路(万盛北街--大北窑南),20,780.0,7,bus_tapin_clusters,780.0,900.0
line,669路(万盛北街--大北窑南),6,720.0,7,bus_tapin_clusters,1350.0,720.0
line,33路(公主坟西--远大路东口),6,1800.0,4,bus_tapin_clusters,2460.0,1800.0
line,33路(公主坟西--远大路东口),7,900.0,15,bus_tapin_clusters,1020.0,900.0
line,33路(公主坟西--远大路东口),8,300.0,19,bus_tapin_clusters,300.0,514.2857142857143
line,33路(公主坟西--远大路东口),9,300.0,23,bus_tapin_clusters,720.0,300.0
line,33路(公主坟西--远大路东口),11,180.0,5,bus_tapin_clusters,180.0,600.0
line,33路(公主坟西--远大路东口),14,450.0,22,bus_tapin_clusters,570.0,450.0
line,33路(公主坟西--远大路东口),15,720.0,20,bus_tapin_clusters,840.0,720.0
line,33路(公主坟西--远大路东口),16,540.0,9,bus_tapin_clusters,540.0,1200.0
line,33路(公主坟西--远大路东口),10,900.0,6,bus_tapin_clusters,1335.0,900.0
line,33路(公主坟西--远大路东口),13,180.0,7,bus_tapin_clusters,180.0,900.0
line,33路(公主坟西--远大路东口),17,180.0,8,bus_tapin_clusters,180.0,600.0
line,33路(公主坟西--远大路东口),21,1800.0,6,bus_tapin_clusters,2340.0,1800.0
line,33路(公主坟西--远大路东口),19,1200.0,3,bus_tapin_clusters,1650.0,1200.0
line,33路(公主坟西--远大路东口),18,180.0,10,bus_tapin_clusters,180.0,400.0
line,958路(龙潭公园--雍王府),5,840.0,4,bus_tapin_clusters,840.0,1800.0
line,958路(龙潭公园--雍王府),6,720.0,22,bus_tapin_clusters,720.0,720.0
line,958路(龙潭公园--雍王府),7,600.0,28,bus_tapin_clusters,780.0,600.0
line,958路(龙潭公园--雍王府),8,720.0,25,bus_tapin_clusters,900.0,720.0
line,958路(龙潭公园--雍王府),9,720.0,18,bus_tapin_clusters,870.0,720.0
line,958路(龙潭公园--雍王府),10,720.0,27,bus_tapin_clusters,840.0,720.0
line,958路(龙潭公园--雍王府),11,720.0,19,bus_tapin_clusters,1080.0,720.0
line,958路(龙潭公园--雍王府),12,900.0,18,bus_tapin_clusters,1140.0,900.0
line,958路(龙潭公园--雍王府),13,900.0,17,bus_tapin_clusters,1170.0,900.0
line,958路(龙潭公园--雍王府),14,720.0,18,bus_tapin_clusters,960.0,720.0
line,958路(龙潭公园--雍王府),15,720.0,23,bus_tapin_clusters,1080.0,720.0
line,958路(龙潭公园--雍王府),16,720.0,20,bus_tapin_clusters,1050.0,720.0
line,958路(龙潭公园--雍王府),17,720.0,25,bus_tapin_clusters,840.0,720.0
line,958路(龙潭公园--雍王府),18,720.0,21,bus_tapin_clusters,900.0,720.0
line,958路(龙潭公园--雍王府),19,720.0,19,bus_tapin_clusters,1200.0,720.0
line,958路(龙潭公园--雍王府),20,720.0,14,bus_tapin_clusters,1020.0,720.0
line,76路(张仪村公交场站--核桃园东街),7,630.0,26,bus_tapin_clusters,630.0,720.0
line,76路(张仪村公交场站--核桃园东街),8,300.0,45,bus_tapin_clusters,300.0,450.0
line,76路(张仪村公交场站--核桃园东街),9,400.0,37,bus_tapin_clusters,420.0,400.0
line,76路(张仪村公交场站--核桃园东街),10,900.0,16,bus_tapin_clusters,1290.0,900.0
line,76路(张仪村公交场站--核桃园东街),11,480.0,33,bus_tapin_clusters,480.0,600.0
line,76路(张仪村公交场站--核桃园东街),12,585.0,18,bus_tapin_clusters,585.0,720.0
line,76路(张仪村公交场站--核桃园东街),13,514.2857142857143,32,bus_tapin_clusters,750.0,514.2857142857143
line,76路(张仪村公交场站--核桃园东街),14,720.0,18,bus_tapin_clusters,1005.0,720.0
line,76路(张仪村公交场站--核桃园东街),15,450.0,45,bus_tapin_clusters,480.0,450.0
line,76路(张仪村公交场站--核桃园东街),16,360.0,32,bus_tapin_clusters,360.0,450.0
line,76路(张仪村公交场站--核桃园东街),17,514.2857142857143,30,bus_tapin_clusters,570.0,514.2857142857143
line,76路(张仪村公交场站--核桃园东街),18,450.0,38,bus_tapin_clusters,540.0,450.0
line,76路(张仪村公交场站--核桃园东街),20,900.0,15,bus_tapin_clusters,1080.0,900.0
line,76路(张仪村公交场站--核桃园东街),5,210.0,3,bus_tapin_clusters,210.0,1200.0
line,76路(张仪村公交场站--核桃园东街),6,600.0,20,bus_tapin_clusters,630.0,600.0
line,76路(张仪村公交场站--核桃园东街),21,1200.0,3,bus_tapin_clusters,1320.0,1200.0
line,76路(张仪村公交场站--核桃园东街),19,900.0,4,bus_tapin_clusters,1170.0,900.0
line,26路(二里庄--天宁寺桥东),6,720.0,19,bus_tapin_clusters,780.0,720.0
line,26路(二里庄--天宁寺桥东),7,600.0,26,bus_tapin_clusters,810.0,600.0
line,26路(二里庄--天宁寺桥东),8,400.0,36,bus_tapin_clusters,450.0,400.0
line,26路(二里庄--天宁寺桥东),9,450.0,38,bus_tapin_clusters,660.0,450.0
line,26路(二里庄--天宁寺桥东),10,514.2857142857143,29,bus_tapin_clusters,600.0,514.2857142857143
line,26路(二里庄--天宁寺桥东),11,450.0,33,bus_tapin_clusters,660.0,450.0
line,26路(二里庄--天宁寺桥东),12,570.0,28,bus_tapin_clusters,570.0,600.0
line,26路(二里庄--天宁寺桥东),13,600.0,22,bus_tapin_clusters,1110.0,600.0
line,26路(二里庄--天宁寺桥东),14,300.0,21,bus_tapin_clusters,300.0,900.0
line,26路(二里庄--天宁寺桥东),15,400.0,33,bus_tapin_clusters,480.0,400.0
line,26路(二里庄--天宁寺桥东),16,450.0,35,bus_tapin_clusters,480.0,450.0
line,26路(二里庄--天宁寺桥东),17,400.0,43,bus_tapin_clusters,420.0,400.0
line,26路(二里庄--天宁寺桥东),18,400.0,37,bus_tapin_clusters,540.0,400.0
line,26路(二里庄--天宁寺桥东),19,600.0,18,bus_tapin_clusters,600.0,600.0
line,26路(二里庄--天宁寺桥东),20,514.2857142857143,25,bus_tapin_clusters,660.0,514.2857142857143
line,26路(二里庄--天宁寺桥东),21,600.0,26,bus_tapin_clusters,660.0,600.0
line,101路(百万庄西口--红庙路口东),6,600.0,19,bus_tapin_clusters,780.0,600.0
line,101路(百万庄西口--红庙路口东),7,525.0,20,bus_tapin_clusters,525.0,600.0
line,101路(百万庄西口--红庙路口东),8,420.0,36,bus_tapin_clusters,420.0,514.2857142857143
line,101路(百万庄西口--红庙路口东),9,276.9230769230769,36,bus_tapin_clusters,435.0,276.9230769230769
line,101路(百万庄西口--红庙路口东),10,600.0,19,bus_tapin_clusters,900.0,600.0
line,101路(百万庄西口--红庙路口东),11,420.0,24,bus_tapin_clusters,420.0,514.2857142857143
line,101路(百万庄西口--红庙路口东),12,720.0,19,bus_tapin_clusters,1320.0,720.0
line,101路(百万庄西口--红庙路口东),13,514.2857142857143,29,bus_tapin_clusters,540.0,514.2857142857143
line,101路(百万庄西口--红庙路口东),14,720.0,24,bus_tapin_clusters,720.0,720.0
line,101路(百万庄西口--红庙路口东),15,360.0,18,bus_tapin_clusters,810.0,360.0
line,101路(百万庄西口--红庙路口东),16,327.27272727272725,40,bus_tapin_clusters,360.0,327.27272727272725
line,101路(百万庄西口--红庙路口东),17,400.0,30,bus_tapin_clusters,420.0,400.0
line,101路(百万庄西口--红庙路口东),19,600.0,20,bus_tapin_clusters,705.0,600.0
line,101路(百万庄西口--红庙路口东),18,360.0,24,bus_tapin_clusters,360.0,400.0
line,101路(百万庄西口--红庙路口东),20,1020.0,8,bus_tapin_clusters,1020.0,1200.0
line,101路(百万庄西口--红庙路口东),21,990.0,4,bus_tapin_clusters,990.0,1200.0
line,672路(郁金香花园南门--燕莎桥南),6,570.0,8,bus_tapin_clusters,570.0,900.0
line,672路(郁金香花园南门--燕莎桥南),7,720.0,11,bus_tapin_clusters,960.0,720.0
line,672路(郁金香花园南门--燕莎桥南),8,600.0,14,bus_tapin_clusters,705.0,600.0
line,672路(郁金香花园南门--燕莎桥南),9,900.0,9,bus_tapin_clusters,1980.0,900.0
line,672路(郁金香花园南门--燕莎桥南),11,960.0,6,bus_tapin_clusters,960.0,1200.0
line,672路(郁金香花园南门--燕莎桥南),12,1200.0,6,bus_tapin_clusters,1320.0,1200.0
line,672路(郁金香花园南门--燕莎桥南),14,900.0,7,bus_tapin_clusters,1320.0,900.0
line,672路(郁金香花园南门--燕莎桥南),15,1800.0,5,bus_tapin_clusters,2040.0,1800.0
line,672路(郁金香花园南门--燕莎桥南),16,960.0,5,bus_tapin_clusters,960.0,1200.0
line,672路(郁金香花园南门--燕莎桥南),17,570.0,12,bus_tapin_clusters,570.0,720.0
line,672路(郁金香花园南门--燕莎桥南),18,1200.0,6,bus_tapin_clusters,1200.0,1200.0
line,672路(郁金香花园南门--燕莎桥南),19,1800.0,2,bus_tapin_clusters,2040.0,1800.0
line,672路(郁金香花园南门--燕莎桥南),10,660.0,5,bus_tapin_clusters,660.0,900.0
line,672路(郁金香花园南门--燕莎桥南),20,1800.0,2,bus_tapin_clusters,1830.0,1800.0
line,957路(大兴一职--方庄南口),5,870.0,2,bus_tapin_clusters,870.0,1800.0
line,957路(大兴一职--方庄南口),6,630.0,14,bus_tapin_clusters,630.0,720.0
line,957路(大兴一职--方庄南口),7,900.0,12,bus_tapin_clusters,900.0,900.0
line,957路(大兴一职--方庄南口),8,330.0,20,bus_tapin_clusters,330.0,600.0
line,957路(大兴一职--方庄南口),9,900.0,9,bus_tapin_clusters,1020.0,900.0
line,957路(大兴一职--方庄南口),10,600.0,12,bus_tapin_clusters,945.0,600.0
line,957路(大兴一职--方庄南口),11,720.0,16,bus_tapin_clusters,780.0,720.0
line,957路(大兴一职--方庄南口),12,900.0,10,bus_tapin_clusters,960.0,900.0
line,957路(大兴一职--方庄南口),13,720.0,11,bus_tapin_clusters,960.0,720.0
line,957路(大兴一职--方庄南口),14,720.0,12,bus_tapin_clusters,840.0,720.0
line,957路(大兴一职--方庄南口),15,720.0,12,bus_tapin_clusters,900.0,720.0
line,957路(大兴一职--方庄南口),16,450.0,18,bus_tapin_clusters,450.0,600.0
line,957路(大兴一职--方庄南口),17,645.0,16,bus_tapin_clusters,645.0,720.0
line,957路(大兴一职--方庄南口),18,720.0,11,bus_tapin_clusters,780.0,720.0
line,957路(大兴一职--方庄南口),19,600.0,14,bus_tapin_clusters,900.0,600.0
line,957路(大兴一职--方庄南口),20,900.0,2,bus_tapin_clusters,900.0,1200.0
line,915路(南彩汽车站--东直门外),5,1740.0,2,bus_tapin_clusters,1740.0,1800.0
line,915路(南彩汽车站--东直门外),6,1020.0,7,bus_tapin_clusters,1020.0,1200.0
line,915路(南彩汽车站--东直门外),7,900.0,9,bus_tapin_clusters,960.0,900.0
line,915路(南彩汽车站--东直门外),8,600.0,13,bus_tapin_clusters,840.0,600.0
line,915路(南彩汽车站--东直门外),10,900.0,4,bus_tapin_clusters,1050.0,900.0
line,915路(南彩汽车站--东直门外),11,1530.0,2,bus_tapin_clusters,1530.0,1800.0
line,915路(南彩汽车站--东直门外),14,1440.0,4,bus_tapin_clusters,1440.0,1800.0
line,915路(南彩汽车站--东直门外),15,600.0,9,bus_tapin_clusters,840.0,600.0
line,915路(南彩汽车站--东直门外),16,514.2857142857143,10,bus_tapin_clusters,630.0,514.2857142857143
line,915路(南彩汽车站--东直门外),17,240.0,7,bus_tapin_clusters,240.0,514.2857142857143
line,915路(南彩汽车站--东直门外),18,450.0,16,bus_tapin_clusters,450.0,450.0
line,915路(南彩汽车站--东直门外),19,1740.0,5,bus_tapin_clusters,1740.0,1800.0
line,915路(南彩汽车站--东直门外),20,840.0,4,bus_tapin_clusters,840.0,1200.0
line,915路(南彩汽车站--东直门外),9,1800.0,3,bus_tapin_clusters,2220.0,1800.0
line,915路(南彩汽车站--东直门外),21,780.0,2,bus_tapin_clusters,780.0,1200.0
line,378路(老君堂北站--华威路南口),6,900.0,7,bus_tapin_clusters,960.0,900.0
line,378路(老君堂北站--华威路南口),7,600.0,15,bus_tapin_clusters,960.0,600.0
line,378路(老君堂北站--华威路南口),8,600.0,19,bus_tapin_clusters,900.0,600.0
line,378路(老君堂北站--华威路南口),9,810.0,16,bus_tapin_clusters,810.0,900.0
line,378路(老君堂北站--华威路南口),11,720.0,16,bus_tapin_clusters,1290.0,720.0
line,378路(老君堂北站--华威路南口),12,1230.0,8,bus_tapin_clusters,1230.0,1800.0
line,378路(老君堂北站--华威路南口),14,900.0,14,bus_tapin_clusters,1260.0,900.0
line,378路(老君堂北站--华威路南口),15,900.0,9,bus_tapin_clusters,1140.0,900.0
line,378路(老君堂北站--华威路南口),16,720.0,12,bus_tapin_clusters,720.0,900.0
line,378路(老君堂北站--华威路南口),17,720.0,15,bus_tapin_clusters,1080.0,720.0
line,378路(老君堂北站--华威路南口),18,900.0,16,bus_tapin_clusters,1140.0,900.0
line,378路(老君堂北站--华威路南口),19,900.0,10,bus_tapin_clusters,1020.0,900.0
line,378路(老君堂北站--华威路南口),13,1200.0,10,bus_tapin_clusters,1260.0,1200.0
line,378路(老君堂北站--华威路南口),5,540.0,2,bus_tapin_clusters,540.0,1800.0
line,378路(老君堂北站--华威路南口),10,1800.0,4,bus_tapin_clusters,1860.0,1800.0
line,378路(老君堂北站--华威路南口),20,1800.0,2,bus_tapin_clusters,1800.0,1800.0
line,75路(康家沟--和平东桥),6,514.2857142857143,34,bus_tapin_clusters,570.0,514.2857142857143
line,75路(康家沟--和平东桥),7,360.0,48,bus_tapin_clusters,420.0,360.0
line,75路(康家沟--和平东桥),8,450.0,35,bus_tapin_clusters,480.0,450.0
line,75路(康家沟--和平东桥),9,600.0,26,bus_tapin_clusters,720.0,600.0
line,75路(康家沟--和平东桥),10,514.2857142857143,30,bus_tapin_clusters,600.0,514.2857142857143
line,75路(康家沟--和平东桥),11,720.0,22,bus_tapin_clusters,1020.0,720.0
line,75路(康家沟--和平东桥),12,600.0,25,bus_tapin_clusters,720.0,600.0
line,75路(康家沟--和平东桥),13,720.0,23,bus_tapin_clusters,900.0,720.0
line,75路(康家沟--和平东桥),14,720.0,24,bus_tapin_clusters,1065.0,720.0
line,75路(康家沟--和平东桥),15,450.0,38,bus_tapin_clusters,450.0,450.0
line,75路(康家沟--和平东桥),16,360.0,37,bus_tapin_clusters,360.0,514.2857142857143
line,75路(康家沟--和平东桥),17,450.0,37,bus_tapin_clusters,540.0,450.0
line,75路(康家沟--和平东桥),18,450.0,38,bus_tapin_clusters,600.0,450.0
line,75路(康家沟--和平东桥),19,720.0,23,bus_tapin_clusters,840.0,720.0
line,75路(康家沟--和平东桥),20,600.0,25,bus_tapin_clusters,840.0,600.0
line,75路(康家沟--和平东桥),21,720.0,25,bus_tapin_clusters,840.0,720.0
line,75路(康家沟--和平东桥),5,420.0,5,bus_tapin_clusters,420.0,1200.0
line,75路(康家沟--和平东桥),22,870.0,2,bus_tapin_clusters,870.0,1200.0
line,865路(小红门牌坊村--四惠枢纽站),5,600.0,5,bus_tapin_clusters,600.0,1200.0
line,865路(小红门牌坊村--四惠枢纽站),6,514.2857142857143,22,bus_tapin_clusters,630.0,514.2857142857143
line,865路(小红门牌坊村--四惠枢纽站),7,510.0,25,bus_tapin_clusters,510.0,514.2857142857143
line,865路(小红门牌坊村--四惠枢纽站),8,420.0,21,bus_tapin_clusters,420.0,600.0
line,865路(小红门牌坊村--四惠枢纽站),9,840.0,12,bus_tapin_clusters,840.0,900.0
line,865路(小红门牌坊村--四惠枢纽站),10,600.0,8,bus_tapin_clusters,780.0,600.0
line,865路(小红门牌坊村--四惠枢纽站),11,1200.0,10,bus_tapin_clusters,1200.0,1200.0
line,865路(小红门牌坊村--四惠枢纽站),12,900.0,9,bus_tapin_clusters,1080.0,900.0
line,865路(小红门牌坊村--四惠枢纽站),13,1770.0,2,bus_tapin_clusters,1770.0,1800.0
line,865路(小红门牌坊村--四惠枢纽站),14,840.0,5,bus_tapin_clusters,840.0,1200.0
line,865路(小红门牌坊村--四惠枢纽站),15,900.0,8,bus_tapin_clusters,1410.0,900.0
line,865路(小红门牌坊村--四惠枢纽站),16,840.0,9,bus_tapin_clusters,840.0,900.0
line,865路(小红门牌坊村--四惠枢纽站),17,450.0,23,bus_tapin_clusters,540.0,450.0
line,865路(小红门牌坊村--四惠枢纽站),18,1200.0,5,bus_tapin_clusters,1620.0,1200.0
line,865路(小红门牌坊村--四惠枢纽站),19,900.0,6,bus_tapin_clusters,1140.0,900.0
line,865路(小红门牌坊村--四惠枢纽站),20,990.0,2,bus_tapin_clusters,990.0,1800.0
line,349路(丰台西站--北京西站南广场),6,600.0,26,bus_tapin_clusters,600.0,600.0
line,349路(丰台西站--北京西站南广场),7,720.0,26,bus_tapin_clusters,870.0,720.0
line,349路(丰台西站--北京西站南广场),8,510.0,36,bus_tapin_clusters,510.0,514.2857142857143
line,349路(丰台西站--北京西站南广场),9,600.0,16,bus_tapin_clusters,735.0,600.0
line,349路(丰台西站--北京西站南广场),10,720.0,21,bus_tapin_clusters,780.0,720.0
line,349路(丰台西站--北京西站南广场),12,514.2857142857143,26,bus_tapin_clusters,840.0,514.2857142857143
line,349路(丰台西站--北京西站南广场),13,480.0,10,bus_tapin_clusters,480.0,900.0
line,349路(丰台西站--北京西站南广场),14,720.0,24,bus_tapin_clusters,900.0,720.0
line,349路(丰台西站--北京西站南广场),15,840.0,12,bus_tapin_clusters,840.0,900.0
line,349路(丰台西站--北京西站南广场),17,600.0,21,bus_tapin_clusters,780.0,600.0
line,349路(丰台西站--北京西站南广场),19,900.0,10,bus_tapin_clusters,1830.0,900.0
line,349路(丰台西站--北京西站南广场),11,720.0,14,bus_tapin_clusters,900.0,720.0
line,349路(丰台西站--北京西站南广场),16,270.0,10,bus_tapin_clusters,270.0,450.0
line,349路(丰台西站--北京西站南广场),18,330.0,6,bus_tapin_clusters,330.0,600.0
line,349路(丰台西站--北京西站南广场),20,240.0,8,bus_tapin_clusters,240.0,450.0
line,123路(左家庄桥西--牡丹园西),6,420.0,28,bus_tapin_clusters,420.0,600.0
line,123路(左家庄桥西--牡丹园西),7,300.0,47,bus_tapin_clusters,300.0,327.27272727272725
line,123路(左家庄桥西--牡丹园西),8,300.0,45,bus_tapin_clusters,300.0,360.0
line,123路(左家庄桥西--牡丹园西),9,360.0,39,bus_tapin_clusters,360.0,400.0
line,123路(左家庄桥西--牡丹园西),10,514.2857142857143,32,bus_tapin_clusters,540.0,514.2857142857143
line,123路(左家庄桥西--牡丹园西),11,300.0,37,bus_tapin_clusters,300.0,400.0
line,123路(左家庄桥西--牡丹园西),12,514.2857142857143,25,bus_tapin_clusters,540.0,514.2857142857143
line,123路(左家庄桥西--牡丹园西),13,600.0,29,bus_tapin_clusters,600.0,600.0
line,123路(左家庄桥西--牡丹园西),14,540.0,28,bus_tapin_clusters,540.0,600.0
line,123路(左家庄桥西--牡丹园西),15,327.27272727272725,46,bus_tapin_clusters,360.0,327.27272727272725
line,123路(左家庄桥西--牡丹园西),16,360.0,37,bus_tapin_clusters,360.0,400.0
line,123路(左家庄桥西--牡丹园西),17,327.27272727272725,39,bus_tapin_clusters,360.0,327.27272727272725
line,123路(左家庄桥西--牡丹园西),18,450.0,26,bus_tapin_clusters,450.0,600.0
line,123路(左家庄桥西--牡丹园西),19,420.0,35,bus_tapin_clusters,420.0,450.0
line,123路(左家庄桥西--牡丹园西),20,514.2857142857143,27,bus_tapin_clusters,540.0,514.2857142857143
line,123路(左家庄桥西--牡丹园西),21,600.0,17,bus_tapin_clusters,780.0,600.0
line,123路(左家庄桥西--牡丹园西),5,420.0,3,bus_tapin_clusters,420.0,1200.0
line,536路(屏翠西路东口--左家庄),6,600.0,17,bus_tapin_clusters,870.0,600.0
line,536路(屏翠西路东口--左家庄),7,514.2857142857143,32,bus_tapin_clusters,600.0,514.2857142857143
line,536路(屏翠西路东口--左家庄),8,600.0,23,bus_tapin_clusters,750.0,600.0
line,536路(屏翠西路东口--左家庄),9,514.2857142857143,35,bus_tapin_clusters,540.0,514.2857142857143
line,536路(屏翠西路东口--左家庄),10,1200.0,13,bus_tapin_clusters,1410.0,1200.0
line,536路(屏翠西路东口--左家庄),11,600.0,23,bus_tapin_clusters,840.0,600.0
line,536路(屏翠西路东口--左家庄),12,514.2857142857143,22,bus_tapin_clusters,720.0,514.2857142857143
line,536路(屏翠西路东口--左家庄),13,720.0,19,bus_tapin_clusters,900.0,720.0
line,536路(屏翠西路东口--左家庄),14,720.0,15,bus_tapin_clusters,1440.0,720.0
line,536路(屏翠西路东口--左家庄),15,600.0,22,bus_tapin_clusters,810.0,600.0
line,536路(屏翠西路东口--左家庄),16,600.0,29,bus_tapin_clusters,600.0,720.0
line,536路(屏翠西路东口--左家庄),17,514.2857142857143,28,bus_tapin_clusters,870.0,514.2857142857143
line,536路(屏翠西路东口--左家庄),18,720.0,19,bus_tapin_clusters,780.0,720.0
line,536路(屏翠西路东口--左家庄),19,660.0,23,bus_tapin_clusters,660.0,720.0
line,536路(屏翠西路东口--左家庄),20,900.0,15,bus_tapin_clusters,900.0,900.0
line,536路(屏翠西路东口--左家庄),21,840.0,12,bus_tapin_clusters,840.0,900.0
line,536路(屏翠西路东口--左家庄),5,840.0,6,bus_tapin_clusters,840.0,1800.0
line,95路(康家沟--惠新西街南口),6,400.0,34,bus_tapin_clusters,600.0,400.0
line,95路(康家沟--惠新西街南口),7,600.0,30,bus_tapin_clusters,690.0,600.0
line,95路(康家沟--惠新西街南口),8,514.2857142857143,35,bus_tapin_clusters,540.0,514.2857142857143
line,95路(康家沟--惠新西街南口),9,600.0,32,bus_tapin_clusters,630.0,600.0
line,95路(康家沟--惠新西街南口),10,600.0,25,bus_tapin_clusters,720.0,600.0
line,95路(康家沟--惠新西街南口),11,600.0,21,bus_tapin_clusters,1020.0,600.0
line,95路(康家沟--惠新西街南口),12,600.0,25,bus_tapin_clusters,720.0,600.0
line,95路(康家沟--惠新西街南口),13,514.2857142857143,31,bus_tapin_clusters,660.0,514.2857142857143
line,95路(康家沟--惠新西街南口),14,660.0,23,bus_tapin_clusters,660.0,720.0
line,95路(康家沟--惠新西街南口),15,690.0,22,bus_tapin_clusters,690.0,720.0
line,95路(康家沟--惠新西街南口),16,400.0,38,bus_tapin_clusters,540.0,400.0
line,95路(康家沟--惠新西街南口),17,840.0,24,bus_tapin_clusters,840.0,900.0
line,95路(康家沟--惠新西街南口),18,600.0,27,bus_tapin_clusters,780.0,600.0
line,95路(康家沟--惠新西街南口),19,1800.0,6,bus_tapin_clusters,2340.0,1800.0
line,95路(康家沟--惠新西街南口),20,1080.0,11,bus_tapin_clusters,1080.0,1200.0
line,95路(康家沟--惠新西街南口),5,570.0,2,bus_tapin_clusters,570.0,1800.0
line,95路(康家沟--惠新西街南口),22,990.0,2,bus_tapin_clusters,990.0,1200.0
line,95路(康家沟--惠新西街南口),21,1800.0,2,bus_tapin_clusters,2070.0,1800.0
line,88路(大钟寺站--草桥东路北口),6,600.0,26,bus_tapin_clusters,600.0,600.0
line,88路(大钟寺站--草桥东路北口),7,514.2857142857143,28,bus_tapin_clusters,780.0,514.2857142857143
line,88路(大钟寺站--草桥东路北口),8,450.0,32,bus_tapin_clusters,600.0,450.0
line,88路(大钟寺站--草桥东路北口),9,510.0,34,bus_tapin_clusters,510.0,514.2857142857143
line,88路(大钟寺站--草桥东路北口),10,327.27272727272725,43,bus_tapin_clusters,420.0,327.27272727272725
line,88路(大钟寺站--草桥东路北口),11,450.0,36,bus_tapin_clusters,480.0,450.0
line,88路(大钟寺站--草桥东路北口),12,600.0,30,bus_tapin_clusters,600.0,600.0
line,88路(大钟寺站--草桥东路北口),13,514.2857142857143,29,bus_tapin_clusters,720.0,514.2857142857143
line,88路(大钟寺站--草桥东路北口),14,840.0,21,bus_tapin_clusters,840.0,900.0
line,88路(大钟寺站--草桥东路北口),15,720.0,25,bus_tapin_clusters,780.0,720.0
line,88路(大钟寺站--草桥东路北口),16,360.0,45,bus_tapin_clusters,420.0,360.0
line,88路(大钟寺站--草桥东路北口),17,360.0,45,bus_tapin_clusters,360.0,400.0
line,88路(大钟寺站--草桥东路北口),18,360.0,40,bus_tapin_clusters,450.0,360.0
line,88路(大钟寺站--草桥东路北口),19,450.0,40,bus_tapin_clusters,510.0,450.0
line,88路(大钟寺站--草桥东路北口),20,600.0,33,bus_tapin_clusters,660.0,600.0
line,88路(大钟寺站--草桥东路北口),21,600.0,29,bus_tapin_clusters,660.0,600.0
line,88路(大钟寺站--草桥东路北口),22,900.0,9,bus_tapin_clusters,1200.0,900.0
line,88路(大钟寺站--草桥东路北口),5,645.0,4,bus_tapin_clusters,645.0,1800.0
line,77路(晓月苑小区--外文印刷厂西门),6,450.0,31,bus_tapin_clusters,600.0,450.0
line,77路(晓月苑小区--外文印刷厂西门),7,300.0,36,bus_tapin_clusters,300.0,400.0
line,77路(晓月苑小区--外文印刷厂西门),8,327.27272727272725,47,bus_tapin_clusters,420.0,327.27272727272725
line,77路(晓月苑小区--外文印刷厂西门),9,600.0,31,bus_tapin_clusters,780.0,600.0
line,77路(晓月苑小区--外文印刷厂西门),10,450.0,24,bus_tapin_clusters,600.0,450.0
line,77路(晓月苑小区--外文印刷厂西门),11,420.0,37,bus_tapin_clusters,420.0,450.0
line,77路(晓月苑小区--外文印刷厂西门),12,600.0,29,bus_tapin_clusters,660.0,600.0
line,77路(晓月苑小区--外文印刷厂西门),13,600.0,25,bus_tapin_clusters,720.0,600.0
line,77路(晓月苑小区--外文印刷厂西门),14,400.0,36,bus_tapin_clusters,525.0,400.0
line,77路(晓月苑小区--外文印刷厂西门),15,400.0,35,bus_tapin_clusters,600.0,400.0
line,77路(晓月苑小区--外文印刷厂西门),16,720.0,24,bus_tapin_clusters,780.0,720.0
line,77路(晓月苑小区--外文印刷厂西门),17,450.0,38,bus_tapin_clusters,450.0,450.0
line,77路(晓月苑小区--外文印刷厂西门),18,420.0,35,bus_tapin_clusters,420.0,514.2857142857143
line,77路(晓月苑小区--外文印刷厂西门),20,1200.0,11,bus_tapin_clusters,1500.0,1200.0
line,77路(晓月苑小区--外文印刷厂西门),21,900.0,7,bus_tapin_clusters,960.0,900.0
line,77路(晓月苑小区--外文印刷厂西门),19,360.0,13,bus_tapin_clusters,360.0,600.0
line,92路(北土城公交场站--地铁海淀五路居站),6,600.0,27,bus_tapin_clusters,780.0,600.0
line,92路(北土城公交场站--地铁海淀五路居站),7,514.2857142857143,36,bus_tapin_clusters,600.0,514.2857142857143
line,92路(北土城公交场站--地铁海淀五路居站),8,360.0,50,bus_tapin_clusters,420.0,360.0
line,92路(北土城公交场站--地铁海淀五路居站),9,450.0,36,bus_tapin_clusters,540.0,450.0
line,92路(北土城公交场站--地铁海淀五路居站),10,514.2857142857143,35,bus_tapin_clusters,540.0,514.2857142857143
line,92路(北土城公交场站--地铁海淀五路居站),11,600.0,26,bus_tapin_clusters,660.0,600.0
line,92路(北土城公交场站--地铁海淀五路居站),12,514.2857142857143,30,bus_tapin_clusters,660.0,514.2857142857143
line,92路(北土城公交场站--地铁海淀五路居站),13,900.0,18,bus_tapin_clusters,990.0,900.0
line,92路(北土城公交场站--地铁海淀五路居站),14,720.0,29,bus_tapin_clusters,780.0,720.0
line,92路(北土城公交场站--地铁海淀五路居站),15,400.0,29,bus_tapin_clusters,540.0,400.0
line,92路(北土城公交场站--地铁海淀五路居站),16,600.0,29,bus_tapin_clusters,600.0,600.0
line,92路(北土城公交场站--地铁海淀五路居站),17,720.0,22,bus_tapin_clusters,1080.0,720.0
line,92路(北土城公交场站--地铁海淀五路居站),18,600.0,26,bus_tapin_clusters,600.0,600.0
line,92路(北土城公交场站--地铁海淀五路居站),19,600.0,27,bus_tapin_clusters,1020.0,600.0
line,92路(北土城公交场站--地铁海淀五路居站),20,420.0,7,bus_tapin_clusters,420.0,1200.0
line,92路(北土城公交场站--地铁海淀五路居站),21,570.0,6,bus_tapin_clusters,570.0,900.0
line,968路(海子角--莲花池南路),6,780.0,3,bus_tapin_clusters,780.0,1200.0
line,968路(海子角--莲花池南路),7,450.0,14,bus_tapin_clusters,510.0,450.0
line,968路(海子角--莲花池南路),8,480.0,12,bus_tapin_clusters,480.0,600.0
line,968路(海子角--莲花池南路),9,555.0,10,bus_tapin_clusters,555.0,600.0
line,968路(海子角--莲花池南路),10,900.0,7,bus_tapin_clusters,960.0,900.0
line,968路(海子角--莲花池南路),11,510.0,4,bus_tapin_clusters,510.0,900.0
line,968路(海子角--莲花池南路),13,1200.0,3,bus_tapin_clusters,1200.0,1200.0
line,968路(海子角--莲花池南路),15,630.0,4,bus_tapin_clusters,630.0,1800.0
line,968路(海子角--莲花池南路),16,810.0,4,bus_tapin_clusters,810.0,900.0
line,968路(海子角--莲花池南路),17,300.0,13,bus_tapin_clusters,300.0,450.0
line,968路(海子角--莲花池南路),18,400.0,16,bus_tapin_clusters,420.0,400.0
line,968路(海子角--莲花池南路),19,900.0,6,bus_tapin_clusters,900.0,900.0
line,515路(东大桥公交场站--北土城公交场站),6,1110.0,3,bus_tapin_clusters,1110.0,1200.0
line,515路(东大桥公交场站--北土城公交场站),7,327.27272727272725,23,bus_tapin_clusters,420.0,327.27272727272725
line,515路(东大桥公交场站--北土城公交场站),8,900.0,13,bus_tapin_clusters,1200.0,900.0
line,515路(东大桥公交场站--北土城公交场站),9,450.0,21,bus_tapin_clusters,840.0,450.0
line,515路(东大桥公交场站--北土城公交场站),10,585.0,18,bus_tapin_clusters,585.0,600.0
line,515路(东大桥公交场站--北土城公交场站),11,900.0,11,bus_tapin_clusters,1620.0,900.0
line,515路(东大桥公交场站--北土城公交场站),12,480.0,25,bus_tapin_clusters,480.0,514.2857142857143
line,515路(东大桥公交场站--北土城公交场站),13,720.0,13,bus_tapin_clusters,720.0,720.0
line,515路(东大桥公交场站--北土城公交场站),14,450.0,25,bus_tapin_clusters,600.0,450.0
line,515路(东大桥公交场站--北土城公交场站),15,480.0,37,bus_tapin_clusters,480.0,514.2857142857143
line,515路(东大桥公交场站--北土城公交场站),16,514.2857142857143,33,bus_tapin_clusters,600.0,514.2857142857143
line,515路(东大桥公交场站--北土城公交场站),17,360.0,41,bus_tapin_clusters,420.0,360.0
line,515路(东大桥公交场站--北土城公交场站),18,630.0,21,bus_tapin_clusters,630.0,720.0
line,515路(东大桥公交场站--北土城公交场站),19,450.0,31,bus_tapin_clusters,660.0,450.0
line,515路(东大桥公交场站--北土城公交场站),20,720.0,20,bus_tapin_clusters,840.0,720.0
line,515路(东大桥公交场站--北土城公交场站),21,600.0,18,bus_tapin_clusters,960.0,600.0
line,515路(东大桥公交场站--北土城公交场站),22,840.0,2,bus_tapin_clusters,840.0,1200.0
line,124路(大屯东--西四丁字街),5,360.0,11,bus_tapin_clusters,360.0,1200.0
line,124路(大屯东--西四丁字街),6,360.0,47,bus_tapin_clusters,360.0,400.0
line,124路(大屯东--西四丁字街),7,450.0,42,bus_tapin_clusters,570.0,450.0
line,124路(大屯东--西四丁字街),8,400.0,45,bus_tapin_clusters,450.0,400.0
line,124路(大屯东--西四丁字街),9,360.0,47,bus_tapin_clusters,420.0,360.0
line,124路(大屯东--西四丁字街),10,600.0,34,bus_tapin_clusters,630.0,600.0
line,124路(大屯东--西四丁字街),11,600.0,32,bus_tapin_clusters,600.0,600.0
line,124路(大屯东--西四丁字街),12,600.0,31,bus_tapin_clusters,750.0,600.0
line,124路(大屯东--西四丁字街),13,514.2857142857143,30,bus_tapin_clusters,660.0,514.2857142857143
line,124路(大屯东--西四丁字街),14,514.2857142857143,32,bus_tapin_clusters,660.0,514.2857142857143
line,124路(大屯东--西四丁字街),15,450.0,38,bus_tapin_clusters,480.0,450.0
line,124路(大屯东--西四丁字街),16,360.0,44,bus_tapin_clusters,420.0,360.0
line,124路(大屯东--西四丁字街),17,400.0,43,bus_tapin_clusters,480.0,400.0
line,124路(大屯东--西四丁字街),18,514.2857142857143,34,bus_tapin_clusters,540.0,514.2857142857143
line,124路(大屯东--西四丁字街),19,900.0,19,bus_tapin_clusters,1140.0,900.0
line,124路(大屯东--西四丁字街),20,600.0,23,bus_tapin_clusters,660.0,600.0
line,124路(大屯东--西四丁字街),22,180.0,6,bus_tapin_clusters,180.0,600.0
line,124路(大屯东--西四丁字街),21,720.0,12,bus_tapin_clusters,930.0,720.0
line,901路快车(燕山东岭--前门西),6,390.0,9,bus_tapin_clusters,390.0,720.0
line,901路快车(燕山东岭--前门西),7,270.0,22,bus_tapin_clusters,270.0,276.9230769230769
line,901路快车(燕山东岭--前门西),8,360.0,19,bus_tapin_clusters,360.0,360.0
line,901路快车(燕山东岭--前门西),9,360.0,16,bus_tapin_clusters,480.0,360.0
line,901路快车(燕山东岭--前门西),10,900.0,6,bus_tapin_clusters,930.0,900.0
line,901路快车(燕山东岭--前门西),11,570.0,12,bus_tapin_clusters,570.0,600.0
line,901路快车(燕山东岭--前门西),12,720.0,8,bus_tapin_clusters,765.0,720.0
line,901路快车(燕山东岭--前门西),13,900.0,3,bus_tapin_clusters,900.0,1200.0
line,901路快车(燕山东岭--前门西),14,514.2857142857143,10,bus_tapin_clusters,690.0,514.2857142857143
line,901路快车(燕山东岭--前门西),15,600.0,10,bus_tapin_clusters,630.0,600.0
line,901路快车(燕山东岭--前门西),16,630.0,8,bus_tapin_clusters,630.0,720.0
line,901路快车(燕山东岭--前门西),17,720.0,8,bus_tapin_clusters,750.0,720.0
line,901路快车(燕山东岭--前门西),18,660.0,9,bus_tapin_clusters,660.0,720.0
line,901路快车(燕山东岭--前门西),19,900.0,3,bus_tapin_clusters,1320.0,900.0
line,23路(虎坊路--朝阳半壁店),5,1140.0,2,bus_tapin_clusters,1140.0,1800.0
line,23路(虎坊路--朝阳半壁店),6,720.0,14,bus_tapin_clusters,960.0,720.0
line,23路(虎坊路--朝阳半壁店),7,514.2857142857143,31,bus_tapin_clusters,600.0,514.2857142857143
line,23路(虎坊路--朝阳半壁店),8,360.0,41,bus_tapin_clusters,360.0,450.0
line,23路(虎坊路--朝阳半壁店),9,400.0,34,bus_tapin_clusters,420.0,400.0
line,23路(虎坊路--朝阳半壁店),10,360.0,40,bus_tapin_clusters,450.0,360.0
line,23路(虎坊路--朝阳半壁店),11,570.0,30,bus_tapin_clusters,570.0,600.0
line,23路(虎坊路--朝阳半壁店),12,360.0,26,bus_tapin_clusters,360.0,400.0
line,23路(虎坊路--朝阳半壁店),13,514.2857142857143,34,bus_tapin_clusters,540.0,514.2857142857143
line,23路(虎坊路--朝阳半壁店),14,514.2857142857143,33,bus_tapin_clusters,660.0,514.2857142857143
line,23路(虎坊路--朝阳半壁店),15,450.0,34,bus_tapin_clusters,540.0,450.0
line,23路(虎坊路--朝阳半壁店),16,450.0,33,bus_tapin_clusters,720.0,450.0
line,23路(虎坊路--朝阳半壁店),17,360.0,45,bus_tapin_clusters,360.0,360.0
line,23路(虎坊路--朝阳半壁店),18,400.0,39,bus_tapin_clusters,420.0,400.0
line,23路(虎坊路--朝阳半壁店),19,450.0,33,bus_tapin_clusters,540.0,450.0
line,23路(虎坊路--朝阳半壁店),20,720.0,21,bus_tapin_clusters,870.0,720.0
line,23路(虎坊路--朝阳半壁店),21,257.14285714285717,26,bus_tapin_clusters,270.0,257.14285714285717
line,23路(虎坊路--朝阳半壁店),22,514.2857142857143,19,bus_tapin_clusters,1020.0,514.2857142857143
line,682路(阜安西路--青年路小区),6,840.0,13,bus_tapin_clusters,840.0,900.0
line,682路(阜安西路--青年路小区),7,600.0,21,bus_tapin_clusters,660.0,600.0
line,682路(阜安西路--青年路小区),8,327.27272727272725,31,bus_tapin_clusters,480.0,327.27272727272725
line,682路(阜安西路--青年路小区),9,450.0,28,bus_tapin_clusters,540.0,450.0
line,682路(阜安西路--青年路小区),10,514.2857142857143,20,bus_tapin_clusters,720.0,514.2857142857143
line,682路(阜安西路--青年路小区),11,600.0,26,bus_tapin_clusters,780.0,600.0
line,682路(阜安西路--青年路小区),12,514.2857142857143,18,bus_tapin_clusters,780.0,514.2857142857143
line,682路(阜安西路--青年路小区),13,720.0,20,bus_tapin_clusters,960.0,720.0
line,682路(阜安西路--青年路小区),14,570.0,20,bus_tapin_clusters,570.0,600.0
line,682路(阜安西路--青年路小区),15,600.0,26,bus_tapin_clusters,660.0,600.0
line,682路(阜安西路--青年路小区),16,514.2857142857143,24,bus_tapin_clusters,720.0,514.2857142857143
line,682路(阜安西路--青年路小区),17,450.0,24,bus_tapin_clusters,540.0,450.0
line,682路(阜安西路--青年路小区),18,450.0,37,bus_tapin_clusters,480.0,450.0
line,682路(阜安西路--青年路小区),19,720.0,22,bus_tapin_clusters,765.0,720.0
line,682路(阜安西路--青年路小区),20,480.0,17,bus_tapin_clusters,480.0,720.0
line,682路(阜安西路--青年路小区),21,900.0,11,bus_tapin_clusters,1020.0,900.0
line,682路(阜安西路--青年路小区),22,1200.0,4,bus_tapin_clusters,1230.0,1200.0
line,668路(京东运乔建材城--北京站东),5,510.0,4,bus_tapin_clusters,510.0,1800.0
line,668路(京东运乔建材城--北京站东),6,514.2857142857143,12,bus_tapin_clusters,540.0,514.2857142857143
line,668路(京东运乔建材城--北京站东),7,300.0,18,bus_tapin_clusters,300.0,327.27272727272725
line,668路(京东运乔建材城--北京站东),8,330.0,19,bus_tapin_clusters,330.0,360.0
line,668路(京东运乔建材城--北京站东),9,450.0,14,bus_tapin_clusters,495.0,450.0
line,668路(京东运乔建材城--北京站东),10,480.0,10,bus_tapin_clusters,480.0,720.0
line,668路(京东运乔建材城--北京站东),11,900.0,8,bus_tapin_clusters,1260.0,900.0
line,668路(京东运乔建材城--北京站东),13,720.0,9,bus_tapin_clusters,840.0,720.0
line,668路(京东运乔建材城--北京站东),14,480.0,14,bus_tapin_clusters,480.0,514.2857142857143
line,668路(京东运乔建材城--北京站东),15,750.0,8,bus_tapin_clusters,750.0,900.0
line,668路(京东运乔建材城--北京站东),16,480.0,11,bus_tapin_clusters,480.0,514.2857142857143
line,668路(京东运乔建材城--北京站东),17,450.0,11,bus_tapin_clusters,600.0,450.0
line,668路(京东运乔建材城--北京站东),18,660.0,9,bus_tapin_clusters,660.0,720.0
line,668路(京东运乔建材城--北京站东),19,660.0,8,bus_tapin_clusters,660.0,900.0
line,668路(京东运乔建材城--北京站东),12,660.0,5,bus_tapin_clusters,660.0,720.0
line,668路(京东运乔建材城--北京站东),20,1650.0,2,bus_tapin_clusters,1650.0,1800.0
line,668路(京东运乔建材城--北京站东),21,900.0,4,bus_tapin_clusters,1050.0,900.0
line,315路(大钟寺--新都东站),6,600.0,16,bus_tapin_clusters,780.0,600.0
line,315路(大钟寺--新都东站),7,360.0,27,bus_tapin_clusters,360.0,514.2857142857143
line,315路(大钟寺--新都东站),8,400.0,31,bus_tapin_clusters,420.0,400.0
line,315路(大钟寺--新都东站),9,450.0,31,bus_tapin_clusters,480.0,450.0
line,315路(大钟寺--新都东站),10,450.0,27,bus_tapin_clusters,600.0,450.0
line,315路(大钟寺--新都东站),11,720.0,20,bus_tapin_clusters,765.0,720.0
line,315路(大钟寺--新都东站),12,660.0,19,bus_tapin_clusters,660.0,720.0
line,315路(大钟寺--新都东站),13,514.2857142857143,23,bus_tapin_clusters,600.0,514.2857142857143
line,315路(大钟寺--新都东站),14,450.0,26,bus_tapin_clusters,570.0,450.0
line,315路(大钟寺--新都东站),15,514.2857142857143,21,bus_tapin_clusters,540.0,514.2857142857143
line,315路(大钟寺--新都东站),16,480.0,24,bus_tapin_clusters,480.0,600.0
line,315路(大钟寺--新都东站),17,360.0,34,bus_tapin_clusters,480.0,360.0
line,315路(大钟寺--新都东站),18,514.2857142857143,26,bus_tapin_clusters,540.0,514.2857142857143
line,315路(大钟寺--新都东站),19,570.0,20,bus_tapin_clusters,570.0,600.0
line,315路(大钟寺--新都东站),20,600.0,19,bus_tapin_clusters,780.0,600.0
line,315路(大钟寺--新都东站),21,1200.0,7,bus_tapin_clusters,1320.0,1200.0
line,315路(大钟寺--新都东站),22,1680.0,2,bus_tapin_clusters,1680.0,1800.0
line,专13路(建欣苑北--牛街),5,420.0,2,bus_tapin_clusters,420.0,1800.0
line,专13路(建欣苑北--牛街),6,257.14285714285717,22,bus_tapin_clusters,300.0,257.14285714285717
line,专13路(建欣苑北--牛街),7,300.0,36,bus_tapin_clusters,480.0,300.0
line,专13路(建欣苑北--牛街),8,514.2857142857143,34,bus_tapin_clusters,675.0,514.2857142857143
line,专13路(建欣苑北--牛街),9,330.0,34,bus_tapin_clusters,330.0,450.0
line,专13路(建欣苑北--牛街),10,600.0,27,bus_tapin_clusters,720.0,600.0
line,专13路(建欣苑北--牛街),11,540.0,27,bus_tapin_clusters,540.0,600.0
line,专13路(建欣苑北--牛街),12,690.0,16,bus_tapin_clusters,690.0,720.0
line,专13路(建欣苑北--牛街),13,720.0,23,bus_tapin_clusters,780.0,720.0
line,专13路(建欣苑北--牛街),14,600.0,17,bus_tapin_clusters,660.0,600.0
line,专13路(建欣苑北--牛街),15,600.0,25,bus_tapin_clusters,720.0,600.0
line,专13路(建欣苑北--牛街),16,450.0,26,bus_tapin_clusters,690.0,450.0
line,专13路(建欣苑北--牛街),17,720.0,22,bus_tapin_clusters,900.0,720.0
line,专13路(建欣苑北--牛街),18,514.2857142857143,23,bus_tapin_clusters,720.0,514.2857142857143
line,专13路(建欣苑北--牛街),19,900.0,18,bus_tapin_clusters,945.0,900.0
line,专13路(建欣苑北--牛街),21,810.0,10,bus_tapin_clusters,810.0,900.0
line,专13路(建欣苑北--牛街),20,1230.0,2,bus_tapin_clusters,1230.0,1800.0
line,132路(东湖--东直门枢纽站),6,1800.0,4,bus_tapin_clusters,2640.0,1800.0
line,132路(东湖--东直门枢纽站),7,900.0,12,bus_tapin_clusters,1200.0,900.0
line,132路(东湖--东直门枢纽站),8,600.0,17,bus_tapin_clusters,1260.0,600.0
line,132路(东湖--东直门枢纽站),9,900.0,18,bus_tapin_clusters,1140.0,900.0
line,132路(东湖--东直门枢纽站),10,900.0,18,bus_tapin_clusters,1140.0,900.0
line,132路(东湖--东直门枢纽站),11,1200.0,12,bus_tapin_clusters,1530.0,1200.0
line,132路(东湖--东直门枢纽站),12,900.0,20,bus_tapin_clusters,1140.0,900.0
line,132路(东湖--东直门枢纽站),13,1200.0,12,bus_tapin_clusters,1530.0,1200.0
line,132路(东湖--东直门枢纽站),14,1200.0,8,bus_tapin_clusters,1635.0,1200.0
line,132路(东湖--东直门枢纽站),15,1200.0,4,bus_tapin_clusters,1200.0,1800.0
line,132路(东湖--东直门枢纽站),16,1200.0,11,bus_tapin_clusters,1200.0,1200.0
line,132路(东湖--东直门枢纽站),17,900.0,15,bus_tapin_clusters,1140.0,900.0
line,132路(东湖--东直门枢纽站),18,900.0,18,bus_tapin_clusters,1605.0,900.0
line,132路(东湖--东直门枢纽站),19,1200.0,7,bus_tapin_clusters,1380.0,1200.0
line,132路(东湖--东直门枢纽站),5,930.0,2,bus_tapin_clusters,930.0,1800.0
line,379路(左家庄--育新小区),6,600.0,23,bus_tapin_clusters,690.0,600.0
line,379路(左家庄--育新小区),7,600.0,33,bus_tapin_clusters,660.0,600.0
line,379路(左家庄--育新小区),8,600.0,27,bus_tapin_clusters,780.0,600.0
line,379路(左家庄--育新小区),9,690.0,26,bus_tapin_clusters,690.0,720.0
line,379路(左家庄--育新小区),10,600.0,26,bus_tapin_clusters,810.0,600.0
line,379路(左家庄--育新小区),11,900.0,14,bus_tapin_clusters,1215.0,900.0
line,379路(左家庄--育新小区),12,514.2857142857143,20,bus_tapin_clusters,750.0,514.2857142857143
line,379路(左家庄--育新小区),13,600.0,27,bus_tapin_clusters,750.0,600.0
line,379路(左家庄--育新小区),14,720.0,25,bus_tapin_clusters,1020.0,720.0
line,379路(左家庄--育新小区),15,900.0,20,bus_tapin_clusters,960.0,900.0
line,379路(左家庄--育新小区),16,900.0,16,bus_tapin_clusters,1020.0,900.0
line,379路(左家庄--育新小区),17,510.0,31,bus_tapin_clusters,510.0,514.2857142857143
line,379路(左家庄--育新小区),18,840.0,22,bus_tapin_clusters,840.0,900.0
line,379路(左家庄--育新小区),19,900.0,15,bus_tapin_clusters,1350.0,900.0
line,379路(左家庄--育新小区),20,720.0,20,bus_tapin_clusters,1290.0,720.0
line,379路(左家庄--育新小区),21,690.0,12,bus_tapin_clusters,690.0,720.0
line,416路(来广营西桥东--东直门枢纽站),6,514.2857142857143,26,bus_tapin_clusters,930.0,514.2857142857143
line,416路(来广营西桥东--东直门枢纽站),7,600.0,25,bus_tapin_clusters,720.0,600.0
line,416路(来广营西桥东--东直门枢纽站),8,720.0,29,bus_tapin_clusters,720.0,720.0
line,416路(来广营西桥东--东直门枢纽站),9,720.0,19,bus_tapin_clusters,840.0,720.0
line,416路(来广营西桥东--东直门枢纽站),10,720.0,21,bus_tapin_clusters,1020.0,720.0
line,416路(来广营西桥东--东直门枢纽站),11,720.0,16,bus_tapin_clusters,930.0,720.0
line,416路(来广营西桥东--东直门枢纽站),12,600.0,22,bus_tapin_clusters,660.0,600.0
line,416路(来广营西桥东--东直门枢纽站),13,600.0,24,bus_tapin_clusters,780.0,600.0
line,416路(来广营西桥东--东直门枢纽站),14,600.0,27,bus_tapin_clusters,720.0,600.0
line,416路(来广营西桥东--东直门枢纽站),15,514.2857142857143,25,bus_tapin_clusters,780.0,514.2857142857143
line,416路(来广营西桥东--东直门枢纽站),16,720.0,18,bus_tapin_clusters,720.0,720.0
line,416路(来广营西桥东--东直门枢纽站),17,600.0,24,bus_tapin_clusters,600.0,720.0
line,416路(来广营西桥东--东直门枢纽站),18,900.0,17,bus_tapin_clusters,1380.0,900.0
line,416路(来广营西桥东--东直门枢纽站),19,720.0,23,bus_tapin_clusters,780.0,720.0
line,416路(来广营西桥东--东直门枢纽站),20,900.0,11,bus_tapin_clusters,1620.0,900.0
line,416路(来广营西桥东--东直门枢纽站),21,840.0,3,bus_tapin_clusters,840.0,1200.0
line,416路(来广营西桥东--东直门枢纽站),5,690.0,4,bus_tapin_clusters,690.0,1800.0
line,38路(西安门--六里桥东),6,1200.0,7,bus_tapin_clusters,1440.0,1200.0
line,38路(西安门--六里桥东),8,435.0,8,bus_tapin_clusters,435.0,900.0
line,38路(西安门--六里桥东),9,720.0,18,bus_tapin_clusters,720.0,720.0
line,38路(西安门--六里桥东),11,600.0,27,bus_tapin_clusters,900.0,600.0
line,38路(西安门--六里桥东),12,480.0,13,bus_tapin_clusters,480.0,720.0
line,38路(西安门--六里桥东),13,720.0,16,bus_tapin_clusters,1020.0,720.0
line,38路(西安门--六里桥东),15,360.0,29,bus_tapin_clusters,480.0,360.0
line,38路(西安门--六里桥东),16,514.2857142857143,21,bus_tapin_clusters,900.0,514.2857142857143
line,38路(西安门--六里桥东),17,420.0,34,bus_tapin_clusters,420.0,514.2857142857143
line,38路(西安门--六里桥东),18,300.0,36,bus_tapin_clusters,300.0,400.0
line,38路(西安门--六里桥东),19,300.0,33,bus_tapin_clusters,300.0,450.0
line,38路(西安门--六里桥东),20,720.0,12,bus_tapin_clusters,1050.0,720.0
line,38路(西安门--六里桥东),21,240.0,15,bus_tapin_clusters,240.0,600.0
line,38路(西安门--六里桥东),7,690.0,10,bus_tapin_clusters,690.0,720.0
line,38路(西安门--六里桥东),10,720.0,13,bus_tapin_clusters,1500.0,720.0
line,38路(西安门--六里桥东),14,480.0,12,bus_tapin_clusters,480.0,720.0
line,73路(地铁海淀五路居站--阜成门),6,514.2857142857143,13,bus_tapin_clusters,540.0,514.2857142857143
line,73路(地铁海淀五路居站--阜成门),9,400.0,20,bus_tapin_clusters,660.0,400.0
line,73路(地铁海淀五路居站--阜成门),10,900.0,14,bus_tapin_clusters,960.0,900.0
line,73路(地铁海淀五路居站--阜成门),11,1560.0,8,bus_tapin_clusters,1560.0,1800.0
line,73路(地铁海淀五路居站--阜成门),12,360.0,8,bus_tapin_clusters,360.0,1200.0
line,73路(地铁海淀五路居站--阜成门),13,1020.0,5,bus_tapin_clusters,1020.0,1200.0
line,73路(地铁海淀五路居站--阜成门),14,270.0,16,bus_tapin_clusters,270.0,514.2857142857143
line,73路(地铁海淀五路居站--阜成门),15,900.0,14,bus_tapin_clusters,990.0,900.0
line,73路(地铁海淀五路居站--阜成门),16,255.0,22,bus_tapin_clusters,255.0,450.0
line,73路(地铁海淀五路居站--阜成门),17,240.0,18,bus_tapin_clusters,240.0,600.0
line,73路(地铁海淀五路居站--阜成门),18,300.0,10,bus_tapin_clusters,300.0,720.0
line,73路(地铁海淀五路居站--阜成门),21,900.0,2,bus_tapin_clusters,900.0,1200.0
line,73路(地铁海淀五路居站--阜成门),7,240.0,19,bus_tapin_clusters,240.0,327.27272727272725
line,73路(地铁海淀五路居站--阜成门),8,1200.0,6,bus_tapin_clusters,1290.0,1200.0
line,596路(国际展览中心--七星路南口),6,720.0,9,bus_tapin_clusters,720.0,1200.0
line,596路(国际展览中心--七星路南口),7,720.0,16,bus_tapin_clusters,1110.0,720.0
line,596路(国际展览中心--七星路南口),8,600.0,20,bus_tapin_clusters,600.0,600.0
line,596路(国际展览中心--七星路南口),9,900.0,9,bus_tapin_clusters,1140.0,900.0
line,596路(国际展览中心--七星路南口),10,1200.0,8,bus_tapin_clusters,1530.0,1200.0
line,596路(国际展览中心--七星路南口),11,1200.0,5,bus_tapin_clusters,1200.0,1200.0
line,596路(国际展览中心--七星路南口),12,1680.0,5,bus_tapin_clusters,1680.0,1800.0
line,596路(国际展览中心--七星路南口),14,1020.0,8,bus_tapin_clusters,1020.0,1200.0
line,596路(国际展览中心--七星路南口),15,360.0,24,bus_tapin_clusters,360.0,400.0
line,596路(国际展览中心--七星路南口),16,600.0,14,bus_tapin_clusters,720.0,600.0
line,596路(国际展览中心--七星路南口),17,900.0,14,bus_tapin_clusters,1245.0,900.0
line,596路(国际展览中心--七星路南口),19,1200.0,6,bus_tapin_clusters,1410.0,1200.0
line,596路(国际展览中心--七星路南口),18,1200.0,11,bus_tapin_clusters,1320.0,1200.0
line,596路(国际展览中心--七星路南口),20,1080.0,2,bus_tapin_clusters,1080.0,1800.0
line,596路(国际展览中心--七星路南口),21,540.0,2,bus_tapin_clusters,540.0,1200.0
line,675路(疃里一区--左家庄),6,900.0,19,bus_tapin_clusters,900.0,900.0
line,675路(疃里一区--左家庄),7,360.0,5,bus_tapin_clusters,360.0,1200.0
line,675路(疃里一区--左家庄),8,540.0,19,bus_tapin_clusters,540.0,720.0
line,675路(疃里一区--左家庄),9,514.2857142857143,29,bus_tapin_clusters,900.0,514.2857142857143
line,675路(疃里一区--左家庄),10,720.0,20,bus_tapin_clusters,810.0,720.0
line,675路(疃里一区--左家庄),11,720.0,21,bus_tapin_clusters,1140.0,720.0
line,675路(疃里一区--左家庄),12,720.0,21,bus_tapin_clusters,1080.0,720.0
line,675路(疃里一区--左家庄),13,900.0,15,bus_tapin_clusters,1260.0,900.0
line,675路(疃里一区--左家庄),14,720.0,21,bus_tapin_clusters,840.0,720.0
line,675路(疃里一区--左家庄),15,900.0,21,bus_tapin_clusters,960.0,900.0
line,675路(疃里一区--左家庄),16,720.0,21,bus_tapin_clusters,720.0,720.0
line,675路(疃里一区--左家庄),17,514.2857142857143,27,bus_tapin_clusters,540.0,514.2857142857143
line,675路(疃里一区--左家庄),18,780.0,21,bus_tapin_clusters,780.0,900.0
line,675路(疃里一区--左家庄),19,720.0,23,bus_tapin_clusters,1020.0,720.0
line,675路(疃里一区--左家庄),20,750.0,9,bus_tapin_clusters,750.0,1200.0
line,675路(疃里一区--左家庄),21,1200.0,9,bus_tapin_clusters,1500.0,1200.0
line,638路(化工桥西--北京站东街),6,570.0,21,bus_tapin_clusters,570.0,720.0
line,638路(化工桥西--北京站东街),7,450.0,33,bus_tapin_clusters,540.0,450.0
line,638路(化工桥西--北京站东街),8,514.2857142857143,22,bus_tapin_clusters,690.0,514.2857142857143
line,638路(化工桥西--北京站东街),9,360.0,9,bus_tapin_clusters,360.0,514.2857142857143
line,638路(化工桥西--北京站东街),10,514.2857142857143,30,bus_tapin_clusters,690.0,514.2857142857143
line,638路(化工桥西--北京站东街),11,600.0,19,bus_tapin_clusters,900.0,600.0
line,638路(化工桥西--北京站东街),12,300.0,23,bus_tapin_clusters,300.0,360.0
line,638路(化工桥西--北京站东街),13,514.2857142857143,26,bus_tapin_clusters,675.0,514.2857142857143
line,638路(化工桥西--北京站东街),14,514.2857142857143,28,bus_tapin_clusters,690.0,514.2857142857143
line,638路(化工桥西--北京站东街),15,720.0,17,bus_tapin_clusters,720.0,720.0
line,638路(化工桥西--北京站东街),16,480.0,20,bus_tapin_clusters,480.0,720.0
line,638路(化工桥西--北京站东街),17,400.0,36,bus_tapin_clusters,465.0,400.0
line,638路(化工桥西--北京站东街),18,600.0,28,bus_tapin_clusters,660.0,600.0
line,638路(化工桥西--北京站东街),20,514.2857142857143,16,bus_tapin_clusters,570.0,514.2857142857143
line,638路(化工桥西--北京站东街),21,300.0,11,bus_tapin_clusters,300.0,450.0
line,638路(化工桥西--北京站东街),22,180.0,2,bus_tapin_clusters,180.0,1200.0
line,638路(化工桥西--北京站东街),19,514.2857142857143,14,bus_tapin_clusters,570.0,514.2857142857143
line,638路(化工桥西--北京站东街),5,1320.0,2,bus_tapin_clusters,1320.0,1800.0
line,976路(盛林苑公交场站--十里河桥北),6,420.0,7,bus_tapin_clusters,420.0,514.2857142857143
line,976路(盛林苑公交场站--十里河桥北),9,900.0,10,bus_tapin_clusters,1170.0,900.0
line,976路(盛林苑公交场站--十里河桥北),10,1200.0,10,bus_tapin_clusters,2160.0,1200.0
line,976路(盛林苑公交场站--十里河桥北),14,1200.0,6,bus_tapin_clusters,1410.0,1200.0
line,976路(盛林苑公交场站--十里河桥北),15,900.0,11,bus_tapin_clusters,960.0,900.0
line,976路(盛林苑公交场站--十里河桥北),16,1800.0,8,bus_tapin_clusters,2040.0,1800.0
line,976路(盛林苑公交场站--十里河桥北),17,1200.0,9,bus_tapin_clusters,1200.0,1200.0
line,976路(盛林苑公交场站--十里河桥北),18,750.0,12,bus_tapin_clusters,750.0,900.0
line,976路(盛林苑公交场站--十里河桥北),19,1140.0,5,bus_tapin_clusters,1140.0,1200.0
line,976路(盛林苑公交场站--十里河桥北),13,1650.0,4,bus_tapin_clusters,1650.0,1800.0
line,976路(盛林苑公交场站--十里河桥北),8,1530.0,2,bus_tapin_clusters,1530.0,1800.0
line,976路(盛林苑公交场站--十里河桥北),12,1200.0,3,bus_tapin_clusters,1680.0,1200.0
line,360路(香泉环岛--西直门公交场站),6,1020.0,7,bus_tapin_clusters,1020.0,1800.0
line,360路(香泉环岛--西直门公交场站),7,514.2857142857143,19,bus_tapin_clusters,540.0,514.2857142857143
line,360路(香泉环岛--西直门公交场站),8,300.0,42,bus_tapin_clusters,300.0,400.0
line,360路(香泉环岛--西直门公交场站),9,900.0,11,bus_tapin_clusters,900.0,1200.0
line,360路(香泉环岛--西直门公交场站),10,514.2857142857143,25,bus_tapin_clusters,660.0,514.2857142857143
line,360路(香泉环岛--西直门公交场站),11,720.0,19,bus_tapin_clusters,780.0,720.0
line,360路(香泉环岛--西直门公交场站),12,900.0,17,bus_tapin_clusters,1020.0,900.0
line,360路(香泉环岛--西直门公交场站),13,600.0,25,bus_tapin_clusters,780.0,600.0
line,360路(香泉环岛--西直门公交场站),14,900.0,15,bus_tapin_clusters,1560.0,900.0
line,360路(香泉环岛--西直门公交场站),15,450.0,21,bus_tapin_clusters,780.0,450.0
line,360路(香泉环岛--西直门公交场站),16,720.0,13,bus_tapin_clusters,720.0,720.0
line,360路(香泉环岛--西直门公交场站),17,720.0,20,bus_tapin_clusters,900.0,720.0
line,360路(香泉环岛--西直门公交场站),18,510.0,28,bus_tapin_clusters,510.0,600.0
line,360路(香泉环岛--西直门公交场站),19,900.0,11,bus_tapin_clusters,1200.0,900.0
line,360路(香泉环岛--西直门公交场站),20,1200.0,16,bus_tapin_clusters,1260.0,1200.0
line,360路(香泉环岛--西直门公交场站),21,900.0,6,bus_tapin_clusters,900.0,1200.0
line,671路(西苑枢纽站--四惠枢纽站),6,514.2857142857143,29,bus_tapin_clusters,600.0,514.2857142857143
line,671路(西苑枢纽站--四惠枢纽站),7,400.0,38,bus_tapin_clusters,480.0,400.0
line,671路(西苑枢纽站--四惠枢纽站),8,450.0,40,bus_tapin_clusters,555.0,450.0
line,671路(西苑枢纽站--四惠枢纽站),9,450.0,40,bus_tapin_clusters,480.0,450.0
line,671路(西苑枢纽站--四惠枢纽站),10,555.0,30,bus_tapin_clusters,555.0,600.0
line,671路(西苑枢纽站--四惠枢纽站),11,514.2857142857143,35,bus_tapin_clusters,660.0,514.2857142857143
line,671路(西苑枢纽站--四惠枢纽站),12,600.0,28,bus_tapin_clusters,780.0,600.0
line,671路(西苑枢纽站--四惠枢纽站),13,600.0,27,bus_tapin_clusters,690.0,600.0
line,671路(西苑枢纽站--四惠枢纽站),14,600.0,32,bus_tapin_clusters,600.0,600.0
line,671路(西苑枢纽站--四惠枢纽站),15,450.0,35,bus_tapin_clusters,660.0,450.0
line,671路(西苑枢纽站--四惠枢纽站),16,450.0,38,bus_tapin_clusters,600.0,450.0
line,671路(西苑枢纽站--四惠枢纽站),17,450.0,38,bus_tapin_clusters,510.0,450.0
line,671路(西苑枢纽站--四惠枢纽站),18,450.0,42,bus_tapin_clusters,480.0,450.0
line,671路(西苑枢纽站--四惠枢纽站),19,600.0,32,bus_tapin_clusters,720.0,600.0
line,671路(西苑枢纽站--四惠枢纽站),20,514.2857142857143,36,bus_tapin_clusters,540.0,514.2857142857143
line,671路(西苑枢纽站--四惠枢纽站),21,900.0,18,bus_tapin_clusters,990.0,900.0
line,671路(西苑枢纽站--四惠枢纽站),22,750.0,2,bus_tapin_clusters,750.0,1200.0
line,360路快车(香泉环岛--动物园枢纽站),8,514.2857142857143,21,bus_tapin_clusters,600.0,514.2857142857143
line,360路快车(香泉环岛--动物园枢纽站),9,514.2857142857143,17,bus_tapin_clusters,960.0,514.2857142857143
line,360路快车(香泉环岛--动物园枢纽站),10,900.0,12,bus_tapin_clusters,1020.0,900.0
line,360路快车(香泉环岛--动物园枢纽站),11,840.0,14,bus_tapin_clusters,840.0,900.0
line,360路快车(香泉环岛--动物园枢纽站),12,1200.0,9,bus_tapin_clusters,1500.0,1200.0
line,360路快车(香泉环岛--动物园枢纽站),13,1200.0,7,bus_tapin_clusters,1200.0,1200.0
line,360路快车(香泉环岛--动物园枢纽站),14,1200.0,9,bus_tapin_clusters,1200.0,1200.0
line,360路快车(香泉环岛--动物园枢纽站),15,750.0,10,bus_tapin_clusters,750.0,900.0
line,360路快车(香泉环岛--动物园枢纽站),16,514.2857142857143,23,bus_tapin_clusters,660.0,514.2857142857143
line,360路快车(香泉环岛--动物园枢纽站),17,514.2857142857143,18,bus_tapin_clusters,540.0,514.2857142857143
line,360路快车(香泉环岛--动物园枢纽站),18,514.2857142857143,14,bus_tapin_clusters,600.0,514.2857142857143
line,360路快车(香泉环岛--动物园枢纽站),19,660.0,11,bus_tapin_clusters,660.0,720.0
line,360路快车(香泉环岛--动物园枢纽站),20,900.0,6,bus_tapin_clusters,1020.0,900.0
line,360路快车(香泉环岛--动物园枢纽站),6,870.0,6,bus_tapin_clusters,870.0,1200.0
line,360路快车(香泉环岛--动物园枢纽站),7,600.0,9,bus_tapin_clusters,600.0,1200.0
line,31路(甜水园街北口--金蝉南里),5,420.0,3,bus_tapin_clusters,420.0,1200.0
line,31路(甜水园街北口--金蝉南里),6,720.0,19,bus_tapin_clusters,1200.0,720.0
line,31路(甜水园街北口--金蝉南里),7,720.0,23,bus_tapin_clusters,1020.0,720.0
line,31路(甜水园街北口--金蝉南里),8,514.2857142857143,25,bus_tapin_clusters,540.0,514.2857142857143
line,31路(甜水园街北口--金蝉南里),9,495.0,34,bus_tapin_clusters,495.0,514.2857142857143
line,31路(甜水园街北口--金蝉南里),10,900.0,18,bus_tapin_clusters,1050.0,900.0
line,31路(甜水园街北口--金蝉南里),11,600.0,23,bus_tapin_clusters,840.0,600.0
line,31路(甜水园街北口--金蝉南里),12,600.0,20,bus_tapin_clusters,1080.0,600.0
line,31路(甜水园街北口--金蝉南里),13,660.0,21,bus_tapin_clusters,660.0,720.0
line,31路(甜水园街北口--金蝉南里),14,600.0,26,bus_tapin_clusters,810.0,600.0
line,31路(甜水园街北口--金蝉南里),15,690.0,23,bus_tapin_clusters,690.0,720.0
line,31路(甜水园街北口--金蝉南里),16,900.0,18,bus_tapin_clusters,1080.0,900.0
line,31路(甜水园街北口--金蝉南里),17,420.0,25,bus_tapin_clusters,420.0,600.0
line,31路(甜水园街北口--金蝉南里),18,600.0,15,bus_tapin_clusters,720.0,600.0
line,31路(甜水园街北口--金蝉南里),19,600.0,26,bus_tapin_clusters,810.0,600.0
line,31路(甜水园街北口--金蝉南里),21,900.0,18,bus_tapin_clusters,1020.0,900.0
line,31路(甜水园街北口--金蝉南里),20,750.0,15,bus_tapin_clusters,750.0,900.0
line,31路(甜水园街北口--金蝉南里),22,1110.0,2,bus_tapin_clusters,1110.0,1800.0
line,935路(顺义半壁店--东直门外),5,1560.0,2,bus_tapin_clusters,1560.0,1800.0
line,935路(顺义半壁店--东直门外),6,900.0,2,bus_tapin_clusters,900.0,1800.0
line,935路(顺义半壁店--东直门外),7,1620.0,2,bus_tapin_clusters,1620.0,1800.0
line,935路(顺义半壁店--东直门外),8,1800.0,2,bus_tapin_clusters,2220.0,1800.0
line,935路(顺义半壁店--东直门外),17,1800.0,2,bus_tapin_clusters,2010.0,1800.0
line,935路(顺义半壁店--东直门外),18,1320.0,2,bus_tapin_clusters,1320.0,1800.0
line,496路(康静里南--四惠枢纽站),7,600.0,7,bus_tapin_clusters,600.0,900.0
line,496路(康静里南--四惠枢纽站),8,720.0,8,bus_tapin_clusters,1020.0,720.0
line,496路(康静里南--四惠枢纽站),9,720.0,11,bus_tapin_clusters,840.0,720.0
line,496路(康静里南--四惠枢纽站),13,1200.0,7,bus_tapin_clusters,2280.0,1200.0
line,496路(康静里南--四惠枢纽站),14,1800.0,3,bus_tapin_clusters,2220.0,1800.0
line,496路(康静里南--四惠枢纽站),16,1530.0,6,bus_tapin_clusters,1530.0,1800.0
line,496路(康静里南--四惠枢纽站),17,540.0,13,bus_tapin_clusters,540.0,720.0
line,496路(康静里南--四惠枢纽站),18,1020.0,7,bus_tapin_clusters,1020.0,1200.0
line,496路(康静里南--四惠枢纽站),19,900.0,7,bus_tapin_clusters,1080.0,900.0
line,496路(康静里南--四惠枢纽站),21,1230.0,2,bus_tapin_clusters,1230.0,1800.0
line,332路(地铁北宫门站--前门),6,900.0,14,bus_tapin_clusters,1245.0,900.0
line,332路(地铁北宫门站--前门),7,600.0,19,bus_tapin_clusters,900.0,600.0
line,332路(地铁北宫门站--前门),8,900.0,17,bus_tapin_clusters,900.0,900.0
line,332路(地铁北宫门站--前门),9,600.0,25,bus_tapin_clusters,870.0,600.0
line,332路(地铁北宫门站--前门),10,900.0,13,bus_tapin_clusters,1500.0,900.0
line,332路(地铁北宫门站--前门),11,600.0,15,bus_tapin_clusters,720.0,600.0
line,332路(地铁北宫门站--前门),12,900.0,17,bus_tapin_clusters,960.0,900.0
line,332路(地铁北宫门站--前门),13,720.0,25,bus_tapin_clusters,900.0,720.0
line,332路(地铁北宫门站--前门),14,840.0,13,bus_tapin_clusters,840.0,900.0
line,332路(地铁北宫门站--前门),15,720.0,20,bus_tapin_clusters,870.0,720.0
line,332路(地铁北宫门站--前门),16,720.0,15,bus_tapin_clusters,1140.0,720.0
line,332路(地铁北宫门站--前门),17,1560.0,6,bus_tapin_clusters,1560.0,1800.0
line,332路(地铁北宫门站--前门),18,900.0,15,bus_tapin_clusters,900.0,900.0
line,332路(地铁北宫门站--前门),19,900.0,13,bus_tapin_clusters,1200.0,900.0
line,332路(地铁北宫门站--前门),20,1200.0,10,bus_tapin_clusters,1200.0,1200.0
line,332路(地铁北宫门站--前门),21,900.0,3,bus_tapin_clusters,1020.0,900.0
line,919路(德胜门--体育场小区),5,600.0,2,bus_tapin_clusters,600.0,1800.0
line,919路(德胜门--体育场小区),6,900.0,3,bus_tapin_clusters,900.0,1200.0
line,919路(德胜门--体育场小区),7,960.0,3,bus_tapin_clusters,960.0,1200.0
line,919路(德胜门--体育场小区),8,900.0,4,bus_tapin_clusters,930.0,900.0
line,919路(德胜门--体育场小区),9,1500.0,2,bus_tapin_clusters,1500.0,1800.0
line,919路(德胜门--体育场小区),10,1710.0,2,bus_tapin_clusters,1710.0,1800.0
line,919路(德胜门--体育场小区),16,900.0,4,bus_tapin_clusters,1320.0,900.0
line,919路(德胜门--体育场小区),17,1200.0,2,bus_tapin_clusters,1200.0,1800.0
line,919路(德胜门--体育场小区),18,600.0,3,bus_tapin_clusters,600.0,1200.0
line,850路(马坡花园--东直门枢纽站),7,900.0,6,bus_tapin_clusters,900.0,900.0
line,850路(马坡花园--东直门枢纽站),8,870.0,8,bus_tapin_clusters,870.0,900.0
line,850路(马坡花园--东直门枢纽站),9,720.0,6,bus_tapin_clusters,720.0,900.0
line,850路(马坡花园--东直门枢纽站),18,1200.0,5,bus_tapin_clusters,1620.0,1200.0
line,850路(马坡花园--东直门枢纽站),19,780.0,3,bus_tapin_clusters,780.0,1200.0
line,850路(马坡花园--东直门枢纽站),17,840.0,2,bus_tapin_clusters,840.0,1800.0
line,390路(南五里店--西便门),5,510.0,4,bus_tapin_clusters,510.0,1800.0
line,390路(南五里店--西便门),6,480.0,15,bus_tapin_clusters,480.0,514.2857142857143
line,390路(南五里店--西便门),7,360.0,29,bus_tapin_clusters,420.0,360.0
line,390路(南五里店--西便门),8,514.2857142857143,23,bus_tapin_clusters,660.0,514.2857142857143
line,390路(南五里店--西便门),9,420.0,20,bus_tapin_clusters,420.0,450.0
line,390路(南五里店--西便门),10,400.0,25,bus_tapin_clusters,540.0,400.0
line,390路(南五里店--西便门),11,514.2857142857143,20,bus_tapin_clusters,540.0,514.2857142857143
line,390路(南五里店--西便门),12,720.0,11,bus_tapin_clusters,720.0,720.0
line,390路(南五里店--西便门),13,450.0,19,bus_tapin_clusters,540.0,450.0
line,390路(南五里店--西便门),14,720.0,17,bus_tapin_clusters,720.0,720.0
line,390路(南五里店--西便门),15,514.2857142857143,18,bus_tapin_clusters,555.0,514.2857142857143
line,390路(南五里店--西便门),16,600.0,15,bus_tapin_clusters,600.0,600.0
line,390路(南五里店--西便门),17,510.0,24,bus_tapin_clusters,510.0,514.2857142857143
line,390路(南五里店--西便门),18,400.0,19,bus_tapin_clusters,420.0,400.0
line,390路(南五里店--西便门),19,450.0,17,bus_tapin_clusters,540.0,450.0
line,390路(南五里店--西便门),20,600.0,13,bus_tapin_clusters,720.0,600.0
line,390路(南五里店--西便门),21,750.0,2,bus_tapin_clusters,750.0,1200.0
line,309路(北京西站南广场--太子峪陵园),9,1200.0,5,bus_tapin_clusters,1620.0,1200.0
line,309路(北京西站南广场--太子峪陵园),10,720.0,7,bus_tapin_clusters,780.0,720.0
line,309路(北京西站南广场--太子峪陵园),11,1020.0,4,bus_tapin_clusters,1020.0,1200.0
line,309路(北京西站南广场--太子峪陵园),12,1200.0,2,bus_tapin_clusters,1200.0,1800.0
line,309路(北京西站南广场--太子峪陵园),15,900.0,6,bus_tapin_clusters,915.0,900.0
line,309路(北京西站南广场--太子峪陵园),16,360.0,7,bus_tapin_clusters,360.0,720.0
line,309路(北京西站南广场--太子峪陵园),17,540.0,10,bus_tapin_clusters,540.0,600.0
line,309路(北京西站南广场--太子峪陵园),18,360.0,15,bus_tapin_clusters,360.0,400.0
line,309路(北京西站南广场--太子峪陵园),19,540.0,7,bus_tapin_clusters,540.0,600.0
line,309路(北京西站南广场--太子峪陵园),20,900.0,4,bus_tapin_clusters,1290.0,900.0
line,309路(北京西站南广场--太子峪陵园),21,514.2857142857143,9,bus_tapin_clusters,630.0,514.2857142857143
line,309路(北京西站南广场--太子峪陵园),8,1320.0,2,bus_tapin_clusters,1320.0,1800.0
line,309路(北京西站南广场--太子峪陵园),14,1200.0,3,bus_tapin_clusters,1200.0,1200.0
line,344路(小辛庄--德胜门西),6,720.0,8,bus_tapin_clusters,780.0,720.0
line,344路(小辛庄--德胜门西),7,510.0,14,bus_tapin_clusters,510.0,514.2857142857143
line,344路(小辛庄--德胜门西),8,400.0,15,bus_tapin_clusters,480.0,400.0
line,344路(小辛庄--德胜门西),9,720.0,9,bus_tapin_clusters,720.0,720.0
line,344路(小辛庄--德胜门西),10,900.0,7,bus_tapin_clusters,1080.0,900.0
line,344路(小辛庄--德胜门西),16,660.0,8,bus_tapin_clusters,660.0,720.0
line,344路(小辛庄--德胜门西),17,510.0,10,bus_tapin_clusters,510.0,600.0
line,344路(小辛庄--德胜门西),18,900.0,6,bus_tapin_clusters,900.0,1200.0
line,344路(小辛庄--德胜门西),19,1200.0,2,bus_tapin_clusters,1410.0,1200.0
line,344路(小辛庄--德胜门西),11,1800.0,2,bus_tapin_clusters,1920.0,1800.0
line,344路(小辛庄--德胜门西),12,990.0,3,bus_tapin_clusters,990.0,1200.0
line,423路(阜成门内--明春苑),5,900.0,2,bus_tapin_clusters,900.0,1800.0
line,423路(阜成门内--明春苑),6,900.0,9,bus_tapin_clusters,1350.0,900.0
line,423路(阜成门内--明春苑),8,360.0,13,bus_tapin_clusters,360.0,900.0
line,423路(阜成门内--明春苑),9,300.0,36,bus_tapin_clusters,300.0,327.27272727272725
line,423路(阜成门内--明春苑),10,514.2857142857143,26,bus_tapin_clusters,750.0,514.2857142857143
line,423路(阜成门内--明春苑),11,900.0,18,bus_tapin_clusters,1230.0,900.0
line,423路(阜成门内--明春苑),12,514.2857142857143,18,bus_tapin_clusters,960.0,514.2857142857143
line,423路(阜成门内--明春苑),13,420.0,12,bus_tapin_clusters,420.0,450.0
line,423路(阜成门内--明春苑),14,720.0,21,bus_tapin_clusters,900.0,720.0
line,423路(阜成门内--明春苑),15,360.0,18,bus_tapin_clusters,360.0,400.0
line,423路(阜成门内--明春苑),16,450.0,24,bus_tapin_clusters,915.0,450.0
line,423路(阜成门内--明春苑),17,211.76470588235293,36,bus_tapin_clusters,630.0,211.76470588235293
line,423路(阜成门内--明春苑),18,276.9230769230769,41,bus_tapin_clusters,480.0,276.9230769230769
line,423路(阜成门内--明春苑),19,276.9230769230769,29,bus_tapin_clusters,360.0,276.9230769230769
line,423路(阜成门内--明春苑),20,900.0,15,bus_tapin_clusters,900.0,900.0
line,423路(阜成门内--明春苑),21,900.0,13,bus_tapin_clusters,1050.0,900.0
line,423路(阜成门内--明春苑),22,480.0,9,bus_tapin_clusters,480.0,600.0
line,423路(阜成门内--明春苑),7,1800.0,8,bus_tapin_clusters,1965.0,1800.0
line,425路(小营公交场站--南坞),6,1200.0,13,bus_tapin_clusters,1440.0,1200.0
line,425路(小营公交场站--南坞),7,420.0,38,bus_tapin_clusters,420.0,450.0
line,425路(小营公交场站--南坞),8,330.0,39,bus_tapin_clusters,330.0,450.0
line,425路(小营公交场站--南坞),9,360.0,46,bus_tapin_clusters,420.0,360.0
line,425路(小营公交场站--南坞),10,360.0,31,bus_tapin_clusters,360.0,400.0
line,425路(小营公交场站--南坞),11,720.0,22,bus_tapin_clusters,1080.0,720.0
line,425路(小营公交场站--南坞),12,600.0,27,bus_tapin_clusters,600.0,600.0
line,425路(小营公交场站--南坞),13,360.0,32,bus_tapin_clusters,360.0,400.0
line,425路(小营公交场站--南坞),14,900.0,22,bus_tapin_clusters,930.0,900.0
line,425路(小营公交场站--南坞),15,600.0,31,bus_tapin_clusters,660.0,600.0
line,425路(小营公交场站--南坞),16,450.0,40,bus_tapin_clusters,480.0,450.0
line,425路(小营公交场站--南坞),17,400.0,44,bus_tapin_clusters,510.0,400.0
line,425路(小营公交场站--南坞),18,300.0,43,bus_tapin_clusters,300.0,400.0
line,425路(小营公交场站--南坞),19,270.0,31,bus_tapin_clusters,270.0,400.0
line,425路(小营公交场站--南坞),20,514.2857142857143,26,bus_tapin_clusters,570.0,514.2857142857143
line,425路(小营公交场站--南坞),21,600.0,23,bus_tapin_clusters,840.0,600.0
line,425路(小营公交场站--南坞),22,840.0,7,bus_tapin_clusters,840.0,900.0
line,86路(国家体育馆--航天桥北),6,600.0,21,bus_tapin_clusters,900.0,600.0
line,86路(国家体育馆--航天桥北),7,514.2857142857143,23,bus_tapin_clusters,660.0,514.2857142857143
line,86路(国家体育馆--航天桥北),8,600.0,27,bus_tapin_clusters,720.0,600.0
line,86路(国家体育馆--航天桥北),9,570.0,23,bus_tapin_clusters,570.0,720.0
line,86路(国家体育馆--航天桥北),10,600.0,27,bus_tapin_clusters,600.0,600.0
line,86路(国家体育馆--航天桥北),11,514.2857142857143,23,bus_tapin_clusters,600.0,514.2857142857143
line,86路(国家体育馆--航天桥北),12,450.0,24,bus_tapin_clusters,540.0,450.0
line,86路(国家体育馆--航天桥北),13,600.0,25,bus_tapin_clusters,900.0,600.0
line,86路(国家体育馆--航天桥北),14,780.0,23,bus_tapin_clusters,780.0,900.0
line,86路(国家体育馆--航天桥北),17,720.0,25,bus_tapin_clusters,1080.0,720.0
line,86路(国家体育馆--航天桥北),18,600.0,30,bus_tapin_clusters,690.0,600.0
line,86路(国家体育馆--航天桥北),19,600.0,22,bus_tapin_clusters,1140.0,600.0
line,86路(国家体育馆--航天桥北),20,690.0,20,bus_tapin_clusters,690.0,720.0
line,86路(国家体育馆--航天桥北),21,900.0,10,bus_tapin_clusters,1200.0,900.0
line,86路(国家体育馆--航天桥北),15,960.0,11,bus_tapin_clusters,960.0,1200.0
line,86路(国家体育馆--航天桥北),16,1140.0,12,bus_tapin_clusters,1140.0,1200.0
line,86路(国家体育馆--航天桥北),22,960.0,2,bus_tapin_clusters,960.0,1200.0
line,404路(东直门枢纽站--来广营西桥东),6,240.0,19,bus_tapin_clusters,240.0,400.0
line,404路(东直门枢纽站--来广营西桥东),7,360.0,48,bus_tapin_clusters,420.0,360.0
line,404路(东直门枢纽站--来广营西桥东),8,400.0,44,bus_tapin_clusters,405.0,400.0
line,404路(东直门枢纽站--来广营西桥东),9,257.14285714285717,52,bus_tapin_clusters,300.0,257.14285714285717
line,404路(东直门枢纽站--来广营西桥东),10,360.0,36,bus_tapin_clusters,435.0,360.0
line,404路(东直门枢纽站--来广营西桥东),11,327.27272727272725,36,bus_tapin_clusters,420.0,327.27272727272725
line,404路(东直门枢纽站--来广营西桥东),12,450.0,29,bus_tapin_clusters,540.0,450.0
line,404路(东直门枢纽站--来广营西桥东),13,276.9230769230769,41,bus_tapin_clusters,420.0,276.9230769230769
line,404路(东直门枢纽站--来广营西桥东),14,300.0,41,bus_tapin_clusters,420.0,300.0
line,404路(东直门枢纽站--来广营西桥东),15,360.0,37,bus_tapin_clusters,360.0,360.0
line,404路(东直门枢纽站--来广营西桥东),16,360.0,49,bus_tapin_clusters,420.0,360.0
line,404路(东直门枢纽站--来广营西桥东),17,360.0,33,bus_tapin_clusters,360.0,514.2857142857143
line,404路(东直门枢纽站--来广营西桥东),18,360.0,43,bus_tapin_clusters,480.0,360.0
line,404路(东直门枢纽站--来广营西桥东),19,450.0,29,bus_tapin_clusters,450.0,450.0
line,404路(东直门枢纽站--来广营西桥东),20,450.0,31,bus_tapin_clusters,540.0,450.0
line,404路(东直门枢纽站--来广营西桥东),21,327.27272727272725,23,bus_tapin_clusters,780.0,327.27272727272725
line,404路(东直门枢纽站--来广营西桥东),22,465.0,8,bus_tapin_clusters,465.0,514.2857142857143
line,850路(东直门--马坡花园),7,900.0,10,bus_tapin_clusters,1260.0,900.0
line,850路(东直门--马坡花园),8,660.0,13,bus_tapin_clusters,660.0,720.0
line,850路(东直门--马坡花园),9,600.0,15,bus_tapin_clusters,600.0,600.0
line,850路(东直门--马坡花园),12,1800.0,2,bus_tapin_clusters,2370.0,1800.0
line,850路(东直门--马坡花园),13,900.0,3,bus_tapin_clusters,900.0,1200.0
line,850路(东直门--马坡花园),14,1530.0,4,bus_tapin_clusters,1530.0,1800.0
line,850路(东直门--马坡花园),15,900.0,6,bus_tapin_clusters,1110.0,900.0
line,850路(东直门--马坡花园),16,780.0,9,bus_tapin_clusters,780.0,900.0
line,850路(东直门--马坡花园),18,600.0,7,bus_tapin_clusters,600.0,900.0
line,850路(东直门--马坡花园),19,900.0,6,bus_tapin_clusters,990.0,900.0
line,850路(东直门--马坡花园),21,750.0,4,bus_tapin_clusters,750.0,900.0
line,850路(东直门--马坡花园),22,675.0,2,bus_tapin_clusters,675.0,1200.0
line,850路(东直门--马坡花园),17,720.0,7,bus_tapin_clusters,1080.0,720.0
line,361路(望京科技创业园--巴沟村),7,600.0,26,bus_tapin_clusters,900.0,600.0
line,361路(望京科技创业园--巴沟村),8,585.0,26,bus_tapin_clusters,585.0,720.0
line,361路(望京科技创业园--巴沟村),9,900.0,19,bus_tapin_clusters,1200.0,900.0
line,361路(望京科技创业园--巴沟村),10,514.2857142857143,25,bus_tapin_clusters,540.0,514.2857142857143
line,361路(望京科技创业园--巴沟村),11,720.0,23,bus_tapin_clusters,840.0,720.0
line,361路(望京科技创业园--巴沟村),12,720.0,19,bus_tapin_clusters,840.0,720.0
line,361路(望京科技创业园--巴沟村),13,1680.0,6,bus_tapin_clusters,1680.0,1800.0
line,361路(望京科技创业园--巴沟村),14,900.0,17,bus_tapin_clusters,1020.0,900.0
line,361路(望京科技创业园--巴沟村),15,900.0,17,bus_tapin_clusters,1320.0,900.0
line,361路(望京科技创业园--巴沟村),16,660.0,27,bus_tapin_clusters,660.0,720.0
line,361路(望京科技创业园--巴沟村),17,600.0,30,bus_tapin_clusters,720.0,600.0
line,361路(望京科技创业园--巴沟村),18,600.0,28,bus_tapin_clusters,660.0,600.0
line,361路(望京科技创业园--巴沟村),21,720.0,15,bus_tapin_clusters,1020.0,720.0
line,361路(望京科技创业园--巴沟村),6,1200.0,10,bus_tapin_clusters,1320.0,1200.0
line,361路(望京科技创业园--巴沟村),19,720.0,23,bus_tapin_clusters,780.0,720.0
line,361路(望京科技创业园--巴沟村),20,900.0,14,bus_tapin_clusters,1110.0,900.0
line,361路(望京科技创业园--巴沟村),22,600.0,7,bus_tapin_clusters,720.0,600.0
line,663路(小马厂--苹果园南),6,930.0,6,bus_tapin_clusters,930.0,1200.0
line,663路(小马厂--苹果园南),7,514.2857142857143,9,bus_tapin_clusters,540.0,514.2857142857143
line,663路(小马厂--苹果园南),8,600.0,11,bus_tapin_clusters,690.0,600.0
line,663路(小马厂--苹果园南),10,1200.0,5,bus_tapin_clusters,1260.0,1200.0
line,663路(小马厂--苹果园南),11,480.0,12,bus_tapin_clusters,480.0,514.2857142857143
line,663路(小马厂--苹果园南),12,1200.0,6,bus_tapin_clusters,1800.0,1200.0
line,663路(小马厂--苹果园南),14,720.0,8,bus_tapin_clusters,1020.0,720.0
line,663路(小马厂--苹果园南),15,690.0,5,bus_tapin_clusters,690.0,1200.0
line,663路(小马厂--苹果园南),16,1200.0,6,bus_tapin_clusters,1350.0,1200.0
line,663路(小马厂--苹果园南),17,555.0,4,bus_tapin_clusters,555.0,1800.0
line,663路(小马厂--苹果园南),18,405.0,14,bus_tapin_clusters,405.0,450.0
line,663路(小马厂--苹果园南),19,1050.0,5,bus_tapin_clusters,1050.0,1200.0
line,663路(小马厂--苹果园南),20,1755.0,2,bus_tapin_clusters,1755.0,1800.0
line,663路(小马厂--苹果园南),21,1140.0,2,bus_tapin_clusters,1140.0,1200.0
line,663路(小马厂--苹果园南),9,1200.0,3,bus_tapin_clusters,1350.0,1200.0
line,78路(鲁谷公交场站--核桃园东街),6,630.0,24,bus_tapin_clusters,630.0,720.0
line,78路(鲁谷公交场站--核桃园东街),7,720.0,26,bus_tapin_clusters,795.0,720.0
line,78路(鲁谷公交场站--核桃园东街),8,450.0,41,bus_tapin_clusters,600.0,450.0
line,78路(鲁谷公交场站--核桃园东街),9,600.0,28,bus_tapin_clusters,660.0,600.0
line,78路(鲁谷公交场站--核桃园东街),10,450.0,39,bus_tapin_clusters,480.0,450.0
line,78路(鲁谷公交场站--核桃园东街),11,720.0,24,bus_tapin_clusters,840.0,720.0
line,78路(鲁谷公交场站--核桃园东街),12,720.0,25,bus_tapin_clusters,780.0,720.0
line,78路(鲁谷公交场站--核桃园东街),13,720.0,24,bus_tapin_clusters,810.0,720.0
line,78路(鲁谷公交场站--核桃园东街),14,514.2857142857143,34,bus_tapin_clusters,675.0,514.2857142857143
line,78路(鲁谷公交场站--核桃园东街),15,514.2857142857143,34,bus_tapin_clusters,540.0,514.2857142857143
line,78路(鲁谷公交场站--核桃园东街),16,600.0,30,bus_tapin_clusters,720.0,600.0
line,78路(鲁谷公交场站--核桃园东街),17,514.2857142857143,33,bus_tapin_clusters,570.0,514.2857142857143
line,78路(鲁谷公交场站--核桃园东街),18,720.0,22,bus_tapin_clusters,840.0,720.0
line,78路(鲁谷公交场站--核桃园东街),19,600.0,27,bus_tapin_clusters,720.0,600.0
line,78路(鲁谷公交场站--核桃园东街),20,720.0,17,bus_tapin_clusters,960.0,720.0
line,78路(鲁谷公交场站--核桃园东街),21,900.0,5,bus_tapin_clusters,960.0,900.0
line,359路(首都机场路北口--东直门外),6,900.0,4,bus_tapin_clusters,1350.0,900.0
line,359路(首都机场路北口--东直门外),7,360.0,4,bus_tapin_clusters,360.0,900.0
line,359路(首都机场路北口--东直门外),8,900.0,4,bus_tapin_clusters,1260.0,900.0
line,359路(首都机场路北口--东直门外),9,885.0,2,bus_tapin_clusters,885.0,1800.0
line,359路(首都机场路北口--东直门外),10,900.0,3,bus_tapin_clusters,1080.0,900.0
line,359路(首都机场路北口--东直门外),12,1800.0,2,bus_tapin_clusters,2190.0,1800.0
line,359路(首都机场路北口--东直门外),17,1800.0,2,bus_tapin_clusters,2340.0,1800.0
line,359路(首都机场路北口--东直门外),18,1080.0,3,bus_tapin_clusters,1080.0,1200.0
line,359路(首都机场路北口--东直门外),19,900.0,4,bus_tapin_clusters,930.0,900.0
line,359路(首都机场路北口--东直门外),20,1800.0,2,bus_tapin_clusters,2040.0,1800.0
line,969路(海子角--地铁西局站),7,900.0,4,bus_tapin_clusters,960.0,900.0
line,969路(海子角--地铁西局站),8,1200.0,5,bus_tapin_clusters,1440.0,1200.0
line,969路(海子角--地铁西局站),9,720.0,8,bus_tapin_clusters,990.0,720.0
line,969路(海子角--地铁西局站),11,1200.0,3,bus_tapin_clusters,1800.0,1200.0
line,969路(海子角--地铁西局站),17,420.0,3,bus_tapin_clusters,420.0,900.0
line,969路(海子角--地铁西局站),6,1800.0,2,bus_tapin_clusters,1920.0,1800.0
line,969路(海子角--地铁西局站),10,1800.0,2,bus_tapin_clusters,2160.0,1800.0
line,117路(五路居--红庙路口东),6,600.0,21,bus_tapin_clusters,600.0,600.0
line,117路(五路居--红庙路口东),7,300.0,38,bus_tapin_clusters,300.0,327.27272727272725
line,117路(五路居--红庙路口东),8,400.0,27,bus_tapin_clusters,420.0,400.0
line,117路(五路居--红庙路口东),9,360.0,41,bus_tapin_clusters,360.0,360.0
line,117路(五路居--红庙路口东),10,450.0,31,bus_tapin_clusters,600.0,450.0
line,117路(五路居--红庙路口东),11,300.0,28,bus_tapin_clusters,390.0,300.0
line,117路(五路居--红庙路口东),12,400.0,36,bus_tapin_clusters,690.0,400.0
line,117路(五路居--红庙路口东),13,720.0,23,bus_tapin_clusters,840.0,720.0
line,117路(五路居--红庙路口东),14,514.2857142857143,28,bus_tapin_clusters,780.0,514.2857142857143
line,117路(五路居--红庙路口东),15,400.0,32,bus_tapin_clusters,570.0,400.0
line,117路(五路居--红庙路口东),16,450.0,36,bus_tapin_clusters,540.0,450.0
line,117路(五路居--红庙路口东),17,300.0,34,bus_tapin_clusters,420.0,300.0
line,117路(五路居--红庙路口东),18,514.2857142857143,33,bus_tapin_clusters,540.0,514.2857142857143
line,117路(五路居--红庙路口东),19,600.0,21,bus_tapin_clusters,780.0,600.0
line,117路(五路居--红庙路口东),20,600.0,19,bus_tapin_clusters,840.0,600.0
line,117路(五路居--红庙路口东),21,450.0,12,bus_tapin_clusters,570.0,450.0
line,117路(五路居--红庙路口东),22,1200.0,4,bus_tapin_clusters,1770.0,1200.0
line,650路(焦庄桥北--大北窑北),5,450.0,2,bus_tapin_clusters,450.0,1800.0
line,650路(焦庄桥北--大北窑北),6,450.0,18,bus_tapin_clusters,780.0,450.0
line,650路(焦庄桥北--大北窑北),7,327.27272727272725,24,bus_tapin_clusters,600.0,327.27272727272725
line,650路(焦庄桥北--大北窑北),8,400.0,31,bus_tapin_clusters,480.0,400.0
line,650路(焦庄桥北--大北窑北),9,480.0,21,bus_tapin_clusters,480.0,514.2857142857143
line,650路(焦庄桥北--大北窑北),10,720.0,13,bus_tapin_clusters,840.0,720.0
line,650路(焦庄桥北--大北窑北),11,720.0,10,bus_tapin_clusters,840.0,720.0
line,650路(焦庄桥北--大北窑北),13,660.0,18,bus_tapin_clusters,660.0,720.0
line,650路(焦庄桥北--大北窑北),14,600.0,18,bus_tapin_clusters,630.0,600.0
line,650路(焦庄桥北--大北窑北),15,600.0,21,bus_tapin_clusters,660.0,600.0
line,650路(焦庄桥北--大北窑北),16,600.0,15,bus_tapin_clusters,720.0,600.0
line,650路(焦庄桥北--大北窑北),17,300.0,27,bus_tapin_clusters,540.0,300.0
line,650路(焦庄桥北--大北窑北),18,780.0,15,bus_tapin_clusters,780.0,900.0
line,650路(焦庄桥北--大北窑北),19,900.0,9,bus_tapin_clusters,900.0,900.0
line,650路(焦庄桥北--大北窑北),12,720.0,10,bus_tapin_clusters,750.0,720.0
line,650路(焦庄桥北--大北窑北),20,750.0,2,bus_tapin_clusters,750.0,1200.0
line,353路(富丰桥西--万源路),6,1200.0,5,bus_tapin_clusters,1200.0,1200.0
line,353路(富丰桥西--万源路),7,1140.0,6,bus_tapin_clusters,1140.0,1200.0
line,353路(富丰桥西--万源路),8,900.0,7,bus_tapin_clusters,1080.0,900.0
line,353路(富丰桥西--万源路),9,600.0,7,bus_tapin_clusters,600.0,720.0
line,353路(富丰桥西--万源路),10,900.0,6,bus_tapin_clusters,1170.0,900.0
line,353路(富丰桥西--万源路),11,510.0,4,bus_tapin_clusters,510.0,900.0
line,353路(富丰桥西--万源路),12,900.0,7,bus_tapin_clusters,1140.0,900.0
line,353路(富丰桥西--万源路),13,840.0,8,bus_tapin_clusters,840.0,900.0
line,353路(富丰桥西--万源路),14,720.0,8,bus_tapin_clusters,720.0,900.0
line,353路(富丰桥西--万源路),15,600.0,9,bus_tapin_clusters,660.0,600.0
line,353路(富丰桥西--万源路),16,750.0,7,bus_tapin_clusters,750.0,900.0
line,353路(富丰桥西--万源路),17,900.0,7,bus_tapin_clusters,1320.0,900.0
line,353路(富丰桥西--万源路),18,1200.0,5,bus_tapin_clusters,1320.0,1200.0
line,353路(富丰桥西--万源路),19,1200.0,5,bus_tapin_clusters,1440.0,1200.0
line,353路(富丰桥西--万源路),20,840.0,7,bus_tapin_clusters,840.0,900.0
line,353路(富丰桥西--万源路),21,780.0,4,bus_tapin_clusters,780.0,900.0
line,638路(北京站东--化工桥西),7,840.0,16,bus_tapin_clusters,840.0,1200.0
line,638路(北京站东--化工桥西),8,450.0,32,bus_tapin_clusters,570.0,450.0
line,638路(北京站东--化工桥西),9,360.0,38,bus_tapin_clusters,450.0,360.0
line,638路(北京站东--化工桥西),10,514.2857142857143,22,bus_tapin_clusters,600.0,514.2857142857143
line,638路(北京站东--化工桥西),11,514.2857142857143,31,bus_tapin_clusters,540.0,514.2857142857143
line,638路(北京站东--化工桥西),12,600.0,25,bus_tapin_clusters,600.0,600.0
line,638路(北京站东--化工桥西),13,400.0,18,bus_tapin_clusters,450.0,400.0
line,638路(北京站东--化工桥西),14,720.0,21,bus_tapin_clusters,1080.0,720.0
line,638路(北京站东--化工桥西),15,720.0,23,bus_tapin_clusters,720.0,720.0
line,638路(北京站东--化工桥西),16,450.0,38,bus_tapin_clusters,480.0,450.0
line,638路(北京站东--化工桥西),17,720.0,21,bus_tapin_clusters,1440.0,720.0
line,638路(北京站东--化工桥西),18,360.0,32,bus_tapin_clusters,360.0,450.0
line,638路(北京站东--化工桥西),19,300.0,43,bus_tapin_clusters,300.0,327.27272727272725
line,638路(北京站东--化工桥西),20,450.0,23,bus_tapin_clusters,600.0,450.0
line,638路(北京站东--化工桥西),21,900.0,16,bus_tapin_clusters,1050.0,900.0
line,638路(北京站东--化工桥西),6,1200.0,7,bus_tapin_clusters,1380.0,1200.0
line,612路(张仪村东站--北官厅),6,450.0,28,bus_tapin_clusters,690.0,450.0
line,612路(张仪村东站--北官厅),7,900.0,17,bus_tapin_clusters,900.0,900.0
line,612路(张仪村东站--北官厅),8,360.0,43,bus_tapin_clusters,360.0,360.0
line,612路(张仪村东站--北官厅),9,514.2857142857143,30,bus_tapin_clusters,570.0,514.2857142857143
line,612路(张仪村东站--北官厅),10,600.0,20,bus_tapin_clusters,780.0,600.0
line,612路(张仪村东站--北官厅),11,514.2857142857143,30,bus_tapin_clusters,630.0,514.2857142857143
line,612路(张仪村东站--北官厅),12,600.0,29,bus_tapin_clusters,720.0,600.0
line,612路(张仪村东站--北官厅),13,720.0,20,bus_tapin_clusters,720.0,900.0
line,612路(张仪村东站--北官厅),14,240.0,14,bus_tapin_clusters,240.0,720.0
line,612路(张仪村东站--北官厅),15,327.27272727272725,38,bus_tapin_clusters,480.0,327.27272727272725
line,612路(张仪村东站--北官厅),16,514.2857142857143,27,bus_tapin_clusters,1020.0,514.2857142857143
line,612路(张仪村东站--北官厅),17,480.0,27,bus_tapin_clusters,480.0,600.0
line,612路(张仪村东站--北官厅),18,390.0,17,bus_tapin_clusters,390.0,720.0
line,612路(张仪村东站--北官厅),19,720.0,21,bus_tapin_clusters,840.0,720.0
line,612路(张仪村东站--北官厅),20,1200.0,3,bus_tapin_clusters,1380.0,1200.0
line,612路(张仪村东站--北官厅),21,720.0,10,bus_tapin_clusters,870.0,720.0
line,632路(学府树公交场站--五路),6,450.0,33,bus_tapin_clusters,540.0,450.0
line,632路(学府树公交场站--五路),7,360.0,51,bus_tapin_clusters,360.0,360.0
line,632路(学府树公交场站--五路),8,300.0,63,bus_tapin_clusters,300.0,300.0
line,632路(学府树公交场站--五路),9,360.0,44,bus_tapin_clusters,360.0,400.0
line,632路(学府树公交场站--五路),10,450.0,37,bus_tapin_clusters,600.0,450.0
line,632路(学府树公交场站--五路),11,480.0,28,bus_tapin_clusters,480.0,600.0
line,632路(学府树公交场站--五路),12,514.2857142857143,37,bus_tapin_clusters,600.0,514.2857142857143
line,632路(学府树公交场站--五路),13,600.0,29,bus_tapin_clusters,660.0,600.0
line,632路(学府树公交场站--五路),14,400.0,38,bus_tapin_clusters,420.0,400.0
line,632路(学府树公交场站--五路),15,400.0,47,bus_tapin_clusters,420.0,400.0
line,632路(学府树公交场站--五路),16,300.0,57,bus_tapin_clusters,300.0,327.27272727272725
line,632路(学府树公交场站--五路),17,257.14285714285717,57,bus_tapin_clusters,360.0,257.14285714285717
line,632路(学府树公交场站--五路),18,327.27272727272725,44,bus_tapin_clusters,450.0,327.27272727272725
line,632路(学府树公交场站--五路),19,450.0,44,bus_tapin_clusters,540.0,450.0
line,632路(学府树公交场站--五路),20,600.0,31,bus_tapin_clusters,660.0,600.0
line,632路(学府树公交场站--五路),21,600.0,20,bus_tapin_clusters,855.0,600.0
line,531路(吴庄公交场站--丽泽桥),6,1380.0,2,bus_tapin_clusters,1380.0,1800.0
line,531路(吴庄公交场站--丽泽桥),7,480.0,11,bus_tapin_clusters,480.0,600.0
line,531路(吴庄公交场站--丽泽桥),8,720.0,8,bus_tapin_clusters,750.0,720.0
line,531路(吴庄公交场站--丽泽桥),9,900.0,8,bus_tapin_clusters,1230.0,900.0
line,531路(吴庄公交场站--丽泽桥),10,1800.0,2,bus_tapin_clusters,2160.0,1800.0
line,531路(吴庄公交场站--丽泽桥),17,1560.0,4,bus_tapin_clusters,1560.0,1800.0
line,531路(吴庄公交场站--丽泽桥),11,1680.0,2,bus_tapin_clusters,1680.0,1800.0
line,531路(吴庄公交场站--丽泽桥),12,780.0,3,bus_tapin_clusters,780.0,1200.0
line,531路(吴庄公交场站--丽泽桥),13,1800.0,2,bus_tapin_clusters,2340.0,1800.0
line,531路(吴庄公交场站--丽泽桥),16,1800.0,2,bus_tapin_clusters,2340.0,1800.0
line,454路(西红门西站--永定门汽车站),6,900.0,8,bus_tapin_clusters,960.0,900.0
line,454路(西红门西站--永定门汽车站),7,600.0,16,bus_tapin_clusters,660.0,600.0
line,454路(西红门西站--永定门汽车站),8,720.0,13,bus_tapin_clusters,870.0,720.0
line,454路(西红门西站--永定门汽车站),9,1200.0,10,bus_tapin_clusters,1260.0,1200.0
line,454路(西红门西站--永定门汽车站),10,600.0,15,bus_tapin_clusters,900.0,600.0
line,454路(西红门西站--永定门汽车站),11,1200.0,11,bus_tapin_clusters,1560.0,1200.0
line,454路(西红门西站--永定门汽车站),12,1260.0,4,bus_tapin_clusters,1260.0,1800.0
line,454路(西红门西站--永定门汽车站),13,1200.0,7,bus_tapin_clusters,1500.0,1200.0
line,454路(西红门西站--永定门汽车站),14,840.0,11,bus_tapin_clusters,840.0,900.0
line,454路(西红门西站--永定门汽车站),15,720.0,11,bus_tapin_clusters,840.0,720.0
line,454路(西红门西站--永定门汽车站),16,600.0,16,bus_tapin_clusters,840.0,600.0
line,454路(西红门西站--永定门汽车站),17,540.0,15,bus_tapin_clusters,540.0,600.0
line,454路(西红门西站--永定门汽车站),18,1140.0,8,bus_tapin_clusters,1140.0,1200.0
line,454路(西红门西站--永定门汽车站),19,720.0,13,bus_tapin_clusters,780.0,720.0
line,454路(西红门西站--永定门汽车站),20,720.0,12,bus_tapin_clusters,990.0,720.0
line,128路(北京三十九中学--红寺桥),6,360.0,18,bus_tapin_clusters,510.0,360.0
line,128路(北京三十九中学--红寺桥),7,330.0,34,bus_tapin_clusters,330.0,400.0
line,128路(北京三十九中学--红寺桥),8,300.0,35,bus_tapin_clusters,420.0,300.0
line,128路(北京三十九中学--红寺桥),9,300.0,37,bus_tapin_clusters,360.0,300.0
line,128路(北京三十九中学--红寺桥),10,400.0,41,bus_tapin_clusters,480.0,400.0
line,128路(北京三十九中学--红寺桥),11,327.27272727272725,45,bus_tapin_clusters,480.0,327.27272727272725
line,128路(北京三十九中学--红寺桥),12,360.0,35,bus_tapin_clusters,450.0,360.0
line,128路(北京三十九中学--红寺桥),13,327.27272727272725,47,bus_tapin_clusters,420.0,327.27272727272725
line,128路(北京三十九中学--红寺桥),14,276.9230769230769,42,bus_tapin_clusters,465.0,276.9230769230769
line,128路(北京三十九中学--红寺桥),15,450.0,39,bus_tapin_clusters,540.0,450.0
line,128路(北京三十九中学--红寺桥),16,360.0,35,bus_tapin_clusters,480.0,360.0
line,128路(北京三十九中学--红寺桥),17,257.14285714285717,42,bus_tapin_clusters,345.0,257.14285714285717
line,128路(北京三十九中学--红寺桥),18,257.14285714285717,46,bus_tapin_clusters,360.0,257.14285714285717
line,128路(北京三十九中学--红寺桥),19,390.0,31,bus_tapin_clusters,390.0,450.0
line,128路(北京三十九中学--红寺桥),20,300.0,36,bus_tapin_clusters,300.0,400.0
line,128路(北京三十九中学--红寺桥),21,720.0,19,bus_tapin_clusters,900.0,720.0
line,128路(北京三十九中学--红寺桥),5,240.0,3,bus_tapin_clusters,240.0,1200.0
line,835路(韩村河西--六里桥东),6,360.0,5,bus_tapin_clusters,360.0,720.0
line,835路(韩村河西--六里桥东),7,420.0,7,bus_tapin_clusters,420.0,514.2857142857143
line,835路(韩村河西--六里桥东),8,600.0,6,bus_tapin_clusters,630.0,600.0
line,835路(韩村河西--六里桥东),9,720.0,5,bus_tapin_clusters,840.0,720.0
line,835路(韩村河西--六里桥东),12,720.0,5,bus_tapin_clusters,780.0,720.0
line,835路(韩村河西--六里桥东),13,1650.0,2,bus_tapin_clusters,1650.0,1800.0
line,835路(韩村河西--六里桥东),16,600.0,6,bus_tapin_clusters,780.0,600.0
line,835路(韩村河西--六里桥东),17,570.0,6,bus_tapin_clusters,570.0,600.0
line,678路(永合庄--海户屯),6,450.0,35,bus_tapin_clusters,510.0,450.0
line,678路(永合庄--海户屯),7,330.0,43,bus_tapin_clusters,330.0,360.0
line,678路(永合庄--海户屯),8,400.0,47,bus_tapin_clusters,420.0,400.0
line,678路(永合庄--海户屯),9,514.2857142857143,36,bus_tapin_clusters,540.0,514.2857142857143
line,678路(永合庄--海户屯),10,600.0,23,bus_tapin_clusters,600.0,720.0
line,678路(永合庄--海户屯),11,600.0,31,bus_tapin_clusters,720.0,600.0
line,678路(永合庄--海户屯),12,660.0,25,bus_tapin_clusters,660.0,720.0
line,678路(永合庄--海户屯),13,720.0,24,bus_tapin_clusters,750.0,720.0
line,678路(永合庄--海户屯),14,480.0,26,bus_tapin_clusters,480.0,720.0
line,678路(永合庄--海户屯),15,514.2857142857143,31,bus_tapin_clusters,660.0,514.2857142857143
line,678路(永合庄--海户屯),16,514.2857142857143,35,bus_tapin_clusters,600.0,514.2857142857143
line,678路(永合庄--海户屯),17,360.0,31,bus_tapin_clusters,360.0,600.0
line,678路(永合庄--海户屯),18,327.27272727272725,42,bus_tapin_clusters,420.0,327.27272727272725
line,678路(永合庄--海户屯),19,600.0,24,bus_tapin_clusters,630.0,600.0
line,678路(永合庄--海户屯),20,720.0,14,bus_tapin_clusters,750.0,720.0
line,678路(永合庄--海户屯),21,1200.0,4,bus_tapin_clusters,1410.0,1200.0
line,55路(西安门--祁家豁子),6,900.0,13,bus_tapin_clusters,1140.0,900.0
line,55路(西安门--祁家豁子),8,540.0,29,bus_tapin_clusters,540.0,600.0
line,55路(西安门--祁家豁子),9,360.0,19,bus_tapin_clusters,360.0,720.0
line,55路(西安门--祁家豁子),10,514.2857142857143,24,bus_tapin_clusters,675.0,514.2857142857143
line,55路(西安门--祁家豁子),11,720.0,22,bus_tapin_clusters,720.0,720.0
line,55路(西安门--祁家豁子),12,480.0,17,bus_tapin_clusters,480.0,720.0
line,55路(西安门--祁家豁子),13,450.0,22,bus_tapin_clusters,600.0,450.0
line,55路(西安门--祁家豁子),14,540.0,11,bus_tapin_clusters,540.0,900.0
line,55路(西安门--祁家豁子),15,240.0,11,bus_tapin_clusters,240.0,720.0
line,55路(西安门--祁家豁子),16,480.0,11,bus_tapin_clusters,480.0,720.0
line,55路(西安门--祁家豁子),17,270.0,14,bus_tapin_clusters,270.0,300.0
line,55路(西安门--祁家豁子),18,900.0,18,bus_tapin_clusters,1470.0,900.0
line,55路(西安门--祁家豁子),19,1680.0,2,bus_tapin_clusters,1680.0,1800.0
line,55路(西安门--祁家豁子),20,570.0,2,bus_tapin_clusters,570.0,1800.0
line,55路(西安门--祁家豁子),21,1800.0,2,bus_tapin_clusters,2100.0,1800.0
line,55路(西安门--祁家豁子),7,1200.0,5,bus_tapin_clusters,1980.0,1200.0
line,386路(七星路南口--巴沟村),6,540.0,15,bus_tapin_clusters,540.0,900.0
line,386路(七星路南口--巴沟村),7,900.0,22,bus_tapin_clusters,1200.0,900.0
line,386路(七星路南口--巴沟村),8,435.0,34,bus_tapin_clusters,435.0,514.2857142857143
line,386路(七星路南口--巴沟村),9,720.0,23,bus_tapin_clusters,960.0,720.0
line,386路(七星路南口--巴沟村),10,720.0,23,bus_tapin_clusters,720.0,720.0
line,386路(七星路南口--巴沟村),11,514.2857142857143,28,bus_tapin_clusters,660.0,514.2857142857143
line,386路(七星路南口--巴沟村),12,600.0,25,bus_tapin_clusters,720.0,600.0
line,386路(七星路南口--巴沟村),13,720.0,24,bus_tapin_clusters,1020.0,720.0
line,386路(七星路南口--巴沟村),14,1110.0,10,bus_tapin_clusters,1110.0,1200.0
line,386路(七星路南口--巴沟村),15,840.0,17,bus_tapin_clusters,840.0,900.0
line,386路(七星路南口--巴沟村),16,630.0,16,bus_tapin_clusters,630.0,720.0
line,386路(七星路南口--巴沟村),17,1200.0,10,bus_tapin_clusters,1560.0,1200.0
line,386路(七星路南口--巴沟村),18,514.2857142857143,21,bus_tapin_clusters,840.0,514.2857142857143
line,386路(七星路南口--巴沟村),19,600.0,25,bus_tapin_clusters,780.0,600.0
line,386路(七星路南口--巴沟村),20,720.0,19,bus_tapin_clusters,960.0,720.0
line,386路(七星路南口--巴沟村),21,900.0,13,bus_tapin_clusters,900.0,900.0
line,386路(七星路南口--巴沟村),22,1200.0,2,bus_tapin_clusters,1320.0,1200.0
line,351路(地铁首经贸站--丰台路口),6,720.0,15,bus_tapin_clusters,1080.0,720.0
line,351路(地铁首经贸站--丰台路口),7,720.0,15,bus_tapin_clusters,840.0,720.0
line,351路(地铁首经贸站--丰台路口),8,600.0,29,bus_tapin_clusters,660.0,600.0
line,351路(地铁首经贸站--丰台路口),9,630.0,26,bus_tapin_clusters,630.0,720.0
line,351路(地铁首经贸站--丰台路口),10,720.0,19,bus_tapin_clusters,900.0,720.0
line,351路(地铁首经贸站--丰台路口),12,900.0,7,bus_tapin_clusters,1080.0,900.0
line,351路(地铁首经贸站--丰台路口),14,1200.0,5,bus_tapin_clusters,2460.0,1200.0
line,351路(地铁首经贸站--丰台路口),15,900.0,13,bus_tapin_clusters,1080.0,900.0
line,351路(地铁首经贸站--丰台路口),16,514.2857142857143,32,bus_tapin_clusters,690.0,514.2857142857143
line,351路(地铁首经贸站--丰台路口),17,600.0,25,bus_tapin_clusters,780.0,600.0
line,351路(地铁首经贸站--丰台路口),18,514.2857142857143,29,bus_tapin_clusters,660.0,514.2857142857143
line,351路(地铁首经贸站--丰台路口),19,690.0,14,bus_tapin_clusters,690.0,720.0
line,351路(地铁首经贸站--丰台路口),20,900.0,14,bus_tapin_clusters,1020.0,900.0
line,351路(地铁首经贸站--丰台路口),11,1200.0,10,bus_tapin_clusters,1755.0,1200.0
line,351路(地铁首经贸站--丰台路口),13,1200.0,7,bus_tapin_clusters,1260.0,1200.0
line,98路(东大桥路口东--四方桥西),6,600.0,19,bus_tapin_clusters,720.0,600.0
line,98路(东大桥路口东--四方桥西),7,480.0,31,bus_tapin_clusters,480.0,514.2857142857143
line,98路(东大桥路口东--四方桥西),8,720.0,24,bus_tapin_clusters,840.0,720.0
line,98路(东大桥路口东--四方桥西),9,360.0,42,bus_tapin_clusters,450.0,360.0
line,98路(东大桥路口东--四方桥西),10,360.0,39,bus_tapin_clusters,360.0,450.0
line,98路(东大桥路口东--四方桥西),11,514.2857142857143,34,bus_tapin_clusters,600.0,514.2857142857143
line,98路(东大桥路口东--四方桥西),12,360.0,41,bus_tapin_clusters,480.0,360.0
line,98路(东大桥路口东--四方桥西),13,514.2857142857143,37,bus_tapin_clusters,540.0,514.2857142857143
line,98路(东大桥路口东--四方桥西),14,510.0,34,bus_tapin_clusters,510.0,514.2857142857143
line,98路(东大桥路口东--四方桥西),15,600.0,25,bus_tapin_clusters,660.0,600.0
line,98路(东大桥路口东--四方桥西),16,450.0,42,bus_tapin_clusters,510.0,450.0
line,98路(东大桥路口东--四方桥西),17,450.0,36,bus_tapin_clusters,450.0,450.0
line,98路(东大桥路口东--四方桥西),18,300.0,51,bus_tapin_clusters,300.0,327.27272727272725
line,98路(东大桥路口东--四方桥西),19,400.0,38,bus_tapin_clusters,435.0,400.0
line,98路(东大桥路口东--四方桥西),20,450.0,35,bus_tapin_clusters,540.0,450.0
line,98路(东大桥路口东--四方桥西),21,360.0,22,bus_tapin_clusters,360.0,600.0
line,98路(东大桥路口东--四方桥西),22,900.0,11,bus_tapin_clusters,1260.0,900.0
line,407路(马连店--惠新东桥西),12,1800.0,2,bus_tapin_clusters,2130.0,1800.0
line,407路(马连店--惠新东桥西),13,1620.0,2,bus_tapin_clusters,1620.0,1800.0
line,407路(马连店--惠新东桥西),15,840.0,2,bus_tapin_clusters,840.0,1800.0
line,407路(马连店--惠新东桥西),16,570.0,4,bus_tapin_clusters,570.0,900.0
line,407路(马连店--惠新东桥西),17,870.0,3,bus_tapin_clusters,870.0,1200.0
line,407路(马连店--惠新东桥西),18,720.0,5,bus_tapin_clusters,720.0,720.0
line,407路(马连店--惠新东桥西),19,1200.0,3,bus_tapin_clusters,1200.0,1200.0
line,407路(马连店--惠新东桥西),20,1800.0,2,bus_tapin_clusters,2190.0,1800.0
line,381路(西红门公交场站--永定门汽车站),7,514.2857142857143,24,bus_tapin_clusters,690.0,514.2857142857143
line,381路(西红门公交场站--永定门汽车站),8,450.0,29,bus_tapin_clusters,660.0,450.0
line,381路(西红门公交场站--永定门汽车站),9,720.0,25,bus_tapin_clusters,840.0,720.0
line,381路(西红门公交场站--永定门汽车站),10,720.0,16,bus_tapin_clusters,885.0,720.0
line,381路(西红门公交场站--永定门汽车站),11,1200.0,9,bus_tapin_clusters,1320.0,1200.0
line,381路(西红门公交场站--永定门汽车站),12,900.0,19,bus_tapin_clusters,1200.0,900.0
line,381路(西红门公交场站--永定门汽车站),13,1200.0,13,bus_tapin_clusters,1200.0,1200.0
line,381路(西红门公交场站--永定门汽车站),14,1200.0,12,bus_tapin_clusters,1740.0,1200.0
line,381路(西红门公交场站--永定门汽车站),15,1110.0,10,bus_tapin_clusters,1110.0,1200.0
line,381路(西红门公交场站--永定门汽车站),16,720.0,27,bus_tapin_clusters,720.0,720.0
line,381路(西红门公交场站--永定门汽车站),17,720.0,24,bus_tapin_clusters,870.0,720.0
line,381路(西红门公交场站--永定门汽车站),18,1200.0,12,bus_tapin_clusters,1560.0,1200.0
line,381路(西红门公交场站--永定门汽车站),6,1200.0,12,bus_tapin_clusters,1200.0,1200.0
line,381路(西红门公交场站--永定门汽车站),19,900.0,10,bus_tapin_clusters,930.0,900.0
line,820路(莲花池南路--大地公交场站),6,660.0,20,bus_tapin_clusters,660.0,720.0
line,820路(莲花池南路--大地公交场站),7,400.0,41,bus_tapin_clusters,540.0,400.0
line,820路(莲花池南路--大地公交场站),8,450.0,40,bus_tapin_clusters,540.0,450.0
line,820路(莲花池南路--大地公交场站),9,360.0,42,bus_tapin_clusters,360.0,450.0
line,820路(莲花池南路--大地公交场站),10,360.0,40,bus_tapin_clusters,360.0,400.0
line,820路(莲花池南路--大地公交场站),11,514.2857142857143,36,bus_tapin_clusters,600.0,514.2857142857143
line,820路(莲花池南路--大地公交场站),12,600.0,30,bus_tapin_clusters,600.0,600.0
line,820路(莲花池南路--大地公交场站),13,660.0,25,bus_tapin_clusters,660.0,720.0
line,820路(莲花池南路--大地公交场站),14,450.0,39,bus_tapin_clusters,480.0,450.0
line,820路(莲花池南路--大地公交场站),15,514.2857142857143,33,bus_tapin_clusters,540.0,514.2857142857143
line,820路(莲花池南路--大地公交场站),16,400.0,44,bus_tapin_clusters,480.0,400.0
line,820路(莲花池南路--大地公交场站),17,360.0,40,bus_tapin_clusters,435.0,360.0
line,820路(莲花池南路--大地公交场站),18,400.0,44,bus_tapin_clusters,480.0,400.0
line,820路(莲花池南路--大地公交场站),19,450.0,40,bus_tapin_clusters,540.0,450.0
line,820路(莲花池南路--大地公交场站),20,720.0,22,bus_tapin_clusters,870.0,720.0
line,486路(辛庄--西直河南站),6,720.0,17,bus_tapin_clusters,900.0,720.0
line,486路(辛庄--西直河南站),7,900.0,12,bus_tapin_clusters,960.0,900.0
line,486路(辛庄--西直河南站),8,435.0,24,bus_tapin_clusters,435.0,514.2857142857143
line,486路(辛庄--西直河南站),9,720.0,9,bus_tapin_clusters,720.0,900.0
line,486路(辛庄--西直河南站),10,720.0,15,bus_tapin_clusters,1140.0,720.0
line,486路(辛庄--西直河南站),11,780.0,17,bus_tapin_clusters,780.0,900.0
line,486路(辛庄--西直河南站),12,720.0,16,bus_tapin_clusters,720.0,720.0
line,486路(辛庄--西直河南站),13,600.0,16,bus_tapin_clusters,870.0,600.0
line,486路(辛庄--西直河南站),14,900.0,14,bus_tapin_clusters,1050.0,900.0
line,486路(辛庄--西直河南站),15,600.0,13,bus_tapin_clusters,600.0,720.0
line,486路(辛庄--西直河南站),16,900.0,12,bus_tapin_clusters,1560.0,900.0
line,486路(辛庄--西直河南站),17,540.0,19,bus_tapin_clusters,540.0,600.0
line,486路(辛庄--西直河南站),20,1200.0,9,bus_tapin_clusters,1260.0,1200.0
line,486路(辛庄--西直河南站),18,1200.0,10,bus_tapin_clusters,1845.0,1200.0
line,486路(辛庄--西直河南站),21,1200.0,4,bus_tapin_clusters,1560.0,1200.0
line,486路(辛庄--西直河南站),19,1800.0,2,bus_tapin_clusters,2010.0,1800.0
line,568路(砂石路口东--马官营北),8,540.0,3,bus_tapin_clusters,540.0,1800.0
line,568路(砂石路口东--马官营北),9,1200.0,5,bus_tapin_clusters,1620.0,1200.0
line,568路(砂石路口东--马官营北),10,1710.0,2,bus_tapin_clusters,1710.0,1800.0
line,568路(砂石路口东--马官营北),11,1800.0,2,bus_tapin_clusters,2280.0,1800.0
line,568路(砂石路口东--马官营北),12,1200.0,4,bus_tapin_clusters,1200.0,1200.0
line,568路(砂石路口东--马官营北),16,1200.0,7,bus_tapin_clusters,1740.0,1200.0
line,568路(砂石路口东--马官营北),17,660.0,11,bus_tapin_clusters,660.0,900.0
line,568路(砂石路口东--马官营北),18,420.0,16,bus_tapin_clusters,420.0,600.0
line,568路(砂石路口东--马官营北),19,1560.0,4,bus_tapin_clusters,1560.0,1800.0
line,568路(砂石路口东--马官营北),20,420.0,6,bus_tapin_clusters,420.0,720.0
line,568路(砂石路口东--马官营北),21,1200.0,3,bus_tapin_clusters,1560.0,1200.0
line,568路(砂石路口东--马官营北),15,1200.0,3,bus_tapin_clusters,1380.0,1200.0
line,315路(新都东站--大钟寺),6,900.0,6,bus_tapin_clusters,1260.0,900.0
line,315路(新都东站--大钟寺),7,450.0,16,bus_tapin_clusters,450.0,450.0
line,315路(新都东站--大钟寺),8,400.0,18,bus_tapin_clusters,480.0,400.0
line,315路(新都东站--大钟寺),9,390.0,18,bus_tapin_clusters,390.0,450.0
line,315路(新都东站--大钟寺),10,540.0,12,bus_tapin_clusters,540.0,600.0
line,315路(新都东站--大钟寺),11,514.2857142857143,10,bus_tapin_clusters,585.0,514.2857142857143
line,315路(新都东站--大钟寺),12,840.0,5,bus_tapin_clusters,840.0,1200.0
line,315路(新都东站--大钟寺),13,600.0,11,bus_tapin_clusters,660.0,600.0
line,315路(新都东站--大钟寺),14,540.0,13,bus_tapin_clusters,540.0,600.0
line,315路(新都东站--大钟寺),15,420.0,13,bus_tapin_clusters,420.0,514.2857142857143
line,315路(新都东站--大钟寺),16,375.0,16,bus_tapin_clusters,375.0,400.0
line,315路(新都东站--大钟寺),17,720.0,11,bus_tapin_clusters,840.0,720.0
line,315路(新都东站--大钟寺),18,660.0,15,bus_tapin_clusters,660.0,720.0
line,315路(新都东站--大钟寺),19,600.0,8,bus_tapin_clusters,900.0,600.0
line,315路(新都东站--大钟寺),20,900.0,6,bus_tapin_clusters,1290.0,900.0
line,315路(新都东站--大钟寺),21,870.0,4,bus_tapin_clusters,870.0,900.0
line,919路(体育场小区--德胜门),9,390.0,4,bus_tapin_clusters,390.0,900.0
line,919路(体育场小区--德胜门),10,780.0,4,bus_tapin_clusters,780.0,900.0
line,919路(体育场小区--德胜门),12,1200.0,3,bus_tapin_clusters,1560.0,1200.0
line,919路(体育场小区--德胜门),14,1665.0,2,bus_tapin_clusters,1665.0,1800.0
line,919路(体育场小区--德胜门),15,1785.0,2,bus_tapin_clusters,1785.0,1800.0
line,919路(体育场小区--德胜门),16,660.0,4,bus_tapin_clusters,660.0,900.0
line,919路(体育场小区--德胜门),17,1200.0,3,bus_tapin_clusters,1800.0,1200.0
line,919路(体育场小区--德胜门),19,810.0,2,bus_tapin_clusters,810.0,1200.0
line,653路(北苑家园--地铁海淀五路居站),6,690.0,22,bus_tapin_clusters,690.0,720.0
line,653路(北苑家园--地铁海淀五路居站),7,720.0,21,bus_tapin_clusters,900.0,720.0
line,653路(北苑家园--地铁海淀五路居站),8,450.0,39,bus_tapin_clusters,480.0,450.0
line,653路(北苑家园--地铁海淀五路居站),9,600.0,28,bus_tapin_clusters,810.0,600.0
line,653路(北苑家园--地铁海淀五路居站),10,480.0,34,bus_tapin_clusters,480.0,514.2857142857143
line,653路(北苑家园--地铁海淀五路居站),11,600.0,31,bus_tapin_clusters,780.0,600.0
line,653路(北苑家园--地铁海淀五路居站),12,600.0,29,bus_tapin_clusters,720.0,600.0
line,653路(北苑家园--地铁海淀五路居站),13,720.0,27,bus_tapin_clusters,840.0,720.0
line,653路(北苑家园--地铁海淀五路居站),14,600.0,28,bus_tapin_clusters,810.0,600.0
line,653路(北苑家园--地铁海淀五路居站),15,540.0,33,bus_tapin_clusters,540.0,600.0
line,653路(北苑家园--地铁海淀五路居站),16,400.0,43,bus_tapin_clusters,480.0,400.0
line,653路(北苑家园--地铁海淀五路居站),17,660.0,28,bus_tapin_clusters,660.0,720.0
line,653路(北苑家园--地铁海淀五路居站),18,514.2857142857143,25,bus_tapin_clusters,720.0,514.2857142857143
line,653路(北苑家园--地铁海淀五路居站),19,720.0,21,bus_tapin_clusters,1020.0,720.0
line,653路(北苑家园--地铁海淀五路居站),20,720.0,24,bus_tapin_clusters,960.0,720.0
line,653路(北苑家园--地铁海淀五路居站),21,720.0,25,bus_tapin_clusters,900.0,720.0
line,54路(四惠桥--三营门),6,660.0,25,bus_tapin_clusters,660.0,720.0
line,54路(四惠桥--三营门),7,420.0,38,bus_tapin_clusters,420.0,450.0
line,54路(四惠桥--三营门),8,514.2857142857143,34,bus_tapin_clusters,660.0,514.2857142857143
line,54路(四惠桥--三营门),9,400.0,43,bus_tapin_clusters,420.0,400.0
line,54路(四惠桥--三营门),10,480.0,39,bus_tapin_clusters,480.0,514.2857142857143
line,54路(四惠桥--三营门),11,514.2857142857143,36,bus_tapin_clusters,570.0,514.2857142857143
line,54路(四惠桥--三营门),12,480.0,32,bus_tapin_clusters,480.0,600.0
line,54路(四惠桥--三营门),13,720.0,23,bus_tapin_clusters,840.0,720.0
line,54路(四惠桥--三营门),14,514.2857142857143,34,bus_tapin_clusters,600.0,514.2857142857143
line,54路(四惠桥--三营门),15,600.0,34,bus_tapin_clusters,600.0,600.0
line,54路(四惠桥--三营门),16,600.0,33,bus_tapin_clusters,660.0,600.0
line,54路(四惠桥--三营门),17,450.0,40,bus_tapin_clusters,540.0,450.0
line,54路(四惠桥--三营门),18,450.0,35,bus_tapin_clusters,600.0,450.0
line,54路(四惠桥--三营门),19,360.0,45,bus_tapin_clusters,420.0,360.0
line,54路(四惠桥--三营门),20,900.0,19,bus_tapin_clusters,1440.0,900.0
line,54路(四惠桥--三营门),21,720.0,20,bus_tapin_clusters,810.0,720.0
line,986路(方庄桥东--大地公交场站),6,900.0,6,bus_tapin_clusters,990.0,900.0
line,986路(方庄桥东--大地公交场站),7,450.0,10,bus_tapin_clusters,450.0,720.0
line,986路(方庄桥东--大地公交场站),8,900.0,8,bus_tapin_clusters,1080.0,900.0
line,986路(方庄桥东--大地公交场站),9,480.0,10,bus_tapin_clusters,480.0,600.0
line,986路(方庄桥东--大地公交场站),10,240.0,12,bus_tapin_clusters,240.0,600.0
line,986路(方庄桥东--大地公交场站),11,720.0,9,bus_tapin_clusters,780.0,720.0
line,986路(方庄桥东--大地公交场站),12,720.0,9,bus_tapin_clusters,840.0,720.0
line,986路(方庄桥东--大地公交场站),13,900.0,8,bus_tapin_clusters,930.0,900.0
line,986路(方庄桥东--大地公交场站),14,720.0,9,bus_tapin_clusters,780.0,720.0
line,986路(方庄桥东--大地公交场站),15,720.0,9,bus_tapin_clusters,780.0,720.0
line,986路(方庄桥东--大地公交场站),16,720.0,9,bus_tapin_clusters,840.0,720.0
line,986路(方庄桥东--大地公交场站),17,720.0,9,bus_tapin_clusters,900.0,720.0
line,986路(方庄桥东--大地公交场站),18,600.0,10,bus_tapin_clusters,630.0,600.0
line,986路(方庄桥东--大地公交场站),19,600.0,9,bus_tapin_clusters,600.0,720.0
line,986路(方庄桥东--大地公交场站),20,660.0,7,bus_tapin_clusters,660.0,720.0
line,680路(上林苑小区--金蝉南里),6,450.0,30,bus_tapin_clusters,630.0,450.0
line,680路(上林苑小区--金蝉南里),7,450.0,34,bus_tapin_clusters,540.0,450.0
line,680路(上林苑小区--金蝉南里),8,514.2857142857143,29,bus_tapin_clusters,720.0,514.2857142857143
line,680路(上林苑小区--金蝉南里),9,720.0,23,bus_tapin_clusters,840.0,720.0
line,680路(上林苑小区--金蝉南里),10,720.0,23,bus_tapin_clusters,900.0,720.0
line,680路(上林苑小区--金蝉南里),11,720.0,16,bus_tapin_clusters,930.0,720.0
line,680路(上林苑小区--金蝉南里),12,900.0,13,bus_tapin_clusters,960.0,900.0
line,680路(上林苑小区--金蝉南里),13,900.0,13,bus_tapin_clusters,990.0,900.0
line,680路(上林苑小区--金蝉南里),14,720.0,20,bus_tapin_clusters,810.0,720.0
line,680路(上林苑小区--金蝉南里),15,720.0,21,bus_tapin_clusters,840.0,720.0
line,680路(上林苑小区--金蝉南里),16,514.2857142857143,26,bus_tapin_clusters,750.0,514.2857142857143
line,680路(上林苑小区--金蝉南里),17,600.0,25,bus_tapin_clusters,840.0,600.0
line,680路(上林苑小区--金蝉南里),18,900.0,18,bus_tapin_clusters,1050.0,900.0
line,680路(上林苑小区--金蝉南里),19,1200.0,9,bus_tapin_clusters,1860.0,1200.0
line,680路(上林苑小区--金蝉南里),20,1200.0,7,bus_tapin_clusters,2040.0,1200.0
line,680路(上林苑小区--金蝉南里),21,1170.0,6,bus_tapin_clusters,1170.0,1200.0
line,980路快车(密云汽车站--东直门枢纽站),6,555.0,12,bus_tapin_clusters,555.0,600.0
line,980路快车(密云汽车站--东直门枢纽站),7,540.0,6,bus_tapin_clusters,540.0,900.0
line,980路快车(密云汽车站--东直门枢纽站),8,360.0,17,bus_tapin_clusters,390.0,360.0
line,980路快车(密云汽车站--东直门枢纽站),9,400.0,15,bus_tapin_clusters,480.0,400.0
line,980路快车(密云汽车站--东直门枢纽站),10,900.0,7,bus_tapin_clusters,1200.0,900.0
line,980路快车(密云汽车站--东直门枢纽站),11,900.0,7,bus_tapin_clusters,1140.0,900.0
line,980路快车(密云汽车站--东直门枢纽站),13,600.0,7,bus_tapin_clusters,600.0,900.0
line,980路快车(密云汽车站--东直门枢纽站),14,510.0,9,bus_tapin_clusters,510.0,600.0
line,980路快车(密云汽车站--东直门枢纽站),15,600.0,11,bus_tapin_clusters,720.0,600.0
line,980路快车(密云汽车站--东直门枢纽站),16,600.0,10,bus_tapin_clusters,705.0,600.0
line,980路快车(密云汽车站--东直门枢纽站),17,540.0,11,bus_tapin_clusters,540.0,600.0
line,980路快车(密云汽车站--东直门枢纽站),18,450.0,15,bus_tapin_clusters,540.0,450.0
line,980路快车(密云汽车站--东直门枢纽站),19,600.0,3,bus_tapin_clusters,600.0,900.0
line,980路快车(密云汽车站--东直门枢纽站),12,900.0,4,bus_tapin_clusters,960.0,900.0
line,668路(北京站东--京东运乔建材城),6,900.0,7,bus_tapin_clusters,1260.0,900.0
line,668路(北京站东--京东运乔建材城),7,555.0,10,bus_tapin_clusters,555.0,720.0
line,668路(北京站东--京东运乔建材城),8,390.0,14,bus_tapin_clusters,390.0,400.0
line,668路(北京站东--京东运乔建材城),9,420.0,9,bus_tapin_clusters,420.0,514.2857142857143
line,668路(北京站东--京东运乔建材城),10,514.2857142857143,13,bus_tapin_clusters,540.0,514.2857142857143
line,668路(北京站东--京东运乔建材城),11,600.0,15,bus_tapin_clusters,690.0,600.0
line,668路(北京站东--京东运乔建材城),12,900.0,10,bus_tapin_clusters,1170.0,900.0
line,668路(北京站东--京东运乔建材城),13,720.0,11,bus_tapin_clusters,1200.0,720.0
line,668路(北京站东--京东运乔建材城),14,480.0,15,bus_tapin_clusters,480.0,600.0
line,668路(北京站东--京东运乔建材城),15,480.0,15,bus_tapin_clusters,480.0,600.0
line,668路(北京站东--京东运乔建材城),16,720.0,14,bus_tapin_clusters,780.0,720.0
line,668路(北京站东--京东运乔建材城),17,300.0,24,bus_tapin_clusters,375.0,300.0
line,668路(北京站东--京东运乔建材城),18,420.0,19,bus_tapin_clusters,420.0,514.2857142857143
line,668路(北京站东--京东运乔建材城),19,514.2857142857143,17,bus_tapin_clusters,600.0,514.2857142857143
line,668路(北京站东--京东运乔建材城),20,720.0,13,bus_tapin_clusters,720.0,720.0
line,668路(北京站东--京东运乔建材城),21,514.2857142857143,14,bus_tapin_clusters,855.0,514.2857142857143
line,915路(东直门外--南彩汽车站),7,600.0,7,bus_tapin_clusters,600.0,720.0
line,915路(东直门外--南彩汽车站),8,600.0,11,bus_tapin_clusters,600.0,600.0
line,915路(东直门外--南彩汽车站),9,720.0,9,bus_tapin_clusters,840.0,720.0
line,915路(东直门外--南彩汽车站),10,1140.0,2,bus_tapin_clusters,1140.0,1800.0
line,915路(东直门外--南彩汽车站),11,1800.0,3,bus_tapin_clusters,2010.0,1800.0
line,915路(东直门外--南彩汽车站),13,720.0,7,bus_tapin_clusters,720.0,900.0
line,915路(东直门外--南彩汽车站),15,1170.0,4,bus_tapin_clusters,1170.0,1200.0
line,915路(东直门外--南彩汽车站),16,780.0,3,bus_tapin_clusters,780.0,1200.0
line,915路(东直门外--南彩汽车站),17,450.0,14,bus_tapin_clusters,495.0,450.0
line,915路(东直门外--南彩汽车站),18,555.0,14,bus_tapin_clusters,555.0,600.0
line,915路(东直门外--南彩汽车站),19,514.2857142857143,13,bus_tapin_clusters,600.0,514.2857142857143
line,915路(东直门外--南彩汽车站),20,600.0,11,bus_tapin_clusters,600.0,600.0
line,915路(东直门外--南彩汽车站),21,514.2857142857143,7,bus_tapin_clusters,600.0,514.2857142857143
line,915路(东直门外--南彩汽车站),22,540.0,3,bus_tapin_clusters,540.0,900.0
line,915路(东直门外--南彩汽车站),6,720.0,5,bus_tapin_clusters,780.0,720.0
line,915路(东直门外--南彩汽车站),12,840.0,3,bus_tapin_clusters,840.0,1200.0
line,513路(唐家村--吕营嘉园),6,720.0,15,bus_tapin_clusters,900.0,720.0
line,513路(唐家村--吕营嘉园),7,600.0,25,bus_tapin_clusters,600.0,600.0
line,513路(唐家村--吕营嘉园),8,450.0,33,bus_tapin_clusters,540.0,450.0
line,513路(唐家村--吕营嘉园),9,720.0,23,bus_tapin_clusters,720.0,720.0
line,513路(唐家村--吕营嘉园),10,675.0,24,bus_tapin_clusters,675.0,720.0
line,513路(唐家村--吕营嘉园),11,570.0,15,bus_tapin_clusters,570.0,720.0
line,513路(唐家村--吕营嘉园),12,514.2857142857143,21,bus_tapin_clusters,720.0,514.2857142857143
line,513路(唐家村--吕营嘉园),14,600.0,19,bus_tapin_clusters,720.0,600.0
line,513路(唐家村--吕营嘉园),15,600.0,22,bus_tapin_clusters,660.0,600.0
line,513路(唐家村--吕营嘉园),16,480.0,29,bus_tapin_clusters,480.0,600.0
line,513路(唐家村--吕营嘉园),17,360.0,35,bus_tapin_clusters,360.0,450.0
line,513路(唐家村--吕营嘉园),18,360.0,26,bus_tapin_clusters,480.0,360.0
line,513路(唐家村--吕营嘉园),19,300.0,11,bus_tapin_clusters,300.0,720.0
line,513路(唐家村--吕营嘉园),20,360.0,19,bus_tapin_clusters,360.0,720.0
line,513路(唐家村--吕营嘉园),21,1800.0,4,bus_tapin_clusters,2070.0,1800.0
line,513路(唐家村--吕营嘉园),13,360.0,12,bus_tapin_clusters,360.0,720.0
line,32路(月坛南街北站--公主坟西),7,780.0,14,bus_tapin_clusters,780.0,1200.0
line,32路(月坛南街北站--公主坟西),8,720.0,20,bus_tapin_clusters,720.0,720.0
line,32路(月坛南街北站--公主坟西),9,514.2857142857143,23,bus_tapin_clusters,780.0,514.2857142857143
line,32路(月坛南街北站--公主坟西),10,660.0,25,bus_tapin_clusters,660.0,720.0
line,32路(月坛南街北站--公主坟西),11,1200.0,12,bus_tapin_clusters,1740.0,1200.0
line,32路(月坛南街北站--公主坟西),13,600.0,11,bus_tapin_clusters,780.0,600.0
line,32路(月坛南街北站--公主坟西),16,960.0,7,bus_tapin_clusters,960.0,1200.0
line,32路(月坛南街北站--公主坟西),17,510.0,14,bus_tapin_clusters,510.0,900.0
line,32路(月坛南街北站--公主坟西),18,600.0,19,bus_tapin_clusters,600.0,600.0
line,32路(月坛南街北站--公主坟西),19,1800.0,4,bus_tapin_clusters,1830.0,1800.0
line,32路(月坛南街北站--公主坟西),12,900.0,6,bus_tapin_clusters,1470.0,900.0
line,32路(月坛南街北站--公主坟西),14,270.0,4,bus_tapin_clusters,270.0,900.0
line,32路(月坛南街北站--公主坟西),15,420.0,5,bus_tapin_clusters,420.0,720.0
line,516路(亮马桥--南皋),6,810.0,10,bus_tapin_clusters,810.0,900.0
line,516路(亮马桥--南皋),7,400.0,21,bus_tapin_clusters,540.0,400.0
line,516路(亮马桥--南皋),8,720.0,19,bus_tapin_clusters,750.0,720.0
line,516路(亮马桥--南皋),9,900.0,17,bus_tapin_clusters,900.0,900.0
line,516路(亮马桥--南皋),10,600.0,19,bus_tapin_clusters,780.0,600.0
line,516路(亮马桥--南皋),11,720.0,19,bus_tapin_clusters,1320.0,720.0
line,516路(亮马桥--南皋),14,720.0,18,bus_tapin_clusters,990.0,720.0
line,516路(亮马桥--南皋),15,1200.0,8,bus_tapin_clusters,1530.0,1200.0
line,516路(亮马桥--南皋),16,514.2857142857143,20,bus_tapin_clusters,690.0,514.2857142857143
line,516路(亮马桥--南皋),18,1200.0,10,bus_tapin_clusters,1500.0,1200.0
line,516路(亮马桥--南皋),19,720.0,19,bus_tapin_clusters,720.0,720.0
line,516路(亮马桥--南皋),20,540.0,13,bus_tapin_clusters,540.0,900.0
line,516路(亮马桥--南皋),21,1800.0,4,bus_tapin_clusters,1920.0,1800.0
line,516路(亮马桥--南皋),13,1530.0,8,bus_tapin_clusters,1530.0,1800.0
line,516路(亮马桥--南皋),12,420.0,9,bus_tapin_clusters,420.0,900.0
line,516路(亮马桥--南皋),17,900.0,12,bus_tapin_clusters,975.0,900.0
line,410路(丽园路公交场站--北京西站南广场),7,900.0,16,bus_tapin_clusters,960.0,900.0
line,410路(丽园路公交场站--北京西站南广场),8,900.0,13,bus_tapin_clusters,1440.0,900.0
line,410路(丽园路公交场站--北京西站南广场),9,514.2857142857143,32,bus_tapin_clusters,570.0,514.2857142857143
line,410路(丽园路公交场站--北京西站南广场),10,600.0,17,bus_tapin_clusters,660.0,600.0
line,410路(丽园路公交场站--北京西站南广场),11,720.0,15,bus_tapin_clusters,960.0,720.0
line,410路(丽园路公交场站--北京西站南广场),12,720.0,17,bus_tapin_clusters,1020.0,720.0
line,410路(丽园路公交场站--北京西站南广场),13,600.0,17,bus_tapin_clusters,780.0,600.0
line,410路(丽园路公交场站--北京西站南广场),14,720.0,21,bus_tapin_clusters,780.0,720.0
line,410路(丽园路公交场站--北京西站南广场),15,514.2857142857143,29,bus_tapin_clusters,600.0,514.2857142857143
line,410路(丽园路公交场站--北京西站南广场),16,720.0,19,bus_tapin_clusters,1080.0,720.0
line,410路(丽园路公交场站--北京西站南广场),17,600.0,29,bus_tapin_clusters,660.0,600.0
line,410路(丽园路公交场站--北京西站南广场),18,514.2857142857143,31,bus_tapin_clusters,660.0,514.2857142857143
line,410路(丽园路公交场站--北京西站南广场),19,514.2857142857143,19,bus_tapin_clusters,1140.0,514.2857142857143
line,410路(丽园路公交场站--北京西站南广场),20,514.2857142857143,25,bus_tapin_clusters,600.0,514.2857142857143
line,410路(丽园路公交场站--北京西站南广场),21,600.0,19,bus_tapin_clusters,840.0,600.0
line,410路(丽园路公交场站--北京西站南广场),22,480.0,3,bus_tapin_clusters,480.0,900.0
line,410路(丽园路公交场站--北京西站南广场),6,1245.0,2,bus_tapin_clusters,1245.0,1800.0
line,840路(马村公交场站--七里庄),6,1050.0,4,bus_tapin_clusters,1050.0,1800.0
line,840路(马村公交场站--七里庄),7,1200.0,5,bus_tapin_clusters,1560.0,1200.0
line,840路(马村公交场站--七里庄),8,900.0,9,bus_tapin_clusters,1140.0,900.0
line,840路(马村公交场站--七里庄),10,900.0,5,bus_tapin_clusters,1260.0,900.0
line,840路(马村公交场站--七里庄),12,1800.0,2,bus_tapin_clusters,1980.0,1800.0
line,840路(马村公交场站--七里庄),13,1020.0,5,bus_tapin_clusters,1020.0,1200.0
line,840路(马村公交场站--七里庄),14,1200.0,5,bus_tapin_clusters,2040.0,1200.0
line,840路(马村公交场站--七里庄),15,300.0,3,bus_tapin_clusters,300.0,1800.0
line,840路(马村公交场站--七里庄),16,1170.0,4,bus_tapin_clusters,1170.0,1200.0
line,840路(马村公交场站--七里庄),17,900.0,8,bus_tapin_clusters,2190.0,900.0
line,840路(马村公交场站--七里庄),19,1200.0,4,bus_tapin_clusters,1380.0,1200.0
line,840路(马村公交场站--七里庄),9,720.0,7,bus_tapin_clusters,720.0,900.0
line,840路(马村公交场站--七里庄),18,600.0,3,bus_tapin_clusters,600.0,1200.0
line,997路(莲花池南路--经海二路公交场站),6,720.0,20,bus_tapin_clusters,750.0,720.0
line,997路(莲花池南路--经海二路公交场站),7,600.0,25,bus_tapin_clusters,690.0,600.0
line,997路(莲花池南路--经海二路公交场站),8,600.0,28,bus_tapin_clusters,780.0,600.0
line,997路(莲花池南路--经海二路公交场站),9,600.0,31,bus_tapin_clusters,720.0,600.0
line,997路(莲花池南路--经海二路公交场站),10,600.0,31,bus_tapin_clusters,720.0,600.0
line,997路(莲花池南路--经海二路公交场站),11,510.0,24,bus_tapin_clusters,510.0,720.0
line,997路(莲花池南路--经海二路公交场站),12,720.0,22,bus_tapin_clusters,840.0,720.0
line,997路(莲花池南路--经海二路公交场站),13,900.0,20,bus_tapin_clusters,900.0,900.0
line,997路(莲花池南路--经海二路公交场站),14,720.0,24,bus_tapin_clusters,885.0,720.0
line,997路(莲花池南路--经海二路公交场站),15,600.0,20,bus_tapin_clusters,840.0,600.0
line,997路(莲花池南路--经海二路公交场站),16,720.0,19,bus_tapin_clusters,720.0,720.0
line,997路(莲花池南路--经海二路公交场站),17,600.0,26,bus_tapin_clusters,765.0,600.0
line,997路(莲花池南路--经海二路公交场站),18,780.0,23,bus_tapin_clusters,780.0,900.0
line,997路(莲花池南路--经海二路公交场站),19,720.0,17,bus_tapin_clusters,1020.0,720.0
line,997路(莲花池南路--经海二路公交场站),20,720.0,7,bus_tapin_clusters,720.0,1200.0
line,997路(莲花池南路--经海二路公交场站),21,1020.0,3,bus_tapin_clusters,1020.0,1200.0
line,414路(北京南站南广场--地铁海淀五路居站),6,960.0,5,bus_tapin_clusters,960.0,1200.0
line,414路(北京南站南广场--地铁海淀五路居站),7,600.0,26,bus_tapin_clusters,720.0,600.0
line,414路(北京南站南广场--地铁海淀五路居站),8,600.0,19,bus_tapin_clusters,1620.0,600.0
line,414路(北京南站南广场--地铁海淀五路居站),9,420.0,33,bus_tapin_clusters,420.0,514.2857142857143
line,414路(北京南站南广场--地铁海淀五路居站),10,514.2857142857143,29,bus_tapin_clusters,540.0,514.2857142857143
line,414路(北京南站南广场--地铁海淀五路居站),11,1050.0,14,bus_tapin_clusters,1050.0,1200.0
line,414路(北京南站南广场--地铁海淀五路居站),12,600.0,22,bus_tapin_clusters,1200.0,600.0
line,414路(北京南站南广场--地铁海淀五路居站),13,300.0,17,bus_tapin_clusters,300.0,450.0
line,414路(北京南站南广场--地铁海淀五路居站),14,720.0,17,bus_tapin_clusters,1740.0,720.0
line,414路(北京南站南广场--地铁海淀五路居站),15,300.0,5,bus_tapin_clusters,300.0,720.0
line,414路(北京南站南广场--地铁海淀五路居站),16,480.0,13,bus_tapin_clusters,480.0,514.2857142857143
line,414路(北京南站南广场--地铁海淀五路居站),17,210.0,15,bus_tapin_clusters,210.0,900.0
line,414路(北京南站南广场--地铁海淀五路居站),18,540.0,18,bus_tapin_clusters,540.0,600.0
line,414路(北京南站南广场--地铁海淀五路居站),19,480.0,5,bus_tapin_clusters,480.0,1200.0
line,414路(北京南站南广场--地铁海淀五路居站),20,1200.0,2,bus_tapin_clusters,1740.0,1200.0
line,457路(豆各庄公交场站--劲松),7,720.0,8,bus_tapin_clusters,900.0,720.0
line,457路(豆各庄公交场站--劲松),8,600.0,5,bus_tapin_clusters,600.0,1200.0
line,457路(豆各庄公交场站--劲松),9,900.0,7,bus_tapin_clusters,1440.0,900.0
line,457路(豆各庄公交场站--劲松),10,480.0,4,bus_tapin_clusters,480.0,900.0
line,457路(豆各庄公交场站--劲松),11,1200.0,5,bus_tapin_clusters,2580.0,1200.0
line,457路(豆各庄公交场站--劲松),12,1440.0,3,bus_tapin_clusters,1440.0,1800.0
line,457路(豆各庄公交场站--劲松),15,1800.0,2,bus_tapin_clusters,2610.0,1800.0
line,457路(豆各庄公交场站--劲松),16,1200.0,5,bus_tapin_clusters,1320.0,1200.0
line,457路(豆各庄公交场站--劲松),17,1200.0,6,bus_tapin_clusters,1260.0,1200.0
line,457路(豆各庄公交场站--劲松),18,480.0,5,bus_tapin_clusters,480.0,1200.0
line,457路(豆各庄公交场站--劲松),19,900.0,4,bus_tapin_clusters,1155.0,900.0
line,457路(豆各庄公交场站--劲松),14,1200.0,3,bus_tapin_clusters,2100.0,1200.0
line,457路(豆各庄公交场站--劲松),20,1650.0,2,bus_tapin_clusters,1650.0,1800.0
line,477路(广外关厢--明春苑),6,900.0,18,bus_tapin_clusters,1350.0,900.0
line,477路(广外关厢--明春苑),7,720.0,22,bus_tapin_clusters,840.0,720.0
line,477路(广外关厢--明春苑),8,514.2857142857143,28,bus_tapin_clusters,780.0,514.2857142857143
line,477路(广外关厢--明春苑),9,900.0,21,bus_tapin_clusters,1200.0,900.0
line,477路(广外关厢--明春苑),10,720.0,19,bus_tapin_clusters,960.0,720.0
line,477路(广外关厢--明春苑),11,600.0,25,bus_tapin_clusters,780.0,600.0
line,477路(广外关厢--明春苑),12,1200.0,16,bus_tapin_clusters,1920.0,1200.0
line,477路(广外关厢--明春苑),13,720.0,20,bus_tapin_clusters,930.0,720.0
line,477路(广外关厢--明春苑),14,1110.0,15,bus_tapin_clusters,1110.0,1200.0
line,477路(广外关厢--明春苑),15,720.0,14,bus_tapin_clusters,1620.0,720.0
line,477路(广外关厢--明春苑),16,660.0,14,bus_tapin_clusters,660.0,1200.0
line,477路(广外关厢--明春苑),17,720.0,23,bus_tapin_clusters,1020.0,720.0
line,477路(广外关厢--明春苑),18,1200.0,16,bus_tapin_clusters,1200.0,1200.0
line,477路(广外关厢--明春苑),19,960.0,9,bus_tapin_clusters,960.0,1200.0
line,477路(广外关厢--明春苑),20,720.0,24,bus_tapin_clusters,930.0,720.0
line,477路(广外关厢--明春苑),21,720.0,11,bus_tapin_clusters,960.0,720.0
line,477路(广外关厢--明春苑),22,1200.0,4,bus_tapin_clusters,1620.0,1200.0
line,334路(吴庄公交场站--动物园枢纽站),7,765.0,10,bus_tapin_clusters,765.0,900.0
line,334路(吴庄公交场站--动物园枢纽站),8,960.0,8,bus_tapin_clusters,960.0,1200.0
line,334路(吴庄公交场站--动物园枢纽站),9,870.0,10,bus_tapin_clusters,870.0,900.0
line,334路(吴庄公交场站--动物园枢纽站),11,1200.0,8,bus_tapin_clusters,1680.0,1200.0
line,334路(吴庄公交场站--动物园枢纽站),12,360.0,3,bus_tapin_clusters,360.0,1800.0
line,334路(吴庄公交场站--动物园枢纽站),13,1200.0,2,bus_tapin_clusters,1200.0,1800.0
line,334路(吴庄公交场站--动物园枢纽站),14,1200.0,6,bus_tapin_clusters,1530.0,1200.0
line,334路(吴庄公交场站--动物园枢纽站),15,780.0,5,bus_tapin_clusters,780.0,1200.0
line,334路(吴庄公交场站--动物园枢纽站),17,900.0,6,bus_tapin_clusters,1650.0,900.0
line,334路(吴庄公交场站--动物园枢纽站),18,900.0,6,bus_tapin_clusters,960.0,900.0
line,334路(吴庄公交场站--动物园枢纽站),19,1800.0,3,bus_tapin_clusters,1980.0,1800.0
line,334路(吴庄公交场站--动物园枢纽站),10,840.0,3,bus_tapin_clusters,840.0,1200.0
line,334路(吴庄公交场站--动物园枢纽站),6,780.0,4,bus_tapin_clusters,780.0,900.0
line,510路(杏坛路--双泉堡东),7,720.0,14,bus_tapin_clusters,1080.0,720.0
line,510路(杏坛路--双泉堡东),8,480.0,17,bus_tapin_clusters,480.0,720.0
line,510路(杏坛路--双泉堡东),9,720.0,16,bus_tapin_clusters,930.0,720.0
line,510路(杏坛路--双泉堡东),10,720.0,17,bus_tapin_clusters,780.0,720.0
line,510路(杏坛路--双泉堡东),11,900.0,13,bus_tapin_clusters,1440.0,900.0
line,510路(杏坛路--双泉堡东),12,240.0,15,bus_tapin_clusters,240.0,400.0
line,510路(杏坛路--双泉堡东),13,1200.0,9,bus_tapin_clusters,1200.0,1200.0
line,510路(杏坛路--双泉堡东),14,900.0,18,bus_tapin_clusters,1125.0,900.0
line,510路(杏坛路--双泉堡东),15,900.0,12,bus_tapin_clusters,900.0,900.0
line,510路(杏坛路--双泉堡东),16,720.0,21,bus_tapin_clusters,900.0,720.0
line,510路(杏坛路--双泉堡东),17,257.14285714285717,35,bus_tapin_clusters,300.0,257.14285714285717
line,510路(杏坛路--双泉堡东),18,514.2857142857143,19,bus_tapin_clusters,720.0,514.2857142857143
line,510路(杏坛路--双泉堡东),19,660.0,13,bus_tapin_clusters,660.0,1200.0
line,510路(杏坛路--双泉堡东),6,1410.0,6,bus_tapin_clusters,1410.0,1800.0
line,510路(杏坛路--双泉堡东),20,1800.0,2,bus_tapin_clusters,2010.0,1800.0
line,510路(杏坛路--双泉堡东),21,780.0,3,bus_tapin_clusters,780.0,1200.0
line,25路(肖村桥北--友谊医院),6,514.2857142857143,10,bus_tapin_clusters,660.0,514.2857142857143
line,25路(肖村桥北--友谊医院),7,960.0,2,bus_tapin_clusters,960.0,1800.0
line,25路(肖村桥北--友谊医院),8,360.0,16,bus_tapin_clusters,360.0,400.0
line,25路(肖村桥北--友谊医院),10,270.0,13,bus_tapin_clusters,270.0,327.27272727272725
line,25路(肖村桥北--友谊医院),11,720.0,7,bus_tapin_clusters,1380.0,720.0
line,25路(肖村桥北--友谊医院),12,480.0,9,bus_tapin_clusters,480.0,600.0
line,25路(肖村桥北--友谊医院),15,240.0,6,bus_tapin_clusters,240.0,720.0
line,25路(肖村桥北--友谊医院),17,300.0,4,bus_tapin_clusters,300.0,720.0
line,25路(肖村桥北--友谊医院),13,240.0,9,bus_tapin_clusters,240.0,900.0
line,25路(肖村桥北--友谊医院),14,150.0,2,bus_tapin_clusters,150.0,1200.0
line,25路(肖村桥北--友谊医院),9,420.0,5,bus_tapin_clusters,420.0,900.0
line,339路(北京西站--王佐),6,720.0,5,bus_tapin_clusters,780.0,720.0
line,339路(北京西站--王佐),7,630.0,4,bus_tapin_clusters,630.0,900.0
line,339路(北京西站--王佐),8,600.0,6,bus_tapin_clusters,630.0,600.0
line,339路(北京西站--王佐),9,420.0,7,bus_tapin_clusters,420.0,514.2857142857143
line,339路(北京西站--王佐),10,570.0,6,bus_tapin_clusters,570.0,600.0
line,339路(北京西站--王佐),11,900.0,4,bus_tapin_clusters,1020.0,900.0
line,339路(北京西站--王佐),12,840.0,3,bus_tapin_clusters,840.0,1200.0
line,339路(北京西站--王佐),13,630.0,4,bus_tapin_clusters,630.0,900.0
line,339路(北京西站--王佐),14,720.0,5,bus_tapin_clusters,990.0,720.0
line,339路(北京西站--王佐),15,420.0,7,bus_tapin_clusters,420.0,514.2857142857143
line,339路(北京西站--王佐),16,330.0,9,bus_tapin_clusters,330.0,400.0
line,339路(北京西站--王佐),17,420.0,7,bus_tapin_clusters,420.0,514.2857142857143
line,339路(北京西站--王佐),18,885.0,4,bus_tapin_clusters,885.0,900.0
line,339路(北京西站--王佐),19,600.0,6,bus_tapin_clusters,660.0,600.0
line,339路(北京西站--王佐),20,870.0,4,bus_tapin_clusters,870.0,900.0
line,339路(北京西站--王佐),21,660.0,4,bus_tapin_clusters,660.0,720.0
line,849路(固安公交场站--永定门汽车站),7,1065.0,6,bus_tapin_clusters,1065.0,1200.0
line,849路(固安公交场站--永定门汽车站),8,1185.0,4,bus_tapin_clusters,1185.0,1200.0
line,849路(固安公交场站--永定门汽车站),10,960.0,5,bus_tapin_clusters,960.0,1200.0
line,849路(固安公交场站--永定门汽车站),11,900.0,7,bus_tapin_clusters,1080.0,900.0
line,849路(固安公交场站--永定门汽车站),12,1800.0,2,bus_tapin_clusters,2010.0,1800.0
line,849路(固安公交场站--永定门汽车站),14,1800.0,2,bus_tapin_clusters,3120.0,1800.0
line,849路(固安公交场站--永定门汽车站),15,1110.0,2,bus_tapin_clusters,1110.0,1800.0
line,849路(固安公交场站--永定门汽车站),16,1200.0,3,bus_tapin_clusters,1980.0,1200.0
line,849路(固安公交场站--永定门汽车站),19,1800.0,2,bus_tapin_clusters,2250.0,1800.0
line,849路(固安公交场站--永定门汽车站),6,300.0,3,bus_tapin_clusters,300.0,1200.0
line,849路(固安公交场站--永定门汽车站),9,1710.0,2,bus_tapin_clusters,1710.0,1800.0
line,849路(固安公交场站--永定门汽车站),20,720.0,2,bus_tapin_clusters,720.0,1800.0
line,599路(博兴六路公交场站--前门),6,330.0,23,bus_tapin_clusters,330.0,514.2857142857143
line,599路(博兴六路公交场站--前门),7,360.0,37,bus_tapin_clusters,360.0,450.0
line,599路(博兴六路公交场站--前门),8,327.27272727272725,45,bus_tapin_clusters,480.0,327.27272727272725
line,599路(博兴六路公交场站--前门),9,450.0,37,bus_tapin_clusters,480.0,450.0
line,599路(博兴六路公交场站--前门),10,400.0,39,bus_tapin_clusters,480.0,400.0
line,599路(博兴六路公交场站--前门),11,600.0,25,bus_tapin_clusters,720.0,600.0
line,599路(博兴六路公交场站--前门),12,480.0,28,bus_tapin_clusters,480.0,600.0
line,599路(博兴六路公交场站--前门),13,514.2857142857143,25,bus_tapin_clusters,540.0,514.2857142857143
line,599路(博兴六路公交场站--前门),14,570.0,29,bus_tapin_clusters,570.0,600.0
line,599路(博兴六路公交场站--前门),15,600.0,25,bus_tapin_clusters,660.0,600.0
line,599路(博兴六路公交场站--前门),16,514.2857142857143,35,bus_tapin_clusters,540.0,514.2857142857143
line,599路(博兴六路公交场站--前门),17,720.0,25,bus_tapin_clusters,900.0,720.0
line,599路(博兴六路公交场站--前门),18,600.0,20,bus_tapin_clusters,930.0,600.0
line,599路(博兴六路公交场站--前门),19,600.0,21,bus_tapin_clusters,600.0,600.0
line,599路(博兴六路公交场站--前门),20,960.0,2,bus_tapin_clusters,960.0,1200.0
line,836路(大韩继公交场站--北京西站南广场),6,720.0,3,bus_tapin_clusters,720.0,1200.0
line,836路(大韩继公交场站--北京西站南广场),7,514.2857142857143,7,bus_tapin_clusters,600.0,514.2857142857143
line,836路(大韩继公交场站--北京西站南广场),8,480.0,5,bus_tapin_clusters,480.0,720.0
line,836路(大韩继公交场站--北京西站南广场),9,1800.0,2,bus_tapin_clusters,2340.0,1800.0
line,836路(大韩继公交场站--北京西站南广场),10,1530.0,2,bus_tapin_clusters,1530.0,1800.0
line,836路(大韩继公交场站--北京西站南广场),11,1560.0,2,bus_tapin_clusters,1560.0,1800.0
line,836路(大韩继公交场站--北京西站南广场),12,1200.0,3,bus_tapin_clusters,2280.0,1200.0
line,836路(大韩继公交场站--北京西站南广场),14,420.0,5,bus_tapin_clusters,420.0,720.0
line,836路(大韩继公交场站--北京西站南广场),15,1200.0,3,bus_tapin_clusters,1800.0,1200.0
line,836路(大韩继公交场站--北京西站南广场),16,840.0,3,bus_tapin_clusters,840.0,1200.0
line,836路(大韩继公交场站--北京西站南广场),17,1800.0,2,bus_tapin_clusters,1860.0,1800.0
line,836路(大韩继公交场站--北京西站南广场),18,1200.0,3,bus_tapin_clusters,1260.0,1200.0
line,665路(鹿海园公交场站--北京南站南广场),6,720.0,17,bus_tapin_clusters,1260.0,720.0
line,665路(鹿海园公交场站--北京南站南广场),7,900.0,21,bus_tapin_clusters,1080.0,900.0
line,665路(鹿海园公交场站--北京南站南广场),8,514.2857142857143,33,bus_tapin_clusters,570.0,514.2857142857143
line,665路(鹿海园公交场站--北京南站南广场),9,720.0,26,bus_tapin_clusters,1020.0,720.0
line,665路(鹿海园公交场站--北京南站南广场),10,514.2857142857143,22,bus_tapin_clusters,660.0,514.2857142857143
line,665路(鹿海园公交场站--北京南站南广场),11,720.0,19,bus_tapin_clusters,720.0,720.0
line,665路(鹿海园公交场站--北京南站南广场),12,1200.0,12,bus_tapin_clusters,1380.0,1200.0
line,665路(鹿海园公交场站--北京南站南广场),13,900.0,18,bus_tapin_clusters,1050.0,900.0
line,665路(鹿海园公交场站--北京南站南广场),14,600.0,16,bus_tapin_clusters,900.0,600.0
line,665路(鹿海园公交场站--北京南站南广场),15,840.0,16,bus_tapin_clusters,840.0,1200.0
line,665路(鹿海园公交场站--北京南站南广场),16,514.2857142857143,27,bus_tapin_clusters,720.0,514.2857142857143
line,665路(鹿海园公交场站--北京南站南广场),17,480.0,22,bus_tapin_clusters,480.0,514.2857142857143
line,665路(鹿海园公交场站--北京南站南广场),18,480.0,29,bus_tapin_clusters,480.0,600.0
line,665路(鹿海园公交场站--北京南站南广场),19,600.0,26,bus_tapin_clusters,870.0,600.0
line,665路(鹿海园公交场站--北京南站南广场),20,420.0,5,bus_tapin_clusters,420.0,1200.0
line,665路(鹿海园公交场站--北京南站南广场),22,1200.0,2,bus_tapin_clusters,1500.0,1200.0
line,665路(鹿海园公交场站--北京南站南广场),21,600.0,7,bus_tapin_clusters,720.0,600.0
line,416路(东直门枢纽站--来广营西桥东),6,540.0,26,bus_tapin_clusters,540.0,600.0
line,416路(东直门枢纽站--来广营西桥东),7,450.0,33,bus_tapin_clusters,600.0,450.0
line,416路(东直门枢纽站--来广营西桥东),8,480.0,30,bus_tapin_clusters,480.0,600.0
line,416路(东直门枢纽站--来广营西桥东),9,720.0,28,bus_tapin_clusters,780.0,720.0
line,416路(东直门枢纽站--来广营西桥东),10,600.0,28,bus_tapin_clusters,795.0,600.0
line,416路(东直门枢纽站--来广营西桥东),11,514.2857142857143,29,bus_tapin_clusters,900.0,514.2857142857143
line,416路(东直门枢纽站--来广营西桥东),12,570.0,18,bus_tapin_clusters,570.0,900.0
line,416路(东直门枢纽站--来广营西桥东),13,514.2857142857143,22,bus_tapin_clusters,645.0,514.2857142857143
line,416路(东直门枢纽站--来广营西桥东),14,720.0,19,bus_tapin_clusters,1020.0,720.0
line,416路(东直门枢纽站--来广营西桥东),15,600.0,19,bus_tapin_clusters,720.0,600.0
line,416路(东直门枢纽站--来广营西桥东),16,660.0,21,bus_tapin_clusters,660.0,720.0
line,416路(东直门枢纽站--来广营西桥东),17,600.0,22,bus_tapin_clusters,870.0,600.0
line,416路(东直门枢纽站--来广营西桥东),18,600.0,26,bus_tapin_clusters,660.0,600.0
line,416路(东直门枢纽站--来广营西桥东),19,900.0,12,bus_tapin_clusters,1080.0,900.0
line,416路(东直门枢纽站--来广营西桥东),20,900.0,14,bus_tapin_clusters,1260.0,900.0
line,416路(东直门枢纽站--来广营西桥东),21,900.0,15,bus_tapin_clusters,1020.0,900.0
line,64路(青塔小区--公主坟西),8,690.0,3,bus_tapin_clusters,690.0,1200.0
line,64路(青塔小区--公主坟西),9,1530.0,2,bus_tapin_clusters,1530.0,1800.0
line,64路(青塔小区--公主坟西),10,570.0,4,bus_tapin_clusters,570.0,900.0
line,64路(青塔小区--公主坟西),11,1200.0,3,bus_tapin_clusters,1860.0,1200.0
line,64路(青塔小区--公主坟西),12,1770.0,2,bus_tapin_clusters,1770.0,1800.0
line,64路(青塔小区--公主坟西),15,720.0,5,bus_tapin_clusters,1200.0,720.0
line,64路(青塔小区--公主坟西),17,1380.0,2,bus_tapin_clusters,1380.0,1800.0
line,64路(青塔小区--公主坟西),19,1800.0,2,bus_tapin_clusters,2700.0,1800.0
line,46路(西单商场--三路居公交场站),6,900.0,4,bus_tapin_clusters,1020.0,900.0
line,46路(西单商场--三路居公交场站),7,480.0,11,bus_tapin_clusters,480.0,514.2857142857143
line,46路(西单商场--三路居公交场站),8,630.0,15,bus_tapin_clusters,630.0,720.0
line,46路(西单商场--三路居公交场站),9,600.0,22,bus_tapin_clusters,720.0,600.0
line,46路(西单商场--三路居公交场站),10,514.2857142857143,21,bus_tapin_clusters,720.0,514.2857142857143
line,46路(西单商场--三路居公交场站),11,360.0,34,bus_tapin_clusters,540.0,360.0
line,46路(西单商场--三路居公交场站),12,514.2857142857143,22,bus_tapin_clusters,555.0,514.2857142857143
line,46路(西单商场--三路居公交场站),13,600.0,16,bus_tapin_clusters,1065.0,600.0
line,46路(西单商场--三路居公交场站),14,360.0,26,bus_tapin_clusters,705.0,360.0
line,46路(西单商场--三路居公交场站),15,720.0,15,bus_tapin_clusters,1380.0,720.0
line,46路(西单商场--三路居公交场站),16,720.0,11,bus_tapin_clusters,720.0,1200.0
line,46路(西单商场--三路居公交场站),17,600.0,22,bus_tapin_clusters,930.0,600.0
line,46路(西单商场--三路居公交场站),18,450.0,16,bus_tapin_clusters,585.0,450.0
line,46路(西单商场--三路居公交场站),19,600.0,20,bus_tapin_clusters,840.0,600.0
line,46路(西单商场--三路居公交场站),20,720.0,17,bus_tapin_clusters,780.0,720.0
line,46路(西单商场--三路居公交场站),21,180.0,6,bus_tapin_clusters,180.0,600.0
line,918路(东直门枢纽站--兴谷路公交场站),6,900.0,3,bus_tapin_clusters,900.0,1200.0
line,918路(东直门枢纽站--兴谷路公交场站),7,600.0,6,bus_tapin_clusters,600.0,600.0
line,918路(东直门枢纽站--兴谷路公交场站),8,900.0,4,bus_tapin_clusters,1140.0,900.0
line,918路(东直门枢纽站--兴谷路公交场站),9,540.0,3,bus_tapin_clusters,540.0,1200.0
line,918路(东直门枢纽站--兴谷路公交场站),11,1320.0,2,bus_tapin_clusters,1320.0,1800.0
line,918路(东直门枢纽站--兴谷路公交场站),12,1800.0,2,bus_tapin_clusters,1830.0,1800.0
line,918路(东直门枢纽站--兴谷路公交场站),15,1800.0,2,bus_tapin_clusters,2010.0,1800.0
line,918路(东直门枢纽站--兴谷路公交场站),16,1800.0,2,bus_tapin_clusters,2070.0,1800.0
line,918路(东直门枢纽站--兴谷路公交场站),17,1200.0,3,bus_tapin_clusters,1620.0,1200.0
line,918路(东直门枢纽站--兴谷路公交场站),18,720.0,3,bus_tapin_clusters,720.0,1200.0
line,483路(西红门西站--丰台路口),6,900.0,11,bus_tapin_clusters,900.0,900.0
line,483路(西红门西站--丰台路口),7,690.0,20,bus_tapin_clusters,690.0,720.0
line,483路(西红门西站--丰台路口),8,514.2857142857143,31,bus_tapin_clusters,600.0,514.2857142857143
line,483路(西红门西站--丰台路口),9,1200.0,11,bus_tapin_clusters,1680.0,1200.0
line,483路(西红门西站--丰台路口),10,720.0,13,bus_tapin_clusters,960.0,720.0
line,483路(西红门西站--丰台路口),11,720.0,20,bus_tapin_clusters,780.0,720.0
line,483路(西红门西站--丰台路口),12,720.0,13,bus_tapin_clusters,960.0,720.0
line,483路(西红门西站--丰台路口),13,1200.0,13,bus_tapin_clusters,1200.0,1200.0
line,483路(西红门西站--丰台路口),14,1200.0,8,bus_tapin_clusters,1560.0,1200.0
line,483路(西红门西站--丰台路口),15,870.0,12,bus_tapin_clusters,870.0,900.0
line,483路(西红门西站--丰台路口),16,720.0,16,bus_tapin_clusters,1230.0,720.0
line,483路(西红门西站--丰台路口),17,600.0,19,bus_tapin_clusters,600.0,600.0
line,483路(西红门西站--丰台路口),18,585.0,22,bus_tapin_clusters,585.0,600.0
line,483路(西红门西站--丰台路口),19,1050.0,8,bus_tapin_clusters,1050.0,1200.0
line,483路(西红门西站--丰台路口),20,450.0,15,bus_tapin_clusters,630.0,450.0
line,568路(马官营南--砂石路口东),6,400.0,19,bus_tapin_clusters,540.0,400.0
line,568路(马官营南--砂石路口东),7,540.0,29,bus_tapin_clusters,540.0,600.0
line,568路(马官营南--砂石路口东),8,400.0,27,bus_tapin_clusters,600.0,400.0
line,568路(马官营南--砂石路口东),9,514.2857142857143,18,bus_tapin_clusters,750.0,514.2857142857143
line,568路(马官营南--砂石路口东),10,600.0,25,bus_tapin_clusters,660.0,600.0
line,568路(马官营南--砂石路口东),11,720.0,17,bus_tapin_clusters,900.0,720.0
line,568路(马官营南--砂石路口东),12,600.0,9,bus_tapin_clusters,600.0,720.0
line,568路(马官营南--砂石路口东),14,900.0,10,bus_tapin_clusters,900.0,1200.0
line,568路(马官营南--砂石路口东),15,900.0,15,bus_tapin_clusters,1020.0,900.0
line,568路(马官营南--砂石路口东),16,720.0,15,bus_tapin_clusters,780.0,720.0
line,568路(马官营南--砂石路口东),17,300.0,25,bus_tapin_clusters,300.0,450.0
line,568路(马官营南--砂石路口东),18,420.0,15,bus_tapin_clusters,420.0,720.0
line,568路(马官营南--砂石路口东),13,1605.0,4,bus_tapin_clusters,1605.0,1800.0
line,568路(马官营南--砂石路口东),19,930.0,6,bus_tapin_clusters,930.0,1200.0
line,568路(马官营南--砂石路口东),20,270.0,8,bus_tapin_clusters,270.0,514.2857142857143
line,568路(马官营南--砂石路口东),22,240.0,3,bus_tapin_clusters,240.0,900.0
line,59路(前门--菜户营桥),6,600.0,22,bus_tapin_clusters,1170.0,600.0
line,59路(前门--菜户营桥),7,900.0,11,bus_tapin_clusters,1140.0,900.0
line,59路(前门--菜户营桥),8,420.0,25,bus_tapin_clusters,420.0,600.0
line,59路(前门--菜户营桥),9,360.0,46,bus_tapin_clusters,360.0,400.0
line,59路(前门--菜户营桥),10,360.0,32,bus_tapin_clusters,360.0,514.2857142857143
line,59路(前门--菜户营桥),11,514.2857142857143,25,bus_tapin_clusters,540.0,514.2857142857143
line,59路(前门--菜户营桥),12,514.2857142857143,35,bus_tapin_clusters,600.0,514.2857142857143
line,59路(前门--菜户营桥),13,900.0,18,bus_tapin_clusters,900.0,900.0
line,59路(前门--菜户营桥),14,720.0,23,bus_tapin_clusters,780.0,720.0
line,59路(前门--菜户营桥),15,900.0,20,bus_tapin_clusters,1260.0,900.0
line,59路(前门--菜户营桥),16,660.0,23,bus_tapin_clusters,660.0,720.0
line,59路(前门--菜户营桥),17,450.0,36,bus_tapin_clusters,600.0,450.0
line,59路(前门--菜户营桥),18,720.0,24,bus_tapin_clusters,795.0,720.0
line,59路(前门--菜户营桥),19,600.0,26,bus_tapin_clusters,600.0,600.0
line,59路(前门--菜户营桥),20,600.0,20,bus_tapin_clusters,750.0,600.0
line,59路(前门--菜户营桥),21,900.0,15,bus_tapin_clusters,960.0,900.0
line,59路(前门--菜户营桥),22,900.0,12,bus_tapin_clusters,990.0,900.0
line,343路(地铁新宫站--北京南站南广场),6,1800.0,5,bus_tapin_clusters,1980.0,1800.0
line,343路(地铁新宫站--北京南站南广场),7,750.0,8,bus_tapin_clusters,750.0,900.0
line,343路(地铁新宫站--北京南站南广场),8,600.0,25,bus_tapin_clusters,780.0,600.0
line,343路(地铁新宫站--北京南站南广场),10,885.0,14,bus_tapin_clusters,885.0,900.0
line,343路(地铁新宫站--北京南站南广场),12,720.0,8,bus_tapin_clusters,1260.0,720.0
line,343路(地铁新宫站--北京南站南广场),14,1200.0,5,bus_tapin_clusters,1350.0,1200.0
line,343路(地铁新宫站--北京南站南广场),15,330.0,6,bus_tapin_clusters,330.0,1200.0
line,343路(地铁新宫站--北京南站南广场),17,900.0,12,bus_tapin_clusters,1080.0,900.0
line,343路(地铁新宫站--北京南站南广场),18,900.0,12,bus_tapin_clusters,1170.0,900.0
line,343路(地铁新宫站--北京南站南广场),19,570.0,12,bus_tapin_clusters,570.0,720.0
line,343路(地铁新宫站--北京南站南广场),20,240.0,3,bus_tapin_clusters,240.0,1200.0
line,343路(地铁新宫站--北京南站南广场),16,1380.0,2,bus_tapin_clusters,1380.0,1800.0
line,343路(地铁新宫站--北京南站南广场),9,1200.0,7,bus_tapin_clusters,2640.0,1200.0
line,653路(地铁海淀五路居站--北苑家园),6,514.2857142857143,25,bus_tapin_clusters,600.0,514.2857142857143
line,653路(地铁海淀五路居站--北苑家园),7,300.0,43,bus_tapin_clusters,480.0,300.0
line,653路(地铁海淀五路居站--北苑家园),8,400.0,43,bus_tapin_clusters,480.0,400.0
line,653路(地铁海淀五路居站--北苑家园),9,400.0,38,bus_tapin_clusters,600.0,400.0
line,653路(地铁海淀五路居站--北苑家园),10,514.2857142857143,30,bus_tapin_clusters,660.0,514.2857142857143
line,653路(地铁海淀五路居站--北苑家园),11,400.0,34,bus_tapin_clusters,660.0,400.0
line,653路(地铁海淀五路居站--北苑家园),12,600.0,25,bus_tapin_clusters,840.0,600.0
line,653路(地铁海淀五路居站--北苑家园),13,720.0,23,bus_tapin_clusters,780.0,720.0
line,653路(地铁海淀五路居站--北苑家园),14,450.0,36,bus_tapin_clusters,510.0,450.0
line,653路(地铁海淀五路居站--北苑家园),15,450.0,34,bus_tapin_clusters,600.0,450.0
line,653路(地铁海淀五路居站--北苑家园),16,450.0,38,bus_tapin_clusters,600.0,450.0
line,653路(地铁海淀五路居站--北苑家园),17,514.2857142857143,33,bus_tapin_clusters,600.0,514.2857142857143
line,653路(地铁海淀五路居站--北苑家园),18,514.2857142857143,25,bus_tapin_clusters,780.0,514.2857142857143
line,653路(地铁海淀五路居站--北苑家园),19,720.0,24,bus_tapin_clusters,840.0,720.0
line,653路(地铁海淀五路居站--北苑家园),20,514.2857142857143,25,bus_tapin_clusters,840.0,514.2857142857143
line,653路(地铁海淀五路居站--北苑家园),21,900.0,8,bus_tapin_clusters,1230.0,900.0
line,140路(石佛营西里--北京站东街),6,1740.0,2,bus_tapin_clusters,1740.0,1800.0
line,140路(石佛营西里--北京站东街),7,570.0,4,bus_tapin_clusters,570.0,900.0
line,140路(石佛营西里--北京站东街),8,480.0,5,bus_tapin_clusters,480.0,720.0
line,140路(石佛营西里--北京站东街),9,540.0,5,bus_tapin_clusters,540.0,720.0
line,140路(石佛营西里--北京站东街),10,1140.0,3,bus_tapin_clusters,1140.0,1200.0
line,140路(石佛营西里--北京站东街),11,630.0,4,bus_tapin_clusters,630.0,900.0
line,140路(石佛营西里--北京站东街),12,900.0,4,bus_tapin_clusters,960.0,900.0
line,140路(石佛营西里--北京站东街),13,1800.0,2,bus_tapin_clusters,1800.0,1800.0
line,140路(石佛营西里--北京站东街),15,1350.0,2,bus_tapin_clusters,1350.0,1800.0
line,140路(石佛营西里--北京站东街),16,720.0,4,bus_tapin_clusters,720.0,900.0
line,140路(石佛营西里--北京站东街),17,690.0,2,bus_tapin_clusters,690.0,1200.0
line,140路(石佛营西里--北京站东街),19,1200.0,2,bus_tapin_clusters,1440.0,1200.0
line,66路(前门--城南嘉园北),6,600.0,26,bus_tapin_clusters,720.0,600.0
line,66路(前门--城南嘉园北),7,327.27272727272725,38,bus_tapin_clusters,330.0,327.27272727272725
line,66路(前门--城南嘉园北),8,300.0,52,bus_tapin_clusters,300.0,327.27272727272725
line,66路(前门--城南嘉园北),9,276.9230769230769,46,bus_tapin_clusters,360.0,276.9230769230769
line,66路(前门--城南嘉园北),10,276.9230769230769,54,bus_tapin_clusters,390.0,276.9230769230769
line,66路(前门--城南嘉园北),11,420.0,44,bus_tapin_clusters,420.0,450.0
line,66路(前门--城南嘉园北),12,400.0,51,bus_tapin_clusters,420.0,400.0
line,66路(前门--城南嘉园北),13,300.0,54,bus_tapin_clusters,360.0,300.0
line,66路(前门--城南嘉园北),14,300.0,44,bus_tapin_clusters,300.0,360.0
line,66路(前门--城南嘉园北),15,300.0,57,bus_tapin_clusters,360.0,300.0
line,66路(前门--城南嘉园北),16,276.9230769230769,60,bus_tapin_clusters,300.0,276.9230769230769
line,66路(前门--城南嘉园北),17,360.0,43,bus_tapin_clusters,420.0,360.0
line,66路(前门--城南嘉园北),18,360.0,45,bus_tapin_clusters,360.0,400.0
line,66路(前门--城南嘉园北),19,327.27272727272725,47,bus_tapin_clusters,420.0,327.27272727272725
line,66路(前门--城南嘉园北),20,420.0,37,bus_tapin_clusters,420.0,450.0
line,66路(前门--城南嘉园北),21,600.0,32,bus_tapin_clusters,750.0,600.0
line,513路(吕营嘉园--唐家村),6,960.0,6,bus_tapin_clusters,960.0,1200.0
line,513路(吕营嘉园--唐家村),7,900.0,18,bus_tapin_clusters,990.0,900.0
line,513路(吕营嘉园--唐家村),8,420.0,28,bus_tapin_clusters,420.0,514.2857142857143
line,513路(吕营嘉园--唐家村),9,600.0,26,bus_tapin_clusters,660.0,600.0
line,513路(吕营嘉园--唐家村),10,480.0,29,bus_tapin_clusters,480.0,514.2857142857143
line,513路(吕营嘉园--唐家村),11,1800.0,6,bus_tapin_clusters,1980.0,1800.0
line,513路(吕营嘉园--唐家村),12,510.0,18,bus_tapin_clusters,510.0,514.2857142857143
line,513路(吕营嘉园--唐家村),13,720.0,19,bus_tapin_clusters,960.0,720.0
line,513路(吕营嘉园--唐家村),14,720.0,16,bus_tapin_clusters,810.0,720.0
line,513路(吕营嘉园--唐家村),15,514.2857142857143,16,bus_tapin_clusters,780.0,514.2857142857143
line,513路(吕营嘉园--唐家村),16,514.2857142857143,26,bus_tapin_clusters,630.0,514.2857142857143
line,513路(吕营嘉园--唐家村),17,720.0,18,bus_tapin_clusters,1110.0,720.0
line,513路(吕营嘉园--唐家村),18,720.0,22,bus_tapin_clusters,750.0,720.0
line,513路(吕营嘉园--唐家村),19,600.0,19,bus_tapin_clusters,1500.0,600.0
line,513路(吕营嘉园--唐家村),20,1440.0,4,bus_tapin_clusters,1440.0,1800.0
line,513路(吕营嘉园--唐家村),21,600.0,7,bus_tapin_clusters,600.0,900.0
line,958路(雍王府--龙潭公园),6,1020.0,11,bus_tapin_clusters,1020.0,1200.0
line,958路(雍王府--龙潭公园),7,900.0,16,bus_tapin_clusters,2055.0,900.0
line,958路(雍王府--龙潭公园),8,495.0,12,bus_tapin_clusters,495.0,900.0
line,958路(雍王府--龙潭公园),9,514.2857142857143,33,bus_tapin_clusters,540.0,514.2857142857143
line,958路(雍王府--龙潭公园),10,900.0,18,bus_tapin_clusters,1200.0,900.0
line,958路(雍王府--龙潭公园),12,900.0,16,bus_tapin_clusters,1410.0,900.0
line,958路(雍王府--龙潭公园),13,900.0,15,bus_tapin_clusters,1440.0,900.0
line,958路(雍王府--龙潭公园),14,900.0,17,bus_tapin_clusters,1260.0,900.0
line,958路(雍王府--龙潭公园),16,900.0,13,bus_tapin_clusters,1260.0,900.0
line,958路(雍王府--龙潭公园),17,900.0,17,bus_tapin_clusters,1500.0,900.0
line,958路(雍王府--龙潭公园),18,720.0,22,bus_tapin_clusters,960.0,720.0
line,958路(雍王府--龙潭公园),19,720.0,18,bus_tapin_clusters,1080.0,720.0
line,958路(雍王府--龙潭公园),20,900.0,11,bus_tapin_clusters,1380.0,900.0
line,958路(雍王府--龙潭公园),11,900.0,13,bus_tapin_clusters,1080.0,900.0
line,958路(雍王府--龙潭公园),21,1080.0,3,bus_tapin_clusters,1080.0,1200.0
line,958路(雍王府--龙潭公园),15,1200.0,9,bus_tapin_clusters,1980.0,1200.0
line,92路(地铁海淀五路居站--北土城公交场站),6,360.0,41,bus_tapin_clusters,420.0,360.0
line,92路(地铁海淀五路居站--北土城公交场站),7,514.2857142857143,40,bus_tapin_clusters,540.0,514.2857142857143
line,92路(地铁海淀五路居站--北土城公交场站),8,600.0,30,bus_tapin_clusters,630.0,600.0
line,92路(地铁海淀五路居站--北土城公交场站),9,400.0,50,bus_tapin_clusters,450.0,400.0
line,92路(地铁海淀五路居站--北土城公交场站),10,600.0,27,bus_tapin_clusters,780.0,600.0
line,92路(地铁海淀五路居站--北土城公交场站),11,450.0,36,bus_tapin_clusters,570.0,450.0
line,92路(地铁海淀五路居站--北土城公交场站),12,514.2857142857143,33,bus_tapin_clusters,600.0,514.2857142857143
line,92路(地铁海淀五路居站--北土城公交场站),13,450.0,34,bus_tapin_clusters,570.0,450.0
line,92路(地铁海淀五路居站--北土城公交场站),14,400.0,27,bus_tapin_clusters,660.0,400.0
line,92路(地铁海淀五路居站--北土城公交场站),15,400.0,38,bus_tapin_clusters,480.0,400.0
line,92路(地铁海淀五路居站--北土城公交场站),16,276.9230769230769,40,bus_tapin_clusters,330.0,276.9230769230769
line,92路(地铁海淀五路居站--北土城公交场站),17,327.27272727272725,41,bus_tapin_clusters,420.0,327.27272727272725
line,92路(地铁海淀五路居站--北土城公交场站),18,420.0,35,bus_tapin_clusters,420.0,450.0
line,92路(地铁海淀五路居站--北土城公交场站),19,450.0,21,bus_tapin_clusters,780.0,450.0
line,92路(地铁海淀五路居站--北土城公交场站),20,900.0,11,bus_tapin_clusters,1140.0,900.0
line,92路(地铁海淀五路居站--北土城公交场站),21,1020.0,5,bus_tapin_clusters,1020.0,1200.0
line,515路(北土城公交场站--东大桥公交场站),6,450.0,20,bus_tapin_clusters,510.0,450.0
line,515路(北土城公交场站--东大桥公交场站),7,720.0,21,bus_tapin_clusters,1200.0,720.0
line,515路(北土城公交场站--东大桥公交场站),8,720.0,20,bus_tapin_clusters,960.0,720.0
line,515路(北土城公交场站--东大桥公交场站),9,720.0,17,bus_tapin_clusters,1680.0,720.0
line,515路(北土城公交场站--东大桥公交场站),10,900.0,19,bus_tapin_clusters,1260.0,900.0
line,515路(北土城公交场站--东大桥公交场站),11,900.0,18,bus_tapin_clusters,900.0,1200.0
line,515路(北土城公交场站--东大桥公交场站),12,900.0,8,bus_tapin_clusters,1710.0,900.0
line,515路(北土城公交场站--东大桥公交场站),13,660.0,17,bus_tapin_clusters,660.0,900.0
line,515路(北土城公交场站--东大桥公交场站),14,570.0,32,bus_tapin_clusters,570.0,600.0
line,515路(北土城公交场站--东大桥公交场站),15,400.0,37,bus_tapin_clusters,600.0,400.0
line,515路(北土城公交场站--东大桥公交场站),16,600.0,28,bus_tapin_clusters,660.0,600.0
line,515路(北土城公交场站--东大桥公交场站),17,514.2857142857143,26,bus_tapin_clusters,660.0,514.2857142857143
line,515路(北土城公交场站--东大桥公交场站),18,600.0,33,bus_tapin_clusters,600.0,600.0
line,515路(北土城公交场站--东大桥公交场站),19,720.0,18,bus_tapin_clusters,990.0,720.0
line,515路(北土城公交场站--东大桥公交场站),20,900.0,14,bus_tapin_clusters,1140.0,900.0
line,515路(北土城公交场站--东大桥公交场站),21,900.0,13,bus_tapin_clusters,960.0,900.0
line,829路(思邈路--刘家窑桥西),6,600.0,13,bus_tapin_clusters,600.0,720.0
line,829路(思邈路--刘家窑桥西),7,600.0,14,bus_tapin_clusters,750.0,600.0
line,829路(思邈路--刘家窑桥西),8,720.0,10,bus_tapin_clusters,720.0,720.0
line,829路(思邈路--刘家窑桥西),9,600.0,10,bus_tapin_clusters,690.0,600.0
line,829路(思邈路--刘家窑桥西),10,720.0,9,bus_tapin_clusters,900.0,720.0
line,829路(思邈路--刘家窑桥西),11,870.0,6,bus_tapin_clusters,870.0,900.0
line,829路(思邈路--刘家窑桥西),12,900.0,9,bus_tapin_clusters,1080.0,900.0
line,829路(思邈路--刘家窑桥西),13,900.0,8,bus_tapin_clusters,1230.0,900.0
line,829路(思邈路--刘家窑桥西),14,1020.0,7,bus_tapin_clusters,1020.0,1200.0
line,829路(思邈路--刘家窑桥西),15,900.0,10,bus_tapin_clusters,1230.0,900.0
line,829路(思邈路--刘家窑桥西),16,810.0,8,bus_tapin_clusters,810.0,900.0
line,829路(思邈路--刘家窑桥西),17,720.0,7,bus_tapin_clusters,1020.0,720.0
line,829路(思邈路--刘家窑桥西),18,1200.0,4,bus_tapin_clusters,1230.0,1200.0
line,829路(思邈路--刘家窑桥西),20,1080.0,3,bus_tapin_clusters,1080.0,1200.0
line,829路(思邈路--刘家窑桥西),19,1260.0,2,bus_tapin_clusters,1260.0,1800.0
line,484路(北苑家园--北医三院),7,720.0,5,bus_tapin_clusters,960.0,720.0
line,484路(北苑家园--北医三院),8,540.0,4,bus_tapin_clusters,540.0,900.0
line,484路(北苑家园--北医三院),9,660.0,9,bus_tapin_clusters,660.0,720.0
line,484路(北苑家园--北医三院),10,1200.0,3,bus_tapin_clusters,1980.0,1200.0
line,484路(北苑家园--北医三院),13,1650.0,4,bus_tapin_clusters,1650.0,1800.0
line,484路(北苑家园--北医三院),14,1230.0,4,bus_tapin_clusters,1230.0,1800.0
line,484路(北苑家园--北医三院),16,1170.0,2,bus_tapin_clusters,1170.0,1800.0
line,484路(北苑家园--北医三院),17,1200.0,3,bus_tapin_clusters,1500.0,1200.0
line,484路(北苑家园--北医三院),18,1200.0,2,bus_tapin_clusters,1710.0,1200.0
line,484路(北苑家园--北医三院),11,1770.0,2,bus_tapin_clusters,1770.0,1800.0
line,484路(北苑家园--北医三院),12,1080.0,3,bus_tapin_clusters,1080.0,1200.0
line,82路(前门--国家体育场东),6,450.0,30,bus_tapin_clusters,570.0,450.0
line,82路(前门--国家体育场东),7,900.0,20,bus_tapin_clusters,930.0,900.0
line,82路(前门--国家体育场东),8,514.2857142857143,29,bus_tapin_clusters,780.0,514.2857142857143
line,82路(前门--国家体育场东),9,450.0,35,bus_tapin_clusters,600.0,450.0
line,82路(前门--国家体育场东),11,600.0,22,bus_tapin_clusters,945.0,600.0
line,82路(前门--国家体育场东),12,450.0,26,bus_tapin_clusters,510.0,450.0
line,82路(前门--国家体育场东),13,514.2857142857143,25,bus_tapin_clusters,720.0,514.2857142857143
line,82路(前门--国家体育场东),14,720.0,15,bus_tapin_clusters,780.0,720.0
line,82路(前门--国家体育场东),15,450.0,18,bus_tapin_clusters,480.0,450.0
line,82路(前门--国家体育场东),16,600.0,29,bus_tapin_clusters,600.0,600.0
line,82路(前门--国家体育场东),17,600.0,25,bus_tapin_clusters,720.0,600.0
line,82路(前门--国家体育场东),18,660.0,17,bus_tapin_clusters,660.0,720.0
line,82路(前门--国家体育场东),19,600.0,26,bus_tapin_clusters,780.0,600.0
line,82路(前门--国家体育场东),20,1200.0,13,bus_tapin_clusters,1200.0,1200.0
line,82路(前门--国家体育场东),21,1200.0,7,bus_tapin_clusters,1380.0,1200.0
line,82路(前门--国家体育场东),22,570.0,2,bus_tapin_clusters,570.0,1200.0
line,82路(前门--国家体育场东),10,900.0,16,bus_tapin_clusters,1170.0,900.0
line,378路(华威路南口--老君堂北站),6,600.0,14,bus_tapin_clusters,720.0,600.0
line,378路(华威路南口--老君堂北站),7,514.2857142857143,26,bus_tapin_clusters,645.0,514.2857142857143
line,378路(华威路南口--老君堂北站),8,600.0,18,bus_tapin_clusters,1125.0,600.0
line,378路(华威路南口--老君堂北站),9,1800.0,10,bus_tapin_clusters,2145.0,1800.0
line,378路(华威路南口--老君堂北站),10,390.0,6,bus_tapin_clusters,390.0,720.0
line,378路(华威路南口--老君堂北站),11,600.0,12,bus_tapin_clusters,1080.0,600.0
line,378路(华威路南口--老君堂北站),12,720.0,12,bus_tapin_clusters,1110.0,720.0
line,378路(华威路南口--老君堂北站),14,900.0,12,bus_tapin_clusters,1020.0,900.0
line,378路(华威路南口--老君堂北站),15,1200.0,16,bus_tapin_clusters,1200.0,1200.0
line,378路(华威路南口--老君堂北站),16,900.0,20,bus_tapin_clusters,1260.0,900.0
line,378路(华威路南口--老君堂北站),17,450.0,19,bus_tapin_clusters,660.0,450.0
line,378路(华威路南口--老君堂北站),18,1200.0,13,bus_tapin_clusters,1980.0,1200.0
line,378路(华威路南口--老君堂北站),19,720.0,11,bus_tapin_clusters,900.0,720.0
line,378路(华威路南口--老君堂北站),13,900.0,11,bus_tapin_clusters,1020.0,900.0
line,378路(华威路南口--老君堂北站),21,1140.0,9,bus_tapin_clusters,1140.0,1200.0
line,378路(华威路南口--老君堂北站),20,1800.0,4,bus_tapin_clusters,2070.0,1800.0
line,651路(西直门公交场站--柳林村),6,690.0,22,bus_tapin_clusters,690.0,720.0
line,651路(西直门公交场站--柳林村),7,720.0,23,bus_tapin_clusters,840.0,720.0
line,651路(西直门公交场站--柳林村),8,327.27272727272725,57,bus_tapin_clusters,360.0,327.27272727272725
line,651路(西直门公交场站--柳林村),9,257.14285714285717,70,bus_tapin_clusters,300.0,257.14285714285717
line,651路(西直门公交场站--柳林村),10,400.0,46,bus_tapin_clusters,480.0,400.0
line,651路(西直门公交场站--柳林村),11,450.0,36,bus_tapin_clusters,600.0,450.0
line,651路(西直门公交场站--柳林村),12,400.0,36,bus_tapin_clusters,600.0,400.0
line,651路(西直门公交场站--柳林村),13,450.0,35,bus_tapin_clusters,600.0,450.0
line,651路(西直门公交场站--柳林村),14,514.2857142857143,31,bus_tapin_clusters,600.0,514.2857142857143
line,651路(西直门公交场站--柳林村),15,450.0,37,bus_tapin_clusters,600.0,450.0
line,651路(西直门公交场站--柳林村),16,400.0,43,bus_tapin_clusters,420.0,400.0
line,651路(西直门公交场站--柳林村),17,276.9230769230769,63,bus_tapin_clusters,300.0,276.9230769230769
line,651路(西直门公交场站--柳林村),18,327.27272727272725,50,bus_tapin_clusters,420.0,327.27272727272725
line,651路(西直门公交场站--柳林村),19,450.0,29,bus_tapin_clusters,660.0,450.0
line,651路(西直门公交场站--柳林村),20,514.2857142857143,26,bus_tapin_clusters,630.0,514.2857142857143
line,651路(西直门公交场站--柳林村),21,514.2857142857143,21,bus_tapin_clusters,690.0,514.2857142857143
line,651路(西直门公交场站--柳林村),22,660.0,3,bus_tapin_clusters,660.0,900.0
line,335路(地铁海淀五路居站--前泥洼),6,514.2857142857143,13,bus_tapin_clusters,1380.0,514.2857142857143
line,335路(地铁海淀五路居站--前泥洼),7,1200.0,8,bus_tapin_clusters,1200.0,1200.0
line,335路(地铁海淀五路居站--前泥洼),8,360.0,13,bus_tapin_clusters,360.0,720.0
line,335路(地铁海淀五路居站--前泥洼),9,450.0,17,bus_tapin_clusters,480.0,450.0
line,335路(地铁海淀五路居站--前泥洼),10,720.0,13,bus_tapin_clusters,1020.0,720.0
line,335路(地铁海淀五路居站--前泥洼),11,870.0,10,bus_tapin_clusters,870.0,1200.0
line,335路(地铁海淀五路居站--前泥洼),12,255.0,8,bus_tapin_clusters,255.0,900.0
line,335路(地铁海淀五路居站--前泥洼),13,900.0,13,bus_tapin_clusters,1260.0,900.0
line,335路(地铁海淀五路居站--前泥洼),14,327.27272727272725,27,bus_tapin_clusters,660.0,327.27272727272725
line,335路(地铁海淀五路居站--前泥洼),15,514.2857142857143,18,bus_tapin_clusters,750.0,514.2857142857143
line,335路(地铁海淀五路居站--前泥洼),16,514.2857142857143,22,bus_tapin_clusters,690.0,514.2857142857143
line,335路(地铁海淀五路居站--前泥洼),17,900.0,22,bus_tapin_clusters,990.0,900.0
line,335路(地铁海淀五路居站--前泥洼),18,870.0,14,bus_tapin_clusters,870.0,900.0
line,335路(地铁海淀五路居站--前泥洼),19,720.0,16,bus_tapin_clusters,1260.0,720.0
line,335路(地铁海淀五路居站--前泥洼),20,900.0,11,bus_tapin_clusters,1020.0,900.0
line,335路(地铁海淀五路居站--前泥洼),21,1200.0,6,bus_tapin_clusters,1470.0,1200.0
line,335路(地铁海淀五路居站--前泥洼),22,1200.0,2,bus_tapin_clusters,1770.0,1200.0
line,404路(来广营西桥东--东直门枢纽站),6,1200.0,11,bus_tapin_clusters,1500.0,1200.0
line,404路(来广营西桥东--东直门枢纽站),7,600.0,18,bus_tapin_clusters,750.0,600.0
line,404路(来广营西桥东--东直门枢纽站),8,600.0,18,bus_tapin_clusters,870.0,600.0
line,404路(来广营西桥东--东直门枢纽站),9,600.0,22,bus_tapin_clusters,600.0,600.0
line,404路(来广营西桥东--东直门枢纽站),10,720.0,15,bus_tapin_clusters,1440.0,720.0
line,404路(来广营西桥东--东直门枢纽站),11,510.0,15,bus_tapin_clusters,510.0,600.0
line,404路(来广营西桥东--东直门枢纽站),12,780.0,11,bus_tapin_clusters,780.0,1200.0
line,404路(来广营西桥东--东直门枢纽站),13,720.0,15,bus_tapin_clusters,960.0,720.0
line,404路(来广营西桥东--东直门枢纽站),14,705.0,14,bus_tapin_clusters,705.0,720.0
line,404路(来广营西桥东--东直门枢纽站),15,514.2857142857143,20,bus_tapin_clusters,750.0,514.2857142857143
line,404路(来广营西桥东--东直门枢纽站),16,465.0,16,bus_tapin_clusters,465.0,600.0
line,404路(来广营西桥东--东直门枢纽站),17,514.2857142857143,20,bus_tapin_clusters,630.0,514.2857142857143
line,404路(来广营西桥东--东直门枢纽站),18,720.0,17,bus_tapin_clusters,900.0,720.0
line,404路(来广营西桥东--东直门枢纽站),19,600.0,15,bus_tapin_clusters,660.0,600.0
line,404路(来广营西桥东--东直门枢纽站),20,1200.0,10,bus_tapin_clusters,1560.0,1200.0
line,404路(来广营西桥东--东直门枢纽站),21,690.0,2,bus_tapin_clusters,690.0,1200.0
line,78路(核桃园东街--鲁谷公交场站),6,900.0,17,bus_tapin_clusters,960.0,900.0
line,78路(核桃园东街--鲁谷公交场站),7,514.2857142857143,23,bus_tapin_clusters,840.0,514.2857142857143
line,78路(核桃园东街--鲁谷公交场站),8,435.0,30,bus_tapin_clusters,435.0,600.0
line,78路(核桃园东街--鲁谷公交场站),9,327.27272727272725,54,bus_tapin_clusters,360.0,327.27272727272725
line,78路(核桃园东街--鲁谷公交场站),10,450.0,40,bus_tapin_clusters,480.0,450.0
line,78路(核桃园东街--鲁谷公交场站),11,300.0,45,bus_tapin_clusters,420.0,300.0
line,78路(核桃园东街--鲁谷公交场站),12,450.0,34,bus_tapin_clusters,645.0,450.0
line,78路(核桃园东街--鲁谷公交场站),13,514.2857142857143,32,bus_tapin_clusters,555.0,514.2857142857143
line,78路(核桃园东街--鲁谷公交场站),14,400.0,36,bus_tapin_clusters,525.0,400.0
line,78路(核桃园东街--鲁谷公交场站),15,570.0,36,bus_tapin_clusters,570.0,600.0
line,78路(核桃园东街--鲁谷公交场站),16,300.0,50,bus_tapin_clusters,375.0,300.0
line,78路(核桃园东街--鲁谷公交场站),17,400.0,41,bus_tapin_clusters,480.0,400.0
line,78路(核桃园东街--鲁谷公交场站),18,400.0,46,bus_tapin_clusters,450.0,400.0
line,78路(核桃园东街--鲁谷公交场站),19,514.2857142857143,35,bus_tapin_clusters,660.0,514.2857142857143
line,78路(核桃园东街--鲁谷公交场站),20,450.0,21,bus_tapin_clusters,660.0,450.0
line,78路(核桃园东街--鲁谷公交场站),21,900.0,11,bus_tapin_clusters,960.0,900.0
line,78路(核桃园东街--鲁谷公交场站),22,1200.0,4,bus_tapin_clusters,1380.0,1200.0
line,58路(神武门--四惠枢纽站),6,600.0,22,bus_tapin_clusters,750.0,600.0
line,58路(神武门--四惠枢纽站),7,400.0,39,bus_tapin_clusters,480.0,400.0
line,58路(神武门--四惠枢纽站),8,400.0,47,bus_tapin_clusters,420.0,400.0
line,58路(神武门--四惠枢纽站),9,300.0,48,bus_tapin_clusters,420.0,300.0
line,58路(神武门--四惠枢纽站),10,450.0,39,bus_tapin_clusters,480.0,450.0
line,58路(神武门--四惠枢纽站),11,400.0,36,bus_tapin_clusters,570.0,400.0
line,58路(神武门--四惠枢纽站),12,360.0,44,bus_tapin_clusters,480.0,360.0
line,58路(神武门--四惠枢纽站),13,514.2857142857143,30,bus_tapin_clusters,570.0,514.2857142857143
line,58路(神武门--四惠枢纽站),14,327.27272727272725,37,bus_tapin_clusters,420.0,327.27272727272725
line,58路(神武门--四惠枢纽站),15,400.0,41,bus_tapin_clusters,420.0,400.0
line,58路(神武门--四惠枢纽站),16,420.0,40,bus_tapin_clusters,420.0,450.0
line,58路(神武门--四惠枢纽站),17,300.0,55,bus_tapin_clusters,300.0,300.0
line,58路(神武门--四惠枢纽站),18,420.0,40,bus_tapin_clusters,420.0,450.0
line,58路(神武门--四惠枢纽站),19,400.0,43,bus_tapin_clusters,420.0,400.0
line,58路(神武门--四惠枢纽站),20,600.0,30,bus_tapin_clusters,630.0,600.0
line,58路(神武门--四惠枢纽站),21,720.0,23,bus_tapin_clusters,840.0,720.0
line,58路(神武门--四惠枢纽站),22,1770.0,4,bus_tapin_clusters,1770.0,1800.0
line,534路(西直门公交场站--中央党校北门),6,720.0,16,bus_tapin_clusters,780.0,720.0
line,534路(西直门公交场站--中央党校北门),7,660.0,20,bus_tapin_clusters,660.0,720.0
line,534路(西直门公交场站--中央党校北门),8,600.0,30,bus_tapin_clusters,690.0,600.0
line,534路(西直门公交场站--中央党校北门),9,600.0,27,bus_tapin_clusters,660.0,600.0
line,534路(西直门公交场站--中央党校北门),10,840.0,20,bus_tapin_clusters,840.0,900.0
line,534路(西直门公交场站--中央党校北门),11,450.0,24,bus_tapin_clusters,750.0,450.0
line,534路(西直门公交场站--中央党校北门),12,720.0,23,bus_tapin_clusters,840.0,720.0
line,534路(西直门公交场站--中央党校北门),13,900.0,14,bus_tapin_clusters,900.0,900.0
line,534路(西直门公交场站--中央党校北门),14,720.0,23,bus_tapin_clusters,840.0,720.0
line,534路(西直门公交场站--中央党校北门),15,600.0,27,bus_tapin_clusters,810.0,600.0
line,534路(西直门公交场站--中央党校北门),16,600.0,31,bus_tapin_clusters,660.0,600.0
line,534路(西直门公交场站--中央党校北门),17,400.0,39,bus_tapin_clusters,540.0,400.0
line,534路(西直门公交场站--中央党校北门),18,514.2857142857143,33,bus_tapin_clusters,600.0,514.2857142857143
line,534路(西直门公交场站--中央党校北门),19,600.0,26,bus_tapin_clusters,840.0,600.0
line,534路(西直门公交场站--中央党校北门),20,720.0,21,bus_tapin_clusters,900.0,720.0
line,534路(西直门公交场站--中央党校北门),21,900.0,12,bus_tapin_clusters,900.0,900.0
line,501路(草桥东路北口--南苑机场),6,1200.0,5,bus_tapin_clusters,1800.0,1200.0
line,501路(草桥东路北口--南苑机场),7,720.0,20,bus_tapin_clusters,810.0,720.0
line,501路(草桥东路北口--南苑机场),8,900.0,21,bus_tapin_clusters,1260.0,900.0
line,501路(草桥东路北口--南苑机场),9,720.0,15,bus_tapin_clusters,1080.0,720.0
line,501路(草桥东路北口--南苑机场),10,780.0,23,bus_tapin_clusters,780.0,900.0
line,501路(草桥东路北口--南苑机场),11,900.0,20,bus_tapin_clusters,1095.0,900.0
line,501路(草桥东路北口--南苑机场),12,1200.0,13,bus_tapin_clusters,1260.0,1200.0
line,501路(草桥东路北口--南苑机场),13,1140.0,11,bus_tapin_clusters,1140.0,1200.0
line,501路(草桥东路北口--南苑机场),14,900.0,15,bus_tapin_clusters,960.0,900.0
line,501路(草桥东路北口--南苑机场),15,1800.0,10,bus_tapin_clusters,2400.0,1800.0
line,501路(草桥东路北口--南苑机场),16,870.0,16,bus_tapin_clusters,870.0,900.0
line,501路(草桥东路北口--南苑机场),17,900.0,16,bus_tapin_clusters,1260.0,900.0
line,501路(草桥东路北口--南苑机场),18,514.2857142857143,15,bus_tapin_clusters,600.0,514.2857142857143
line,501路(草桥东路北口--南苑机场),19,1200.0,11,bus_tapin_clusters,1560.0,1200.0
line,501路(草桥东路北口--南苑机场),20,900.0,8,bus_tapin_clusters,1350.0,900.0
line,501路(草桥东路北口--南苑机场),21,1320.0,4,bus_tapin_clusters,1320.0,1800.0
line,490路(宝盛里小区--惠新东桥西),6,540.0,15,bus_tapin_clusters,540.0,720.0
line,490路(宝盛里小区--惠新东桥西),7,900.0,15,bus_tapin_clusters,1020.0,900.0
line,490路(宝盛里小区--惠新东桥西),8,600.0,28,bus_tapin_clusters,780.0,600.0
line,490路(宝盛里小区--惠新东桥西),9,900.0,11,bus_tapin_clusters,1440.0,900.0
line,490路(宝盛里小区--惠新东桥西),10,1080.0,8,bus_tapin_clusters,1080.0,1200.0
line,490路(宝盛里小区--惠新东桥西),11,900.0,10,bus_tapin_clusters,1230.0,900.0
line,490路(宝盛里小区--惠新东桥西),12,1200.0,3,bus_tapin_clusters,1500.0,1200.0
line,490路(宝盛里小区--惠新东桥西),13,1140.0,9,bus_tapin_clusters,1140.0,1200.0
line,490路(宝盛里小区--惠新东桥西),14,1200.0,7,bus_tapin_clusters,1500.0,1200.0
line,490路(宝盛里小区--惠新东桥西),15,360.0,11,bus_tapin_clusters,360.0,720.0
line,490路(宝盛里小区--惠新东桥西),16,840.0,15,bus_tapin_clusters,840.0,900.0
line,490路(宝盛里小区--惠新东桥西),17,450.0,30,bus_tapin_clusters,840.0,450.0
line,490路(宝盛里小区--惠新东桥西),18,720.0,16,bus_tapin_clusters,900.0,720.0
line,490路(宝盛里小区--惠新东桥西),19,900.0,15,bus_tapin_clusters,1380.0,900.0
line,490路(宝盛里小区--惠新东桥西),20,435.0,12,bus_tapin_clusters,435.0,720.0
line,490路(宝盛里小区--惠新东桥西),21,1260.0,2,bus_tapin_clusters,1260.0,1800.0
line,490路(宝盛里小区--惠新东桥西),22,1020.0,3,bus_tapin_clusters,1020.0,1200.0
line,专10路(大北窑南--弘燕公交场站),6,1200.0,7,bus_tapin_clusters,1200.0,1200.0
line,专10路(大北窑南--弘燕公交场站),8,900.0,11,bus_tapin_clusters,990.0,900.0
line,专10路(大北窑南--弘燕公交场站),9,900.0,18,bus_tapin_clusters,1080.0,900.0
line,专10路(大北窑南--弘燕公交场站),10,720.0,21,bus_tapin_clusters,900.0,720.0
line,专10路(大北窑南--弘燕公交场站),11,720.0,21,bus_tapin_clusters,1140.0,720.0
line,专10路(大北窑南--弘燕公交场站),12,900.0,12,bus_tapin_clusters,1560.0,900.0
line,专10路(大北窑南--弘燕公交场站),13,330.0,8,bus_tapin_clusters,330.0,720.0
line,专10路(大北窑南--弘燕公交场站),14,514.2857142857143,15,bus_tapin_clusters,900.0,514.2857142857143
line,专10路(大北窑南--弘燕公交场站),15,240.0,37,bus_tapin_clusters,240.0,400.0
line,专10路(大北窑南--弘燕公交场站),16,600.0,24,bus_tapin_clusters,690.0,600.0
line,专10路(大北窑南--弘燕公交场站),17,600.0,21,bus_tapin_clusters,780.0,600.0
line,专10路(大北窑南--弘燕公交场站),18,720.0,20,bus_tapin_clusters,1080.0,720.0
line,专10路(大北窑南--弘燕公交场站),19,900.0,15,bus_tapin_clusters,960.0,900.0
line,专10路(大北窑南--弘燕公交场站),20,570.0,22,bus_tapin_clusters,570.0,600.0
line,专10路(大北窑南--弘燕公交场站),21,900.0,16,bus_tapin_clusters,960.0,900.0
line,专10路(大北窑南--弘燕公交场站),22,1020.0,5,bus_tapin_clusters,1020.0,1200.0
line,专10路(大北窑南--弘燕公交场站),7,720.0,15,bus_tapin_clusters,1680.0,720.0
line,85路(菜户营桥东--五路),6,900.0,19,bus_tapin_clusters,960.0,900.0
line,85路(菜户营桥东--五路),7,514.2857142857143,20,bus_tapin_clusters,780.0,514.2857142857143
line,85路(菜户营桥东--五路),8,600.0,33,bus_tapin_clusters,690.0,600.0
line,85路(菜户营桥东--五路),9,720.0,22,bus_tapin_clusters,750.0,720.0
line,85路(菜户营桥东--五路),10,600.0,26,bus_tapin_clusters,720.0,600.0
line,85路(菜户营桥东--五路),11,450.0,37,bus_tapin_clusters,540.0,450.0
line,85路(菜户营桥东--五路),12,720.0,23,bus_tapin_clusters,900.0,720.0
line,85路(菜户营桥东--五路),13,720.0,16,bus_tapin_clusters,990.0,720.0
line,85路(菜户营桥东--五路),14,1200.0,6,bus_tapin_clusters,1860.0,1200.0
line,85路(菜户营桥东--五路),15,720.0,15,bus_tapin_clusters,840.0,720.0
line,85路(菜户营桥东--五路),16,360.0,11,bus_tapin_clusters,360.0,1200.0
line,85路(菜户营桥东--五路),17,514.2857142857143,30,bus_tapin_clusters,690.0,514.2857142857143
line,85路(菜户营桥东--五路),19,1800.0,5,bus_tapin_clusters,2580.0,1800.0
line,85路(菜户营桥东--五路),20,180.0,4,bus_tapin_clusters,180.0,900.0
line,85路(菜户营桥东--五路),18,720.0,12,bus_tapin_clusters,750.0,720.0
line,535路(白鹿司北街--劲松桥东),7,720.0,19,bus_tapin_clusters,720.0,720.0
line,535路(白鹿司北街--劲松桥东),8,720.0,19,bus_tapin_clusters,960.0,720.0
line,535路(白鹿司北街--劲松桥东),10,690.0,22,bus_tapin_clusters,690.0,720.0
line,535路(白鹿司北街--劲松桥东),11,1800.0,2,bus_tapin_clusters,2130.0,1800.0
line,535路(白鹿司北街--劲松桥东),12,900.0,14,bus_tapin_clusters,1260.0,900.0
line,535路(白鹿司北街--劲松桥东),13,840.0,12,bus_tapin_clusters,840.0,900.0
line,535路(白鹿司北街--劲松桥东),14,1200.0,10,bus_tapin_clusters,1590.0,1200.0
line,535路(白鹿司北街--劲松桥东),15,1200.0,8,bus_tapin_clusters,1500.0,1200.0
line,535路(白鹿司北街--劲松桥东),16,600.0,16,bus_tapin_clusters,1050.0,600.0
line,535路(白鹿司北街--劲松桥东),17,1200.0,5,bus_tapin_clusters,1320.0,1200.0
line,535路(白鹿司北街--劲松桥东),18,600.0,11,bus_tapin_clusters,600.0,1200.0
line,535路(白鹿司北街--劲松桥东),9,780.0,11,bus_tapin_clusters,780.0,900.0
line,535路(白鹿司北街--劲松桥东),6,900.0,8,bus_tapin_clusters,1320.0,900.0
line,535路(白鹿司北街--劲松桥东),19,840.0,3,bus_tapin_clusters,840.0,1800.0
line,696路(芍药居公交场站--国展新馆公交场站),6,720.0,21,bus_tapin_clusters,900.0,720.0
line,696路(芍药居公交场站--国展新馆公交场站),7,600.0,24,bus_tapin_clusters,690.0,600.0
line,696路(芍药居公交场站--国展新馆公交场站),8,720.0,26,bus_tapin_clusters,990.0,720.0
line,696路(芍药居公交场站--国展新馆公交场站),9,600.0,30,bus_tapin_clusters,690.0,600.0
line,696路(芍药居公交场站--国展新馆公交场站),10,600.0,27,bus_tapin_clusters,720.0,600.0
line,696路(芍药居公交场站--国展新馆公交场站),11,720.0,23,bus_tapin_clusters,780.0,720.0
line,696路(芍药居公交场站--国展新馆公交场站),12,690.0,22,bus_tapin_clusters,690.0,720.0
line,696路(芍药居公交场站--国展新馆公交场站),13,720.0,19,bus_tapin_clusters,840.0,720.0
line,696路(芍药居公交场站--国展新馆公交场站),14,870.0,17,bus_tapin_clusters,870.0,900.0
line,696路(芍药居公交场站--国展新馆公交场站),15,720.0,20,bus_tapin_clusters,855.0,720.0
line,696路(芍药居公交场站--国展新馆公交场站),16,720.0,23,bus_tapin_clusters,720.0,720.0
line,696路(芍药居公交场站--国展新馆公交场站),17,600.0,22,bus_tapin_clusters,660.0,600.0
line,696路(芍药居公交场站--国展新馆公交场站),18,720.0,22,bus_tapin_clusters,750.0,720.0
line,696路(芍药居公交场站--国展新馆公交场站),19,514.2857142857143,24,bus_tapin_clusters,720.0,514.2857142857143
line,696路(芍药居公交场站--国展新馆公交场站),20,514.2857142857143,26,bus_tapin_clusters,750.0,514.2857142857143
line,696路(芍药居公交场站--国展新馆公交场站),21,960.0,10,bus_tapin_clusters,960.0,1200.0
line,467路(地铁善各庄站--静安庄),6,630.0,17,bus_tapin_clusters,630.0,720.0
line,467路(地铁善各庄站--静安庄),7,400.0,23,bus_tapin_clusters,420.0,400.0
line,467路(地铁善各庄站--静安庄),8,600.0,23,bus_tapin_clusters,900.0,600.0
line,467路(地铁善各庄站--静安庄),9,510.0,14,bus_tapin_clusters,510.0,514.2857142857143
line,467路(地铁善各庄站--静安庄),10,900.0,13,bus_tapin_clusters,1320.0,900.0
line,467路(地铁善各庄站--静安庄),11,900.0,14,bus_tapin_clusters,1050.0,900.0
line,467路(地铁善各庄站--静安庄),12,600.0,17,bus_tapin_clusters,720.0,600.0
line,467路(地铁善各庄站--静安庄),13,600.0,14,bus_tapin_clusters,720.0,600.0
line,467路(地铁善各庄站--静安庄),14,855.0,14,bus_tapin_clusters,855.0,900.0
line,467路(地铁善各庄站--静安庄),15,720.0,14,bus_tapin_clusters,1005.0,720.0
line,467路(地铁善各庄站--静安庄),16,514.2857142857143,21,bus_tapin_clusters,720.0,514.2857142857143
line,467路(地铁善各庄站--静安庄),17,450.0,23,bus_tapin_clusters,540.0,450.0
line,467路(地铁善各庄站--静安庄),18,514.2857142857143,22,bus_tapin_clusters,660.0,514.2857142857143
line,467路(地铁善各庄站--静安庄),19,660.0,12,bus_tapin_clusters,660.0,720.0
line,467路(地铁善各庄站--静安庄),20,720.0,10,bus_tapin_clusters,870.0,720.0
line,467路(地铁善各庄站--静安庄),21,480.0,9,bus_tapin_clusters,480.0,720.0
line,467路(地铁善各庄站--静安庄),22,510.0,2,bus_tapin_clusters,510.0,1200.0
line,83路(西单路口南--怡海花园西门),6,720.0,17,bus_tapin_clusters,900.0,720.0
line,83路(西单路口南--怡海花园西门),7,514.2857142857143,32,bus_tapin_clusters,660.0,514.2857142857143
line,83路(西单路口南--怡海花园西门),8,510.0,24,bus_tapin_clusters,510.0,600.0
line,83路(西单路口南--怡海花园西门),9,360.0,45,bus_tapin_clusters,360.0,450.0
line,83路(西单路口南--怡海花园西门),10,510.0,34,bus_tapin_clusters,510.0,514.2857142857143
line,83路(西单路口南--怡海花园西门),11,300.0,45,bus_tapin_clusters,300.0,360.0
line,83路(西单路口南--怡海花园西门),12,480.0,40,bus_tapin_clusters,480.0,514.2857142857143
line,83路(西单路口南--怡海花园西门),13,514.2857142857143,33,bus_tapin_clusters,600.0,514.2857142857143
line,83路(西单路口南--怡海花园西门),14,400.0,43,bus_tapin_clusters,570.0,400.0
line,83路(西单路口南--怡海花园西门),15,510.0,34,bus_tapin_clusters,510.0,514.2857142857143
line,83路(西单路口南--怡海花园西门),16,420.0,44,bus_tapin_clusters,420.0,450.0
line,83路(西单路口南--怡海花园西门),17,276.9230769230769,45,bus_tapin_clusters,360.0,276.9230769230769
line,83路(西单路口南--怡海花园西门),18,400.0,40,bus_tapin_clusters,540.0,400.0
line,83路(西单路口南--怡海花园西门),19,360.0,48,bus_tapin_clusters,420.0,360.0
line,83路(西单路口南--怡海花园西门),20,600.0,29,bus_tapin_clusters,780.0,600.0
line,83路(西单路口南--怡海花园西门),21,480.0,27,bus_tapin_clusters,480.0,514.2857142857143
line,83路(西单路口南--怡海花园西门),22,514.2857142857143,19,bus_tapin_clusters,540.0,514.2857142857143
line,944路(安贞桥西--奶子房公交场站),6,870.0,14,bus_tapin_clusters,870.0,1200.0
line,944路(安贞桥西--奶子房公交场站),7,480.0,13,bus_tapin_clusters,480.0,720.0
line,944路(安贞桥西--奶子房公交场站),8,400.0,28,bus_tapin_clusters,570.0,400.0
line,944路(安贞桥西--奶子房公交场站),9,360.0,43,bus_tapin_clusters,420.0,360.0
line,944路(安贞桥西--奶子房公交场站),10,514.2857142857143,26,bus_tapin_clusters,870.0,514.2857142857143
line,944路(安贞桥西--奶子房公交场站),11,600.0,12,bus_tapin_clusters,960.0,600.0
line,944路(安贞桥西--奶子房公交场站),12,450.0,21,bus_tapin_clusters,660.0,450.0
line,944路(安贞桥西--奶子房公交场站),13,720.0,20,bus_tapin_clusters,900.0,720.0
line,944路(安贞桥西--奶子房公交场站),14,600.0,21,bus_tapin_clusters,690.0,600.0
line,944路(安贞桥西--奶子房公交场站),15,720.0,25,bus_tapin_clusters,720.0,720.0
line,944路(安贞桥西--奶子房公交场站),16,514.2857142857143,26,bus_tapin_clusters,870.0,514.2857142857143
line,944路(安贞桥西--奶子房公交场站),17,600.0,26,bus_tapin_clusters,825.0,600.0
line,944路(安贞桥西--奶子房公交场站),18,450.0,33,bus_tapin_clusters,720.0,450.0
line,944路(安贞桥西--奶子房公交场站),19,660.0,22,bus_tapin_clusters,660.0,720.0
line,944路(安贞桥西--奶子房公交场站),20,514.2857142857143,19,bus_tapin_clusters,900.0,514.2857142857143
line,944路(安贞桥西--奶子房公交场站),21,480.0,13,bus_tapin_clusters,480.0,720.0
line,365路(闵庄南里--永丰公交场站),6,900.0,15,bus_tapin_clusters,1380.0,900.0
line,365路(闵庄南里--永丰公交场站),7,900.0,19,bus_tapin_clusters,1200.0,900.0
line,365路(闵庄南里--永丰公交场站),8,514.2857142857143,34,bus_tapin_clusters,630.0,514.2857142857143
line,365路(闵庄南里--永丰公交场站),9,720.0,22,bus_tapin_clusters,990.0,720.0
line,365路(闵庄南里--永丰公交场站),10,600.0,23,bus_tapin_clusters,600.0,600.0
line,365路(闵庄南里--永丰公交场站),11,600.0,20,bus_tapin_clusters,600.0,720.0
line,365路(闵庄南里--永丰公交场站),12,514.2857142857143,25,bus_tapin_clusters,840.0,514.2857142857143
line,365路(闵庄南里--永丰公交场站),13,720.0,22,bus_tapin_clusters,840.0,720.0
line,365路(闵庄南里--永丰公交场站),14,514.2857142857143,33,bus_tapin_clusters,630.0,514.2857142857143
line,365路(闵庄南里--永丰公交场站),15,660.0,23,bus_tapin_clusters,660.0,720.0
line,365路(闵庄南里--永丰公交场站),16,514.2857142857143,28,bus_tapin_clusters,600.0,514.2857142857143
line,365路(闵庄南里--永丰公交场站),17,600.0,26,bus_tapin_clusters,660.0,600.0
line,365路(闵庄南里--永丰公交场站),18,705.0,20,bus_tapin_clusters,705.0,900.0
line,365路(闵庄南里--永丰公交场站),19,600.0,19,bus_tapin_clusters,720.0,600.0
line,365路(闵庄南里--永丰公交场站),20,1200.0,9,bus_tapin_clusters,1380.0,1200.0
line,365路(闵庄南里--永丰公交场站),21,600.0,8,bus_tapin_clusters,780.0,600.0
line,991路(孙河公交场站--亮马厂西口),6,570.0,4,bus_tapin_clusters,570.0,1200.0
line,991路(孙河公交场站--亮马厂西口),7,930.0,4,bus_tapin_clusters,930.0,1800.0
line,991路(孙河公交场站--亮马厂西口),9,900.0,4,bus_tapin_clusters,900.0,900.0
line,991路(孙河公交场站--亮马厂西口),10,1200.0,5,bus_tapin_clusters,1500.0,1200.0
line,991路(孙河公交场站--亮马厂西口),11,1140.0,5,bus_tapin_clusters,1140.0,1200.0
line,991路(孙河公交场站--亮马厂西口),14,1260.0,3,bus_tapin_clusters,1260.0,1800.0
line,991路(孙河公交场站--亮马厂西口),17,840.0,7,bus_tapin_clusters,840.0,900.0
line,991路(孙河公交场站--亮马厂西口),19,1200.0,3,bus_tapin_clusters,1260.0,1200.0
line,991路(孙河公交场站--亮马厂西口),8,1080.0,2,bus_tapin_clusters,1080.0,1200.0
line,991路(孙河公交场站--亮马厂西口),12,1680.0,2,bus_tapin_clusters,1680.0,1800.0
line,991路(孙河公交场站--亮马厂西口),13,540.0,3,bus_tapin_clusters,540.0,1200.0
line,991路(孙河公交场站--亮马厂西口),15,1170.0,2,bus_tapin_clusters,1170.0,1800.0
line,991路(孙河公交场站--亮马厂西口),18,1200.0,3,bus_tapin_clusters,1440.0,1200.0
line,991路(孙河公交场站--亮马厂西口),20,870.0,2,bus_tapin_clusters,870.0,1200.0
line,123路(牡丹园西--香河园桥),6,480.0,33,bus_tapin_clusters,480.0,514.2857142857143
line,123路(牡丹园西--香河园桥),7,514.2857142857143,31,bus_tapin_clusters,600.0,514.2857142857143
line,123路(牡丹园西--香河园桥),8,420.0,27,bus_tapin_clusters,420.0,600.0
line,123路(牡丹园西--香河园桥),9,360.0,45,bus_tapin_clusters,420.0,360.0
line,123路(牡丹园西--香河园桥),10,360.0,35,bus_tapin_clusters,360.0,450.0
line,123路(牡丹园西--香河园桥),11,480.0,29,bus_tapin_clusters,480.0,600.0
line,123路(牡丹园西--香河园桥),12,720.0,25,bus_tapin_clusters,720.0,720.0
line,123路(牡丹园西--香河园桥),13,690.0,22,bus_tapin_clusters,690.0,900.0
line,123路(牡丹园西--香河园桥),14,300.0,32,bus_tapin_clusters,300.0,327.27272727272725
line,123路(牡丹园西--香河园桥),15,514.2857142857143,35,bus_tapin_clusters,540.0,514.2857142857143
line,123路(牡丹园西--香河园桥),16,327.27272727272725,50,bus_tapin_clusters,420.0,327.27272727272725
line,123路(牡丹园西--香河园桥),17,360.0,35,bus_tapin_clusters,360.0,514.2857142857143
line,123路(牡丹园西--香河园桥),18,300.0,56,bus_tapin_clusters,300.0,327.27272727272725
line,123路(牡丹园西--香河园桥),19,360.0,34,bus_tapin_clusters,840.0,360.0
line,123路(牡丹园西--香河园桥),20,720.0,23,bus_tapin_clusters,750.0,720.0
line,123路(牡丹园西--香河园桥),21,400.0,23,bus_tapin_clusters,570.0,400.0
line,123路(牡丹园西--香河园桥),22,840.0,6,bus_tapin_clusters,840.0,900.0
line,16路(动物园枢纽站--二里庄),8,514.2857142857143,30,bus_tapin_clusters,570.0,514.2857142857143
line,16路(动物园枢纽站--二里庄),10,720.0,23,bus_tapin_clusters,840.0,720.0
line,16路(动物园枢纽站--二里庄),11,1200.0,13,bus_tapin_clusters,1440.0,1200.0
line,16路(动物园枢纽站--二里庄),12,450.0,22,bus_tapin_clusters,540.0,450.0
line,16路(动物园枢纽站--二里庄),13,1200.0,13,bus_tapin_clusters,1200.0,1200.0
line,16路(动物园枢纽站--二里庄),14,615.0,22,bus_tapin_clusters,615.0,720.0
line,16路(动物园枢纽站--二里庄),15,720.0,16,bus_tapin_clusters,720.0,720.0
line,16路(动物园枢纽站--二里庄),16,600.0,17,bus_tapin_clusters,660.0,600.0
line,16路(动物园枢纽站--二里庄),17,400.0,29,bus_tapin_clusters,540.0,400.0
line,16路(动物园枢纽站--二里庄),18,514.2857142857143,23,bus_tapin_clusters,720.0,514.2857142857143
line,16路(动物园枢纽站--二里庄),19,900.0,15,bus_tapin_clusters,960.0,900.0
line,16路(动物园枢纽站--二里庄),20,960.0,11,bus_tapin_clusters,960.0,1200.0
line,16路(动物园枢纽站--二里庄),21,720.0,16,bus_tapin_clusters,1020.0,720.0
line,16路(动物园枢纽站--二里庄),22,840.0,4,bus_tapin_clusters,840.0,1800.0
line,16路(动物园枢纽站--二里庄),6,900.0,10,bus_tapin_clusters,1560.0,900.0
line,16路(动物园枢纽站--二里庄),7,750.0,3,bus_tapin_clusters,750.0,1200.0
line,16路(动物园枢纽站--二里庄),9,720.0,15,bus_tapin_clusters,1440.0,720.0
line,967路(花园桥南--狼垡东桥北),6,600.0,18,bus_tapin_clusters,660.0,600.0
line,967路(花园桥南--狼垡东桥北),7,900.0,14,bus_tapin_clusters,1110.0,900.0
line,967路(花园桥南--狼垡东桥北),8,720.0,14,bus_tapin_clusters,930.0,720.0
line,967路(花园桥南--狼垡东桥北),9,900.0,17,bus_tapin_clusters,1320.0,900.0
line,967路(花园桥南--狼垡东桥北),10,600.0,21,bus_tapin_clusters,900.0,600.0
line,967路(花园桥南--狼垡东桥北),11,514.2857142857143,23,bus_tapin_clusters,570.0,514.2857142857143
line,967路(花园桥南--狼垡东桥北),12,870.0,23,bus_tapin_clusters,870.0,900.0
line,967路(花园桥南--狼垡东桥北),13,514.2857142857143,22,bus_tapin_clusters,960.0,514.2857142857143
line,967路(花园桥南--狼垡东桥北),14,720.0,23,bus_tapin_clusters,780.0,720.0
line,967路(花园桥南--狼垡东桥北),15,450.0,17,bus_tapin_clusters,480.0,450.0
line,967路(花园桥南--狼垡东桥北),16,720.0,23,bus_tapin_clusters,780.0,720.0
line,967路(花园桥南--狼垡东桥北),17,514.2857142857143,33,bus_tapin_clusters,630.0,514.2857142857143
line,967路(花园桥南--狼垡东桥北),18,600.0,25,bus_tapin_clusters,660.0,600.0
line,967路(花园桥南--狼垡东桥北),19,540.0,23,bus_tapin_clusters,540.0,600.0
line,967路(花园桥南--狼垡东桥北),20,1200.0,5,bus_tapin_clusters,1620.0,1200.0
line,323路(知春里东站--富丰桥西),6,690.0,18,bus_tapin_clusters,690.0,900.0
line,323路(知春里东站--富丰桥西),7,400.0,27,bus_tapin_clusters,720.0,400.0
line,323路(知春里东站--富丰桥西),8,540.0,27,bus_tapin_clusters,540.0,720.0
line,323路(知春里东站--富丰桥西),9,360.0,50,bus_tapin_clusters,390.0,360.0
line,323路(知春里东站--富丰桥西),10,540.0,26,bus_tapin_clusters,540.0,600.0
line,323路(知春里东站--富丰桥西),11,840.0,21,bus_tapin_clusters,840.0,900.0
line,323路(知春里东站--富丰桥西),12,400.0,37,bus_tapin_clusters,480.0,400.0
line,323路(知春里东站--富丰桥西),13,450.0,39,bus_tapin_clusters,480.0,450.0
line,323路(知春里东站--富丰桥西),14,276.9230769230769,41,bus_tapin_clusters,360.0,276.9230769230769
line,323路(知春里东站--富丰桥西),15,514.2857142857143,34,bus_tapin_clusters,540.0,514.2857142857143
line,323路(知春里东站--富丰桥西),16,480.0,37,bus_tapin_clusters,480.0,514.2857142857143
line,323路(知春里东站--富丰桥西),17,450.0,39,bus_tapin_clusters,450.0,514.2857142857143
line,323路(知春里东站--富丰桥西),18,450.0,40,bus_tapin_clusters,540.0,450.0
line,323路(知春里东站--富丰桥西),19,420.0,32,bus_tapin_clusters,420.0,450.0
line,323路(知春里东站--富丰桥西),20,450.0,33,bus_tapin_clusters,480.0,450.0
line,323路(知春里东站--富丰桥西),21,514.2857142857143,17,bus_tapin_clusters,960.0,514.2857142857143
line,323路(知春里东站--富丰桥西),22,600.0,7,bus_tapin_clusters,780.0,600.0
line,605路(黄杉木店--弘燕公交场站),6,720.0,9,bus_tapin_clusters,810.0,720.0
line,605路(黄杉木店--弘燕公交场站),7,900.0,14,bus_tapin_clusters,1230.0,900.0
line,605路(黄杉木店--弘燕公交场站),8,514.2857142857143,24,bus_tapin_clusters,615.0,514.2857142857143
line,605路(黄杉木店--弘燕公交场站),9,600.0,22,bus_tapin_clusters,660.0,600.0
line,605路(黄杉木店--弘燕公交场站),10,900.0,15,bus_tapin_clusters,1020.0,900.0
line,605路(黄杉木店--弘燕公交场站),11,1200.0,9,bus_tapin_clusters,1590.0,1200.0
line,605路(黄杉木店--弘燕公交场站),13,465.0,12,bus_tapin_clusters,465.0,720.0
line,605路(黄杉木店--弘燕公交场站),14,1080.0,9,bus_tapin_clusters,1080.0,1200.0
line,605路(黄杉木店--弘燕公交场站),15,900.0,18,bus_tapin_clusters,1245.0,900.0
line,605路(黄杉木店--弘燕公交场站),16,660.0,19,bus_tapin_clusters,660.0,720.0
line,605路(黄杉木店--弘燕公交场站),17,600.0,23,bus_tapin_clusters,720.0,600.0
line,605路(黄杉木店--弘燕公交场站),18,1200.0,16,bus_tapin_clusters,1440.0,1200.0
line,605路(黄杉木店--弘燕公交场站),19,720.0,16,bus_tapin_clusters,840.0,720.0
line,605路(黄杉木店--弘燕公交场站),20,510.0,6,bus_tapin_clusters,510.0,600.0
line,605路(黄杉木店--弘燕公交场站),21,960.0,10,bus_tapin_clusters,960.0,1200.0
line,605路(黄杉木店--弘燕公交场站),12,720.0,7,bus_tapin_clusters,720.0,1200.0
line,563路(香山公园东门--西直门公交场站),6,514.2857142857143,22,bus_tapin_clusters,540.0,514.2857142857143
line,563路(香山公园东门--西直门公交场站),7,300.0,47,bus_tapin_clusters,300.0,300.0
line,563路(香山公园东门--西直门公交场站),8,514.2857142857143,31,bus_tapin_clusters,600.0,514.2857142857143
line,563路(香山公园东门--西直门公交场站),9,600.0,25,bus_tapin_clusters,660.0,600.0
line,563路(香山公园东门--西直门公交场站),10,600.0,28,bus_tapin_clusters,720.0,600.0
line,563路(香山公园东门--西直门公交场站),11,450.0,28,bus_tapin_clusters,585.0,450.0
line,563路(香山公园东门--西直门公交场站),12,450.0,26,bus_tapin_clusters,540.0,450.0
line,563路(香山公园东门--西直门公交场站),13,600.0,21,bus_tapin_clusters,720.0,600.0
line,563路(香山公园东门--西直门公交场站),14,330.0,28,bus_tapin_clusters,330.0,514.2857142857143
line,563路(香山公园东门--西直门公交场站),15,600.0,23,bus_tapin_clusters,720.0,600.0
line,563路(香山公园东门--西直门公交场站),16,600.0,27,bus_tapin_clusters,600.0,600.0
line,563路(香山公园东门--西直门公交场站),17,514.2857142857143,38,bus_tapin_clusters,585.0,514.2857142857143
line,563路(香山公园东门--西直门公交场站),18,400.0,34,bus_tapin_clusters,555.0,400.0
line,563路(香山公园东门--西直门公交场站),19,720.0,19,bus_tapin_clusters,900.0,720.0
line,563路(香山公园东门--西直门公交场站),20,514.2857142857143,14,bus_tapin_clusters,750.0,514.2857142857143
line,563路(香山公园东门--西直门公交场站),21,1080.0,2,bus_tapin_clusters,1080.0,1200.0
line,606路(地铁霍营站南--大钟寺站),6,720.0,18,bus_tapin_clusters,1110.0,720.0
line,606路(地铁霍营站南--大钟寺站),7,720.0,16,bus_tapin_clusters,780.0,720.0
line,606路(地铁霍营站南--大钟寺站),8,450.0,32,bus_tapin_clusters,690.0,450.0
line,606路(地铁霍营站南--大钟寺站),9,900.0,16,bus_tapin_clusters,1530.0,900.0
line,606路(地铁霍营站南--大钟寺站),10,480.0,14,bus_tapin_clusters,480.0,720.0
line,606路(地铁霍营站南--大钟寺站),11,900.0,13,bus_tapin_clusters,1080.0,900.0
line,606路(地铁霍营站南--大钟寺站),12,720.0,19,bus_tapin_clusters,960.0,720.0
line,606路(地铁霍营站南--大钟寺站),13,900.0,13,bus_tapin_clusters,1380.0,900.0
line,606路(地铁霍营站南--大钟寺站),14,720.0,16,bus_tapin_clusters,900.0,720.0
line,606路(地铁霍营站南--大钟寺站),15,360.0,15,bus_tapin_clusters,360.0,514.2857142857143
line,606路(地铁霍营站南--大钟寺站),16,600.0,24,bus_tapin_clusters,840.0,600.0
line,606路(地铁霍营站南--大钟寺站),17,720.0,19,bus_tapin_clusters,720.0,720.0
line,606路(地铁霍营站南--大钟寺站),18,720.0,20,bus_tapin_clusters,1140.0,720.0
line,606路(地铁霍营站南--大钟寺站),19,600.0,16,bus_tapin_clusters,810.0,600.0
line,606路(地铁霍营站南--大钟寺站),20,900.0,14,bus_tapin_clusters,1110.0,900.0
line,606路(地铁霍营站南--大钟寺站),21,720.0,11,bus_tapin_clusters,1140.0,720.0
line,889路(昌平何营--德胜门西),6,720.0,5,bus_tapin_clusters,1020.0,720.0
line,889路(昌平何营--德胜门西),7,930.0,2,bus_tapin_clusters,930.0,1800.0
line,889路(昌平何营--德胜门西),8,810.0,4,bus_tapin_clusters,810.0,900.0
line,889路(昌平何营--德胜门西),9,840.0,4,bus_tapin_clusters,840.0,900.0
line,889路(昌平何营--德胜门西),10,1200.0,2,bus_tapin_clusters,1440.0,1200.0
line,663路(苹果园南--小马厂),7,1200.0,2,bus_tapin_clusters,1200.0,1800.0
line,663路(苹果园南--小马厂),8,660.0,4,bus_tapin_clusters,660.0,900.0
line,663路(苹果园南--小马厂),9,900.0,4,bus_tapin_clusters,1110.0,900.0
line,663路(苹果园南--小马厂),10,720.0,3,bus_tapin_clusters,720.0,1200.0
line,663路(苹果园南--小马厂),11,1800.0,2,bus_tapin_clusters,1920.0,1800.0
line,663路(苹果园南--小马厂),12,900.0,3,bus_tapin_clusters,900.0,1200.0
line,663路(苹果园南--小马厂),14,1515.0,2,bus_tapin_clusters,1515.0,1800.0
line,308路(白云路--衙门口公交场站),6,600.0,22,bus_tapin_clusters,690.0,600.0
line,308路(白云路--衙门口公交场站),7,600.0,21,bus_tapin_clusters,900.0,600.0
line,308路(白云路--衙门口公交场站),8,360.0,38,bus_tapin_clusters,420.0,360.0
line,308路(白云路--衙门口公交场站),9,360.0,34,bus_tapin_clusters,450.0,360.0
line,308路(白云路--衙门口公交场站),10,400.0,41,bus_tapin_clusters,540.0,400.0
line,308路(白云路--衙门口公交场站),11,480.0,28,bus_tapin_clusters,480.0,514.2857142857143
line,308路(白云路--衙门口公交场站),12,600.0,28,bus_tapin_clusters,675.0,600.0
line,308路(白云路--衙门口公交场站),13,810.0,18,bus_tapin_clusters,810.0,900.0
line,308路(白云路--衙门口公交场站),14,514.2857142857143,33,bus_tapin_clusters,540.0,514.2857142857143
line,308路(白云路--衙门口公交场站),15,400.0,35,bus_tapin_clusters,540.0,400.0
line,308路(白云路--衙门口公交场站),16,400.0,44,bus_tapin_clusters,540.0,400.0
line,308路(白云路--衙门口公交场站),17,300.0,48,bus_tapin_clusters,300.0,360.0
line,308路(白云路--衙门口公交场站),18,276.9230769230769,55,bus_tapin_clusters,300.0,276.9230769230769
line,308路(白云路--衙门口公交场站),19,420.0,36,bus_tapin_clusters,420.0,450.0
line,308路(白云路--衙门口公交场站),20,600.0,26,bus_tapin_clusters,660.0,600.0
line,308路(白云路--衙门口公交场站),21,600.0,21,bus_tapin_clusters,780.0,600.0
line,308路(白云路--衙门口公交场站),22,900.0,5,bus_tapin_clusters,900.0,1200.0
line,56路(动物园枢纽站--大观园公交场站),6,720.0,17,bus_tapin_clusters,720.0,900.0
line,56路(动物园枢纽站--大观园公交场站),7,600.0,13,bus_tapin_clusters,1080.0,600.0
line,56路(动物园枢纽站--大观园公交场站),9,514.2857142857143,25,bus_tapin_clusters,960.0,514.2857142857143
line,56路(动物园枢纽站--大观园公交场站),10,900.0,17,bus_tapin_clusters,1440.0,900.0
line,56路(动物园枢纽站--大观园公交场站),11,600.0,19,bus_tapin_clusters,720.0,600.0
line,56路(动物园枢纽站--大观园公交场站),12,1200.0,15,bus_tapin_clusters,1320.0,1200.0
line,56路(动物园枢纽站--大观园公交场站),13,900.0,14,bus_tapin_clusters,1500.0,900.0
line,56路(动物园枢纽站--大观园公交场站),14,600.0,23,bus_tapin_clusters,600.0,720.0
line,56路(动物园枢纽站--大观园公交场站),16,600.0,15,bus_tapin_clusters,600.0,900.0
line,56路(动物园枢纽站--大观园公交场站),17,900.0,12,bus_tapin_clusters,1110.0,900.0
line,56路(动物园枢纽站--大观园公交场站),19,720.0,12,bus_tapin_clusters,1680.0,720.0
line,56路(动物园枢纽站--大观园公交场站),20,1740.0,2,bus_tapin_clusters,1740.0,1800.0
line,56路(动物园枢纽站--大观园公交场站),8,420.0,4,bus_tapin_clusters,420.0,1800.0
line,56路(动物园枢纽站--大观园公交场站),15,1680.0,2,bus_tapin_clusters,1680.0,1800.0
line,56路(动物园枢纽站--大观园公交场站),18,1140.0,11,bus_tapin_clusters,1140.0,1200.0
line,113路(大北窑南--祁家豁子),6,400.0,27,bus_tapin_clusters,660.0,400.0
line,113路(大北窑南--祁家豁子),7,720.0,23,bus_tapin_clusters,720.0,720.0
line,113路(大北窑南--祁家豁子),8,900.0,19,bus_tapin_clusters,1140.0,900.0
line,113路(大北窑南--祁家豁子),9,514.2857142857143,30,bus_tapin_clusters,690.0,514.2857142857143
line,113路(大北窑南--祁家豁子),10,514.2857142857143,26,bus_tapin_clusters,600.0,514.2857142857143
line,113路(大北窑南--祁家豁子),11,720.0,23,bus_tapin_clusters,1080.0,720.0
line,113路(大北窑南--祁家豁子),12,720.0,13,bus_tapin_clusters,1080.0,720.0
line,113路(大北窑南--祁家豁子),13,1200.0,13,bus_tapin_clusters,1500.0,1200.0
line,113路(大北窑南--祁家豁子),14,900.0,20,bus_tapin_clusters,1290.0,900.0
line,113路(大北窑南--祁家豁子),15,900.0,15,bus_tapin_clusters,1020.0,900.0
line,113路(大北窑南--祁家豁子),16,600.0,24,bus_tapin_clusters,750.0,600.0
line,113路(大北窑南--祁家豁子),17,400.0,36,bus_tapin_clusters,555.0,400.0
line,113路(大北窑南--祁家豁子),18,600.0,27,bus_tapin_clusters,840.0,600.0
line,113路(大北窑南--祁家豁子),19,514.2857142857143,26,bus_tapin_clusters,795.0,514.2857142857143
line,113路(大北窑南--祁家豁子),20,600.0,25,bus_tapin_clusters,840.0,600.0
line,113路(大北窑南--祁家豁子),21,900.0,14,bus_tapin_clusters,1140.0,900.0
line,113路(大北窑南--祁家豁子),22,1200.0,2,bus_tapin_clusters,1350.0,1200.0
line,355路(三义庙--育新小区),6,600.0,8,bus_tapin_clusters,600.0,720.0
line,355路(三义庙--育新小区),7,720.0,7,bus_tapin_clusters,900.0,720.0
line,355路(三义庙--育新小区),8,300.0,20,bus_tapin_clusters,300.0,400.0
line,355路(三义庙--育新小区),9,450.0,14,bus_tapin_clusters,510.0,450.0
line,355路(三义庙--育新小区),10,840.0,7,bus_tapin_clusters,840.0,900.0
line,355路(三义庙--育新小区),11,810.0,6,bus_tapin_clusters,810.0,900.0
line,355路(三义庙--育新小区),12,1200.0,8,bus_tapin_clusters,1620.0,1200.0
line,355路(三义庙--育新小区),13,600.0,15,bus_tapin_clusters,720.0,600.0
line,355路(三义庙--育新小区),14,720.0,10,bus_tapin_clusters,750.0,720.0
line,355路(三义庙--育新小区),15,600.0,14,bus_tapin_clusters,690.0,600.0
line,355路(三义庙--育新小区),16,870.0,10,bus_tapin_clusters,870.0,900.0
line,355路(三义庙--育新小区),17,400.0,23,bus_tapin_clusters,600.0,400.0
line,355路(三义庙--育新小区),18,900.0,10,bus_tapin_clusters,1095.0,900.0
line,355路(三义庙--育新小区),19,840.0,9,bus_tapin_clusters,840.0,900.0
line,355路(三义庙--育新小区),20,240.0,4,bus_tapin_clusters,240.0,1200.0
line,362路(地铁西二旗公交场站--西直门公交场站),6,900.0,9,bus_tapin_clusters,900.0,900.0
line,362路(地铁西二旗公交场站--西直门公交场站),7,514.2857142857143,21,bus_tapin_clusters,600.0,514.2857142857143
line,362路(地铁西二旗公交场站--西直门公交场站),8,600.0,20,bus_tapin_clusters,600.0,600.0
line,362路(地铁西二旗公交场站--西直门公交场站),9,600.0,17,bus_tapin_clusters,600.0,720.0
line,362路(地铁西二旗公交场站--西直门公交场站),10,900.0,7,bus_tapin_clusters,1020.0,900.0
line,362路(地铁西二旗公交场站--西直门公交场站),11,900.0,7,bus_tapin_clusters,1020.0,900.0
line,362路(地铁西二旗公交场站--西直门公交场站),12,720.0,10,bus_tapin_clusters,780.0,720.0
line,362路(地铁西二旗公交场站--西直门公交场站),13,1200.0,8,bus_tapin_clusters,1350.0,1200.0
line,362路(地铁西二旗公交场站--西直门公交场站),14,720.0,13,bus_tapin_clusters,900.0,720.0
line,362路(地铁西二旗公交场站--西直门公交场站),15,720.0,7,bus_tapin_clusters,720.0,1200.0
line,362路(地铁西二旗公交场站--西直门公交场站),16,720.0,9,bus_tapin_clusters,900.0,720.0
line,362路(地铁西二旗公交场站--西直门公交场站),17,514.2857142857143,18,bus_tapin_clusters,765.0,514.2857142857143
line,362路(地铁西二旗公交场站--西直门公交场站),18,720.0,14,bus_tapin_clusters,840.0,720.0
line,362路(地铁西二旗公交场站--西直门公交场站),19,840.0,7,bus_tapin_clusters,840.0,900.0
line,362路(地铁西二旗公交场站--西直门公交场站),20,1800.0,3,bus_tapin_clusters,2040.0,1800.0
line,362路(地铁西二旗公交场站--西直门公交场站),21,1080.0,2,bus_tapin_clusters,1080.0,1800.0
line,539路(颐和园西门--万柳中路北口),6,750.0,10,bus_tapin_clusters,750.0,900.0
line,539路(颐和园西门--万柳中路北口),7,720.0,21,bus_tapin_clusters,720.0,720.0
line,539路(颐和园西门--万柳中路北口),8,660.0,14,bus_tapin_clusters,660.0,720.0
line,539路(颐和园西门--万柳中路北口),9,240.0,6,bus_tapin_clusters,240.0,600.0
line,539路(颐和园西门--万柳中路北口),10,960.0,10,bus_tapin_clusters,960.0,1200.0
line,539路(颐和园西门--万柳中路北口),11,900.0,9,bus_tapin_clusters,900.0,900.0
line,539路(颐和园西门--万柳中路北口),12,900.0,10,bus_tapin_clusters,1230.0,900.0
line,539路(颐和园西门--万柳中路北口),13,900.0,9,bus_tapin_clusters,1020.0,900.0
line,539路(颐和园西门--万柳中路北口),14,1410.0,4,bus_tapin_clusters,1410.0,1800.0
line,539路(颐和园西门--万柳中路北口),15,1200.0,7,bus_tapin_clusters,1800.0,1200.0
line,539路(颐和园西门--万柳中路北口),16,720.0,8,bus_tapin_clusters,930.0,720.0
line,539路(颐和园西门--万柳中路北口),17,720.0,13,bus_tapin_clusters,960.0,720.0
line,539路(颐和园西门--万柳中路北口),18,840.0,8,bus_tapin_clusters,840.0,1200.0
line,539路(颐和园西门--万柳中路北口),20,1170.0,2,bus_tapin_clusters,1170.0,1800.0
line,8路(前门--金蝉西路南口),6,330.0,12,bus_tapin_clusters,330.0,600.0
line,8路(前门--金蝉西路南口),7,570.0,26,bus_tapin_clusters,570.0,600.0
line,8路(前门--金蝉西路南口),8,480.0,21,bus_tapin_clusters,480.0,720.0
line,8路(前门--金蝉西路南口),9,360.0,42,bus_tapin_clusters,420.0,360.0
line,8路(前门--金蝉西路南口),10,450.0,24,bus_tapin_clusters,450.0,450.0
line,8路(前门--金蝉西路南口),11,420.0,27,bus_tapin_clusters,420.0,600.0
line,8路(前门--金蝉西路南口),12,720.0,20,bus_tapin_clusters,720.0,720.0
line,8路(前门--金蝉西路南口),13,720.0,25,bus_tapin_clusters,720.0,720.0
line,8路(前门--金蝉西路南口),14,600.0,21,bus_tapin_clusters,900.0,600.0
line,8路(前门--金蝉西路南口),15,600.0,13,bus_tapin_clusters,960.0,600.0
line,8路(前门--金蝉西路南口),16,514.2857142857143,34,bus_tapin_clusters,540.0,514.2857142857143
line,8路(前门--金蝉西路南口),17,276.9230769230769,36,bus_tapin_clusters,360.0,276.9230769230769
line,8路(前门--金蝉西路南口),18,514.2857142857143,29,bus_tapin_clusters,600.0,514.2857142857143
line,8路(前门--金蝉西路南口),19,360.0,28,bus_tapin_clusters,630.0,360.0
line,8路(前门--金蝉西路南口),20,510.0,25,bus_tapin_clusters,510.0,600.0
line,8路(前门--金蝉西路南口),21,720.0,19,bus_tapin_clusters,840.0,720.0
line,8路(前门--金蝉西路南口),22,900.0,8,bus_tapin_clusters,900.0,1200.0
line,549路(厢白旗桥--四通桥东),7,600.0,21,bus_tapin_clusters,720.0,600.0
line,549路(厢白旗桥--四通桥东),8,720.0,23,bus_tapin_clusters,1080.0,720.0
line,549路(厢白旗桥--四通桥东),9,900.0,17,bus_tapin_clusters,1200.0,900.0
line,549路(厢白旗桥--四通桥东),10,514.2857142857143,29,bus_tapin_clusters,540.0,514.2857142857143
line,549路(厢白旗桥--四通桥东),11,900.0,12,bus_tapin_clusters,930.0,900.0
line,549路(厢白旗桥--四通桥东),12,600.0,17,bus_tapin_clusters,900.0,600.0
line,549路(厢白旗桥--四通桥东),13,720.0,18,bus_tapin_clusters,720.0,720.0
line,549路(厢白旗桥--四通桥东),15,900.0,18,bus_tapin_clusters,1110.0,900.0
line,549路(厢白旗桥--四通桥东),16,1200.0,10,bus_tapin_clusters,1410.0,1200.0
line,549路(厢白旗桥--四通桥东),17,810.0,14,bus_tapin_clusters,810.0,900.0
line,549路(厢白旗桥--四通桥东),18,900.0,9,bus_tapin_clusters,900.0,1200.0
line,549路(厢白旗桥--四通桥东),20,1200.0,6,bus_tapin_clusters,1470.0,1200.0
line,549路(厢白旗桥--四通桥东),6,900.0,9,bus_tapin_clusters,1320.0,900.0
line,549路(厢白旗桥--四通桥东),14,720.0,9,bus_tapin_clusters,960.0,720.0
line,549路(厢白旗桥--四通桥东),19,930.0,8,bus_tapin_clusters,930.0,1200.0
line,605路(弘燕公交场站--黄杉木店),6,450.0,25,bus_tapin_clusters,720.0,450.0
line,605路(弘燕公交场站--黄杉木店),7,400.0,45,bus_tapin_clusters,450.0,400.0
line,605路(弘燕公交场站--黄杉木店),8,360.0,46,bus_tapin_clusters,420.0,360.0
line,605路(弘燕公交场站--黄杉木店),9,300.0,54,bus_tapin_clusters,300.0,360.0
line,605路(弘燕公交场站--黄杉木店),10,450.0,35,bus_tapin_clusters,540.0,450.0
line,605路(弘燕公交场站--黄杉木店),11,514.2857142857143,31,bus_tapin_clusters,600.0,514.2857142857143
line,605路(弘燕公交场站--黄杉木店),12,600.0,25,bus_tapin_clusters,900.0,600.0
line,605路(弘燕公交场站--黄杉木店),13,360.0,33,bus_tapin_clusters,360.0,450.0
line,605路(弘燕公交场站--黄杉木店),14,360.0,33,bus_tapin_clusters,360.0,450.0
line,605路(弘燕公交场站--黄杉木店),15,600.0,22,bus_tapin_clusters,720.0,600.0
line,605路(弘燕公交场站--黄杉木店),16,720.0,23,bus_tapin_clusters,840.0,720.0
line,605路(弘燕公交场站--黄杉木店),17,400.0,33,bus_tapin_clusters,420.0,400.0
line,605路(弘燕公交场站--黄杉木店),18,450.0,34,bus_tapin_clusters,540.0,450.0
line,605路(弘燕公交场站--黄杉木店),19,600.0,21,bus_tapin_clusters,600.0,720.0
line,605路(弘燕公交场站--黄杉木店),20,600.0,10,bus_tapin_clusters,660.0,600.0
line,605路(弘燕公交场站--黄杉木店),21,400.0,20,bus_tapin_clusters,480.0,400.0
line,605路(弘燕公交场站--黄杉木店),22,420.0,8,bus_tapin_clusters,420.0,1200.0
line,524路(宋家庄枢纽站--灵秀山庄东站),7,720.0,8,bus_tapin_clusters,900.0,720.0
line,524路(宋家庄枢纽站--灵秀山庄东站),8,510.0,11,bus_tapin_clusters,510.0,600.0
line,524路(宋家庄枢纽站--灵秀山庄东站),9,900.0,5,bus_tapin_clusters,900.0,1200.0
line,524路(宋家庄枢纽站--灵秀山庄东站),10,900.0,4,bus_tapin_clusters,1050.0,900.0
line,524路(宋家庄枢纽站--灵秀山庄东站),12,840.0,3,bus_tapin_clusters,840.0,1200.0
line,524路(宋家庄枢纽站--灵秀山庄东站),13,990.0,2,bus_tapin_clusters,990.0,1200.0
line,524路(宋家庄枢纽站--灵秀山庄东站),15,1590.0,2,bus_tapin_clusters,1590.0,1800.0
line,524路(宋家庄枢纽站--灵秀山庄东站),16,1800.0,2,bus_tapin_clusters,2250.0,1800.0
line,524路(宋家庄枢纽站--灵秀山庄东站),17,1140.0,5,bus_tapin_clusters,1140.0,1200.0
line,524路(宋家庄枢纽站--灵秀山庄东站),18,570.0,4,bus_tapin_clusters,570.0,900.0
line,524路(宋家庄枢纽站--灵秀山庄东站),19,600.0,3,bus_tapin_clusters,600.0,1200.0
line,524路(宋家庄枢纽站--灵秀山庄东站),20,1800.0,2,bus_tapin_clusters,2205.0,1800.0
line,524路(宋家庄枢纽站--灵秀山庄东站),21,840.0,4,bus_tapin_clusters,840.0,900.0
line,专113路(百子湾家园东站--四惠枢纽站),6,1200.0,3,bus_tapin_clusters,1260.0,1200.0
line,专113路(百子湾家园东站--四惠枢纽站),7,510.0,6,bus_tapin_clusters,510.0,600.0
line,专113路(百子湾家园东站--四惠枢纽站),8,300.0,8,bus_tapin_clusters,300.0,450.0
line,专113路(百子湾家园东站--四惠枢纽站),9,660.0,4,bus_tapin_clusters,660.0,900.0
line,专113路(百子湾家园东站--四惠枢纽站),10,900.0,4,bus_tapin_clusters,1170.0,900.0
line,专113路(百子湾家园东站--四惠枢纽站),13,1785.0,2,bus_tapin_clusters,1785.0,1800.0
line,专113路(百子湾家园东站--四惠枢纽站),14,1200.0,3,bus_tapin_clusters,1230.0,1200.0
line,专113路(百子湾家园东站--四惠枢纽站),15,1800.0,2,bus_tapin_clusters,1935.0,1800.0
line,专113路(百子湾家园东站--四惠枢纽站),16,1200.0,3,bus_tapin_clusters,1380.0,1200.0
line,专113路(百子湾家园东站--四惠枢纽站),17,360.0,7,bus_tapin_clusters,360.0,514.2857142857143
line,专113路(百子湾家园东站--四惠枢纽站),18,1470.0,2,bus_tapin_clusters,1470.0,1800.0
line,专113路(百子湾家园东站--四惠枢纽站),19,1800.0,2,bus_tapin_clusters,1890.0,1800.0
line,专113路(百子湾家园东站--四惠枢纽站),20,1650.0,2,bus_tapin_clusters,1650.0,1800.0
line,968路(莲花池南路--海子角),6,1140.0,5,bus_tapin_clusters,1140.0,1200.0
line,968路(莲花池南路--海子角),7,450.0,23,bus_tapin_clusters,480.0,450.0
line,968路(莲花池南路--海子角),8,360.0,30,bus_tapin_clusters,420.0,360.0
line,968路(莲花池南路--海子角),9,600.0,20,bus_tapin_clusters,600.0,600.0
line,968路(莲花池南路--海子角),10,600.0,16,bus_tapin_clusters,1140.0,600.0
line,968路(莲花池南路--海子角),11,900.0,11,bus_tapin_clusters,1200.0,900.0
line,968路(莲花池南路--海子角),12,900.0,9,bus_tapin_clusters,900.0,900.0
line,968路(莲花池南路--海子角),13,1530.0,4,bus_tapin_clusters,1530.0,1800.0
line,968路(莲花池南路--海子角),15,720.0,9,bus_tapin_clusters,1320.0,720.0
line,968路(莲花池南路--海子角),16,420.0,17,bus_tapin_clusters,420.0,600.0
line,968路(莲花池南路--海子角),17,480.0,23,bus_tapin_clusters,480.0,600.0
line,968路(莲花池南路--海子角),18,450.0,25,bus_tapin_clusters,720.0,450.0
line,968路(莲花池南路--海子角),19,720.0,19,bus_tapin_clusters,840.0,720.0
line,968路(莲花池南路--海子角),20,900.0,7,bus_tapin_clusters,1140.0,900.0
line,968路(莲花池南路--海子角),14,1200.0,5,bus_tapin_clusters,1920.0,1200.0
line,696路(国展新馆公交场站--芍药居公交场站),6,600.0,23,bus_tapin_clusters,840.0,600.0
line,696路(国展新馆公交场站--芍药居公交场站),7,900.0,19,bus_tapin_clusters,1020.0,900.0
line,696路(国展新馆公交场站--芍药居公交场站),8,600.0,27,bus_tapin_clusters,840.0,600.0
line,696路(国展新馆公交场站--芍药居公交场站),9,540.0,27,bus_tapin_clusters,540.0,600.0
line,696路(国展新馆公交场站--芍药居公交场站),10,600.0,16,bus_tapin_clusters,720.0,600.0
line,696路(国展新馆公交场站--芍药居公交场站),11,900.0,13,bus_tapin_clusters,960.0,900.0
line,696路(国展新馆公交场站--芍药居公交场站),12,900.0,15,bus_tapin_clusters,1140.0,900.0
line,696路(国展新馆公交场站--芍药居公交场站),13,1200.0,13,bus_tapin_clusters,1920.0,1200.0
line,696路(国展新馆公交场站--芍药居公交场站),14,900.0,13,bus_tapin_clusters,1140.0,900.0
line,696路(国展新馆公交场站--芍药居公交场站),15,720.0,20,bus_tapin_clusters,1080.0,720.0
line,696路(国展新馆公交场站--芍药居公交场站),16,540.0,23,bus_tapin_clusters,540.0,600.0
line,696路(国展新馆公交场站--芍药居公交场站),17,720.0,23,bus_tapin_clusters,960.0,720.0
line,696路(国展新馆公交场站--芍药居公交场站),18,600.0,27,bus_tapin_clusters,660.0,600.0
line,696路(国展新馆公交场站--芍药居公交场站),19,720.0,21,bus_tapin_clusters,900.0,720.0
line,696路(国展新馆公交场站--芍药居公交场站),20,900.0,12,bus_tapin_clusters,1290.0,900.0
line,696路(国展新馆公交场站--芍药居公交场站),21,900.0,15,bus_tapin_clusters,900.0,900.0
line,696路(国展新馆公交场站--芍药居公交场站),22,1140.0,2,bus_tapin_clusters,1140.0,1200.0
line,29路(弘燕公交场站--北京站东街),6,780.0,13,bus_tapin_clusters,780.0,1200.0
line,29路(弘燕公交场站--北京站东街),7,900.0,9,bus_tapin_clusters,1260.0,900.0
line,29路(弘燕公交场站--北京站东街),8,420.0,15,bus_tapin_clusters,420.0,600.0
line,29路(弘燕公交场站--北京站东街),9,720.0,24,bus_tapin_clusters,795.0,720.0
line,29路(弘燕公交场站--北京站东街),10,555.0,16,bus_tapin_clusters,555.0,720.0
line,29路(弘燕公交场站--北京站东街),11,514.2857142857143,28,bus_tapin_clusters,540.0,514.2857142857143
line,29路(弘燕公交场站--北京站东街),12,900.0,15,bus_tapin_clusters,960.0,900.0
line,29路(弘燕公交场站--北京站东街),13,600.0,9,bus_tapin_clusters,600.0,720.0
line,29路(弘燕公交场站--北京站东街),14,720.0,19,bus_tapin_clusters,720.0,720.0
line,29路(弘燕公交场站--北京站东街),15,450.0,28,bus_tapin_clusters,480.0,450.0
line,29路(弘燕公交场站--北京站东街),16,840.0,13,bus_tapin_clusters,840.0,900.0
line,29路(弘燕公交场站--北京站东街),17,600.0,23,bus_tapin_clusters,600.0,600.0
line,29路(弘燕公交场站--北京站东街),18,600.0,18,bus_tapin_clusters,600.0,600.0
line,29路(弘燕公交场站--北京站东街),19,600.0,21,bus_tapin_clusters,660.0,600.0
line,29路(弘燕公交场站--北京站东街),20,1440.0,4,bus_tapin_clusters,1440.0,1800.0
line,29路(弘燕公交场站--北京站东街),21,720.0,13,bus_tapin_clusters,900.0,720.0
line,29路(弘燕公交场站--北京站东街),22,720.0,2,bus_tapin_clusters,720.0,1200.0
line,328路(和平东桥--龙泉驾校公交场站),6,870.0,6,bus_tapin_clusters,870.0,900.0
line,328路(和平东桥--龙泉驾校公交场站),7,480.0,12,bus_tapin_clusters,480.0,514.2857142857143
line,328路(和平东桥--龙泉驾校公交场站),8,600.0,10,bus_tapin_clusters,780.0,600.0
line,328路(和平东桥--龙泉驾校公交场站),9,600.0,10,bus_tapin_clusters,690.0,600.0
line,328路(和平东桥--龙泉驾校公交场站),10,900.0,7,bus_tapin_clusters,900.0,900.0
line,328路(和平东桥--龙泉驾校公交场站),11,1200.0,5,bus_tapin_clusters,1200.0,1200.0
line,328路(和平东桥--龙泉驾校公交场站),12,1200.0,5,bus_tapin_clusters,1200.0,1200.0
line,328路(和平东桥--龙泉驾校公交场站),13,600.0,7,bus_tapin_clusters,600.0,720.0
line,328路(和平东桥--龙泉驾校公交场站),14,1200.0,3,bus_tapin_clusters,1740.0,1200.0
line,328路(和平东桥--龙泉驾校公交场站),15,810.0,5,bus_tapin_clusters,810.0,1200.0
line,328路(和平东桥--龙泉驾校公交场站),16,514.2857142857143,10,bus_tapin_clusters,600.0,514.2857142857143
line,328路(和平东桥--龙泉驾校公交场站),17,420.0,9,bus_tapin_clusters,420.0,450.0
line,328路(和平东桥--龙泉驾校公交场站),18,600.0,8,bus_tapin_clusters,600.0,600.0
line,328路(和平东桥--龙泉驾校公交场站),19,1200.0,3,bus_tapin_clusters,1260.0,1200.0
line,328路(和平东桥--龙泉驾校公交场站),20,1200.0,3,bus_tapin_clusters,1500.0,1200.0
line,474路(西红门公交场站--大观园公交场站),6,450.0,36,bus_tapin_clusters,570.0,450.0
line,474路(西红门公交场站--大观园公交场站),7,400.0,45,bus_tapin_clusters,420.0,400.0
line,474路(西红门公交场站--大观园公交场站),8,300.0,50,bus_tapin_clusters,300.0,360.0
line,474路(西红门公交场站--大观园公交场站),9,514.2857142857143,36,bus_tapin_clusters,570.0,514.2857142857143
line,474路(西红门公交场站--大观园公交场站),10,600.0,25,bus_tapin_clusters,600.0,720.0
line,474路(西红门公交场站--大观园公交场站),11,514.2857142857143,33,bus_tapin_clusters,540.0,514.2857142857143
line,474路(西红门公交场站--大观园公交场站),12,514.2857142857143,26,bus_tapin_clusters,720.0,514.2857142857143
line,474路(西红门公交场站--大观园公交场站),13,514.2857142857143,26,bus_tapin_clusters,780.0,514.2857142857143
line,474路(西红门公交场站--大观园公交场站),14,450.0,36,bus_tapin_clusters,660.0,450.0
line,474路(西红门公交场站--大观园公交场站),15,390.0,39,bus_tapin_clusters,390.0,400.0
line,474路(西红门公交场站--大观园公交场站),16,450.0,39,bus_tapin_clusters,480.0,450.0
line,474路(西红门公交场站--大观园公交场站),17,450.0,38,bus_tapin_clusters,480.0,450.0
line,474路(西红门公交场站--大观园公交场站),18,420.0,31,bus_tapin_clusters,420.0,514.2857142857143
line,474路(西红门公交场站--大观园公交场站),19,660.0,23,bus_tapin_clusters,660.0,720.0
line,474路(西红门公交场站--大观园公交场站),20,720.0,18,bus_tapin_clusters,960.0,720.0
line,474路(西红门公交场站--大观园公交场站),21,900.0,13,bus_tapin_clusters,900.0,900.0
line,606路(大钟寺站--地铁霍营站南),7,900.0,17,bus_tapin_clusters,1320.0,900.0
line,606路(大钟寺站--地铁霍营站南),8,514.2857142857143,32,bus_tapin_clusters,600.0,514.2857142857143
line,606路(大钟寺站--地铁霍营站南),9,720.0,22,bus_tapin_clusters,840.0,720.0
line,606路(大钟寺站--地铁霍营站南),10,780.0,17,bus_tapin_clusters,780.0,900.0
line,606路(大钟寺站--地铁霍营站南),11,720.0,13,bus_tapin_clusters,960.0,720.0
line,606路(大钟寺站--地铁霍营站南),12,514.2857142857143,21,bus_tapin_clusters,720.0,514.2857142857143
line,606路(大钟寺站--地铁霍营站南),13,720.0,23,bus_tapin_clusters,900.0,720.0
line,606路(大钟寺站--地铁霍营站南),14,720.0,21,bus_tapin_clusters,900.0,720.0
line,606路(大钟寺站--地铁霍营站南),15,810.0,15,bus_tapin_clusters,810.0,900.0
line,606路(大钟寺站--地铁霍营站南),16,720.0,22,bus_tapin_clusters,900.0,720.0
line,606路(大钟寺站--地铁霍营站南),17,514.2857142857143,28,bus_tapin_clusters,660.0,514.2857142857143
line,606路(大钟寺站--地铁霍营站南),18,600.0,21,bus_tapin_clusters,600.0,600.0
line,606路(大钟寺站--地铁霍营站南),19,600.0,26,bus_tapin_clusters,660.0,600.0
line,606路(大钟寺站--地铁霍营站南),21,600.0,13,bus_tapin_clusters,720.0,600.0
line,606路(大钟寺站--地铁霍营站南),20,600.0,24,bus_tapin_clusters,720.0,600.0
line,606路(大钟寺站--地铁霍营站南),6,840.0,11,bus_tapin_clusters,840.0,900.0
line,606路(大钟寺站--地铁霍营站南),22,750.0,2,bus_tapin_clusters,750.0,1200.0
line,专87路(广渠门--百子湾家园东站),6,840.0,8,bus_tapin_clusters,840.0,1200.0
line,专87路(广渠门--百子湾家园东站),7,600.0,21,bus_tapin_clusters,720.0,600.0
line,专87路(广渠门--百子湾家园东站),8,514.2857142857143,26,bus_tapin_clusters,570.0,514.2857142857143
line,专87路(广渠门--百子湾家园东站),9,600.0,25,bus_tapin_clusters,660.0,600.0
line,专87路(广渠门--百子湾家园东站),10,600.0,20,bus_tapin_clusters,810.0,600.0
line,专87路(广渠门--百子湾家园东站),11,600.0,22,bus_tapin_clusters,825.0,600.0
line,专87路(广渠门--百子湾家园东站),12,720.0,17,bus_tapin_clusters,720.0,720.0
line,专87路(广渠门--百子湾家园东站),13,660.0,17,bus_tapin_clusters,660.0,720.0
line,专87路(广渠门--百子湾家园东站),14,660.0,19,bus_tapin_clusters,660.0,720.0
line,专87路(广渠门--百子湾家园东站),15,600.0,23,bus_tapin_clusters,720.0,600.0
line,专87路(广渠门--百子湾家园东站),16,514.2857142857143,27,bus_tapin_clusters,660.0,514.2857142857143
line,专87路(广渠门--百子湾家园东站),17,540.0,26,bus_tapin_clusters,540.0,600.0
line,专87路(广渠门--百子湾家园东站),18,600.0,21,bus_tapin_clusters,660.0,600.0
line,专87路(广渠门--百子湾家园东站),19,600.0,17,bus_tapin_clusters,780.0,600.0
line,专87路(广渠门--百子湾家园东站),20,900.0,13,bus_tapin_clusters,1740.0,900.0
line,专87路(广渠门--百子湾家园东站),21,1260.0,4,bus_tapin_clusters,1260.0,1800.0
line,698路(公主坟--香泉环岛),6,780.0,9,bus_tapin_clusters,780.0,900.0
line,698路(公主坟--香泉环岛),7,870.0,18,bus_tapin_clusters,870.0,900.0
line,698路(公主坟--香泉环岛),8,514.2857142857143,25,bus_tapin_clusters,660.0,514.2857142857143
line,698路(公主坟--香泉环岛),9,600.0,22,bus_tapin_clusters,630.0,600.0
line,698路(公主坟--香泉环岛),10,690.0,21,bus_tapin_clusters,690.0,720.0
line,698路(公主坟--香泉环岛),11,900.0,14,bus_tapin_clusters,915.0,900.0
line,698路(公主坟--香泉环岛),12,900.0,14,bus_tapin_clusters,1290.0,900.0
line,698路(公主坟--香泉环岛),13,990.0,13,bus_tapin_clusters,990.0,1200.0
line,698路(公主坟--香泉环岛),14,1200.0,11,bus_tapin_clusters,1830.0,1200.0
line,698路(公主坟--香泉环岛),15,690.0,14,bus_tapin_clusters,690.0,900.0
line,698路(公主坟--香泉环岛),16,720.0,17,bus_tapin_clusters,1080.0,720.0
line,698路(公主坟--香泉环岛),17,450.0,32,bus_tapin_clusters,660.0,450.0
line,698路(公主坟--香泉环岛),18,720.0,17,bus_tapin_clusters,960.0,720.0
line,698路(公主坟--香泉环岛),19,900.0,12,bus_tapin_clusters,1170.0,900.0
line,698路(公主坟--香泉环岛),20,720.0,9,bus_tapin_clusters,900.0,720.0
line,698路(公主坟--香泉环岛),21,990.0,3,bus_tapin_clusters,990.0,1800.0
line,610路(西苑枢纽站--鲁谷公交场站),6,780.0,11,bus_tapin_clusters,780.0,900.0
line,610路(西苑枢纽站--鲁谷公交场站),7,400.0,32,bus_tapin_clusters,540.0,400.0
line,610路(西苑枢纽站--鲁谷公交场站),8,400.0,39,bus_tapin_clusters,420.0,400.0
line,610路(西苑枢纽站--鲁谷公交场站),9,514.2857142857143,25,bus_tapin_clusters,660.0,514.2857142857143
line,610路(西苑枢纽站--鲁谷公交场站),10,720.0,24,bus_tapin_clusters,870.0,720.0
line,610路(西苑枢纽站--鲁谷公交场站),11,600.0,17,bus_tapin_clusters,960.0,600.0
line,610路(西苑枢纽站--鲁谷公交场站),12,720.0,17,bus_tapin_clusters,1080.0,720.0
line,610路(西苑枢纽站--鲁谷公交场站),13,720.0,17,bus_tapin_clusters,780.0,720.0
line,610路(西苑枢纽站--鲁谷公交场站),14,720.0,23,bus_tapin_clusters,780.0,720.0
line,610路(西苑枢纽站--鲁谷公交场站),15,514.2857142857143,28,bus_tapin_clusters,765.0,514.2857142857143
line,610路(西苑枢纽站--鲁谷公交场站),16,450.0,27,bus_tapin_clusters,480.0,450.0
line,610路(西苑枢纽站--鲁谷公交场站),17,360.0,41,bus_tapin_clusters,540.0,360.0
line,610路(西苑枢纽站--鲁谷公交场站),18,600.0,24,bus_tapin_clusters,870.0,600.0
line,610路(西苑枢纽站--鲁谷公交场站),19,570.0,21,bus_tapin_clusters,570.0,600.0
line,610路(西苑枢纽站--鲁谷公交场站),20,900.0,20,bus_tapin_clusters,990.0,900.0
line,610路(西苑枢纽站--鲁谷公交场站),21,780.0,2,bus_tapin_clusters,780.0,1200.0
line,511路(方庄东路--城南嘉园),6,900.0,18,bus_tapin_clusters,1020.0,900.0
line,511路(方庄东路--城南嘉园),7,400.0,30,bus_tapin_clusters,570.0,400.0
line,511路(方庄东路--城南嘉园),8,450.0,35,bus_tapin_clusters,540.0,450.0
line,511路(方庄东路--城南嘉园),9,450.0,33,bus_tapin_clusters,450.0,450.0
line,511路(方庄东路--城南嘉园),10,360.0,40,bus_tapin_clusters,510.0,360.0
line,511路(方庄东路--城南嘉园),11,327.27272727272725,41,bus_tapin_clusters,480.0,327.27272727272725
line,511路(方庄东路--城南嘉园),12,400.0,32,bus_tapin_clusters,600.0,400.0
line,511路(方庄东路--城南嘉园),13,400.0,35,bus_tapin_clusters,480.0,400.0
line,511路(方庄东路--城南嘉园),14,510.0,29,bus_tapin_clusters,510.0,600.0
line,511路(方庄东路--城南嘉园),15,450.0,38,bus_tapin_clusters,600.0,450.0
line,511路(方庄东路--城南嘉园),16,400.0,27,bus_tapin_clusters,720.0,400.0
line,511路(方庄东路--城南嘉园),17,400.0,34,bus_tapin_clusters,540.0,400.0
line,511路(方庄东路--城南嘉园),18,400.0,34,bus_tapin_clusters,480.0,400.0
line,511路(方庄东路--城南嘉园),19,600.0,25,bus_tapin_clusters,840.0,600.0
line,511路(方庄东路--城南嘉园),20,645.0,12,bus_tapin_clusters,645.0,720.0
line,511路(方庄东路--城南嘉园),21,720.0,16,bus_tapin_clusters,1050.0,720.0
line,531路(丽泽桥--吴庄公交场站),6,600.0,7,bus_tapin_clusters,600.0,900.0
line,531路(丽泽桥--吴庄公交场站),7,400.0,25,bus_tapin_clusters,660.0,400.0
line,531路(丽泽桥--吴庄公交场站),8,600.0,23,bus_tapin_clusters,660.0,600.0
line,531路(丽泽桥--吴庄公交场站),9,720.0,9,bus_tapin_clusters,840.0,720.0
line,531路(丽泽桥--吴庄公交场站),13,780.0,3,bus_tapin_clusters,780.0,1200.0
line,531路(丽泽桥--吴庄公交场站),15,720.0,13,bus_tapin_clusters,1140.0,720.0
line,531路(丽泽桥--吴庄公交场站),16,300.0,21,bus_tapin_clusters,300.0,450.0
line,531路(丽泽桥--吴庄公交场站),17,900.0,14,bus_tapin_clusters,900.0,1200.0
line,531路(丽泽桥--吴庄公交场站),18,900.0,14,bus_tapin_clusters,1470.0,900.0
line,531路(丽泽桥--吴庄公交场站),19,600.0,20,bus_tapin_clusters,780.0,600.0
line,531路(丽泽桥--吴庄公交场站),10,1200.0,6,bus_tapin_clusters,2400.0,1200.0
line,531路(丽泽桥--吴庄公交场站),20,1800.0,2,bus_tapin_clusters,1800.0,1800.0
line,71路(红寺桥--友谊医院东),6,1200.0,8,bus_tapin_clusters,2070.0,1200.0
line,71路(红寺桥--友谊医院东),7,900.0,17,bus_tapin_clusters,900.0,900.0
line,71路(红寺桥--友谊医院东),8,900.0,13,bus_tapin_clusters,1620.0,900.0
line,71路(红寺桥--友谊医院东),9,360.0,22,bus_tapin_clusters,360.0,720.0
line,71路(红寺桥--友谊医院东),11,240.0,9,bus_tapin_clusters,240.0,900.0
line,71路(红寺桥--友谊医院东),13,1200.0,11,bus_tapin_clusters,1380.0,1200.0
line,71路(红寺桥--友谊医院东),16,270.0,6,bus_tapin_clusters,270.0,600.0
line,71路(红寺桥--友谊医院东),10,900.0,14,bus_tapin_clusters,1290.0,900.0
line,71路(红寺桥--友谊医院东),12,930.0,8,bus_tapin_clusters,930.0,1200.0
line,71路(红寺桥--友谊医院东),15,1050.0,5,bus_tapin_clusters,1050.0,1800.0
line,71路(红寺桥--友谊医院东),17,540.0,6,bus_tapin_clusters,540.0,720.0
line,377路(西红门西站--永定门汽车站),6,1020.0,5,bus_tapin_clusters,1020.0,1200.0
line,377路(西红门西站--永定门汽车站),7,600.0,18,bus_tapin_clusters,990.0,600.0
line,377路(西红门西站--永定门汽车站),8,660.0,19,bus_tapin_clusters,660.0,720.0
line,377路(西红门西站--永定门汽车站),9,720.0,8,bus_tapin_clusters,720.0,900.0
line,377路(西红门西站--永定门汽车站),10,600.0,15,bus_tapin_clusters,720.0,600.0
line,377路(西红门西站--永定门汽车站),11,900.0,10,bus_tapin_clusters,1110.0,900.0
line,377路(西红门西站--永定门汽车站),12,690.0,10,bus_tapin_clusters,690.0,720.0
line,377路(西红门西站--永定门汽车站),13,900.0,7,bus_tapin_clusters,1080.0,900.0
line,377路(西红门西站--永定门汽车站),14,900.0,10,bus_tapin_clusters,1590.0,900.0
line,377路(西红门西站--永定门汽车站),15,900.0,8,bus_tapin_clusters,1170.0,900.0
line,377路(西红门西站--永定门汽车站),16,514.2857142857143,13,bus_tapin_clusters,540.0,514.2857142857143
line,377路(西红门西站--永定门汽车站),17,450.0,15,bus_tapin_clusters,600.0,450.0
line,377路(西红门西站--永定门汽车站),18,514.2857142857143,15,bus_tapin_clusters,840.0,514.2857142857143
line,377路(西红门西站--永定门汽车站),19,720.0,8,bus_tapin_clusters,1020.0,720.0
line,377路(西红门西站--永定门汽车站),20,720.0,9,bus_tapin_clusters,780.0,720.0
line,377路(西红门西站--永定门汽车站),21,720.0,5,bus_tapin_clusters,960.0,720.0
line,640路(小庄路口北--岗山村南站),6,1800.0,2,bus_tapin_clusters,1920.0,1800.0
line,640路(小庄路口北--岗山村南站),7,900.0,7,bus_tapin_clusters,960.0,900.0
line,640路(小庄路口北--岗山村南站),8,900.0,8,bus_tapin_clusters,960.0,900.0
line,640路(小庄路口北--岗山村南站),9,900.0,7,bus_tapin_clusters,960.0,900.0
line,640路(小庄路口北--岗山村南站),10,300.0,11,bus_tapin_clusters,300.0,600.0
line,640路(小庄路口北--岗山村南站),11,600.0,9,bus_tapin_clusters,660.0,600.0
line,640路(小庄路口北--岗山村南站),12,1500.0,3,bus_tapin_clusters,1500.0,1800.0
line,640路(小庄路口北--岗山村南站),14,900.0,6,bus_tapin_clusters,1005.0,900.0
line,640路(小庄路口北--岗山村南站),15,960.0,2,bus_tapin_clusters,960.0,1800.0
line,640路(小庄路口北--岗山村南站),16,540.0,11,bus_tapin_clusters,540.0,600.0
line,640路(小庄路口北--岗山村南站),17,514.2857142857143,10,bus_tapin_clusters,570.0,514.2857142857143
line,640路(小庄路口北--岗山村南站),18,630.0,9,bus_tapin_clusters,630.0,720.0
line,640路(小庄路口北--岗山村南站),19,900.0,4,bus_tapin_clusters,990.0,900.0
line,640路(小庄路口北--岗山村南站),20,1440.0,2,bus_tapin_clusters,1440.0,1800.0
line,640路(小庄路口北--岗山村南站),13,1200.0,3,bus_tapin_clusters,1200.0,1200.0
line,640路(小庄路口北--岗山村南站),21,1800.0,2,bus_tapin_clusters,1860.0,1800.0
line,601路(和平东桥--地铁北宫门站),6,600.0,27,bus_tapin_clusters,600.0,600.0
line,601路(和平东桥--地铁北宫门站),7,360.0,40,bus_tapin_clusters,360.0,360.0
line,601路(和平东桥--地铁北宫门站),8,360.0,48,bus_tapin_clusters,360.0,360.0
line,601路(和平东桥--地铁北宫门站),9,300.0,50,bus_tapin_clusters,420.0,300.0
line,601路(和平东桥--地铁北宫门站),10,450.0,39,bus_tapin_clusters,600.0,450.0
line,601路(和平东桥--地铁北宫门站),11,360.0,35,bus_tapin_clusters,600.0,360.0
line,601路(和平东桥--地铁北宫门站),12,450.0,34,bus_tapin_clusters,720.0,450.0
line,601路(和平东桥--地铁北宫门站),13,600.0,30,bus_tapin_clusters,720.0,600.0
line,601路(和平东桥--地铁北宫门站),14,600.0,30,bus_tapin_clusters,810.0,600.0
line,601路(和平东桥--地铁北宫门站),15,720.0,27,bus_tapin_clusters,840.0,720.0
line,601路(和平东桥--地铁北宫门站),16,450.0,40,bus_tapin_clusters,600.0,450.0
line,601路(和平东桥--地铁北宫门站),17,360.0,48,bus_tapin_clusters,420.0,360.0
line,601路(和平东桥--地铁北宫门站),18,400.0,45,bus_tapin_clusters,420.0,400.0
line,601路(和平东桥--地铁北宫门站),19,360.0,42,bus_tapin_clusters,420.0,360.0
line,601路(和平东桥--地铁北宫门站),20,720.0,23,bus_tapin_clusters,840.0,720.0
line,601路(和平东桥--地铁北宫门站),21,600.0,23,bus_tapin_clusters,840.0,600.0
line,601路(和平东桥--地铁北宫门站),22,1200.0,9,bus_tapin_clusters,1200.0,1200.0
line,614路(单村--万柳中路北口),6,720.0,10,bus_tapin_clusters,990.0,720.0
line,614路(单村--万柳中路北口),7,1800.0,6,bus_tapin_clusters,1980.0,1800.0
line,614路(单村--万柳中路北口),8,900.0,14,bus_tapin_clusters,930.0,900.0
line,614路(单村--万柳中路北口),9,600.0,19,bus_tapin_clusters,840.0,600.0
line,614路(单村--万柳中路北口),10,1080.0,13,bus_tapin_clusters,1080.0,1200.0
line,614路(单村--万柳中路北口),11,900.0,15,bus_tapin_clusters,1260.0,900.0
line,614路(单村--万柳中路北口),12,600.0,20,bus_tapin_clusters,900.0,600.0
line,614路(单村--万柳中路北口),14,720.0,15,bus_tapin_clusters,1140.0,720.0
line,614路(单村--万柳中路北口),15,900.0,14,bus_tapin_clusters,1290.0,900.0
line,614路(单村--万柳中路北口),16,600.0,21,bus_tapin_clusters,780.0,600.0
line,614路(单村--万柳中路北口),17,600.0,25,bus_tapin_clusters,900.0,600.0
line,614路(单村--万柳中路北口),18,720.0,18,bus_tapin_clusters,780.0,720.0
line,614路(单村--万柳中路北口),19,720.0,20,bus_tapin_clusters,1140.0,720.0
line,614路(单村--万柳中路北口),20,720.0,19,bus_tapin_clusters,780.0,720.0
line,614路(单村--万柳中路北口),21,780.0,13,bus_tapin_clusters,780.0,1200.0
line,614路(单村--万柳中路北口),22,840.0,11,bus_tapin_clusters,840.0,900.0
line,614路(单村--万柳中路北口),13,900.0,11,bus_tapin_clusters,960.0,900.0
line,849路(永定门汽车站--固安公交场站),6,720.0,7,bus_tapin_clusters,840.0,720.0
line,849路(永定门汽车站--固安公交场站),7,570.0,6,bus_tapin_clusters,570.0,1200.0
line,849路(永定门汽车站--固安公交场站),8,514.2857142857143,11,bus_tapin_clusters,600.0,514.2857142857143
line,849路(永定门汽车站--固安公交场站),9,300.0,5,bus_tapin_clusters,300.0,1200.0
line,849路(永定门汽车站--固安公交场站),10,900.0,8,bus_tapin_clusters,1050.0,900.0
line,849路(永定门汽车站--固安公交场站),11,900.0,5,bus_tapin_clusters,1080.0,900.0
line,849路(永定门汽车站--固安公交场站),13,1200.0,5,bus_tapin_clusters,1860.0,1200.0
line,849路(永定门汽车站--固安公交场站),14,480.0,7,bus_tapin_clusters,480.0,600.0
line,849路(永定门汽车站--固安公交场站),16,1800.0,2,bus_tapin_clusters,1860.0,1800.0
line,849路(永定门汽车站--固安公交场站),17,720.0,7,bus_tapin_clusters,1500.0,720.0
line,849路(永定门汽车站--固安公交场站),19,1200.0,3,bus_tapin_clusters,1560.0,1200.0
line,849路(永定门汽车站--固安公交场站),20,1800.0,2,bus_tapin_clusters,1830.0,1800.0
line,339路(王佐--北京西站),6,600.0,6,bus_tapin_clusters,660.0,600.0
line,339路(王佐--北京西站),7,840.0,3,bus_tapin_clusters,840.0,1200.0
line,339路(王佐--北京西站),8,900.0,4,bus_tapin_clusters,990.0,900.0
line,339路(王佐--北京西站),9,480.0,3,bus_tapin_clusters,480.0,1200.0
line,339路(王佐--北京西站),10,720.0,5,bus_tapin_clusters,900.0,720.0
line,339路(王佐--北京西站),12,1140.0,3,bus_tapin_clusters,1140.0,1200.0
line,339路(王佐--北京西站),13,885.0,4,bus_tapin_clusters,885.0,900.0
line,339路(王佐--北京西站),15,1200.0,3,bus_tapin_clusters,1200.0,1200.0
line,939路(三元桥东站--李县坟),6,1200.0,3,bus_tapin_clusters,1560.0,1200.0
line,939路(三元桥东站--李县坟),7,1380.0,2,bus_tapin_clusters,1380.0,1800.0
line,939路(三元桥东站--李县坟),8,720.0,6,bus_tapin_clusters,720.0,900.0
line,939路(三元桥东站--李县坟),9,525.0,8,bus_tapin_clusters,525.0,720.0
line,939路(三元桥东站--李县坟),10,1080.0,3,bus_tapin_clusters,1080.0,1200.0
line,939路(三元桥东站--李县坟),11,210.0,3,bus_tapin_clusters,210.0,900.0
line,939路(三元桥东站--李县坟),13,1755.0,2,bus_tapin_clusters,1755.0,1800.0
line,939路(三元桥东站--李县坟),14,1605.0,2,bus_tapin_clusters,1605.0,1800.0
line,939路(三元桥东站--李县坟),15,1800.0,2,bus_tapin_clusters,1860.0,1800.0
line,939路(三元桥东站--李县坟),16,900.0,7,bus_tapin_clusters,1200.0,900.0
line,939路(三元桥东站--李县坟),17,1200.0,3,bus_tapin_clusters,1680.0,1200.0
line,939路(三元桥东站--李县坟),18,780.0,6,bus_tapin_clusters,780.0,900.0
line,939路(三元桥东站--李县坟),19,600.0,8,bus_tapin_clusters,690.0,600.0
line,939路(三元桥东站--李县坟),20,1200.0,5,bus_tapin_clusters,1680.0,1200.0
line,939路(三元桥东站--李县坟),21,1020.0,3,bus_tapin_clusters,1020.0,1200.0
line,935路(东直门外--顺义半壁店),7,720.0,5,bus_tapin_clusters,840.0,720.0
line,935路(东直门外--顺义半壁店),9,1020.0,3,bus_tapin_clusters,1020.0,1200.0
line,935路(东直门外--顺义半壁店),10,810.0,4,bus_tapin_clusters,810.0,900.0
line,935路(东直门外--顺义半壁店),11,1800.0,2,bus_tapin_clusters,2250.0,1800.0
line,935路(东直门外--顺义半壁店),16,1620.0,2,bus_tapin_clusters,1620.0,1800.0
line,935路(东直门外--顺义半壁店),17,1200.0,3,bus_tapin_clusters,1890.0,1200.0
line,935路(东直门外--顺义半壁店),19,1200.0,3,bus_tapin_clusters,1560.0,1200.0
line,935路(东直门外--顺义半壁店),21,1800.0,2,bus_tapin_clusters,2010.0,1800.0
line,554路(郭庄子公交场站--六里桥北),8,660.0,7,bus_tapin_clusters,660.0,900.0
line,554路(郭庄子公交场站--六里桥北),9,240.0,11,bus_tapin_clusters,240.0,600.0
line,554路(郭庄子公交场站--六里桥北),17,1200.0,4,bus_tapin_clusters,2070.0,1200.0
line,554路(郭庄子公交场站--六里桥北),7,1260.0,2,bus_tapin_clusters,1260.0,1800.0
line,554路(郭庄子公交场站--六里桥北),14,1200.0,2,bus_tapin_clusters,1200.0,1800.0
line,554路(郭庄子公交场站--六里桥北),12,510.0,2,bus_tapin_clusters,510.0,1200.0
line,554路(郭庄子公交场站--六里桥北),13,240.0,5,bus_tapin_clusters,240.0,600.0
line,366路(黄村火车站--宋家庄枢纽站),6,1800.0,2,bus_tapin_clusters,1860.0,1800.0
line,366路(黄村火车站--宋家庄枢纽站),7,600.0,5,bus_tapin_clusters,600.0,720.0
line,366路(黄村火车站--宋家庄枢纽站),8,480.0,11,bus_tapin_clusters,480.0,600.0
line,366路(黄村火车站--宋家庄枢纽站),9,720.0,8,bus_tapin_clusters,1215.0,720.0
line,366路(黄村火车站--宋家庄枢纽站),11,900.0,7,bus_tapin_clusters,1020.0,900.0
line,366路(黄村火车站--宋家庄枢纽站),13,1800.0,2,bus_tapin_clusters,1860.0,1800.0
line,366路(黄村火车站--宋家庄枢纽站),14,720.0,3,bus_tapin_clusters,720.0,1200.0
line,366路(黄村火车站--宋家庄枢纽站),15,720.0,5,bus_tapin_clusters,720.0,1200.0
line,366路(黄村火车站--宋家庄枢纽站),16,900.0,6,bus_tapin_clusters,1200.0,900.0
line,366路(黄村火车站--宋家庄枢纽站),17,1200.0,5,bus_tapin_clusters,2220.0,1200.0
line,658路(定慧桥南--嘉铭园公交场站),6,514.2857142857143,25,bus_tapin_clusters,540.0,514.2857142857143
line,658路(定慧桥南--嘉铭园公交场站),7,420.0,42,bus_tapin_clusters,420.0,450.0
line,658路(定慧桥南--嘉铭园公交场站),8,514.2857142857143,28,bus_tapin_clusters,810.0,514.2857142857143
line,658路(定慧桥南--嘉铭园公交场站),9,600.0,30,bus_tapin_clusters,600.0,600.0
line,658路(定慧桥南--嘉铭园公交场站),10,600.0,29,bus_tapin_clusters,660.0,600.0
line,658路(定慧桥南--嘉铭园公交场站),11,720.0,23,bus_tapin_clusters,1140.0,720.0
line,658路(定慧桥南--嘉铭园公交场站),12,600.0,24,bus_tapin_clusters,720.0,600.0
line,658路(定慧桥南--嘉铭园公交场站),13,600.0,28,bus_tapin_clusters,870.0,600.0
line,658路(定慧桥南--嘉铭园公交场站),14,720.0,18,bus_tapin_clusters,720.0,720.0
line,658路(定慧桥南--嘉铭园公交场站),15,720.0,20,bus_tapin_clusters,1020.0,720.0
line,658路(定慧桥南--嘉铭园公交场站),16,600.0,26,bus_tapin_clusters,720.0,600.0
line,658路(定慧桥南--嘉铭园公交场站),17,420.0,31,bus_tapin_clusters,420.0,514.2857142857143
line,658路(定慧桥南--嘉铭园公交场站),18,450.0,35,bus_tapin_clusters,600.0,450.0
line,658路(定慧桥南--嘉铭园公交场站),19,600.0,23,bus_tapin_clusters,900.0,600.0
line,658路(定慧桥南--嘉铭园公交场站),20,720.0,22,bus_tapin_clusters,855.0,720.0
line,658路(定慧桥南--嘉铭园公交场站),21,600.0,17,bus_tapin_clusters,840.0,600.0
line,658路(定慧桥南--嘉铭园公交场站),22,1650.0,2,bus_tapin_clusters,1650.0,1800.0
line,345路(德胜门西--昌平北站),6,1740.0,2,bus_tapin_clusters,1740.0,1800.0
line,345路(德胜门西--昌平北站),7,720.0,9,bus_tapin_clusters,900.0,720.0
line,345路(德胜门西--昌平北站),8,600.0,9,bus_tapin_clusters,600.0,720.0
line,345路(德胜门西--昌平北站),9,400.0,12,bus_tapin_clusters,420.0,400.0
line,345路(德胜门西--昌平北站),10,327.27272727272725,18,bus_tapin_clusters,480.0,327.27272727272725
line,345路(德胜门西--昌平北站),11,180.0,5,bus_tapin_clusters,180.0,720.0
line,345路(德胜门西--昌平北站),12,600.0,10,bus_tapin_clusters,630.0,600.0
line,345路(德胜门西--昌平北站),13,600.0,11,bus_tapin_clusters,660.0,600.0
line,345路(德胜门西--昌平北站),14,660.0,11,bus_tapin_clusters,660.0,900.0
line,345路(德胜门西--昌平北站),15,720.0,11,bus_tapin_clusters,1200.0,720.0
line,345路(德胜门西--昌平北站),16,600.0,10,bus_tapin_clusters,600.0,600.0
line,345路(德胜门西--昌平北站),17,300.0,21,bus_tapin_clusters,300.0,300.0
line,345路(德胜门西--昌平北站),18,450.0,11,bus_tapin_clusters,540.0,450.0
line,345路(德胜门西--昌平北站),19,870.0,4,bus_tapin_clusters,870.0,900.0
line,345路(德胜门西--昌平北站),20,600.0,11,bus_tapin_clusters,900.0,600.0
line,345路(德胜门西--昌平北站),21,570.0,9,bus_tapin_clusters,570.0,600.0
line,652路(开发区交通服务中心--北京南站南广场),6,990.0,8,bus_tapin_clusters,990.0,1200.0
line,652路(开发区交通服务中心--北京南站南广场),7,900.0,10,bus_tapin_clusters,1080.0,900.0
line,652路(开发区交通服务中心--北京南站南广场),8,1200.0,6,bus_tapin_clusters,1605.0,1200.0
line,652路(开发区交通服务中心--北京南站南广场),16,900.0,4,bus_tapin_clusters,1140.0,900.0
line,652路(开发区交通服务中心--北京南站南广场),17,900.0,6,bus_tapin_clusters,900.0,1200.0
line,652路(开发区交通服务中心--北京南站南广场),18,1140.0,5,bus_tapin_clusters,1140.0,1200.0
line,652路(开发区交通服务中心--北京南站南广场),19,1200.0,2,bus_tapin_clusters,1200.0,1200.0
line,579路(西苑--杏坛路南口),7,514.2857142857143,36,bus_tapin_clusters,600.0,514.2857142857143
line,579路(西苑--杏坛路南口),8,600.0,26,bus_tapin_clusters,780.0,600.0
line,579路(西苑--杏坛路南口),9,514.2857142857143,26,bus_tapin_clusters,720.0,514.2857142857143
line,579路(西苑--杏坛路南口),10,900.0,20,bus_tapin_clusters,1140.0,900.0
line,579路(西苑--杏坛路南口),11,720.0,18,bus_tapin_clusters,810.0,720.0
line,579路(西苑--杏坛路南口),12,810.0,20,bus_tapin_clusters,810.0,900.0
line,579路(西苑--杏坛路南口),13,1200.0,12,bus_tapin_clusters,1860.0,1200.0
line,579路(西苑--杏坛路南口),14,420.0,27,bus_tapin_clusters,420.0,514.2857142857143
line,579路(西苑--杏坛路南口),15,1020.0,14,bus_tapin_clusters,1020.0,1200.0
line,579路(西苑--杏坛路南口),16,514.2857142857143,29,bus_tapin_clusters,600.0,514.2857142857143
line,579路(西苑--杏坛路南口),17,690.0,24,bus_tapin_clusters,690.0,720.0
line,579路(西苑--杏坛路南口),18,600.0,27,bus_tapin_clusters,1080.0,600.0
line,579路(西苑--杏坛路南口),19,900.0,21,bus_tapin_clusters,960.0,900.0
line,579路(西苑--杏坛路南口),20,600.0,18,bus_tapin_clusters,1050.0,600.0
line,579路(西苑--杏坛路南口),21,1230.0,2,bus_tapin_clusters,1230.0,1800.0
line,579路(西苑--杏坛路南口),22,570.0,2,bus_tapin_clusters,570.0,1200.0
line,579路(西苑--杏坛路南口),6,870.0,14,bus_tapin_clusters,870.0,900.0
line,615路(刘庄北站--神路街),6,1590.0,6,bus_tapin_clusters,1590.0,1800.0
line,615路(刘庄北站--神路街),7,480.0,2,bus_tapin_clusters,480.0,1800.0
line,615路(刘庄北站--神路街),8,480.0,16,bus_tapin_clusters,480.0,600.0
line,615路(刘庄北站--神路街),9,450.0,18,bus_tapin_clusters,825.0,450.0
line,615路(刘庄北站--神路街),10,1140.0,7,bus_tapin_clusters,1140.0,1200.0
line,615路(刘庄北站--神路街),11,900.0,10,bus_tapin_clusters,1500.0,900.0
line,615路(刘庄北站--神路街),12,1020.0,5,bus_tapin_clusters,1020.0,1200.0
line,615路(刘庄北站--神路街),13,600.0,11,bus_tapin_clusters,930.0,600.0
line,615路(刘庄北站--神路街),14,690.0,10,bus_tapin_clusters,690.0,900.0
line,615路(刘庄北站--神路街),15,600.0,9,bus_tapin_clusters,600.0,720.0
line,615路(刘庄北站--神路街),16,570.0,3,bus_tapin_clusters,570.0,1200.0
line,615路(刘庄北站--神路街),17,300.0,10,bus_tapin_clusters,300.0,900.0
line,615路(刘庄北站--神路街),18,1800.0,2,bus_tapin_clusters,1830.0,1800.0
line,75路(和平东桥--康家沟),6,480.0,32,bus_tapin_clusters,480.0,514.2857142857143
line,75路(和平东桥--康家沟),7,360.0,46,bus_tapin_clusters,420.0,360.0
line,75路(和平东桥--康家沟),8,400.0,41,bus_tapin_clusters,480.0,400.0
line,75路(和平东桥--康家沟),9,514.2857142857143,34,bus_tapin_clusters,600.0,514.2857142857143
line,75路(和平东桥--康家沟),10,600.0,26,bus_tapin_clusters,600.0,600.0
line,75路(和平东桥--康家沟),11,660.0,28,bus_tapin_clusters,660.0,720.0
line,75路(和平东桥--康家沟),12,660.0,26,bus_tapin_clusters,660.0,720.0
line,75路(和平东桥--康家沟),13,450.0,32,bus_tapin_clusters,525.0,450.0
line,75路(和平东桥--康家沟),14,514.2857142857143,32,bus_tapin_clusters,630.0,514.2857142857143
line,75路(和平东桥--康家沟),15,600.0,32,bus_tapin_clusters,660.0,600.0
line,75路(和平东桥--康家沟),16,360.0,39,bus_tapin_clusters,480.0,360.0
line,75路(和平东桥--康家沟),17,400.0,45,bus_tapin_clusters,420.0,400.0
line,75路(和平东桥--康家沟),18,514.2857142857143,35,bus_tapin_clusters,660.0,514.2857142857143
line,75路(和平东桥--康家沟),19,720.0,29,bus_tapin_clusters,780.0,720.0
line,75路(和平东桥--康家沟),20,720.0,24,bus_tapin_clusters,780.0,720.0
line,75路(和平东桥--康家沟),21,900.0,14,bus_tapin_clusters,1230.0,900.0
line,75路(和平东桥--康家沟),22,600.0,19,bus_tapin_clusters,870.0,600.0
line,331路(西苑北站--新街口豁口),6,720.0,18,bus_tapin_clusters,960.0,720.0
line,331路(西苑北站--新街口豁口),7,720.0,11,bus_tapin_clusters,720.0,900.0
line,331路(西苑北站--新街口豁口),8,720.0,19,bus_tapin_clusters,1080.0,720.0
line,331路(西苑北站--新街口豁口),9,540.0,19,bus_tapin_clusters,540.0,600.0
line,331路(西苑北站--新街口豁口),10,900.0,21,bus_tapin_clusters,1020.0,900.0
line,331路(西苑北站--新街口豁口),11,360.0,24,bus_tapin_clusters,570.0,360.0
line,331路(西苑北站--新街口豁口),12,720.0,23,bus_tapin_clusters,1020.0,720.0
line,331路(西苑北站--新街口豁口),13,900.0,12,bus_tapin_clusters,1380.0,900.0
line,331路(西苑北站--新街口豁口),14,900.0,14,bus_tapin_clusters,1530.0,900.0
line,331路(西苑北站--新街口豁口),15,600.0,22,bus_tapin_clusters,960.0,600.0
line,331路(西苑北站--新街口豁口),16,300.0,28,bus_tapin_clusters,420.0,300.0
line,331路(西苑北站--新街口豁口),17,600.0,22,bus_tapin_clusters,960.0,600.0
line,331路(西苑北站--新街口豁口),18,600.0,11,bus_tapin_clusters,660.0,600.0
line,331路(西苑北站--新街口豁口),20,840.0,14,bus_tapin_clusters,840.0,900.0
line,331路(西苑北站--新街口豁口),21,660.0,4,bus_tapin_clusters,660.0,1200.0
line,331路(西苑北站--新街口豁口),19,1470.0,2,bus_tapin_clusters,1470.0,1800.0
line,413路(北京朝阳站--东直门),6,720.0,21,bus_tapin_clusters,720.0,720.0
line,413路(北京朝阳站--东直门),7,327.27272727272725,45,bus_tapin_clusters,420.0,327.27272727272725
line,413路(北京朝阳站--东直门),8,327.27272727272725,58,bus_tapin_clusters,360.0,327.27272727272725
line,413路(北京朝阳站--东直门),9,360.0,23,bus_tapin_clusters,360.0,514.2857142857143
line,413路(北京朝阳站--东直门),16,600.0,23,bus_tapin_clusters,600.0,600.0
line,413路(北京朝阳站--东直门),17,514.2857142857143,32,bus_tapin_clusters,630.0,514.2857142857143
line,413路(北京朝阳站--东直门),18,555.0,24,bus_tapin_clusters,555.0,600.0
line,413路(北京朝阳站--东直门),19,720.0,8,bus_tapin_clusters,780.0,720.0
line,445路(南十里居--宏泰东街),7,720.0,9,bus_tapin_clusters,1020.0,720.0
line,445路(南十里居--宏泰东街),8,900.0,10,bus_tapin_clusters,1035.0,900.0
line,445路(南十里居--宏泰东街),9,1185.0,6,bus_tapin_clusters,1185.0,1200.0
line,445路(南十里居--宏泰东街),10,1620.0,4,bus_tapin_clusters,1620.0,1800.0
line,445路(南十里居--宏泰东街),11,900.0,7,bus_tapin_clusters,2100.0,900.0
line,445路(南十里居--宏泰东街),14,1200.0,6,bus_tapin_clusters,2280.0,1200.0
line,445路(南十里居--宏泰东街),15,960.0,3,bus_tapin_clusters,960.0,1200.0
line,445路(南十里居--宏泰东街),16,1200.0,5,bus_tapin_clusters,1440.0,1200.0
line,445路(南十里居--宏泰东街),17,1200.0,5,bus_tapin_clusters,1320.0,1200.0
line,445路(南十里居--宏泰东街),18,1590.0,2,bus_tapin_clusters,1590.0,1800.0
line,445路(南十里居--宏泰东街),19,660.0,3,bus_tapin_clusters,660.0,900.0
line,445路(南十里居--宏泰东街),13,960.0,3,bus_tapin_clusters,960.0,1200.0
line,专165路(双花园西里--八王坟南),6,660.0,5,bus_tapin_clusters,660.0,720.0
line,专165路(双花园西里--八王坟南),7,600.0,5,bus_tapin_clusters,600.0,720.0
line,专165路(双花园西里--八王坟南),8,780.0,4,bus_tapin_clusters,780.0,900.0
line,专165路(双花园西里--八王坟南),16,600.0,3,bus_tapin_clusters,600.0,1200.0
line,专165路(双花园西里--八王坟南),17,720.0,3,bus_tapin_clusters,720.0,1200.0
line,专165路(双花园西里--八王坟南),18,900.0,3,bus_tapin_clusters,900.0,1200.0
line,496路(四惠枢纽站--康静里南),6,1200.0,5,bus_tapin_clusters,1200.0,1200.0
line,496路(四惠枢纽站--康静里南),8,480.0,10,bus_tapin_clusters,480.0,600.0
line,496路(四惠枢纽站--康静里南),9,1200.0,5,bus_tapin_clusters,1200.0,1200.0
line,496路(四惠枢纽站--康静里南),11,360.0,6,bus_tapin_clusters,360.0,600.0
line,496路(四惠枢纽站--康静里南),12,720.0,4,bus_tapin_clusters,720.0,900.0
line,496路(四惠枢纽站--康静里南),14,930.0,2,bus_tapin_clusters,930.0,1800.0
line,496路(四惠枢纽站--康静里南),16,1020.0,3,bus_tapin_clusters,1020.0,1200.0
line,496路(四惠枢纽站--康静里南),18,1680.0,3,bus_tapin_clusters,1680.0,1800.0
line,496路(四惠枢纽站--康静里南),10,600.0,3,bus_tapin_clusters,600.0,900.0
line,641路(金盏村--和平西桥),6,514.2857142857143,18,bus_tapin_clusters,660.0,514.2857142857143
line,641路(金盏村--和平西桥),7,514.2857142857143,32,bus_tapin_clusters,630.0,514.2857142857143
line,641路(金盏村--和平西桥),8,540.0,34,bus_tapin_clusters,540.0,600.0
line,641路(金盏村--和平西桥),9,600.0,28,bus_tapin_clusters,660.0,600.0
line,641路(金盏村--和平西桥),10,720.0,15,bus_tapin_clusters,840.0,720.0
line,641路(金盏村--和平西桥),11,720.0,19,bus_tapin_clusters,780.0,720.0
line,641路(金盏村--和平西桥),12,600.0,27,bus_tapin_clusters,600.0,600.0
line,641路(金盏村--和平西桥),13,900.0,15,bus_tapin_clusters,1140.0,900.0
line,641路(金盏村--和平西桥),14,720.0,19,bus_tapin_clusters,1080.0,720.0
line,641路(金盏村--和平西桥),15,600.0,23,bus_tapin_clusters,660.0,600.0
line,641路(金盏村--和平西桥),16,810.0,18,bus_tapin_clusters,810.0,900.0
line,641路(金盏村--和平西桥),17,400.0,36,bus_tapin_clusters,480.0,400.0
line,641路(金盏村--和平西桥),18,450.0,29,bus_tapin_clusters,540.0,450.0
line,641路(金盏村--和平西桥),19,600.0,22,bus_tapin_clusters,735.0,600.0
line,641路(金盏村--和平西桥),20,600.0,19,bus_tapin_clusters,1020.0,600.0
line,641路(金盏村--和平西桥),21,720.0,12,bus_tapin_clusters,900.0,720.0
line,480路(明春苑--丽泽桥),7,1110.0,6,bus_tapin_clusters,1110.0,1200.0
line,480路(明春苑--丽泽桥),8,450.0,4,bus_tapin_clusters,450.0,900.0
line,480路(明春苑--丽泽桥),10,1140.0,2,bus_tapin_clusters,1140.0,1200.0
line,480路(明春苑--丽泽桥),12,1200.0,4,bus_tapin_clusters,1200.0,1200.0
line,480路(明春苑--丽泽桥),13,1200.0,2,bus_tapin_clusters,1410.0,1200.0
line,480路(明春苑--丽泽桥),16,240.0,11,bus_tapin_clusters,240.0,900.0
line,480路(明春苑--丽泽桥),17,1200.0,4,bus_tapin_clusters,1200.0,1200.0
line,480路(明春苑--丽泽桥),6,1800.0,2,bus_tapin_clusters,1800.0,1800.0
line,480路(明春苑--丽泽桥),9,1800.0,3,bus_tapin_clusters,1920.0,1800.0
line,632路(五路--学府树公交场站),6,300.0,53,bus_tapin_clusters,300.0,300.0
line,632路(五路--学府树公交场站),7,257.14285714285717,72,bus_tapin_clusters,285.0,257.14285714285717
line,632路(五路--学府树公交场站),8,276.9230769230769,65,bus_tapin_clusters,300.0,276.9230769230769
line,632路(五路--学府树公交场站),9,240.0,68,bus_tapin_clusters,300.0,240.0
line,632路(五路--学府树公交场站),10,276.9230769230769,51,bus_tapin_clusters,420.0,276.9230769230769
line,632路(五路--学府树公交场站),11,327.27272727272725,39,bus_tapin_clusters,480.0,327.27272727272725
line,632路(五路--学府树公交场站),12,400.0,39,bus_tapin_clusters,570.0,400.0
line,632路(五路--学府树公交场站),13,327.27272727272725,50,bus_tapin_clusters,480.0,327.27272727272725
line,632路(五路--学府树公交场站),14,327.27272727272725,43,bus_tapin_clusters,480.0,327.27272727272725
line,632路(五路--学府树公交场站),15,360.0,43,bus_tapin_clusters,450.0,360.0
line,632路(五路--学府树公交场站),16,300.0,58,bus_tapin_clusters,330.0,300.0
line,632路(五路--学府树公交场站),17,211.76470588235293,69,bus_tapin_clusters,300.0,211.76470588235293
line,632路(五路--学府树公交场站),18,257.14285714285717,64,bus_tapin_clusters,300.0,257.14285714285717
line,632路(五路--学府树公交场站),19,276.9230769230769,48,bus_tapin_clusters,450.0,276.9230769230769
line,632路(五路--学府树公交场站),20,450.0,33,bus_tapin_clusters,660.0,450.0
line,632路(五路--学府树公交场站),21,450.0,23,bus_tapin_clusters,660.0,450.0
line,632路(五路--学府树公交场站),22,510.0,4,bus_tapin_clusters,510.0,1200.0
line,620路(天通北苑--新街口豁口),7,720.0,11,bus_tapin_clusters,780.0,720.0
line,620路(天通北苑--新街口豁口),8,900.0,11,bus_tapin_clusters,1140.0,900.0
line,620路(天通北苑--新街口豁口),9,720.0,12,bus_tapin_clusters,870.0,720.0
line,620路(天通北苑--新街口豁口),11,900.0,3,bus_tapin_clusters,900.0,1200.0
line,620路(天通北苑--新街口豁口),12,1200.0,6,bus_tapin_clusters,2070.0,1200.0
line,620路(天通北苑--新街口豁口),13,1650.0,2,bus_tapin_clusters,1650.0,1800.0
line,620路(天通北苑--新街口豁口),14,1200.0,3,bus_tapin_clusters,1440.0,1200.0
line,620路(天通北苑--新街口豁口),15,900.0,8,bus_tapin_clusters,960.0,900.0
line,620路(天通北苑--新街口豁口),16,900.0,10,bus_tapin_clusters,1200.0,900.0
line,620路(天通北苑--新街口豁口),17,900.0,10,bus_tapin_clusters,1110.0,900.0
line,620路(天通北苑--新街口豁口),18,1020.0,7,bus_tapin_clusters,1020.0,1200.0
line,620路(天通北苑--新街口豁口),19,960.0,7,bus_tapin_clusters,960.0,1200.0
line,620路(天通北苑--新街口豁口),21,1170.0,4,bus_tapin_clusters,1170.0,1200.0
line,620路(天通北苑--新街口豁口),6,1200.0,5,bus_tapin_clusters,1560.0,1200.0
line,620路(天通北苑--新街口豁口),10,1200.0,4,bus_tapin_clusters,1980.0,1200.0
line,957路(方庄南口--大兴一职),6,720.0,15,bus_tapin_clusters,780.0,720.0
line,957路(方庄南口--大兴一职),7,1200.0,12,bus_tapin_clusters,1440.0,1200.0
line,957路(方庄南口--大兴一职),8,600.0,26,bus_tapin_clusters,840.0,600.0
line,957路(方庄南口--大兴一职),9,450.0,32,bus_tapin_clusters,540.0,450.0
line,957路(方庄南口--大兴一职),10,514.2857142857143,25,bus_tapin_clusters,780.0,514.2857142857143
line,957路(方庄南口--大兴一职),11,514.2857142857143,31,bus_tapin_clusters,660.0,514.2857142857143
line,957路(方庄南口--大兴一职),12,600.0,27,bus_tapin_clusters,780.0,600.0
line,957路(方庄南口--大兴一职),13,600.0,27,bus_tapin_clusters,600.0,600.0
line,957路(方庄南口--大兴一职),14,600.0,21,bus_tapin_clusters,840.0,600.0
line,957路(方庄南口--大兴一职),15,514.2857142857143,23,bus_tapin_clusters,780.0,514.2857142857143
line,957路(方庄南口--大兴一职),16,600.0,24,bus_tapin_clusters,840.0,600.0
line,957路(方庄南口--大兴一职),17,900.0,13,bus_tapin_clusters,1080.0,900.0
line,957路(方庄南口--大兴一职),18,514.2857142857143,19,bus_tapin_clusters,960.0,514.2857142857143
line,957路(方庄南口--大兴一职),19,450.0,30,bus_tapin_clusters,495.0,450.0
line,957路(方庄南口--大兴一职),20,720.0,23,bus_tapin_clusters,780.0,720.0
line,957路(方庄南口--大兴一职),21,720.0,3,bus_tapin_clusters,720.0,900.0
line,631路(菜户营桥西--黄村火车站),6,1200.0,6,bus_tapin_clusters,1290.0,1200.0
line,631路(菜户营桥西--黄村火车站),7,900.0,6,bus_tapin_clusters,1110.0,900.0
line,631路(菜户营桥西--黄村火车站),8,900.0,6,bus_tapin_clusters,1125.0,900.0
line,631路(菜户营桥西--黄村火车站),11,1500.0,3,bus_tapin_clusters,1500.0,1800.0
line,631路(菜户营桥西--黄村火车站),12,1800.0,2,bus_tapin_clusters,2310.0,1800.0
line,631路(菜户营桥西--黄村火车站),13,1560.0,2,bus_tapin_clusters,1560.0,1800.0
line,631路(菜户营桥西--黄村火车站),15,1380.0,2,bus_tapin_clusters,1380.0,1800.0
line,631路(菜户营桥西--黄村火车站),18,1080.0,3,bus_tapin_clusters,1080.0,1200.0
line,631路(菜户营桥西--黄村火车站),19,1800.0,2,bus_tapin_clusters,2280.0,1800.0
line,631路(菜户营桥西--黄村火车站),9,750.0,4,bus_tapin_clusters,750.0,900.0
line,631路(菜户营桥西--黄村火车站),14,1710.0,2,bus_tapin_clusters,1710.0,1800.0
line,631路(菜户营桥西--黄村火车站),17,660.0,3,bus_tapin_clusters,660.0,1200.0
line,33路(远大路东口--公主坟西),7,1200.0,8,bus_tapin_clusters,1530.0,1200.0
line,33路(远大路东口--公主坟西),8,300.0,15,bus_tapin_clusters,300.0,600.0
line,33路(远大路东口--公主坟西),9,300.0,4,bus_tapin_clusters,300.0,900.0
line,33路(远大路东口--公主坟西),10,300.0,9,bus_tapin_clusters,300.0,450.0
line,33路(远大路东口--公主坟西),11,270.0,6,bus_tapin_clusters,270.0,1200.0
line,33路(远大路东口--公主坟西),15,480.0,5,bus_tapin_clusters,480.0,900.0
line,33路(远大路东口--公主坟西),16,150.0,2,bus_tapin_clusters,150.0,1200.0
line,33路(远大路东口--公主坟西),17,240.0,6,bus_tapin_clusters,240.0,514.2857142857143
line,33路(远大路东口--公主坟西),19,150.0,2,bus_tapin_clusters,150.0,1200.0
line,33路(远大路东口--公主坟西),21,180.0,2,bus_tapin_clusters,180.0,1200.0
line,33路(远大路东口--公主坟西),18,480.0,3,bus_tapin_clusters,480.0,900.0
line,381路(永定门汽车站--西红门公交场站),7,720.0,18,bus_tapin_clusters,960.0,720.0
line,381路(永定门汽车站--西红门公交场站),8,450.0,33,bus_tapin_clusters,540.0,450.0
line,381路(永定门汽车站--西红门公交场站),9,300.0,29,bus_tapin_clusters,420.0,300.0
line,381路(永定门汽车站--西红门公交场站),10,600.0,30,bus_tapin_clusters,780.0,600.0
line,381路(永定门汽车站--西红门公交场站),11,600.0,26,bus_tapin_clusters,960.0,600.0
line,381路(永定门汽车站--西红门公交场站),14,900.0,19,bus_tapin_clusters,1140.0,900.0
line,381路(永定门汽车站--西红门公交场站),15,720.0,19,bus_tapin_clusters,1080.0,720.0
line,381路(永定门汽车站--西红门公交场站),16,600.0,18,bus_tapin_clusters,810.0,600.0
line,381路(永定门汽车站--西红门公交场站),17,720.0,23,bus_tapin_clusters,840.0,720.0
line,381路(永定门汽车站--西红门公交场站),18,514.2857142857143,28,bus_tapin_clusters,780.0,514.2857142857143
line,381路(永定门汽车站--西红门公交场站),19,990.0,14,bus_tapin_clusters,990.0,1200.0
line,381路(永定门汽车站--西红门公交场站),20,900.0,15,bus_tapin_clusters,1560.0,900.0
line,381路(永定门汽车站--西红门公交场站),6,900.0,12,bus_tapin_clusters,1320.0,900.0
line,381路(永定门汽车站--西红门公交场站),13,1200.0,10,bus_tapin_clusters,1230.0,1200.0
line,381路(永定门汽车站--西红门公交场站),21,1290.0,2,bus_tapin_clusters,1290.0,1800.0
line,381路(永定门汽车站--西红门公交场站),22,1800.0,2,bus_tapin_clusters,2040.0,1800.0
line,381路(永定门汽车站--西红门公交场站),12,1800.0,4,bus_tapin_clusters,1950.0,1800.0
line,133路(北京南站--晓月苑小区),6,720.0,22,bus_tapin_clusters,810.0,720.0
line,133路(北京南站--晓月苑小区),7,600.0,22,bus_tapin_clusters,810.0,600.0
line,133路(北京南站--晓月苑小区),8,327.27272727272725,36,bus_tapin_clusters,435.0,327.27272727272725
line,133路(北京南站--晓月苑小区),9,240.0,63,bus_tapin_clusters,300.0,240.0
line,133路(北京南站--晓月苑小区),10,450.0,33,bus_tapin_clusters,600.0,450.0
line,133路(北京南站--晓月苑小区),11,400.0,32,bus_tapin_clusters,615.0,400.0
line,133路(北京南站--晓月苑小区),12,300.0,37,bus_tapin_clusters,480.0,300.0
line,133路(北京南站--晓月苑小区),13,400.0,37,bus_tapin_clusters,540.0,400.0
line,133路(北京南站--晓月苑小区),14,400.0,31,bus_tapin_clusters,600.0,400.0
line,133路(北京南站--晓月苑小区),15,360.0,37,bus_tapin_clusters,510.0,360.0
line,133路(北京南站--晓月苑小区),16,400.0,41,bus_tapin_clusters,540.0,400.0
line,133路(北京南站--晓月苑小区),17,270.0,54,bus_tapin_clusters,270.0,300.0
line,133路(北京南站--晓月苑小区),18,327.27272727272725,49,bus_tapin_clusters,360.0,327.27272727272725
line,133路(北京南站--晓月苑小区),19,600.0,27,bus_tapin_clusters,660.0,600.0
line,133路(北京南站--晓月苑小区),20,514.2857142857143,20,bus_tapin_clusters,660.0,514.2857142857143
line,133路(北京南站--晓月苑小区),21,720.0,20,bus_tapin_clusters,840.0,720.0
line,139路(东大桥公交场站--宋家庄枢纽站),6,1200.0,14,bus_tapin_clusters,1200.0,1200.0
line,139路(东大桥公交场站--宋家庄枢纽站),7,810.0,16,bus_tapin_clusters,810.0,900.0
line,139路(东大桥公交场站--宋家庄枢纽站),8,600.0,28,bus_tapin_clusters,645.0,600.0
line,139路(东大桥公交场站--宋家庄枢纽站),9,720.0,23,bus_tapin_clusters,780.0,720.0
line,139路(东大桥公交场站--宋家庄枢纽站),10,514.2857142857143,31,bus_tapin_clusters,600.0,514.2857142857143
line,139路(东大桥公交场站--宋家庄枢纽站),11,600.0,30,bus_tapin_clusters,780.0,600.0
line,139路(东大桥公交场站--宋家庄枢纽站),12,450.0,23,bus_tapin_clusters,600.0,450.0
line,139路(东大桥公交场站--宋家庄枢纽站),13,514.2857142857143,32,bus_tapin_clusters,675.0,514.2857142857143
line,139路(东大桥公交场站--宋家庄枢纽站),14,630.0,18,bus_tapin_clusters,630.0,720.0
line,139路(东大桥公交场站--宋家庄枢纽站),15,600.0,20,bus_tapin_clusters,1110.0,600.0
line,139路(东大桥公交场站--宋家庄枢纽站),16,720.0,22,bus_tapin_clusters,1020.0,720.0
line,139路(东大桥公交场站--宋家庄枢纽站),17,514.2857142857143,34,bus_tapin_clusters,540.0,514.2857142857143
line,139路(东大桥公交场站--宋家庄枢纽站),18,514.2857142857143,23,bus_tapin_clusters,630.0,514.2857142857143
line,139路(东大桥公交场站--宋家庄枢纽站),19,514.2857142857143,26,bus_tapin_clusters,720.0,514.2857142857143
line,139路(东大桥公交场站--宋家庄枢纽站),20,900.0,22,bus_tapin_clusters,1080.0,900.0
line,139路(东大桥公交场站--宋家庄枢纽站),21,900.0,17,bus_tapin_clusters,1080.0,900.0
line,139路(东大桥公交场站--宋家庄枢纽站),22,705.0,8,bus_tapin_clusters,705.0,720.0
line,657路(郎辛庄--东湖),6,630.0,18,bus_tapin_clusters,630.0,720.0
line,657路(郎辛庄--东湖),7,390.0,30,bus_tapin_clusters,390.0,600.0
line,657路(郎辛庄--东湖),8,514.2857142857143,23,bus_tapin_clusters,720.0,514.2857142857143
line,657路(郎辛庄--东湖),9,450.0,20,bus_tapin_clusters,720.0,450.0
line,657路(郎辛庄--东湖),10,1110.0,12,bus_tapin_clusters,1110.0,1200.0
line,657路(郎辛庄--东湖),11,900.0,10,bus_tapin_clusters,1290.0,900.0
line,657路(郎辛庄--东湖),12,1050.0,10,bus_tapin_clusters,1050.0,1200.0
line,657路(郎辛庄--东湖),13,600.0,12,bus_tapin_clusters,780.0,600.0
line,657路(郎辛庄--东湖),14,900.0,11,bus_tapin_clusters,1260.0,900.0
line,657路(郎辛庄--东湖),15,720.0,9,bus_tapin_clusters,1140.0,720.0
line,657路(郎辛庄--东湖),16,514.2857142857143,22,bus_tapin_clusters,840.0,514.2857142857143
line,657路(郎辛庄--东湖),17,720.0,9,bus_tapin_clusters,810.0,720.0
line,657路(郎辛庄--东湖),18,900.0,13,bus_tapin_clusters,1080.0,900.0
line,657路(郎辛庄--东湖),19,570.0,8,bus_tapin_clusters,570.0,900.0
line,657路(郎辛庄--东湖),20,720.0,8,bus_tapin_clusters,720.0,900.0
line,657路(郎辛庄--东湖),21,900.0,8,bus_tapin_clusters,960.0,900.0
line,645路(国家体育场东--航天桥北),6,840.0,13,bus_tapin_clusters,840.0,1200.0
line,645路(国家体育场东--航天桥北),7,780.0,20,bus_tapin_clusters,780.0,900.0
line,645路(国家体育场东--航天桥北),8,450.0,32,bus_tapin_clusters,615.0,450.0
line,645路(国家体育场东--航天桥北),9,514.2857142857143,27,bus_tapin_clusters,660.0,514.2857142857143
line,645路(国家体育场东--航天桥北),10,720.0,27,bus_tapin_clusters,720.0,720.0
line,645路(国家体育场东--航天桥北),12,600.0,26,bus_tapin_clusters,930.0,600.0
line,645路(国家体育场东--航天桥北),13,450.0,22,bus_tapin_clusters,780.0,450.0
line,645路(国家体育场东--航天桥北),14,600.0,22,bus_tapin_clusters,870.0,600.0
line,645路(国家体育场东--航天桥北),15,600.0,21,bus_tapin_clusters,750.0,600.0
line,645路(国家体育场东--航天桥北),16,420.0,30,bus_tapin_clusters,420.0,514.2857142857143
line,645路(国家体育场东--航天桥北),17,514.2857142857143,34,bus_tapin_clusters,600.0,514.2857142857143
line,645路(国家体育场东--航天桥北),18,690.0,22,bus_tapin_clusters,690.0,720.0
line,645路(国家体育场东--航天桥北),19,480.0,26,bus_tapin_clusters,480.0,600.0
line,645路(国家体育场东--航天桥北),20,600.0,28,bus_tapin_clusters,750.0,600.0
line,645路(国家体育场东--航天桥北),21,600.0,25,bus_tapin_clusters,780.0,600.0
line,645路(国家体育场东--航天桥北),11,600.0,20,bus_tapin_clusters,900.0,600.0
line,645路(国家体育场东--航天桥北),22,720.0,9,bus_tapin_clusters,1260.0,720.0
line,专87路(百子湾家园东站--广渠门),6,600.0,14,bus_tapin_clusters,630.0,600.0
line,专87路(百子湾家园东站--广渠门),7,276.9230769230769,34,bus_tapin_clusters,480.0,276.9230769230769
line,专87路(百子湾家园东站--广渠门),8,327.27272727272725,32,bus_tapin_clusters,540.0,327.27272727272725
line,专87路(百子湾家园东站--广渠门),9,400.0,28,bus_tapin_clusters,600.0,400.0
line,专87路(百子湾家园东站--广渠门),10,400.0,26,bus_tapin_clusters,630.0,400.0
line,专87路(百子湾家园东站--广渠门),11,600.0,20,bus_tapin_clusters,900.0,600.0
line,专87路(百子湾家园东站--广渠门),12,600.0,14,bus_tapin_clusters,675.0,600.0
line,专87路(百子湾家园东站--广渠门),13,600.0,19,bus_tapin_clusters,660.0,600.0
line,专87路(百子湾家园东站--广渠门),14,450.0,22,bus_tapin_clusters,600.0,450.0
line,专87路(百子湾家园东站--广渠门),15,600.0,16,bus_tapin_clusters,885.0,600.0
line,专87路(百子湾家园东站--广渠门),16,360.0,28,bus_tapin_clusters,480.0,360.0
line,专87路(百子湾家园东站--广渠门),17,450.0,24,bus_tapin_clusters,540.0,450.0
line,专87路(百子湾家园东站--广渠门),18,400.0,22,bus_tapin_clusters,480.0,400.0
line,专87路(百子湾家园东站--广渠门),19,600.0,21,bus_tapin_clusters,690.0,600.0
line,专87路(百子湾家园东站--广渠门),20,600.0,10,bus_tapin_clusters,900.0,600.0
line,专87路(百子湾家园东站--广渠门),21,750.0,2,bus_tapin_clusters,750.0,1200.0
line,941路快车(中门寺生态园--莲花池南路),7,660.0,10,bus_tapin_clusters,660.0,720.0
line,941路快车(中门寺生态园--莲花池南路),11,600.0,11,bus_tapin_clusters,750.0,600.0
line,941路快车(中门寺生态园--莲花池南路),12,1230.0,4,bus_tapin_clusters,1230.0,1800.0
line,941路快车(中门寺生态园--莲花池南路),13,900.0,9,bus_tapin_clusters,960.0,900.0
line,941路快车(中门寺生态园--莲花池南路),14,1200.0,8,bus_tapin_clusters,1800.0,1200.0
line,941路快车(中门寺生态园--莲花池南路),15,840.0,5,bus_tapin_clusters,840.0,1200.0
line,941路快车(中门寺生态园--莲花池南路),16,900.0,7,bus_tapin_clusters,1740.0,900.0
line,941路快车(中门寺生态园--莲花池南路),17,1200.0,5,bus_tapin_clusters,1680.0,1200.0
line,941路快车(中门寺生态园--莲花池南路),18,900.0,10,bus_tapin_clusters,1320.0,900.0
line,941路快车(中门寺生态园--莲花池南路),6,900.0,3,bus_tapin_clusters,900.0,1800.0
line,941路快车(中门寺生态园--莲花池南路),10,1350.0,4,bus_tapin_clusters,1350.0,1800.0
line,941路快车(中门寺生态园--莲花池南路),9,900.0,5,bus_tapin_clusters,1020.0,900.0
line,941路快车(中门寺生态园--莲花池南路),19,1800.0,2,bus_tapin_clusters,2370.0,1800.0
line,484路(北医三院--北苑家园),6,240.0,5,bus_tapin_clusters,240.0,720.0
line,484路(北医三院--北苑家园),7,840.0,3,bus_tapin_clusters,840.0,1200.0
line,484路(北医三院--北苑家园),8,900.0,4,bus_tapin_clusters,1170.0,900.0
line,484路(北医三院--北苑家园),9,780.0,4,bus_tapin_clusters,780.0,900.0
line,484路(北医三院--北苑家园),10,900.0,3,bus_tapin_clusters,900.0,1200.0
line,484路(北医三院--北苑家园),11,900.0,3,bus_tapin_clusters,900.0,1200.0
line,484路(北医三院--北苑家园),12,840.0,3,bus_tapin_clusters,840.0,900.0
line,484路(北医三院--北苑家园),14,1200.0,3,bus_tapin_clusters,1200.0,1200.0
line,484路(北医三院--北苑家园),15,1200.0,3,bus_tapin_clusters,1380.0,1200.0
line,484路(北医三院--北苑家园),16,720.0,3,bus_tapin_clusters,720.0,1200.0
line,484路(北医三院--北苑家园),17,600.0,4,bus_tapin_clusters,600.0,900.0
line,484路(北医三院--北苑家园),18,1800.0,2,bus_tapin_clusters,2010.0,1800.0
line,539路(万柳中路北口--颐和园西门),6,600.0,9,bus_tapin_clusters,600.0,720.0
line,539路(万柳中路北口--颐和园西门),7,514.2857142857143,16,bus_tapin_clusters,540.0,514.2857142857143
line,539路(万柳中路北口--颐和园西门),8,420.0,12,bus_tapin_clusters,420.0,600.0
line,539路(万柳中路北口--颐和园西门),9,720.0,7,bus_tapin_clusters,720.0,900.0
line,539路(万柳中路北口--颐和园西门),10,720.0,14,bus_tapin_clusters,780.0,720.0
line,539路(万柳中路北口--颐和园西门),11,720.0,17,bus_tapin_clusters,1020.0,720.0
line,539路(万柳中路北口--颐和园西门),12,720.0,17,bus_tapin_clusters,840.0,720.0
line,539路(万柳中路北口--颐和园西门),13,900.0,9,bus_tapin_clusters,1680.0,900.0
line,539路(万柳中路北口--颐和园西门),14,1800.0,4,bus_tapin_clusters,2160.0,1800.0
line,539路(万柳中路北口--颐和园西门),15,1080.0,5,bus_tapin_clusters,1080.0,1800.0
line,539路(万柳中路北口--颐和园西门),16,720.0,14,bus_tapin_clusters,1200.0,720.0
line,539路(万柳中路北口--颐和园西门),17,420.0,10,bus_tapin_clusters,420.0,900.0
line,539路(万柳中路北口--颐和园西门),20,720.0,10,bus_tapin_clusters,810.0,720.0
line,539路(万柳中路北口--颐和园西门),19,240.0,7,bus_tapin_clusters,240.0,720.0
line,941路(莲花池南路--石龙西公交场站),8,1200.0,10,bus_tapin_clusters,1440.0,1200.0
line,941路(莲花池南路--石龙西公交场站),9,720.0,13,bus_tapin_clusters,1080.0,720.0
line,941路(莲花池南路--石龙西公交场站),10,900.0,17,bus_tapin_clusters,900.0,900.0
line,941路(莲花池南路--石龙西公交场站),11,720.0,14,bus_tapin_clusters,810.0,720.0
line,941路(莲花池南路--石龙西公交场站),12,1185.0,10,bus_tapin_clusters,1185.0,1200.0
line,941路(莲花池南路--石龙西公交场站),13,1200.0,9,bus_tapin_clusters,1380.0,1200.0
line,941路(莲花池南路--石龙西公交场站),14,900.0,9,bus_tapin_clusters,1080.0,900.0
line,941路(莲花池南路--石龙西公交场站),15,900.0,10,bus_tapin_clusters,930.0,900.0
line,941路(莲花池南路--石龙西公交场站),16,1200.0,8,bus_tapin_clusters,1290.0,1200.0
line,941路(莲花池南路--石龙西公交场站),17,600.0,15,bus_tapin_clusters,720.0,600.0
line,941路(莲花池南路--石龙西公交场站),18,900.0,9,bus_tapin_clusters,1620.0,900.0
line,941路(莲花池南路--石龙西公交场站),19,1200.0,2,bus_tapin_clusters,1215.0,1200.0
line,941路(莲花池南路--石龙西公交场站),20,1185.0,2,bus_tapin_clusters,1185.0,1800.0
line,529路(翠海明苑--北京南站南广场),6,1200.0,12,bus_tapin_clusters,1200.0,1200.0
line,529路(翠海明苑--北京南站南广场),7,600.0,29,bus_tapin_clusters,720.0,600.0
line,529路(翠海明苑--北京南站南广场),8,400.0,34,bus_tapin_clusters,660.0,400.0
line,529路(翠海明苑--北京南站南广场),9,600.0,31,bus_tapin_clusters,720.0,600.0
line,529路(翠海明苑--北京南站南广场),10,720.0,25,bus_tapin_clusters,780.0,720.0
line,529路(翠海明苑--北京南站南广场),11,900.0,21,bus_tapin_clusters,960.0,900.0
line,529路(翠海明苑--北京南站南广场),12,900.0,14,bus_tapin_clusters,1050.0,900.0
line,529路(翠海明苑--北京南站南广场),13,900.0,14,bus_tapin_clusters,1020.0,900.0
line,529路(翠海明苑--北京南站南广场),14,900.0,15,bus_tapin_clusters,1260.0,900.0
line,529路(翠海明苑--北京南站南广场),15,600.0,23,bus_tapin_clusters,960.0,600.0
line,529路(翠海明苑--北京南站南广场),16,400.0,31,bus_tapin_clusters,540.0,400.0
line,529路(翠海明苑--北京南站南广场),17,450.0,40,bus_tapin_clusters,480.0,450.0
line,529路(翠海明苑--北京南站南广场),18,660.0,22,bus_tapin_clusters,660.0,720.0
line,529路(翠海明苑--北京南站南广场),19,600.0,23,bus_tapin_clusters,840.0,600.0
line,529路(翠海明苑--北京南站南广场),20,900.0,17,bus_tapin_clusters,1260.0,900.0
line,529路(翠海明苑--北京南站南广场),21,1200.0,7,bus_tapin_clusters,1500.0,1200.0
line,439路(百子湾--十里河桥西),6,720.0,11,bus_tapin_clusters,720.0,900.0
line,439路(百子湾--十里河桥西),7,630.0,20,bus_tapin_clusters,630.0,900.0
line,439路(百子湾--十里河桥西),8,780.0,16,bus_tapin_clusters,780.0,900.0
line,439路(百子湾--十里河桥西),9,600.0,22,bus_tapin_clusters,870.0,600.0
line,439路(百子湾--十里河桥西),10,1200.0,13,bus_tapin_clusters,1260.0,1200.0
line,439路(百子湾--十里河桥西),11,900.0,16,bus_tapin_clusters,1020.0,900.0
line,439路(百子湾--十里河桥西),12,900.0,11,bus_tapin_clusters,1140.0,900.0
line,439路(百子湾--十里河桥西),13,1800.0,8,bus_tapin_clusters,2400.0,1800.0
line,439路(百子湾--十里河桥西),14,900.0,16,bus_tapin_clusters,960.0,900.0
line,439路(百子湾--十里河桥西),15,720.0,18,bus_tapin_clusters,720.0,900.0
line,439路(百子湾--十里河桥西),16,900.0,17,bus_tapin_clusters,1020.0,900.0
line,439路(百子湾--十里河桥西),17,525.0,24,bus_tapin_clusters,525.0,720.0
line,439路(百子湾--十里河桥西),18,720.0,18,bus_tapin_clusters,780.0,720.0
line,439路(百子湾--十里河桥西),19,900.0,13,bus_tapin_clusters,1260.0,900.0
line,439路(百子湾--十里河桥西),20,900.0,14,bus_tapin_clusters,1140.0,900.0
line,439路(百子湾--十里河桥西),21,1560.0,6,bus_tapin_clusters,1560.0,1800.0
line,676路(振亚庄--长椿街路口西),6,555.0,14,bus_tapin_clusters,555.0,720.0
line,676路(振亚庄--长椿街路口西),7,720.0,20,bus_tapin_clusters,720.0,900.0
line,676路(振亚庄--长椿街路口西),8,450.0,27,bus_tapin_clusters,810.0,450.0
line,676路(振亚庄--长椿街路口西),9,1200.0,11,bus_tapin_clusters,1320.0,1200.0
line,676路(振亚庄--长椿街路口西),10,720.0,17,bus_tapin_clusters,1260.0,720.0
line,676路(振亚庄--长椿街路口西),11,900.0,17,bus_tapin_clusters,900.0,900.0
line,676路(振亚庄--长椿街路口西),13,600.0,17,bus_tapin_clusters,720.0,600.0
line,676路(振亚庄--长椿街路口西),14,900.0,16,bus_tapin_clusters,900.0,1200.0
line,676路(振亚庄--长椿街路口西),15,900.0,17,bus_tapin_clusters,900.0,900.0
line,676路(振亚庄--长椿街路口西),16,780.0,13,bus_tapin_clusters,780.0,900.0
line,676路(振亚庄--长椿街路口西),17,720.0,22,bus_tapin_clusters,930.0,720.0
line,676路(振亚庄--长椿街路口西),18,720.0,22,bus_tapin_clusters,1050.0,720.0
line,676路(振亚庄--长椿街路口西),12,1200.0,11,bus_tapin_clusters,1230.0,1200.0
line,676路(振亚庄--长椿街路口西),19,1200.0,8,bus_tapin_clusters,1620.0,1200.0
line,676路(振亚庄--长椿街路口西),20,1800.0,5,bus_tapin_clusters,2040.0,1800.0
line,535路(劲松桥东--白鹿司北街),6,1080.0,5,bus_tapin_clusters,1080.0,1800.0
line,535路(劲松桥东--白鹿司北街),7,720.0,17,bus_tapin_clusters,780.0,720.0
line,535路(劲松桥东--白鹿司北街),8,450.0,26,bus_tapin_clusters,450.0,600.0
line,535路(劲松桥东--白鹿司北街),9,720.0,20,bus_tapin_clusters,780.0,720.0
line,535路(劲松桥东--白鹿司北街),10,240.0,34,bus_tapin_clusters,240.0,400.0
line,535路(劲松桥东--白鹿司北街),11,240.0,15,bus_tapin_clusters,240.0,514.2857142857143
line,535路(劲松桥东--白鹿司北街),12,400.0,24,bus_tapin_clusters,555.0,400.0
line,535路(劲松桥东--白鹿司北街),13,720.0,13,bus_tapin_clusters,1020.0,720.0
line,535路(劲松桥东--白鹿司北街),14,1200.0,13,bus_tapin_clusters,1200.0,1200.0
line,535路(劲松桥东--白鹿司北街),15,660.0,9,bus_tapin_clusters,660.0,720.0
line,535路(劲松桥东--白鹿司北街),16,720.0,16,bus_tapin_clusters,720.0,720.0
line,535路(劲松桥东--白鹿司北街),17,390.0,14,bus_tapin_clusters,390.0,450.0
line,535路(劲松桥东--白鹿司北街),18,514.2857142857143,19,bus_tapin_clusters,600.0,514.2857142857143
line,535路(劲松桥东--白鹿司北街),19,510.0,6,bus_tapin_clusters,510.0,900.0
line,535路(劲松桥东--白鹿司北街),20,900.0,5,bus_tapin_clusters,1200.0,900.0
line,535路(劲松桥东--白鹿司北街),21,570.0,4,bus_tapin_clusters,570.0,1200.0
line,535路(劲松桥东--白鹿司北街),22,1110.0,2,bus_tapin_clusters,1110.0,1200.0
line,473路(鲁谷公交场站--六里桥北里),8,720.0,15,bus_tapin_clusters,1260.0,720.0
line,473路(鲁谷公交场站--六里桥北里),9,540.0,24,bus_tapin_clusters,540.0,600.0
line,473路(鲁谷公交场站--六里桥北里),10,420.0,9,bus_tapin_clusters,420.0,720.0
line,473路(鲁谷公交场站--六里桥北里),11,720.0,13,bus_tapin_clusters,900.0,720.0
line,473路(鲁谷公交场站--六里桥北里),12,1200.0,9,bus_tapin_clusters,1740.0,1200.0
line,473路(鲁谷公交场站--六里桥北里),13,1800.0,4,bus_tapin_clusters,2235.0,1800.0
line,473路(鲁谷公交场站--六里桥北里),15,720.0,16,bus_tapin_clusters,780.0,720.0
line,473路(鲁谷公交场站--六里桥北里),16,480.0,17,bus_tapin_clusters,480.0,720.0
line,473路(鲁谷公交场站--六里桥北里),17,720.0,18,bus_tapin_clusters,945.0,720.0
line,473路(鲁谷公交场站--六里桥北里),18,660.0,9,bus_tapin_clusters,660.0,900.0
line,473路(鲁谷公交场站--六里桥北里),19,1200.0,9,bus_tapin_clusters,2460.0,1200.0
line,473路(鲁谷公交场站--六里桥北里),20,780.0,6,bus_tapin_clusters,780.0,1800.0
line,473路(鲁谷公交场站--六里桥北里),6,1800.0,2,bus_tapin_clusters,2070.0,1800.0
line,473路(鲁谷公交场站--六里桥北里),7,1230.0,6,bus_tapin_clusters,1230.0,1800.0
line,473路(鲁谷公交场站--六里桥北里),14,1110.0,7,bus_tapin_clusters,1110.0,1200.0
line,481路(吴庄公交场站--紫竹院北门),6,1140.0,2,bus_tapin_clusters,1140.0,1800.0
line,481路(吴庄公交场站--紫竹院北门),7,1530.0,2,bus_tapin_clusters,1530.0,1800.0
line,481路(吴庄公交场站--紫竹院北门),8,1200.0,3,bus_tapin_clusters,1380.0,1200.0
line,481路(吴庄公交场站--紫竹院北门),17,1800.0,2,bus_tapin_clusters,1980.0,1800.0
line,669路(大北窑南--万盛北街),6,600.0,7,bus_tapin_clusters,600.0,900.0
line,669路(大北窑南--万盛北街),7,450.0,16,bus_tapin_clusters,450.0,514.2857142857143
line,669路(大北窑南--万盛北街),8,480.0,19,bus_tapin_clusters,480.0,514.2857142857143
line,669路(大北窑南--万盛北街),9,450.0,19,bus_tapin_clusters,540.0,450.0
line,669路(大北窑南--万盛北街),10,900.0,10,bus_tapin_clusters,930.0,900.0
line,669路(大北窑南--万盛北街),11,600.0,12,bus_tapin_clusters,720.0,600.0
line,669路(大北窑南--万盛北街),12,600.0,11,bus_tapin_clusters,600.0,600.0
line,669路(大北窑南--万盛北街),13,720.0,11,bus_tapin_clusters,990.0,720.0
line,669路(大北窑南--万盛北街),14,720.0,11,bus_tapin_clusters,840.0,720.0
line,669路(大北窑南--万盛北街),15,720.0,7,bus_tapin_clusters,780.0,720.0
line,669路(大北窑南--万盛北街),16,600.0,12,bus_tapin_clusters,645.0,600.0
line,669路(大北窑南--万盛北街),17,450.0,13,bus_tapin_clusters,540.0,450.0
line,669路(大北窑南--万盛北街),18,450.0,21,bus_tapin_clusters,480.0,450.0
line,669路(大北窑南--万盛北街),19,540.0,13,bus_tapin_clusters,540.0,600.0
line,669路(大北窑南--万盛北街),20,514.2857142857143,12,bus_tapin_clusters,720.0,514.2857142857143
line,669路(大北窑南--万盛北街),21,900.0,9,bus_tapin_clusters,900.0,900.0
line,669路(大北窑南--万盛北街),22,990.0,3,bus_tapin_clusters,990.0,1200.0
line,464路(和平东桥--回南家园),6,1200.0,3,bus_tapin_clusters,1260.0,1200.0
line,464路(和平东桥--回南家园),7,900.0,5,bus_tapin_clusters,1080.0,900.0
line,464路(和平东桥--回南家园),8,900.0,7,bus_tapin_clusters,1020.0,900.0
line,464路(和平东桥--回南家园),9,600.0,9,bus_tapin_clusters,660.0,600.0
line,464路(和平东桥--回南家园),10,600.0,5,bus_tapin_clusters,600.0,720.0
line,464路(和平东桥--回南家园),11,900.0,7,bus_tapin_clusters,900.0,900.0
line,464路(和平东桥--回南家园),12,1620.0,4,bus_tapin_clusters,1620.0,1800.0
line,464路(和平东桥--回南家园),13,1095.0,6,bus_tapin_clusters,1095.0,1200.0
line,464路(和平东桥--回南家园),14,1140.0,3,bus_tapin_clusters,1140.0,1200.0
line,464路(和平东桥--回南家园),15,600.0,10,bus_tapin_clusters,600.0,720.0
line,464路(和平东桥--回南家园),16,1020.0,5,bus_tapin_clusters,1020.0,1200.0
line,464路(和平东桥--回南家园),17,600.0,9,bus_tapin_clusters,600.0,600.0
line,464路(和平东桥--回南家园),18,1200.0,6,bus_tapin_clusters,1440.0,1200.0
line,464路(和平东桥--回南家园),19,540.0,7,bus_tapin_clusters,540.0,600.0
line,464路(和平东桥--回南家园),20,1785.0,2,bus_tapin_clusters,1785.0,1800.0
line,464路(和平东桥--回南家园),21,900.0,5,bus_tapin_clusters,1050.0,900.0
line,67路(前门--樊家村公交场站),6,600.0,28,bus_tapin_clusters,600.0,600.0
line,67路(前门--樊家村公交场站),7,514.2857142857143,34,bus_tapin_clusters,540.0,514.2857142857143
line,67路(前门--樊家村公交场站),8,327.27272727272725,47,bus_tapin_clusters,420.0,327.27272727272725
line,67路(前门--樊家村公交场站),9,300.0,44,bus_tapin_clusters,300.0,300.0
line,67路(前门--樊家村公交场站),10,450.0,37,bus_tapin_clusters,540.0,450.0
line,67路(前门--樊家村公交场站),11,400.0,45,bus_tapin_clusters,450.0,400.0
line,67路(前门--樊家村公交场站),12,450.0,41,bus_tapin_clusters,480.0,450.0
line,67路(前门--樊家村公交场站),13,360.0,43,bus_tapin_clusters,420.0,360.0
line,67路(前门--樊家村公交场站),14,450.0,40,bus_tapin_clusters,510.0,450.0
line,67路(前门--樊家村公交场站),15,450.0,30,bus_tapin_clusters,630.0,450.0
line,67路(前门--樊家村公交场站),16,360.0,53,bus_tapin_clusters,420.0,360.0
line,67路(前门--樊家村公交场站),17,240.0,54,bus_tapin_clusters,240.0,327.27272727272725
line,67路(前门--樊家村公交场站),18,360.0,47,bus_tapin_clusters,420.0,360.0
line,67路(前门--樊家村公交场站),19,400.0,42,bus_tapin_clusters,450.0,400.0
line,67路(前门--樊家村公交场站),20,450.0,38,bus_tapin_clusters,540.0,450.0
line,67路(前门--樊家村公交场站),21,600.0,29,bus_tapin_clusters,600.0,600.0
line,67路(前门--樊家村公交场站),22,480.0,11,bus_tapin_clusters,480.0,720.0
line,390路(西便门--南五里店),6,450.0,12,bus_tapin_clusters,540.0,450.0
line,390路(西便门--南五里店),7,600.0,12,bus_tapin_clusters,1140.0,600.0
line,390路(西便门--南五里店),8,330.0,29,bus_tapin_clusters,330.0,360.0
line,390路(西便门--南五里店),9,450.0,20,bus_tapin_clusters,780.0,450.0
line,390路(西便门--南五里店),10,480.0,21,bus_tapin_clusters,480.0,514.2857142857143
line,390路(西便门--南五里店),11,600.0,14,bus_tapin_clusters,660.0,600.0
line,390路(西便门--南五里店),12,420.0,13,bus_tapin_clusters,420.0,450.0
line,390路(西便门--南五里店),13,514.2857142857143,18,bus_tapin_clusters,555.0,514.2857142857143
line,390路(西便门--南五里店),14,570.0,16,bus_tapin_clusters,570.0,600.0
line,390路(西便门--南五里店),15,360.0,24,bus_tapin_clusters,540.0,360.0
line,390路(西便门--南五里店),16,276.9230769230769,32,bus_tapin_clusters,360.0,276.9230769230769
line,390路(西便门--南五里店),17,257.14285714285717,35,bus_tapin_clusters,300.0,257.14285714285717
line,390路(西便门--南五里店),18,327.27272727272725,30,bus_tapin_clusters,450.0,327.27272727272725
line,390路(西便门--南五里店),19,360.0,23,bus_tapin_clusters,450.0,360.0
line,390路(西便门--南五里店),20,600.0,16,bus_tapin_clusters,600.0,600.0
line,390路(西便门--南五里店),21,514.2857142857143,15,bus_tapin_clusters,660.0,514.2857142857143
line,390路(西便门--南五里店),22,660.0,7,bus_tapin_clusters,660.0,1200.0
line,524路(灵秀山庄东站--宋家庄枢纽站),6,1710.0,2,bus_tapin_clusters,1710.0,1800.0
line,524路(灵秀山庄东站--宋家庄枢纽站),7,300.0,9,bus_tapin_clusters,300.0,600.0
line,524路(灵秀山庄东站--宋家庄枢纽站),8,690.0,10,bus_tapin_clusters,690.0,720.0
line,524路(灵秀山庄东站--宋家庄枢纽站),9,720.0,9,bus_tapin_clusters,900.0,720.0
line,524路(灵秀山庄东站--宋家庄枢纽站),10,960.0,6,bus_tapin_clusters,960.0,1200.0
line,524路(灵秀山庄东站--宋家庄枢纽站),11,1200.0,5,bus_tapin_clusters,1740.0,1200.0
line,524路(灵秀山庄东站--宋家庄枢纽站),12,1260.0,2,bus_tapin_clusters,1260.0,1800.0
line,524路(灵秀山庄东站--宋家庄枢纽站),13,1140.0,6,bus_tapin_clusters,1140.0,1200.0
line,524路(灵秀山庄东站--宋家庄枢纽站),14,1710.0,2,bus_tapin_clusters,1710.0,1800.0
line,524路(灵秀山庄东站--宋家庄枢纽站),15,660.0,5,bus_tapin_clusters,660.0,1200.0
line,524路(灵秀山庄东站--宋家庄枢纽站),16,1200.0,5,bus_tapin_clusters,1560.0,1200.0
line,524路(灵秀山庄东站--宋家庄枢纽站),17,900.0,7,bus_tapin_clusters,900.0,900.0
line,73路(阜成门--地铁海淀五路居站),7,750.0,6,bus_tapin_clusters,750.0,1200.0
line,73路(阜成门--地铁海淀五路居站),8,1440.0,5,bus_tapin_clusters,1440.0,1800.0
line,73路(阜成门--地铁海淀五路居站),10,1470.0,12,bus_tapin_clusters,1470.0,1800.0
line,73路(阜成门--地铁海淀五路居站),12,540.0,9,bus_tapin_clusters,540.0,1800.0
line,73路(阜成门--地铁海淀五路居站),16,240.0,8,bus_tapin_clusters,240.0,900.0
line,73路(阜成门--地铁海淀五路居站),17,1200.0,3,bus_tapin_clusters,1200.0,1800.0
line,73路(阜成门--地铁海淀五路居站),9,1800.0,4,bus_tapin_clusters,2160.0,1800.0
line,73路(阜成门--地铁海淀五路居站),11,840.0,3,bus_tapin_clusters,840.0,1200.0
line,73路(阜成门--地铁海淀五路居站),13,240.0,5,bus_tapin_clusters,240.0,900.0
line,650路(大北窑北--焦庄桥北),6,720.0,13,bus_tapin_clusters,960.0,720.0
line,650路(大北窑北--焦庄桥北),7,600.0,21,bus_tapin_clusters,660.0,600.0
line,650路(大北窑北--焦庄桥北),8,514.2857142857143,20,bus_tapin_clusters,600.0,514.2857142857143
line,650路(大北窑北--焦庄桥北),9,600.0,22,bus_tapin_clusters,690.0,600.0
line,650路(大北窑北--焦庄桥北),10,600.0,14,bus_tapin_clusters,750.0,600.0
line,650路(大北窑北--焦庄桥北),11,720.0,19,bus_tapin_clusters,1020.0,720.0
line,650路(大北窑北--焦庄桥北),12,720.0,14,bus_tapin_clusters,780.0,720.0
line,650路(大北窑北--焦庄桥北),13,514.2857142857143,19,bus_tapin_clusters,1080.0,514.2857142857143
line,650路(大北窑北--焦庄桥北),14,720.0,23,bus_tapin_clusters,780.0,720.0
line,650路(大北窑北--焦庄桥北),15,660.0,19,bus_tapin_clusters,660.0,720.0
line,650路(大北窑北--焦庄桥北),16,600.0,33,bus_tapin_clusters,660.0,600.0
line,650路(大北窑北--焦庄桥北),17,720.0,21,bus_tapin_clusters,780.0,720.0
line,650路(大北窑北--焦庄桥北),18,514.2857142857143,29,bus_tapin_clusters,600.0,514.2857142857143
line,650路(大北窑北--焦庄桥北),19,600.0,23,bus_tapin_clusters,780.0,600.0
line,650路(大北窑北--焦庄桥北),20,720.0,15,bus_tapin_clusters,840.0,720.0
line,650路(大北窑北--焦庄桥北),21,900.0,10,bus_tapin_clusters,1140.0,900.0
line,650路(大北窑北--焦庄桥北),22,1200.0,2,bus_tapin_clusters,1320.0,1200.0
line,81路(北土城公交场站--清河小营东路东口站),6,120.0,17,bus_tapin_clusters,120.0,400.0
line,81路(北土城公交场站--清河小营东路东口站),7,315.0,26,bus_tapin_clusters,315.0,327.27272727272725
line,81路(北土城公交场站--清河小营东路东口站),8,270.0,20,bus_tapin_clusters,270.0,450.0
line,81路(北土城公交场站--清河小营东路东口站),9,450.0,15,bus_tapin_clusters,540.0,450.0
line,81路(北土城公交场站--清河小营东路东口站),10,300.0,10,bus_tapin_clusters,300.0,360.0
line,81路(北土城公交场站--清河小营东路东口站),11,720.0,9,bus_tapin_clusters,720.0,900.0
line,81路(北土城公交场站--清河小营东路东口站),12,420.0,7,bus_tapin_clusters,420.0,720.0
line,81路(北土城公交场站--清河小营东路东口站),13,514.2857142857143,18,bus_tapin_clusters,600.0,514.2857142857143
line,81路(北土城公交场站--清河小营东路东口站),14,720.0,11,bus_tapin_clusters,720.0,720.0
line,81路(北土城公交场站--清河小营东路东口站),15,255.0,20,bus_tapin_clusters,255.0,360.0
line,81路(北土城公交场站--清河小营东路东口站),16,330.0,18,bus_tapin_clusters,330.0,400.0
line,81路(北土城公交场站--清河小营东路东口站),17,240.0,20,bus_tapin_clusters,240.0,300.0
line,81路(北土城公交场站--清河小营东路东口站),18,360.0,19,bus_tapin_clusters,360.0,360.0
line,81路(北土城公交场站--清河小营东路东口站),19,276.9230769230769,17,bus_tapin_clusters,360.0,276.9230769230769
line,81路(北土城公交场站--清河小营东路东口站),20,720.0,7,bus_tapin_clusters,720.0,720.0
line,81路(北土城公交场站--清河小营东路东口站),21,420.0,5,bus_tapin_clusters,420.0,900.0
line,693路(阜永路口西--育新小区),6,600.0,20,bus_tapin_clusters,600.0,720.0
line,693路(阜永路口西--育新小区),7,400.0,40,bus_tapin_clusters,420.0,400.0
line,693路(阜永路口西--育新小区),8,400.0,34,bus_tapin_clusters,435.0,400.0
line,693路(阜永路口西--育新小区),9,420.0,38,bus_tapin_clusters,420.0,514.2857142857143
line,693路(阜永路口西--育新小区),10,400.0,43,bus_tapin_clusters,600.0,400.0
line,693路(阜永路口西--育新小区),11,570.0,29,bus_tapin_clusters,570.0,600.0
line,693路(阜永路口西--育新小区),12,255.0,20,bus_tapin_clusters,255.0,400.0
line,693路(阜永路口西--育新小区),13,514.2857142857143,30,bus_tapin_clusters,780.0,514.2857142857143
line,693路(阜永路口西--育新小区),14,514.2857142857143,26,bus_tapin_clusters,630.0,514.2857142857143
line,693路(阜永路口西--育新小区),15,514.2857142857143,28,bus_tapin_clusters,780.0,514.2857142857143
line,693路(阜永路口西--育新小区),16,480.0,30,bus_tapin_clusters,480.0,600.0
line,693路(阜永路口西--育新小区),17,514.2857142857143,36,bus_tapin_clusters,660.0,514.2857142857143
line,693路(阜永路口西--育新小区),18,514.2857142857143,31,bus_tapin_clusters,840.0,514.2857142857143
line,693路(阜永路口西--育新小区),19,600.0,25,bus_tapin_clusters,600.0,600.0
line,693路(阜永路口西--育新小区),20,840.0,13,bus_tapin_clusters,840.0,1200.0
line,693路(阜永路口西--育新小区),22,900.0,6,bus_tapin_clusters,1200.0,900.0
line,693路(阜永路口西--育新小区),21,390.0,4,bus_tapin_clusters,390.0,900.0
line,848路(大北窑南--海子角),6,720.0,22,bus_tapin_clusters,780.0,720.0
line,848路(大北窑南--海子角),7,435.0,30,bus_tapin_clusters,435.0,514.2857142857143
line,848路(大北窑南--海子角),8,480.0,33,bus_tapin_clusters,480.0,514.2857142857143
line,848路(大北窑南--海子角),9,300.0,58,bus_tapin_clusters,300.0,327.27272727272725
line,848路(大北窑南--海子角),10,450.0,23,bus_tapin_clusters,840.0,450.0
line,848路(大北窑南--海子角),11,400.0,26,bus_tapin_clusters,540.0,400.0
line,848路(大北窑南--海子角),12,900.0,14,bus_tapin_clusters,1020.0,900.0
line,848路(大北窑南--海子角),13,720.0,21,bus_tapin_clusters,900.0,720.0
line,848路(大北窑南--海子角),14,720.0,24,bus_tapin_clusters,780.0,720.0
line,848路(大北窑南--海子角),15,514.2857142857143,33,bus_tapin_clusters,600.0,514.2857142857143
line,848路(大北窑南--海子角),16,600.0,35,bus_tapin_clusters,660.0,600.0
line,848路(大北窑南--海子角),17,240.0,61,bus_tapin_clusters,240.0,276.9230769230769
line,848路(大北窑南--海子角),18,300.0,58,bus_tapin_clusters,300.0,327.27272727272725
line,848路(大北窑南--海子角),19,400.0,41,bus_tapin_clusters,420.0,400.0
line,848路(大北窑南--海子角),20,720.0,19,bus_tapin_clusters,780.0,720.0
line,848路(大北窑南--海子角),21,900.0,9,bus_tapin_clusters,960.0,900.0
line,631路快车(黄村火车站--航天桥南),6,900.0,6,bus_tapin_clusters,1020.0,900.0
line,631路快车(黄村火车站--航天桥南),7,600.0,6,bus_tapin_clusters,600.0,720.0
line,631路快车(黄村火车站--航天桥南),9,1110.0,8,bus_tapin_clusters,1110.0,1200.0
line,631路快车(黄村火车站--航天桥南),10,900.0,7,bus_tapin_clusters,1080.0,900.0
line,631路快车(黄村火车站--航天桥南),11,1380.0,4,bus_tapin_clusters,1380.0,1800.0
line,631路快车(黄村火车站--航天桥南),12,900.0,6,bus_tapin_clusters,1830.0,900.0
line,631路快车(黄村火车站--航天桥南),13,1200.0,5,bus_tapin_clusters,1440.0,1200.0
line,631路快车(黄村火车站--航天桥南),14,1200.0,5,bus_tapin_clusters,1260.0,1200.0
line,631路快车(黄村火车站--航天桥南),15,600.0,12,bus_tapin_clusters,780.0,600.0
line,631路快车(黄村火车站--航天桥南),16,1200.0,5,bus_tapin_clusters,1200.0,1200.0
line,631路快车(黄村火车站--航天桥南),17,720.0,8,bus_tapin_clusters,750.0,720.0
line,631路快车(黄村火车站--航天桥南),18,840.0,5,bus_tapin_clusters,840.0,1200.0
line,631路快车(黄村火车站--航天桥南),19,900.0,6,bus_tapin_clusters,900.0,1200.0
line,631路快车(黄村火车站--航天桥南),8,1800.0,2,bus_tapin_clusters,2100.0,1800.0
line,347路(雍王府--新街口豁口),6,480.0,9,bus_tapin_clusters,480.0,900.0
line,347路(雍王府--新街口豁口),7,400.0,27,bus_tapin_clusters,540.0,400.0
line,347路(雍王府--新街口豁口),8,400.0,41,bus_tapin_clusters,480.0,400.0
line,347路(雍王府--新街口豁口),9,600.0,20,bus_tapin_clusters,750.0,600.0
line,347路(雍王府--新街口豁口),10,660.0,23,bus_tapin_clusters,660.0,720.0
line,347路(雍王府--新街口豁口),11,514.2857142857143,22,bus_tapin_clusters,690.0,514.2857142857143
line,347路(雍王府--新街口豁口),12,720.0,22,bus_tapin_clusters,900.0,720.0
line,347路(雍王府--新街口豁口),13,514.2857142857143,20,bus_tapin_clusters,855.0,514.2857142857143
line,347路(雍王府--新街口豁口),14,600.0,22,bus_tapin_clusters,780.0,600.0
line,347路(雍王府--新街口豁口),15,570.0,24,bus_tapin_clusters,570.0,600.0
line,347路(雍王府--新街口豁口),16,600.0,25,bus_tapin_clusters,750.0,600.0
line,347路(雍王府--新街口豁口),17,514.2857142857143,28,bus_tapin_clusters,600.0,514.2857142857143
line,347路(雍王府--新街口豁口),18,450.0,30,bus_tapin_clusters,540.0,450.0
line,347路(雍王府--新街口豁口),19,1080.0,11,bus_tapin_clusters,1080.0,1200.0
line,347路(雍王府--新街口豁口),20,720.0,14,bus_tapin_clusters,960.0,720.0
line,347路(雍王府--新街口豁口),21,900.0,10,bus_tapin_clusters,960.0,900.0
line,615路(神路街--刘庄北站),8,420.0,2,bus_tapin_clusters,420.0,1800.0
line,615路(神路街--刘庄北站),9,514.2857142857143,25,bus_tapin_clusters,660.0,514.2857142857143
line,615路(神路街--刘庄北站),10,720.0,20,bus_tapin_clusters,1005.0,720.0
line,615路(神路街--刘庄北站),11,600.0,17,bus_tapin_clusters,720.0,600.0
line,615路(神路街--刘庄北站),12,900.0,14,bus_tapin_clusters,1470.0,900.0
line,615路(神路街--刘庄北站),13,630.0,19,bus_tapin_clusters,630.0,720.0
line,615路(神路街--刘庄北站),14,514.2857142857143,17,bus_tapin_clusters,720.0,514.2857142857143
line,615路(神路街--刘庄北站),15,600.0,25,bus_tapin_clusters,600.0,600.0
line,615路(神路街--刘庄北站),16,1800.0,2,bus_tapin_clusters,2040.0,1800.0
line,615路(神路街--刘庄北站),17,600.0,28,bus_tapin_clusters,600.0,600.0
line,615路(神路街--刘庄北站),18,300.0,19,bus_tapin_clusters,300.0,514.2857142857143
line,615路(神路街--刘庄北站),19,840.0,13,bus_tapin_clusters,840.0,900.0
line,615路(神路街--刘庄北站),20,900.0,17,bus_tapin_clusters,1320.0,900.0
line,615路(神路街--刘庄北站),21,855.0,18,bus_tapin_clusters,855.0,900.0
line,615路(神路街--刘庄北站),6,1200.0,5,bus_tapin_clusters,1440.0,1200.0
line,90路(天坛西门--造甲村东),6,810.0,12,bus_tapin_clusters,810.0,900.0
line,90路(天坛西门--造甲村东),7,720.0,20,bus_tapin_clusters,1110.0,720.0
line,90路(天坛西门--造甲村东),8,514.2857142857143,31,bus_tapin_clusters,600.0,514.2857142857143
line,90路(天坛西门--造甲村东),9,900.0,13,bus_tapin_clusters,1020.0,900.0
line,90路(天坛西门--造甲村东),10,514.2857142857143,33,bus_tapin_clusters,540.0,514.2857142857143
line,90路(天坛西门--造甲村东),11,450.0,30,bus_tapin_clusters,480.0,450.0
line,90路(天坛西门--造甲村东),12,720.0,23,bus_tapin_clusters,780.0,720.0
line,90路(天坛西门--造甲村东),13,720.0,20,bus_tapin_clusters,840.0,720.0
line,90路(天坛西门--造甲村东),14,600.0,24,bus_tapin_clusters,810.0,600.0
line,90路(天坛西门--造甲村东),15,600.0,26,bus_tapin_clusters,870.0,600.0
line,90路(天坛西门--造甲村东),16,600.0,28,bus_tapin_clusters,660.0,600.0
line,90路(天坛西门--造甲村东),17,600.0,29,bus_tapin_clusters,690.0,600.0
line,90路(天坛西门--造甲村东),18,600.0,27,bus_tapin_clusters,600.0,600.0
line,90路(天坛西门--造甲村东),19,514.2857142857143,19,bus_tapin_clusters,780.0,514.2857142857143
line,90路(天坛西门--造甲村东),20,720.0,15,bus_tapin_clusters,840.0,720.0
line,90路(天坛西门--造甲村东),21,900.0,6,bus_tapin_clusters,930.0,900.0
line,430路(东沙各庄公交场站--安定门),6,720.0,15,bus_tapin_clusters,870.0,720.0
line,430路(东沙各庄公交场站--安定门),7,540.0,23,bus_tapin_clusters,540.0,600.0
line,430路(东沙各庄公交场站--安定门),8,600.0,19,bus_tapin_clusters,1020.0,600.0
line,430路(东沙各庄公交场站--安定门),9,400.0,36,bus_tapin_clusters,540.0,400.0
line,430路(东沙各庄公交场站--安定门),10,600.0,24,bus_tapin_clusters,780.0,600.0
line,430路(东沙各庄公交场站--安定门),11,600.0,15,bus_tapin_clusters,600.0,900.0
line,430路(东沙各庄公交场站--安定门),12,514.2857142857143,22,bus_tapin_clusters,690.0,514.2857142857143
line,430路(东沙各庄公交场站--安定门),13,900.0,16,bus_tapin_clusters,1200.0,900.0
line,430路(东沙各庄公交场站--安定门),14,600.0,22,bus_tapin_clusters,900.0,600.0
line,430路(东沙各庄公交场站--安定门),15,900.0,20,bus_tapin_clusters,900.0,900.0
line,430路(东沙各庄公交场站--安定门),16,720.0,25,bus_tapin_clusters,900.0,720.0
line,430路(东沙各庄公交场站--安定门),17,600.0,18,bus_tapin_clusters,720.0,600.0
line,430路(东沙各庄公交场站--安定门),18,1200.0,9,bus_tapin_clusters,1320.0,1200.0
line,430路(东沙各庄公交场站--安定门),19,1200.0,3,bus_tapin_clusters,1200.0,1800.0
line,430路(东沙各庄公交场站--安定门),20,1200.0,9,bus_tapin_clusters,1440.0,1200.0
line,430路(东沙各庄公交场站--安定门),21,1800.0,2,bus_tapin_clusters,2070.0,1800.0
line,91路(八棵杨中街--方庄北口),6,900.0,7,bus_tapin_clusters,900.0,900.0
line,91路(八棵杨中街--方庄北口),7,600.0,19,bus_tapin_clusters,1140.0,600.0
line,91路(八棵杨中街--方庄北口),8,390.0,26,bus_tapin_clusters,390.0,600.0
line,91路(八棵杨中街--方庄北口),9,450.0,28,bus_tapin_clusters,540.0,450.0
line,91路(八棵杨中街--方庄北口),10,600.0,25,bus_tapin_clusters,660.0,600.0
line,91路(八棵杨中街--方庄北口),11,600.0,23,bus_tapin_clusters,660.0,600.0
line,91路(八棵杨中街--方庄北口),12,600.0,19,bus_tapin_clusters,840.0,600.0
line,91路(八棵杨中街--方庄北口),13,720.0,14,bus_tapin_clusters,870.0,720.0
line,91路(八棵杨中街--方庄北口),14,450.0,29,bus_tapin_clusters,780.0,450.0
line,91路(八棵杨中街--方庄北口),15,600.0,26,bus_tapin_clusters,600.0,600.0
line,91路(八棵杨中街--方庄北口),16,514.2857142857143,26,bus_tapin_clusters,525.0,514.2857142857143
line,91路(八棵杨中街--方庄北口),17,514.2857142857143,28,bus_tapin_clusters,1065.0,514.2857142857143
line,91路(八棵杨中街--方庄北口),18,720.0,21,bus_tapin_clusters,840.0,720.0
line,91路(八棵杨中街--方庄北口),19,600.0,17,bus_tapin_clusters,1140.0,600.0
line,91路(八棵杨中街--方庄北口),20,900.0,13,bus_tapin_clusters,960.0,900.0
line,91路(八棵杨中街--方庄北口),21,900.0,7,bus_tapin_clusters,1470.0,900.0
line,464路(回南家园--和平东桥),6,1140.0,6,bus_tapin_clusters,1140.0,1200.0
line,464路(回南家园--和平东桥),7,900.0,7,bus_tapin_clusters,1260.0,900.0
line,464路(回南家园--和平东桥),8,750.0,8,bus_tapin_clusters,750.0,900.0
line,464路(回南家园--和平东桥),10,360.0,7,bus_tapin_clusters,360.0,900.0
line,464路(回南家园--和平东桥),11,840.0,6,bus_tapin_clusters,840.0,900.0
line,464路(回南家园--和平东桥),12,1800.0,2,bus_tapin_clusters,2040.0,1800.0
line,464路(回南家园--和平东桥),13,1140.0,5,bus_tapin_clusters,1140.0,1200.0
line,464路(回南家园--和平东桥),14,900.0,7,bus_tapin_clusters,1020.0,900.0
line,464路(回南家园--和平东桥),15,900.0,5,bus_tapin_clusters,900.0,1200.0
line,464路(回南家园--和平东桥),16,1200.0,5,bus_tapin_clusters,1740.0,1200.0
line,464路(回南家园--和平东桥),17,720.0,7,bus_tapin_clusters,900.0,720.0
line,464路(回南家园--和平东桥),18,870.0,8,bus_tapin_clusters,870.0,900.0
line,464路(回南家园--和平东桥),20,360.0,2,bus_tapin_clusters,360.0,1200.0
line,464路(回南家园--和平东桥),9,720.0,5,bus_tapin_clusters,1020.0,720.0
line,679路(桂村--木樨园桥北),6,360.0,18,bus_tapin_clusters,360.0,600.0
line,679路(桂村--木樨园桥北),7,514.2857142857143,16,bus_tapin_clusters,810.0,514.2857142857143
line,679路(桂村--木樨园桥北),8,720.0,14,bus_tapin_clusters,885.0,720.0
line,679路(桂村--木樨园桥北),9,600.0,20,bus_tapin_clusters,600.0,600.0
line,679路(桂村--木樨园桥北),10,630.0,12,bus_tapin_clusters,630.0,720.0
line,679路(桂村--木樨园桥北),11,645.0,18,bus_tapin_clusters,645.0,720.0
line,679路(桂村--木樨园桥北),12,720.0,13,bus_tapin_clusters,840.0,720.0
line,679路(桂村--木樨园桥北),13,900.0,9,bus_tapin_clusters,960.0,900.0
line,679路(桂村--木樨园桥北),14,540.0,15,bus_tapin_clusters,540.0,720.0
line,679路(桂村--木樨园桥北),15,540.0,11,bus_tapin_clusters,540.0,720.0
line,679路(桂村--木樨园桥北),16,720.0,14,bus_tapin_clusters,780.0,720.0
line,679路(桂村--木樨园桥北),17,450.0,12,bus_tapin_clusters,450.0,600.0
line,679路(桂村--木樨园桥北),18,450.0,16,bus_tapin_clusters,450.0,600.0
line,679路(桂村--木樨园桥北),19,1200.0,5,bus_tapin_clusters,1680.0,1200.0
line,679路(桂村--木樨园桥北),20,870.0,2,bus_tapin_clusters,870.0,1800.0
line,370路(圈门--公主坟西),8,780.0,2,bus_tapin_clusters,780.0,1800.0
line,370路(圈门--公主坟西),9,1590.0,2,bus_tapin_clusters,1590.0,1800.0
line,370路(圈门--公主坟西),10,1200.0,3,bus_tapin_clusters,1680.0,1200.0
line,370路(圈门--公主坟西),11,480.0,3,bus_tapin_clusters,480.0,900.0
line,370路(圈门--公主坟西),15,1320.0,2,bus_tapin_clusters,1320.0,1800.0
line,370路(圈门--公主坟西),16,1530.0,2,bus_tapin_clusters,1530.0,1800.0
line,370路(圈门--公主坟西),18,1590.0,2,bus_tapin_clusters,1590.0,1800.0
line,370路(圈门--公主坟西),19,1110.0,2,bus_tapin_clusters,1110.0,1200.0
line,445路(宏泰东街--南十里居),8,1710.0,4,bus_tapin_clusters,1710.0,1800.0
line,445路(宏泰东街--南十里居),9,720.0,8,bus_tapin_clusters,870.0,720.0
line,445路(宏泰东街--南十里居),10,810.0,6,bus_tapin_clusters,810.0,900.0
line,445路(宏泰东街--南十里居),14,780.0,7,bus_tapin_clusters,780.0,900.0
line,445路(宏泰东街--南十里居),15,1620.0,4,bus_tapin_clusters,1620.0,1800.0
line,445路(宏泰东街--南十里居),16,540.0,9,bus_tapin_clusters,540.0,720.0
line,445路(宏泰东街--南十里居),17,480.0,11,bus_tapin_clusters,480.0,514.2857142857143
line,445路(宏泰东街--南十里居),18,1035.0,4,bus_tapin_clusters,1035.0,1200.0
line,445路(宏泰东街--南十里居),19,870.0,4,bus_tapin_clusters,870.0,900.0
line,445路(宏泰东街--南十里居),20,900.0,8,bus_tapin_clusters,930.0,900.0
line,445路(宏泰东街--南十里居),13,1710.0,2,bus_tapin_clusters,1710.0,1800.0
line,445路(宏泰东街--南十里居),21,1800.0,2,bus_tapin_clusters,1830.0,1800.0
line,821路(方庄南口--小周易村),6,1200.0,14,bus_tapin_clusters,1215.0,1200.0
line,821路(方庄南口--小周易村),7,600.0,28,bus_tapin_clusters,720.0,600.0
line,821路(方庄南口--小周易村),8,600.0,31,bus_tapin_clusters,780.0,600.0
line,821路(方庄南口--小周易村),9,570.0,23,bus_tapin_clusters,570.0,720.0
line,821路(方庄南口--小周易村),10,450.0,40,bus_tapin_clusters,480.0,450.0
line,821路(方庄南口--小周易村),11,514.2857142857143,33,bus_tapin_clusters,600.0,514.2857142857143
line,821路(方庄南口--小周易村),12,600.0,27,bus_tapin_clusters,780.0,600.0
line,821路(方庄南口--小周易村),13,600.0,28,bus_tapin_clusters,660.0,600.0
line,821路(方庄南口--小周易村),14,514.2857142857143,26,bus_tapin_clusters,630.0,514.2857142857143
line,821路(方庄南口--小周易村),15,480.0,29,bus_tapin_clusters,480.0,514.2857142857143
line,821路(方庄南口--小周易村),16,450.0,34,bus_tapin_clusters,540.0,450.0
line,821路(方庄南口--小周易村),17,514.2857142857143,33,bus_tapin_clusters,660.0,514.2857142857143
line,821路(方庄南口--小周易村),18,600.0,27,bus_tapin_clusters,720.0,600.0
line,821路(方庄南口--小周易村),19,600.0,29,bus_tapin_clusters,660.0,600.0
line,821路(方庄南口--小周易村),20,600.0,25,bus_tapin_clusters,660.0,600.0
line,821路(方庄南口--小周易村),21,1200.0,6,bus_tapin_clusters,1290.0,1200.0
line,362路(西直门公交场站--地铁西二旗站南),6,660.0,10,bus_tapin_clusters,660.0,900.0
line,362路(西直门公交场站--地铁西二旗站南),7,514.2857142857143,25,bus_tapin_clusters,600.0,514.2857142857143
line,362路(西直门公交场站--地铁西二旗站南),8,360.0,41,bus_tapin_clusters,420.0,360.0
line,362路(西直门公交场站--地铁西二旗站南),9,600.0,24,bus_tapin_clusters,690.0,600.0
line,362路(西直门公交场站--地铁西二旗站南),10,780.0,18,bus_tapin_clusters,780.0,900.0
line,362路(西直门公交场站--地铁西二旗站南),11,720.0,22,bus_tapin_clusters,765.0,720.0
line,362路(西直门公交场站--地铁西二旗站南),12,900.0,14,bus_tapin_clusters,960.0,900.0
line,362路(西直门公交场站--地铁西二旗站南),13,960.0,13,bus_tapin_clusters,960.0,1200.0
line,362路(西直门公交场站--地铁西二旗站南),14,870.0,12,bus_tapin_clusters,870.0,900.0
line,362路(西直门公交场站--地铁西二旗站南),15,720.0,23,bus_tapin_clusters,720.0,720.0
line,362路(西直门公交场站--地铁西二旗站南),16,514.2857142857143,29,bus_tapin_clusters,600.0,514.2857142857143
line,362路(西直门公交场站--地铁西二旗站南),17,495.0,38,bus_tapin_clusters,495.0,514.2857142857143
line,362路(西直门公交场站--地铁西二旗站南),18,600.0,24,bus_tapin_clusters,660.0,600.0
line,362路(西直门公交场站--地铁西二旗站南),19,600.0,21,bus_tapin_clusters,660.0,600.0
line,362路(西直门公交场站--地铁西二旗站南),20,1020.0,7,bus_tapin_clusters,1020.0,1200.0
line,362路(西直门公交场站--地铁西二旗站南),21,900.0,5,bus_tapin_clusters,900.0,900.0
line,345路快车(德胜门西--朝凤庵村),6,514.2857142857143,15,bus_tapin_clusters,540.0,514.2857142857143
line,345路快车(德胜门西--朝凤庵村),7,300.0,35,bus_tapin_clusters,300.0,300.0
line,345路快车(德胜门西--朝凤庵村),8,327.27272727272725,34,bus_tapin_clusters,360.0,327.27272727272725
line,345路快车(德胜门西--朝凤庵村),9,300.0,26,bus_tapin_clusters,315.0,300.0
line,345路快车(德胜门西--朝凤庵村),10,257.14285714285717,23,bus_tapin_clusters,360.0,257.14285714285717
line,345路快车(德胜门西--朝凤庵村),11,400.0,18,bus_tapin_clusters,420.0,400.0
line,345路快车(德胜门西--朝凤庵村),12,360.0,11,bus_tapin_clusters,360.0,360.0
line,345路快车(德胜门西--朝凤庵村),13,645.0,14,bus_tapin_clusters,645.0,720.0
line,345路快车(德胜门西--朝凤庵村),14,390.0,20,bus_tapin_clusters,390.0,400.0
line,345路快车(德胜门西--朝凤庵村),15,600.0,9,bus_tapin_clusters,600.0,720.0
line,345路快车(德胜门西--朝凤庵村),16,400.0,17,bus_tapin_clusters,480.0,400.0
line,345路快车(德胜门西--朝凤庵村),17,276.9230769230769,31,bus_tapin_clusters,360.0,276.9230769230769
line,345路快车(德胜门西--朝凤庵村),18,240.0,29,bus_tapin_clusters,240.0,240.0
line,345路快车(德胜门西--朝凤庵村),19,360.0,21,bus_tapin_clusters,420.0,360.0
line,345路快车(德胜门西--朝凤庵村),20,450.0,19,bus_tapin_clusters,720.0,450.0
line,345路快车(德胜门西--朝凤庵村),21,1200.0,3,bus_tapin_clusters,1500.0,1200.0
line,546路(鲁谷公交场站--富丰桥西),6,1800.0,2,bus_tapin_clusters,2790.0,1800.0
line,546路(鲁谷公交场站--富丰桥西),7,810.0,2,bus_tapin_clusters,810.0,1800.0
line,546路(鲁谷公交场站--富丰桥西),8,660.0,4,bus_tapin_clusters,660.0,720.0
line,546路(鲁谷公交场站--富丰桥西),10,600.0,3,bus_tapin_clusters,600.0,1200.0
line,546路(鲁谷公交场站--富丰桥西),11,840.0,3,bus_tapin_clusters,840.0,900.0
line,546路(鲁谷公交场站--富丰桥西),14,630.0,2,bus_tapin_clusters,630.0,1200.0
line,596路(七星路南口--国际展览中心),6,630.0,4,bus_tapin_clusters,630.0,900.0
line,596路(七星路南口--国际展览中心),7,660.0,5,bus_tapin_clusters,660.0,720.0
line,596路(七星路南口--国际展览中心),8,570.0,6,bus_tapin_clusters,570.0,600.0
line,596路(七星路南口--国际展览中心),9,900.0,4,bus_tapin_clusters,900.0,900.0
line,596路(七星路南口--国际展览中心),10,450.0,6,bus_tapin_clusters,450.0,600.0
line,596路(七星路南口--国际展览中心),11,1200.0,3,bus_tapin_clusters,1560.0,1200.0
line,596路(七星路南口--国际展览中心),12,1740.0,2,bus_tapin_clusters,1740.0,1800.0
line,596路(七星路南口--国际展览中心),13,1620.0,2,bus_tapin_clusters,1620.0,1800.0
line,596路(七星路南口--国际展览中心),14,1020.0,3,bus_tapin_clusters,1020.0,1200.0
line,596路(七星路南口--国际展览中心),15,810.0,4,bus_tapin_clusters,810.0,900.0
line,596路(七星路南口--国际展览中心),16,600.0,6,bus_tapin_clusters,720.0,600.0
line,596路(七星路南口--国际展览中心),17,810.0,4,bus_tapin_clusters,810.0,900.0
line,596路(七星路南口--国际展览中心),18,555.0,4,bus_tapin_clusters,555.0,900.0
line,596路(七星路南口--国际展览中心),19,450.0,6,bus_tapin_clusters,450.0,600.0
line,596路(七星路南口--国际展览中心),20,630.0,4,bus_tapin_clusters,630.0,900.0
line,596路(七星路南口--国际展览中心),21,1200.0,3,bus_tapin_clusters,1860.0,1200.0
line,466路(地铁北苑站--中关村南),7,900.0,9,bus_tapin_clusters,1080.0,900.0
line,466路(地铁北苑站--中关村南),8,720.0,12,bus_tapin_clusters,840.0,720.0
line,466路(地铁北苑站--中关村南),9,720.0,17,bus_tapin_clusters,720.0,720.0
line,466路(地铁北苑站--中关村南),10,720.0,12,bus_tapin_clusters,900.0,720.0
line,466路(地铁北苑站--中关村南),12,900.0,9,bus_tapin_clusters,1140.0,900.0
line,466路(地铁北苑站--中关村南),13,900.0,8,bus_tapin_clusters,990.0,900.0
line,466路(地铁北苑站--中关村南),14,900.0,12,bus_tapin_clusters,1065.0,900.0
line,466路(地铁北苑站--中关村南),15,900.0,10,bus_tapin_clusters,1080.0,900.0
line,466路(地铁北苑站--中关村南),16,1020.0,11,bus_tapin_clusters,1020.0,1200.0
line,466路(地铁北苑站--中关村南),17,720.0,11,bus_tapin_clusters,1440.0,720.0
line,466路(地铁北苑站--中关村南),18,1020.0,7,bus_tapin_clusters,1020.0,1200.0
line,466路(地铁北苑站--中关村南),11,1650.0,4,bus_tapin_clusters,1650.0,1800.0
line,510路(双泉堡东--杏坛路),6,900.0,14,bus_tapin_clusters,1020.0,900.0
line,510路(双泉堡东--杏坛路),7,480.0,19,bus_tapin_clusters,480.0,720.0
line,510路(双泉堡东--杏坛路),8,540.0,26,bus_tapin_clusters,540.0,720.0
line,510路(双泉堡东--杏坛路),9,900.0,20,bus_tapin_clusters,990.0,900.0
line,510路(双泉堡东--杏坛路),10,720.0,20,bus_tapin_clusters,1020.0,720.0
line,510路(双泉堡东--杏坛路),11,780.0,11,bus_tapin_clusters,780.0,900.0
line,510路(双泉堡东--杏坛路),12,720.0,10,bus_tapin_clusters,795.0,720.0
line,510路(双泉堡东--杏坛路),13,1230.0,9,bus_tapin_clusters,1230.0,1800.0
line,510路(双泉堡东--杏坛路),14,720.0,14,bus_tapin_clusters,960.0,720.0
line,510路(双泉堡东--杏坛路),15,1200.0,12,bus_tapin_clusters,1440.0,1200.0
line,510路(双泉堡东--杏坛路),16,720.0,16,bus_tapin_clusters,945.0,720.0
line,510路(双泉堡东--杏坛路),17,900.0,19,bus_tapin_clusters,1140.0,900.0
line,510路(双泉堡东--杏坛路),18,600.0,19,bus_tapin_clusters,600.0,720.0
line,510路(双泉堡东--杏坛路),19,750.0,9,bus_tapin_clusters,750.0,900.0
line,510路(双泉堡东--杏坛路),20,1200.0,8,bus_tapin_clusters,1500.0,1200.0
line,890路(下苇甸--北京西站南广场),6,510.0,14,bus_tapin_clusters,510.0,514.2857142857143
line,890路(下苇甸--北京西站南广场),7,300.0,29,bus_tapin_clusters,300.0,450.0
line,890路(下苇甸--北京西站南广场),8,327.27272727272725,32,bus_tapin_clusters,420.0,327.27272727272725
line,890路(下苇甸--北京西站南广场),9,900.0,13,bus_tapin_clusters,1020.0,900.0
line,890路(下苇甸--北京西站南广场),10,840.0,6,bus_tapin_clusters,840.0,1200.0
line,890路(下苇甸--北京西站南广场),11,900.0,7,bus_tapin_clusters,960.0,900.0
line,890路(下苇甸--北京西站南广场),12,900.0,7,bus_tapin_clusters,960.0,900.0
line,890路(下苇甸--北京西站南广场),13,720.0,12,bus_tapin_clusters,870.0,720.0
line,890路(下苇甸--北京西站南广场),14,720.0,11,bus_tapin_clusters,960.0,720.0
line,890路(下苇甸--北京西站南广场),15,840.0,6,bus_tapin_clusters,840.0,900.0
line,890路(下苇甸--北京西站南广场),16,720.0,12,bus_tapin_clusters,990.0,720.0
line,890路(下苇甸--北京西站南广场),17,600.0,12,bus_tapin_clusters,690.0,600.0
line,890路(下苇甸--北京西站南广场),18,720.0,12,bus_tapin_clusters,840.0,720.0
line,890路(下苇甸--北京西站南广场),19,1410.0,2,bus_tapin_clusters,1410.0,1800.0
line,847路(北太平桥东--孙河公交场站),6,720.0,23,bus_tapin_clusters,720.0,720.0
line,847路(北太平桥东--孙河公交场站),7,600.0,30,bus_tapin_clusters,900.0,600.0
line,847路(北太平桥东--孙河公交场站),8,514.2857142857143,25,bus_tapin_clusters,600.0,514.2857142857143
line,847路(北太平桥东--孙河公交场站),9,450.0,34,bus_tapin_clusters,495.0,450.0
line,847路(北太平桥东--孙河公交场站),10,600.0,29,bus_tapin_clusters,600.0,600.0
line,847路(北太平桥东--孙河公交场站),11,900.0,18,bus_tapin_clusters,1020.0,900.0
line,847路(北太平桥东--孙河公交场站),12,720.0,21,bus_tapin_clusters,900.0,720.0
line,847路(北太平桥东--孙河公交场站),13,720.0,21,bus_tapin_clusters,900.0,720.0
line,847路(北太平桥东--孙河公交场站),14,900.0,13,bus_tapin_clusters,1380.0,900.0
line,847路(北太平桥东--孙河公交场站),15,720.0,24,bus_tapin_clusters,1080.0,720.0
line,847路(北太平桥东--孙河公交场站),16,720.0,19,bus_tapin_clusters,840.0,720.0
line,847路(北太平桥东--孙河公交场站),17,720.0,26,bus_tapin_clusters,930.0,720.0
line,847路(北太平桥东--孙河公交场站),18,720.0,26,bus_tapin_clusters,720.0,720.0
line,847路(北太平桥东--孙河公交场站),19,514.2857142857143,30,bus_tapin_clusters,660.0,514.2857142857143
line,847路(北太平桥东--孙河公交场站),20,900.0,15,bus_tapin_clusters,1320.0,900.0
line,847路(北太平桥东--孙河公交场站),21,540.0,2,bus_tapin_clusters,540.0,1200.0
line,584路(颐和山庄--大钟寺),7,690.0,20,bus_tapin_clusters,690.0,720.0
line,584路(颐和山庄--大钟寺),8,514.2857142857143,28,bus_tapin_clusters,690.0,514.2857142857143
line,584路(颐和山庄--大钟寺),9,514.2857142857143,28,bus_tapin_clusters,630.0,514.2857142857143
line,584路(颐和山庄--大钟寺),10,600.0,17,bus_tapin_clusters,780.0,600.0
line,584路(颐和山庄--大钟寺),11,450.0,27,bus_tapin_clusters,600.0,450.0
line,584路(颐和山庄--大钟寺),12,600.0,20,bus_tapin_clusters,630.0,600.0
line,584路(颐和山庄--大钟寺),13,600.0,19,bus_tapin_clusters,780.0,600.0
line,584路(颐和山庄--大钟寺),14,600.0,20,bus_tapin_clusters,810.0,600.0
line,584路(颐和山庄--大钟寺),15,600.0,22,bus_tapin_clusters,870.0,600.0
line,584路(颐和山庄--大钟寺),16,400.0,24,bus_tapin_clusters,450.0,400.0
line,584路(颐和山庄--大钟寺),17,514.2857142857143,27,bus_tapin_clusters,600.0,514.2857142857143
line,584路(颐和山庄--大钟寺),18,480.0,28,bus_tapin_clusters,480.0,514.2857142857143
line,584路(颐和山庄--大钟寺),19,630.0,20,bus_tapin_clusters,630.0,720.0
line,584路(颐和山庄--大钟寺),20,900.0,17,bus_tapin_clusters,1140.0,900.0
line,584路(颐和山庄--大钟寺),21,900.0,10,bus_tapin_clusters,990.0,900.0
line,667路(大北窑东--刘庄北站),6,660.0,5,bus_tapin_clusters,660.0,720.0
line,667路(大北窑东--刘庄北站),7,645.0,4,bus_tapin_clusters,645.0,900.0
line,667路(大北窑东--刘庄北站),9,900.0,4,bus_tapin_clusters,1020.0,900.0
line,667路(大北窑东--刘庄北站),10,1140.0,3,bus_tapin_clusters,1140.0,1200.0
line,667路(大北窑东--刘庄北站),11,1200.0,3,bus_tapin_clusters,2160.0,1200.0
line,667路(大北窑东--刘庄北站),12,420.0,3,bus_tapin_clusters,420.0,1200.0
line,667路(大北窑东--刘庄北站),13,900.0,4,bus_tapin_clusters,990.0,900.0
line,667路(大北窑东--刘庄北站),14,1560.0,2,bus_tapin_clusters,1560.0,1800.0
line,667路(大北窑东--刘庄北站),15,375.0,6,bus_tapin_clusters,375.0,600.0
line,667路(大北窑东--刘庄北站),16,420.0,5,bus_tapin_clusters,420.0,720.0
line,667路(大北窑东--刘庄北站),17,600.0,4,bus_tapin_clusters,600.0,900.0
line,667路(大北窑东--刘庄北站),18,345.0,6,bus_tapin_clusters,345.0,600.0
line,667路(大北窑东--刘庄北站),19,780.0,3,bus_tapin_clusters,780.0,1200.0
line,667路(大北窑东--刘庄北站),20,765.0,4,bus_tapin_clusters,765.0,900.0
line,667路(大北窑东--刘庄北站),21,1200.0,3,bus_tapin_clusters,1350.0,1200.0
line,667路(大北窑东--刘庄北站),22,810.0,3,bus_tapin_clusters,810.0,900.0
line,977路(冯村公交场站--菜户营桥西),7,720.0,19,bus_tapin_clusters,900.0,720.0
line,977路(冯村公交场站--菜户营桥西),8,600.0,22,bus_tapin_clusters,990.0,600.0
line,977路(冯村公交场站--菜户营桥西),9,450.0,31,bus_tapin_clusters,570.0,450.0
line,977路(冯村公交场站--菜户营桥西),10,720.0,24,bus_tapin_clusters,720.0,720.0
line,977路(冯村公交场站--菜户营桥西),11,900.0,11,bus_tapin_clusters,1380.0,900.0
line,977路(冯村公交场站--菜户营桥西),12,900.0,16,bus_tapin_clusters,1110.0,900.0
line,977路(冯村公交场站--菜户营桥西),13,900.0,18,bus_tapin_clusters,1170.0,900.0
line,977路(冯村公交场站--菜户营桥西),14,900.0,21,bus_tapin_clusters,1110.0,900.0
line,977路(冯村公交场站--菜户营桥西),15,600.0,21,bus_tapin_clusters,780.0,600.0
line,977路(冯村公交场站--菜户营桥西),16,720.0,18,bus_tapin_clusters,810.0,720.0
line,977路(冯村公交场站--菜户营桥西),17,600.0,23,bus_tapin_clusters,780.0,600.0
line,977路(冯村公交场站--菜户营桥西),18,514.2857142857143,31,bus_tapin_clusters,600.0,514.2857142857143
line,977路(冯村公交场站--菜户营桥西),19,720.0,16,bus_tapin_clusters,960.0,720.0
line,977路(冯村公交场站--菜户营桥西),20,705.0,16,bus_tapin_clusters,705.0,900.0
line,977路(冯村公交场站--菜户营桥西),6,660.0,16,bus_tapin_clusters,660.0,720.0
line,977路(冯村公交场站--菜户营桥西),21,900.0,6,bus_tapin_clusters,1050.0,900.0
line,478路(小辛庄村--学知桥北),17,1080.0,3,bus_tapin_clusters,1080.0,1200.0
line,478路(小辛庄村--学知桥北),18,720.0,4,bus_tapin_clusters,720.0,900.0
line,478路(小辛庄村--学知桥北),19,1200.0,3,bus_tapin_clusters,1500.0,1200.0
line,969路(地铁西局站--海子角),6,1440.0,3,bus_tapin_clusters,1440.0,1800.0
line,969路(地铁西局站--海子角),7,900.0,13,bus_tapin_clusters,1020.0,900.0
line,969路(地铁西局站--海子角),8,720.0,18,bus_tapin_clusters,1290.0,720.0
line,969路(地铁西局站--海子角),9,900.0,14,bus_tapin_clusters,1020.0,900.0
line,969路(地铁西局站--海子角),10,735.0,6,bus_tapin_clusters,735.0,1200.0
line,969路(地铁西局站--海子角),11,390.0,6,bus_tapin_clusters,390.0,1200.0
line,969路(地铁西局站--海子角),14,540.0,2,bus_tapin_clusters,540.0,1800.0
line,969路(地铁西局站--海子角),17,720.0,12,bus_tapin_clusters,750.0,720.0
line,969路(地铁西局站--海子角),18,570.0,6,bus_tapin_clusters,570.0,900.0
line,969路(地铁西局站--海子角),19,660.0,7,bus_tapin_clusters,660.0,900.0
line,969路(地铁西局站--海子角),20,1140.0,3,bus_tapin_clusters,1140.0,1200.0
line,969路(地铁西局站--海子角),16,1800.0,4,bus_tapin_clusters,2040.0,1800.0
line,969路(地铁西局站--海子角),15,1800.0,2,bus_tapin_clusters,2340.0,1800.0
line,990路(地铁公益西桥站--小红门牌坊村),7,420.0,17,bus_tapin_clusters,420.0,450.0
line,990路(地铁公益西桥站--小红门牌坊村),8,600.0,22,bus_tapin_clusters,690.0,600.0
line,990路(地铁公益西桥站--小红门牌坊村),9,720.0,20,bus_tapin_clusters,960.0,720.0
line,990路(地铁公益西桥站--小红门牌坊村),10,1200.0,11,bus_tapin_clusters,2370.0,1200.0
line,990路(地铁公益西桥站--小红门牌坊村),12,1200.0,6,bus_tapin_clusters,1230.0,1200.0
line,990路(地铁公益西桥站--小红门牌坊村),17,720.0,14,bus_tapin_clusters,990.0,720.0
line,990路(地铁公益西桥站--小红门牌坊村),18,1200.0,11,bus_tapin_clusters,1560.0,1200.0
line,990路(地铁公益西桥站--小红门牌坊村),19,720.0,17,bus_tapin_clusters,1080.0,720.0
line,990路(地铁公益西桥站--小红门牌坊村),20,1200.0,6,bus_tapin_clusters,1620.0,1200.0
line,990路(地铁公益西桥站--小红门牌坊村),21,1740.0,4,bus_tapin_clusters,1740.0,1800.0
line,990路(地铁公益西桥站--小红门牌坊村),13,1200.0,3,bus_tapin_clusters,1560.0,1200.0
line,990路(地铁公益西桥站--小红门牌坊村),14,900.0,11,bus_tapin_clusters,1260.0,900.0
line,990路(地铁公益西桥站--小红门牌坊村),16,690.0,7,bus_tapin_clusters,690.0,720.0
line,990路(地铁公益西桥站--小红门牌坊村),6,900.0,7,bus_tapin_clusters,900.0,900.0
line,990路(地铁公益西桥站--小红门牌坊村),11,1200.0,9,bus_tapin_clusters,1440.0,1200.0
line,990路(地铁公益西桥站--小红门牌坊村),15,480.0,5,bus_tapin_clusters,480.0,900.0
line,991路(亮马厂西口--孙河公交场站),6,1800.0,3,bus_tapin_clusters,1860.0,1800.0
line,991路(亮马厂西口--孙河公交场站),8,900.0,10,bus_tapin_clusters,945.0,900.0
line,991路(亮马厂西口--孙河公交场站),9,900.0,11,bus_tapin_clusters,960.0,900.0
line,991路(亮马厂西口--孙河公交场站),10,600.0,15,bus_tapin_clusters,780.0,600.0
line,991路(亮马厂西口--孙河公交场站),11,720.0,11,bus_tapin_clusters,960.0,720.0
line,991路(亮马厂西口--孙河公交场站),12,1080.0,5,bus_tapin_clusters,1080.0,1200.0
line,991路(亮马厂西口--孙河公交场站),13,870.0,8,bus_tapin_clusters,870.0,900.0
line,991路(亮马厂西口--孙河公交场站),14,900.0,6,bus_tapin_clusters,1140.0,900.0
line,991路(亮马厂西口--孙河公交场站),15,900.0,8,bus_tapin_clusters,1560.0,900.0
line,991路(亮马厂西口--孙河公交场站),16,1620.0,2,bus_tapin_clusters,1620.0,1800.0
line,991路(亮马厂西口--孙河公交场站),17,960.0,8,bus_tapin_clusters,960.0,1200.0
line,991路(亮马厂西口--孙河公交场站),18,1620.0,5,bus_tapin_clusters,1620.0,1800.0
line,991路(亮马厂西口--孙河公交场站),19,720.0,3,bus_tapin_clusters,720.0,1200.0
line,991路(亮马厂西口--孙河公交场站),20,780.0,3,bus_tapin_clusters,780.0,1800.0
line,991路(亮马厂西口--孙河公交场站),21,990.0,4,bus_tapin_clusters,990.0,1200.0
line,991路(亮马厂西口--孙河公交场站),7,840.0,3,bus_tapin_clusters,840.0,1200.0
line,664路(地铁苹果园站--厢白旗桥),6,540.0,16,bus_tapin_clusters,540.0,720.0
line,664路(地铁苹果园站--厢白旗桥),7,720.0,17,bus_tapin_clusters,840.0,720.0
line,664路(地铁苹果园站--厢白旗桥),8,450.0,25,bus_tapin_clusters,480.0,450.0
line,664路(地铁苹果园站--厢白旗桥),9,480.0,10,bus_tapin_clusters,480.0,900.0
line,664路(地铁苹果园站--厢白旗桥),10,900.0,9,bus_tapin_clusters,900.0,900.0
line,664路(地铁苹果园站--厢白旗桥),11,1200.0,10,bus_tapin_clusters,1320.0,1200.0
line,664路(地铁苹果园站--厢白旗桥),12,720.0,6,bus_tapin_clusters,810.0,720.0
line,664路(地铁苹果园站--厢白旗桥),13,1800.0,4,bus_tapin_clusters,1800.0,1800.0
line,664路(地铁苹果园站--厢白旗桥),14,1110.0,9,bus_tapin_clusters,1110.0,1200.0
line,664路(地铁苹果园站--厢白旗桥),15,510.0,12,bus_tapin_clusters,510.0,600.0
line,664路(地铁苹果园站--厢白旗桥),16,514.2857142857143,18,bus_tapin_clusters,750.0,514.2857142857143
line,664路(地铁苹果园站--厢白旗桥),17,660.0,13,bus_tapin_clusters,660.0,900.0
line,664路(地铁苹果园站--厢白旗桥),18,720.0,17,bus_tapin_clusters,720.0,720.0
line,664路(地铁苹果园站--厢白旗桥),19,900.0,10,bus_tapin_clusters,930.0,900.0
line,664路(地铁苹果园站--厢白旗桥),20,870.0,10,bus_tapin_clusters,870.0,900.0
line,126路(北京站东--石各庄),6,720.0,18,bus_tapin_clusters,870.0,720.0
line,126路(北京站东--石各庄),7,514.2857142857143,27,bus_tapin_clusters,660.0,514.2857142857143
line,126路(北京站东--石各庄),8,720.0,23,bus_tapin_clusters,780.0,720.0
line,126路(北京站东--石各庄),9,514.2857142857143,28,bus_tapin_clusters,600.0,514.2857142857143
line,126路(北京站东--石各庄),10,600.0,19,bus_tapin_clusters,960.0,600.0
line,126路(北京站东--石各庄),11,1410.0,12,bus_tapin_clusters,1410.0,1800.0
line,126路(北京站东--石各庄),12,720.0,19,bus_tapin_clusters,900.0,720.0
line,126路(北京站东--石各庄),13,900.0,21,bus_tapin_clusters,1260.0,900.0
line,126路(北京站东--石各庄),14,900.0,18,bus_tapin_clusters,930.0,900.0
line,126路(北京站东--石各庄),15,600.0,23,bus_tapin_clusters,600.0,720.0
line,126路(北京站东--石各庄),16,600.0,25,bus_tapin_clusters,900.0,600.0
line,126路(北京站东--石各庄),17,600.0,29,bus_tapin_clusters,660.0,600.0
line,126路(北京站东--石各庄),18,435.0,38,bus_tapin_clusters,435.0,450.0
line,126路(北京站东--石各庄),19,514.2857142857143,23,bus_tapin_clusters,870.0,514.2857142857143
line,126路(北京站东--石各庄),20,900.0,19,bus_tapin_clusters,1170.0,900.0
line,126路(北京站东--石各庄),21,900.0,15,bus_tapin_clusters,900.0,900.0
line,645路(航天桥北--国家体育场东),7,300.0,41,bus_tapin_clusters,300.0,300.0
line,645路(航天桥北--国家体育场东),8,400.0,36,bus_tapin_clusters,600.0,400.0
line,645路(航天桥北--国家体育场东),9,400.0,40,bus_tapin_clusters,570.0,400.0
line,645路(航天桥北--国家体育场东),10,720.0,21,bus_tapin_clusters,720.0,720.0
line,645路(航天桥北--国家体育场东),11,400.0,30,bus_tapin_clusters,600.0,400.0
line,645路(航天桥北--国家体育场东),12,400.0,32,bus_tapin_clusters,435.0,400.0
line,645路(航天桥北--国家体育场东),13,450.0,30,bus_tapin_clusters,780.0,450.0
line,645路(航天桥北--国家体育场东),14,600.0,32,bus_tapin_clusters,615.0,600.0
line,645路(航天桥北--国家体育场东),15,450.0,33,bus_tapin_clusters,540.0,450.0
line,645路(航天桥北--国家体育场东),16,450.0,33,bus_tapin_clusters,480.0,450.0
line,645路(航天桥北--国家体育场东),17,450.0,39,bus_tapin_clusters,540.0,450.0
line,645路(航天桥北--国家体育场东),18,450.0,37,bus_tapin_clusters,540.0,450.0
line,645路(航天桥北--国家体育场东),19,450.0,32,bus_tapin_clusters,450.0,514.2857142857143
line,645路(航天桥北--国家体育场东),20,450.0,30,bus_tapin_clusters,585.0,450.0
line,645路(航天桥北--国家体育场东),21,600.0,19,bus_tapin_clusters,600.0,600.0
line,645路(航天桥北--国家体育场东),6,400.0,22,bus_tapin_clusters,465.0,400.0
line,645路(航天桥北--国家体育场东),22,225.0,2,bus_tapin_clusters,225.0,1200.0
line,485路(振亚庄--北京南站),6,900.0,15,bus_tapin_clusters,1020.0,900.0
line,485路(振亚庄--北京南站),7,600.0,29,bus_tapin_clusters,840.0,600.0
line,485路(振亚庄--北京南站),8,600.0,24,bus_tapin_clusters,1020.0,600.0
line,485路(振亚庄--北京南站),9,600.0,25,bus_tapin_clusters,600.0,600.0
line,485路(振亚庄--北京南站),10,900.0,19,bus_tapin_clusters,1020.0,900.0
line,485路(振亚庄--北京南站),11,1200.0,12,bus_tapin_clusters,1440.0,1200.0
line,485路(振亚庄--北京南站),12,600.0,21,bus_tapin_clusters,780.0,600.0
line,485路(振亚庄--北京南站),13,720.0,23,bus_tapin_clusters,780.0,720.0
line,485路(振亚庄--北京南站),14,720.0,14,bus_tapin_clusters,930.0,720.0
line,485路(振亚庄--北京南站),15,600.0,18,bus_tapin_clusters,960.0,600.0
line,485路(振亚庄--北京南站),16,720.0,17,bus_tapin_clusters,1020.0,720.0
line,485路(振亚庄--北京南站),17,450.0,29,bus_tapin_clusters,480.0,450.0
line,485路(振亚庄--北京南站),18,900.0,13,bus_tapin_clusters,1140.0,900.0
line,485路(振亚庄--北京南站),19,900.0,11,bus_tapin_clusters,930.0,900.0
line,485路(振亚庄--北京南站),20,960.0,5,bus_tapin_clusters,960.0,1200.0
line,554路(六里桥北--郭庄子公交场站),8,1335.0,2,bus_tapin_clusters,1335.0,1800.0
line,554路(六里桥北--郭庄子公交场站),9,1200.0,4,bus_tapin_clusters,1590.0,1200.0
line,554路(六里桥北--郭庄子公交场站),14,1200.0,5,bus_tapin_clusters,2280.0,1200.0
line,554路(六里桥北--郭庄子公交场站),15,1320.0,4,bus_tapin_clusters,1320.0,1800.0
line,554路(六里桥北--郭庄子公交场站),18,1080.0,3,bus_tapin_clusters,1080.0,1200.0
line,554路(六里桥北--郭庄子公交场站),19,1440.0,3,bus_tapin_clusters,1440.0,1800.0
line,554路(六里桥北--郭庄子公交场站),13,1800.0,2,bus_tapin_clusters,2175.0,1800.0
line,459路(南宫迎宾路--丽泽桥),6,900.0,12,bus_tapin_clusters,990.0,900.0
line,459路(南宫迎宾路--丽泽桥),7,450.0,30,bus_tapin_clusters,600.0,450.0
line,459路(南宫迎宾路--丽泽桥),8,600.0,24,bus_tapin_clusters,750.0,600.0
line,459路(南宫迎宾路--丽泽桥),9,600.0,27,bus_tapin_clusters,600.0,600.0
line,459路(南宫迎宾路--丽泽桥),10,600.0,18,bus_tapin_clusters,660.0,600.0
line,459路(南宫迎宾路--丽泽桥),11,600.0,15,bus_tapin_clusters,600.0,720.0
line,459路(南宫迎宾路--丽泽桥),12,900.0,11,bus_tapin_clusters,1020.0,900.0
line,459路(南宫迎宾路--丽泽桥),13,720.0,13,bus_tapin_clusters,780.0,720.0
line,459路(南宫迎宾路--丽泽桥),14,1200.0,11,bus_tapin_clusters,2400.0,1200.0
line,459路(南宫迎宾路--丽泽桥),15,690.0,10,bus_tapin_clusters,690.0,720.0
line,459路(南宫迎宾路--丽泽桥),16,600.0,21,bus_tapin_clusters,600.0,600.0
line,459路(南宫迎宾路--丽泽桥),17,514.2857142857143,20,bus_tapin_clusters,780.0,514.2857142857143
line,459路(南宫迎宾路--丽泽桥),18,1200.0,5,bus_tapin_clusters,1500.0,1200.0
line,459路(南宫迎宾路--丽泽桥),19,720.0,15,bus_tapin_clusters,960.0,720.0
line,459路(南宫迎宾路--丽泽桥),20,900.0,12,bus_tapin_clusters,1680.0,900.0
line,865路(四惠枢纽站--小红门牌坊村),6,660.0,23,bus_tapin_clusters,660.0,720.0
line,865路(四惠枢纽站--小红门牌坊村),7,600.0,25,bus_tapin_clusters,780.0,600.0
line,865路(四惠枢纽站--小红门牌坊村),8,600.0,26,bus_tapin_clusters,720.0,600.0
line,865路(四惠枢纽站--小红门牌坊村),9,660.0,20,bus_tapin_clusters,660.0,720.0
line,865路(四惠枢纽站--小红门牌坊村),10,720.0,15,bus_tapin_clusters,900.0,720.0
line,865路(四惠枢纽站--小红门牌坊村),11,1170.0,2,bus_tapin_clusters,1170.0,1800.0
line,865路(四惠枢纽站--小红门牌坊村),12,900.0,9,bus_tapin_clusters,1560.0,900.0
line,865路(四惠枢纽站--小红门牌坊村),13,720.0,11,bus_tapin_clusters,900.0,720.0
line,865路(四惠枢纽站--小红门牌坊村),14,450.0,13,bus_tapin_clusters,480.0,450.0
line,865路(四惠枢纽站--小红门牌坊村),15,660.0,14,bus_tapin_clusters,660.0,900.0
line,865路(四惠枢纽站--小红门牌坊村),16,720.0,18,bus_tapin_clusters,900.0,720.0
line,865路(四惠枢纽站--小红门牌坊村),17,450.0,31,bus_tapin_clusters,600.0,450.0
line,865路(四惠枢纽站--小红门牌坊村),18,600.0,23,bus_tapin_clusters,840.0,600.0
line,865路(四惠枢纽站--小红门牌坊村),19,840.0,14,bus_tapin_clusters,840.0,900.0
line,865路(四惠枢纽站--小红门牌坊村),20,720.0,13,bus_tapin_clusters,840.0,720.0
line,865路(四惠枢纽站--小红门牌坊村),21,180.0,5,bus_tapin_clusters,180.0,900.0
line,407路(惠新东桥西--马连店),6,810.0,4,bus_tapin_clusters,810.0,900.0
line,407路(惠新东桥西--马连店),7,660.0,5,bus_tapin_clusters,660.0,900.0
line,407路(惠新东桥西--马连店),8,570.0,8,bus_tapin_clusters,570.0,600.0
line,407路(惠新东桥西--马连店),9,720.0,8,bus_tapin_clusters,1080.0,720.0
line,407路(惠新东桥西--马连店),10,720.0,9,bus_tapin_clusters,900.0,720.0
line,407路(惠新东桥西--马连店),11,1560.0,4,bus_tapin_clusters,1560.0,1800.0
line,407路(惠新东桥西--马连店),12,780.0,3,bus_tapin_clusters,780.0,1200.0
line,407路(惠新东桥西--马连店),13,900.0,8,bus_tapin_clusters,930.0,900.0
line,407路(惠新东桥西--马连店),16,900.0,8,bus_tapin_clusters,900.0,900.0
line,407路(惠新东桥西--马连店),17,540.0,11,bus_tapin_clusters,540.0,600.0
line,407路(惠新东桥西--马连店),18,360.0,11,bus_tapin_clusters,360.0,450.0
line,407路(惠新东桥西--马连店),19,840.0,7,bus_tapin_clusters,840.0,900.0
line,407路(惠新东桥西--马连店),21,750.0,2,bus_tapin_clusters,750.0,1200.0
line,467路(静安庄--地铁善各庄站),6,1080.0,9,bus_tapin_clusters,1080.0,1200.0
line,467路(静安庄--地铁善各庄站),8,450.0,18,bus_tapin_clusters,570.0,450.0
line,467路(静安庄--地铁善各庄站),9,420.0,19,bus_tapin_clusters,420.0,514.2857142857143
line,467路(静安庄--地铁善各庄站),10,600.0,12,bus_tapin_clusters,660.0,600.0
line,467路(静安庄--地铁善各庄站),11,840.0,12,bus_tapin_clusters,840.0,900.0
line,467路(静安庄--地铁善各庄站),12,600.0,14,bus_tapin_clusters,675.0,600.0
line,467路(静安庄--地铁善各庄站),13,720.0,11,bus_tapin_clusters,720.0,720.0
line,467路(静安庄--地铁善各庄站),14,900.0,10,bus_tapin_clusters,1170.0,900.0
line,467路(静安庄--地铁善各庄站),15,540.0,11,bus_tapin_clusters,540.0,600.0
line,467路(静安庄--地铁善各庄站),16,660.0,13,bus_tapin_clusters,660.0,720.0
line,467路(静安庄--地铁善各庄站),17,514.2857142857143,17,bus_tapin_clusters,540.0,514.2857142857143
line,467路(静安庄--地铁善各庄站),18,450.0,18,bus_tapin_clusters,450.0,450.0
line,467路(静安庄--地铁善各庄站),19,720.0,9,bus_tapin_clusters,1140.0,720.0
line,467路(静安庄--地铁善各庄站),20,360.0,8,bus_tapin_clusters,360.0,450.0
line,467路(静安庄--地铁善各庄站),21,1140.0,3,bus_tapin_clusters,1140.0,1200.0
line,467路(静安庄--地铁善各庄站),22,600.0,4,bus_tapin_clusters,600.0,900.0
line,467路(静安庄--地铁善各庄站),7,1140.0,6,bus_tapin_clusters,1140.0,1200.0
line,571路(朝新嘉园--地铁望京西站),6,660.0,7,bus_tapin_clusters,660.0,720.0
line,571路(朝新嘉园--地铁望京西站),7,720.0,13,bus_tapin_clusters,780.0,720.0
line,571路(朝新嘉园--地铁望京西站),8,660.0,15,bus_tapin_clusters,660.0,720.0
line,571路(朝新嘉园--地铁望京西站),9,514.2857142857143,18,bus_tapin_clusters,660.0,514.2857142857143
line,571路(朝新嘉园--地铁望京西站),10,720.0,9,bus_tapin_clusters,840.0,720.0
line,571路(朝新嘉园--地铁望京西站),11,1200.0,7,bus_tapin_clusters,1740.0,1200.0
line,571路(朝新嘉园--地铁望京西站),12,1020.0,6,bus_tapin_clusters,1020.0,1200.0
line,571路(朝新嘉园--地铁望京西站),14,960.0,8,bus_tapin_clusters,960.0,1200.0
line,571路(朝新嘉园--地铁望京西站),15,720.0,13,bus_tapin_clusters,840.0,720.0
line,571路(朝新嘉园--地铁望京西站),16,514.2857142857143,11,bus_tapin_clusters,600.0,514.2857142857143
line,571路(朝新嘉园--地铁望京西站),17,600.0,13,bus_tapin_clusters,600.0,600.0
line,571路(朝新嘉园--地铁望京西站),18,600.0,15,bus_tapin_clusters,600.0,720.0
line,571路(朝新嘉园--地铁望京西站),19,1200.0,6,bus_tapin_clusters,1500.0,1200.0
line,571路(朝新嘉园--地铁望京西站),13,1800.0,2,bus_tapin_clusters,1980.0,1800.0
line,571路(朝新嘉园--地铁望京西站),20,1800.0,2,bus_tapin_clusters,2385.0,1800.0
line,375路(东北旺中路--北京北站),7,900.0,8,bus_tapin_clusters,1290.0,900.0
line,375路(东北旺中路--北京北站),8,390.0,8,bus_tapin_clusters,390.0,900.0
line,375路(东北旺中路--北京北站),9,420.0,8,bus_tapin_clusters,420.0,720.0
line,375路(东北旺中路--北京北站),10,720.0,7,bus_tapin_clusters,1020.0,720.0
line,375路(东北旺中路--北京北站),11,1200.0,5,bus_tapin_clusters,2100.0,1200.0
line,375路(东北旺中路--北京北站),16,720.0,9,bus_tapin_clusters,840.0,720.0
line,375路(东北旺中路--北京北站),17,690.0,4,bus_tapin_clusters,690.0,900.0
line,375路(东北旺中路--北京北站),18,420.0,5,bus_tapin_clusters,420.0,720.0
line,375路(东北旺中路--北京北站),19,840.0,5,bus_tapin_clusters,840.0,1200.0
line,375路(东北旺中路--北京北站),6,690.0,2,bus_tapin_clusters,690.0,1800.0
line,375路(东北旺中路--北京北站),12,900.0,4,bus_tapin_clusters,1170.0,900.0
line,375路(东北旺中路--北京北站),13,1770.0,2,bus_tapin_clusters,1770.0,1800.0
line,375路(东北旺中路--北京北站),20,1800.0,2,bus_tapin_clusters,2370.0,1800.0
line,375路(东北旺中路--北京北站),21,1140.0,2,bus_tapin_clusters,1140.0,1800.0
line,337路(石景山--公主坟西),6,720.0,5,bus_tapin_clusters,720.0,720.0
line,337路(石景山--公主坟西),7,900.0,10,bus_tapin_clusters,1110.0,900.0
line,337路(石景山--公主坟西),8,660.0,3,bus_tapin_clusters,660.0,1200.0
line,337路(石景山--公主坟西),9,420.0,13,bus_tapin_clusters,420.0,600.0
line,337路(石景山--公主坟西),10,600.0,9,bus_tapin_clusters,780.0,600.0
line,337路(石景山--公主坟西),11,600.0,10,bus_tapin_clusters,600.0,720.0
line,337路(石景山--公主坟西),12,735.0,8,bus_tapin_clusters,735.0,900.0
line,337路(石景山--公主坟西),13,840.0,6,bus_tapin_clusters,840.0,900.0
line,337路(石景山--公主坟西),14,900.0,7,bus_tapin_clusters,1530.0,900.0
line,337路(石景山--公主坟西),15,495.0,12,bus_tapin_clusters,495.0,514.2857142857143
line,337路(石景山--公主坟西),16,720.0,10,bus_tapin_clusters,720.0,720.0
line,337路(石景山--公主坟西),17,270.0,20,bus_tapin_clusters,270.0,360.0
line,337路(石景山--公主坟西),18,600.0,15,bus_tapin_clusters,660.0,600.0
line,337路(石景山--公主坟西),19,600.0,8,bus_tapin_clusters,720.0,600.0
line,337路(石景山--公主坟西),20,720.0,8,bus_tapin_clusters,900.0,720.0
line,646路(城南嘉园北--阎村桥公交场站),7,780.0,7,bus_tapin_clusters,780.0,1200.0
line,646路(城南嘉园北--阎村桥公交场站),8,720.0,15,bus_tapin_clusters,960.0,720.0
line,646路(城南嘉园北--阎村桥公交场站),9,1200.0,7,bus_tapin_clusters,1620.0,1200.0
line,646路(城南嘉园北--阎村桥公交场站),10,840.0,11,bus_tapin_clusters,840.0,900.0
line,646路(城南嘉园北--阎村桥公交场站),11,570.0,8,bus_tapin_clusters,570.0,720.0
line,646路(城南嘉园北--阎村桥公交场站),12,1800.0,3,bus_tapin_clusters,2220.0,1800.0
line,646路(城南嘉园北--阎村桥公交场站),14,600.0,9,bus_tapin_clusters,600.0,600.0
line,646路(城南嘉园北--阎村桥公交场站),15,600.0,10,bus_tapin_clusters,600.0,900.0
line,646路(城南嘉园北--阎村桥公交场站),16,1200.0,4,bus_tapin_clusters,1200.0,1800.0
line,646路(城南嘉园北--阎村桥公交场站),17,480.0,15,bus_tapin_clusters,480.0,600.0
line,646路(城南嘉园北--阎村桥公交场站),18,600.0,11,bus_tapin_clusters,780.0,600.0
line,646路(城南嘉园北--阎村桥公交场站),19,240.0,6,bus_tapin_clusters,240.0,900.0
line,646路(城南嘉园北--阎村桥公交场站),21,450.0,2,bus_tapin_clusters,450.0,1200.0
line,68路(厂桥路口西--马官营西),6,720.0,13,bus_tapin_clusters,840.0,720.0
line,68路(厂桥路口西--马官营西),7,514.2857142857143,22,bus_tapin_clusters,870.0,514.2857142857143
line,68路(厂桥路口西--马官营西),8,345.0,30,bus_tapin_clusters,345.0,400.0
line,68路(厂桥路口西--马官营西),9,600.0,25,bus_tapin_clusters,600.0,600.0
line,68路(厂桥路口西--马官营西),10,600.0,24,bus_tapin_clusters,675.0,600.0
line,68路(厂桥路口西--马官营西),11,600.0,27,bus_tapin_clusters,660.0,600.0
line,68路(厂桥路口西--马官营西),12,400.0,32,bus_tapin_clusters,450.0,400.0
line,68路(厂桥路口西--马官营西),13,900.0,15,bus_tapin_clusters,960.0,900.0
line,68路(厂桥路口西--马官营西),14,660.0,19,bus_tapin_clusters,660.0,720.0
line,68路(厂桥路口西--马官营西),15,720.0,22,bus_tapin_clusters,1110.0,720.0
line,68路(厂桥路口西--马官营西),17,330.0,36,bus_tapin_clusters,330.0,450.0
line,68路(厂桥路口西--马官营西),18,360.0,36,bus_tapin_clusters,600.0,360.0
line,68路(厂桥路口西--马官营西),19,720.0,22,bus_tapin_clusters,750.0,720.0
line,68路(厂桥路口西--马官营西),20,720.0,17,bus_tapin_clusters,720.0,900.0
line,68路(厂桥路口西--马官营西),21,240.0,13,bus_tapin_clusters,240.0,514.2857142857143
line,68路(厂桥路口西--马官营西),16,900.0,13,bus_tapin_clusters,1680.0,900.0
line,458路(南宫迎宾路南站--北京南站),6,720.0,20,bus_tapin_clusters,720.0,900.0
line,458路(南宫迎宾路南站--北京南站),7,600.0,27,bus_tapin_clusters,870.0,600.0
line,458路(南宫迎宾路南站--北京南站),8,450.0,38,bus_tapin_clusters,450.0,450.0
line,458路(南宫迎宾路南站--北京南站),9,600.0,23,bus_tapin_clusters,900.0,600.0
line,458路(南宫迎宾路南站--北京南站),10,900.0,12,bus_tapin_clusters,900.0,900.0
line,458路(南宫迎宾路南站--北京南站),11,900.0,17,bus_tapin_clusters,1380.0,900.0
line,458路(南宫迎宾路南站--北京南站),12,900.0,10,bus_tapin_clusters,1320.0,900.0
line,458路(南宫迎宾路南站--北京南站),13,1200.0,14,bus_tapin_clusters,1590.0,1200.0
line,458路(南宫迎宾路南站--北京南站),15,720.0,23,bus_tapin_clusters,720.0,720.0
line,458路(南宫迎宾路南站--北京南站),16,900.0,15,bus_tapin_clusters,1080.0,900.0
line,458路(南宫迎宾路南站--北京南站),17,514.2857142857143,33,bus_tapin_clusters,900.0,514.2857142857143
line,458路(南宫迎宾路南站--北京南站),18,900.0,13,bus_tapin_clusters,1260.0,900.0
line,458路(南宫迎宾路南站--北京南站),19,1020.0,11,bus_tapin_clusters,1020.0,1200.0
line,458路(南宫迎宾路南站--北京南站),20,720.0,7,bus_tapin_clusters,870.0,720.0
line,458路(南宫迎宾路南站--北京南站),21,1200.0,4,bus_tapin_clusters,1350.0,1200.0
line,458路(南宫迎宾路南站--北京南站),14,1020.0,8,bus_tapin_clusters,1020.0,1200.0
line,490路(惠新东桥西--宝盛里小区),6,900.0,7,bus_tapin_clusters,1320.0,900.0
line,490路(惠新东桥西--宝盛里小区),7,1200.0,7,bus_tapin_clusters,1260.0,1200.0
line,490路(惠新东桥西--宝盛里小区),8,900.0,11,bus_tapin_clusters,960.0,900.0
line,490路(惠新东桥西--宝盛里小区),9,720.0,12,bus_tapin_clusters,855.0,720.0
line,490路(惠新东桥西--宝盛里小区),11,600.0,12,bus_tapin_clusters,1005.0,600.0
line,490路(惠新东桥西--宝盛里小区),12,900.0,8,bus_tapin_clusters,1260.0,900.0
line,490路(惠新东桥西--宝盛里小区),13,900.0,8,bus_tapin_clusters,900.0,900.0
line,490路(惠新东桥西--宝盛里小区),14,540.0,7,bus_tapin_clusters,540.0,900.0
line,490路(惠新东桥西--宝盛里小区),15,600.0,10,bus_tapin_clusters,810.0,600.0
line,490路(惠新东桥西--宝盛里小区),16,600.0,14,bus_tapin_clusters,840.0,600.0
line,490路(惠新东桥西--宝盛里小区),17,720.0,14,bus_tapin_clusters,780.0,720.0
line,490路(惠新东桥西--宝盛里小区),18,400.0,17,bus_tapin_clusters,780.0,400.0
line,490路(惠新东桥西--宝盛里小区),19,750.0,10,bus_tapin_clusters,750.0,900.0
line,490路(惠新东桥西--宝盛里小区),20,900.0,9,bus_tapin_clusters,1260.0,900.0
line,490路(惠新东桥西--宝盛里小区),21,1080.0,7,bus_tapin_clusters,1080.0,1200.0
line,专13路(牛街--建欣苑北),6,540.0,11,bus_tapin_clusters,540.0,900.0
line,专13路(牛街--建欣苑北),7,690.0,4,bus_tapin_clusters,690.0,1800.0
line,专13路(牛街--建欣苑北),8,450.0,27,bus_tapin_clusters,840.0,450.0
line,专13路(牛街--建欣苑北),9,720.0,26,bus_tapin_clusters,840.0,720.0
line,专13路(牛街--建欣苑北),10,480.0,32,bus_tapin_clusters,480.0,514.2857142857143
line,专13路(牛街--建欣苑北),11,600.0,15,bus_tapin_clusters,600.0,600.0
line,专13路(牛街--建欣苑北),12,514.2857142857143,27,bus_tapin_clusters,600.0,514.2857142857143
line,专13路(牛街--建欣苑北),13,900.0,17,bus_tapin_clusters,960.0,900.0
line,专13路(牛街--建欣苑北),15,514.2857142857143,22,bus_tapin_clusters,630.0,514.2857142857143
line,专13路(牛街--建欣苑北),16,600.0,17,bus_tapin_clusters,600.0,720.0
line,专13路(牛街--建欣苑北),17,720.0,24,bus_tapin_clusters,930.0,720.0
line,专13路(牛街--建欣苑北),18,720.0,19,bus_tapin_clusters,720.0,720.0
line,专13路(牛街--建欣苑北),19,900.0,13,bus_tapin_clusters,1320.0,900.0
line,专13路(牛街--建欣苑北),20,900.0,16,bus_tapin_clusters,1140.0,900.0
line,专13路(牛街--建欣苑北),21,960.0,9,bus_tapin_clusters,960.0,1200.0
line,专13路(牛街--建欣苑北),14,900.0,11,bus_tapin_clusters,1500.0,900.0
line,379路(育新小区--左家庄),6,930.0,10,bus_tapin_clusters,930.0,1200.0
line,379路(育新小区--左家庄),7,900.0,16,bus_tapin_clusters,1200.0,900.0
line,379路(育新小区--左家庄),8,600.0,25,bus_tapin_clusters,1020.0,600.0
line,379路(育新小区--左家庄),9,780.0,19,bus_tapin_clusters,780.0,900.0
line,379路(育新小区--左家庄),10,600.0,25,bus_tapin_clusters,720.0,600.0
line,379路(育新小区--左家庄),11,450.0,29,bus_tapin_clusters,600.0,450.0
line,379路(育新小区--左家庄),12,900.0,21,bus_tapin_clusters,900.0,900.0
line,379路(育新小区--左家庄),13,720.0,21,bus_tapin_clusters,900.0,720.0
line,379路(育新小区--左家庄),14,1200.0,16,bus_tapin_clusters,1200.0,1200.0
line,379路(育新小区--左家庄),15,660.0,18,bus_tapin_clusters,660.0,720.0
line,379路(育新小区--左家庄),16,900.0,15,bus_tapin_clusters,1200.0,900.0
line,379路(育新小区--左家庄),17,720.0,17,bus_tapin_clusters,1320.0,720.0
line,379路(育新小区--左家庄),18,900.0,16,bus_tapin_clusters,1080.0,900.0
line,379路(育新小区--左家庄),19,990.0,10,bus_tapin_clusters,990.0,1800.0
line,379路(育新小区--左家庄),20,1140.0,13,bus_tapin_clusters,1140.0,1200.0
line,379路(育新小区--左家庄),21,900.0,8,bus_tapin_clusters,1020.0,900.0
line,830路(怪村公交场站--菜户营桥西),7,480.0,7,bus_tapin_clusters,480.0,900.0
line,830路(怪村公交场站--菜户营桥西),8,510.0,8,bus_tapin_clusters,510.0,720.0
line,830路(怪村公交场站--菜户营桥西),9,720.0,6,bus_tapin_clusters,1230.0,720.0
line,830路(怪村公交场站--菜户营桥西),18,855.0,4,bus_tapin_clusters,855.0,900.0
line,830路(怪村公交场站--菜户营桥西),19,1200.0,5,bus_tapin_clusters,1260.0,1200.0
line,830路(怪村公交场站--菜户营桥西),6,1470.0,2,bus_tapin_clusters,1470.0,1800.0
line,830路(怪村公交场站--菜户营桥西),13,1800.0,2,bus_tapin_clusters,1890.0,1800.0
line,830路(怪村公交场站--菜户营桥西),15,1290.0,2,bus_tapin_clusters,1290.0,1800.0
line,497路(木樨园桥--郭公庄西),6,900.0,6,bus_tapin_clusters,900.0,900.0
line,497路(木樨园桥--郭公庄西),7,720.0,11,bus_tapin_clusters,720.0,720.0
line,497路(木樨园桥--郭公庄西),8,900.0,12,bus_tapin_clusters,930.0,900.0
line,497路(木樨园桥--郭公庄西),9,990.0,8,bus_tapin_clusters,990.0,1200.0
line,497路(木樨园桥--郭公庄西),10,600.0,12,bus_tapin_clusters,660.0,600.0
line,497路(木樨园桥--郭公庄西),11,900.0,8,bus_tapin_clusters,1170.0,900.0
line,497路(木樨园桥--郭公庄西),12,720.0,10,bus_tapin_clusters,1110.0,720.0
line,497路(木樨园桥--郭公庄西),13,900.0,9,bus_tapin_clusters,1140.0,900.0
line,497路(木樨园桥--郭公庄西),14,1200.0,7,bus_tapin_clusters,1200.0,1200.0
line,497路(木樨园桥--郭公庄西),15,900.0,10,bus_tapin_clusters,1170.0,900.0
line,497路(木樨园桥--郭公庄西),16,600.0,9,bus_tapin_clusters,600.0,900.0
line,497路(木樨园桥--郭公庄西),17,514.2857142857143,9,bus_tapin_clusters,540.0,514.2857142857143
line,497路(木樨园桥--郭公庄西),18,540.0,9,bus_tapin_clusters,540.0,720.0
line,497路(木樨园桥--郭公庄西),19,1020.0,5,bus_tapin_clusters,1020.0,1200.0
line,497路(木樨园桥--郭公庄西),20,720.0,10,bus_tapin_clusters,900.0,720.0
line,497路(木樨园桥--郭公庄西),21,1800.0,2,bus_tapin_clusters,2280.0,1800.0
line,670路(百善公交场站--德胜门西),6,360.0,3,bus_tapin_clusters,360.0,1200.0
line,670路(百善公交场站--德胜门西),7,555.0,12,bus_tapin_clusters,555.0,600.0
line,670路(百善公交场站--德胜门西),8,300.0,16,bus_tapin_clusters,300.0,450.0
line,670路(百善公交场站--德胜门西),9,420.0,7,bus_tapin_clusters,420.0,514.2857142857143
line,670路(百善公交场站--德胜门西),11,1230.0,2,bus_tapin_clusters,1230.0,1800.0
line,670路(百善公交场站--德胜门西),12,1200.0,3,bus_tapin_clusters,1620.0,1200.0
line,670路(百善公交场站--德胜门西),15,1740.0,2,bus_tapin_clusters,1740.0,1800.0
line,670路(百善公交场站--德胜门西),16,660.0,7,bus_tapin_clusters,660.0,720.0
line,670路(百善公交场站--德胜门西),17,900.0,7,bus_tapin_clusters,900.0,900.0
line,670路(百善公交场站--德胜门西),18,600.0,9,bus_tapin_clusters,630.0,600.0
line,670路(百善公交场站--德胜门西),19,480.0,6,bus_tapin_clusters,480.0,600.0
line,670路(百善公交场站--德胜门西),10,780.0,3,bus_tapin_clusters,780.0,900.0
line,670路(百善公交场站--德胜门西),13,1140.0,2,bus_tapin_clusters,1140.0,1200.0
line,670路(百善公交场站--德胜门西),20,1200.0,3,bus_tapin_clusters,1740.0,1200.0
line,454路(永定门汽车站--西红门西站),6,840.0,7,bus_tapin_clusters,840.0,900.0
line,454路(永定门汽车站--西红门西站),7,900.0,14,bus_tapin_clusters,1425.0,900.0
line,454路(永定门汽车站--西红门西站),8,514.2857142857143,22,bus_tapin_clusters,885.0,514.2857142857143
line,454路(永定门汽车站--西红门西站),9,600.0,20,bus_tapin_clusters,750.0,600.0
line,454路(永定门汽车站--西红门西站),10,514.2857142857143,20,bus_tapin_clusters,1020.0,514.2857142857143
line,454路(永定门汽车站--西红门西站),11,690.0,20,bus_tapin_clusters,690.0,720.0
line,454路(永定门汽车站--西红门西站),12,450.0,21,bus_tapin_clusters,840.0,450.0
line,454路(永定门汽车站--西红门西站),13,1125.0,4,bus_tapin_clusters,1125.0,1200.0
line,454路(永定门汽车站--西红门西站),14,1440.0,8,bus_tapin_clusters,1440.0,1800.0
line,454路(永定门汽车站--西红门西站),15,720.0,18,bus_tapin_clusters,810.0,720.0
line,454路(永定门汽车站--西红门西站),16,450.0,20,bus_tapin_clusters,750.0,450.0
line,454路(永定门汽车站--西红门西站),17,300.0,30,bus_tapin_clusters,540.0,300.0
line,454路(永定门汽车站--西红门西站),18,514.2857142857143,25,bus_tapin_clusters,660.0,514.2857142857143
line,454路(永定门汽车站--西红门西站),19,720.0,21,bus_tapin_clusters,720.0,720.0
line,454路(永定门汽车站--西红门西站),20,720.0,17,bus_tapin_clusters,1140.0,720.0
line,454路(永定门汽车站--西红门西站),21,1050.0,4,bus_tapin_clusters,1050.0,1200.0
line,20路(北京站东--北京南站),7,240.0,2,bus_tapin_clusters,240.0,1200.0
line,20路(北京站东--北京南站),10,600.0,2,bus_tapin_clusters,600.0,1200.0
line,20路(北京站东--北京南站),14,360.0,3,bus_tapin_clusters,360.0,900.0
line,20路(北京站东--北京南站),17,300.0,2,bus_tapin_clusters,300.0,1200.0
line,941路(石龙西公交场站--莲花池南路),6,1800.0,2,bus_tapin_clusters,1800.0,1800.0
line,941路(石龙西公交场站--莲花池南路),9,840.0,3,bus_tapin_clusters,840.0,1200.0
line,941路(石龙西公交场站--莲花池南路),11,1080.0,3,bus_tapin_clusters,1080.0,1200.0
line,941路(石龙西公交场站--莲花池南路),13,1200.0,3,bus_tapin_clusters,1740.0,1200.0
line,941路(石龙西公交场站--莲花池南路),14,1500.0,2,bus_tapin_clusters,1500.0,1800.0
line,941路(石龙西公交场站--莲花池南路),16,1215.0,2,bus_tapin_clusters,1215.0,1800.0
line,941路(石龙西公交场站--莲花池南路),18,1200.0,3,bus_tapin_clusters,2040.0,1200.0
line,941路(石龙西公交场站--莲花池南路),19,1200.0,3,bus_tapin_clusters,1680.0,1200.0
line,350路(东大桥公交场站--焦庄桥北),7,885.0,6,bus_tapin_clusters,885.0,900.0
line,350路(东大桥公交场站--焦庄桥北),10,630.0,4,bus_tapin_clusters,630.0,900.0
line,350路(东大桥公交场站--焦庄桥北),11,1200.0,5,bus_tapin_clusters,1620.0,1200.0
line,350路(东大桥公交场站--焦庄桥北),12,990.0,6,bus_tapin_clusters,990.0,1200.0
line,350路(东大桥公交场站--焦庄桥北),13,1080.0,5,bus_tapin_clusters,1080.0,1200.0
line,350路(东大桥公交场站--焦庄桥北),14,1200.0,4,bus_tapin_clusters,1980.0,1200.0
line,350路(东大桥公交场站--焦庄桥北),16,720.0,7,bus_tapin_clusters,720.0,720.0
line,350路(东大桥公交场站--焦庄桥北),17,660.0,5,bus_tapin_clusters,660.0,900.0
line,350路(东大桥公交场站--焦庄桥北),8,1200.0,3,bus_tapin_clusters,1320.0,1200.0
line,350路(东大桥公交场站--焦庄桥北),9,1200.0,3,bus_tapin_clusters,1620.0,1200.0
line,350路(东大桥公交场站--焦庄桥北),15,645.0,4,bus_tapin_clusters,645.0,900.0
line,350路(东大桥公交场站--焦庄桥北),18,900.0,4,bus_tapin_clusters,1065.0,900.0
line,508路(西苑--地铁新街口站),6,600.0,9,bus_tapin_clusters,600.0,1200.0
line,508路(西苑--地铁新街口站),7,720.0,16,bus_tapin_clusters,1140.0,720.0
line,508路(西苑--地铁新街口站),8,514.2857142857143,25,bus_tapin_clusters,780.0,514.2857142857143
line,508路(西苑--地铁新街口站),9,900.0,12,bus_tapin_clusters,1380.0,900.0
line,508路(西苑--地铁新街口站),10,514.2857142857143,12,bus_tapin_clusters,570.0,514.2857142857143
line,508路(西苑--地铁新街口站),12,600.0,17,bus_tapin_clusters,720.0,600.0
line,508路(西苑--地铁新街口站),13,1200.0,10,bus_tapin_clusters,1230.0,1200.0
line,508路(西苑--地铁新街口站),14,1200.0,8,bus_tapin_clusters,1380.0,1200.0
line,508路(西苑--地铁新街口站),15,720.0,18,bus_tapin_clusters,810.0,720.0
line,508路(西苑--地铁新街口站),16,720.0,23,bus_tapin_clusters,780.0,720.0
line,508路(西苑--地铁新街口站),17,720.0,20,bus_tapin_clusters,900.0,720.0
line,508路(西苑--地铁新街口站),18,720.0,22,bus_tapin_clusters,720.0,900.0
line,508路(西苑--地铁新街口站),19,780.0,10,bus_tapin_clusters,780.0,900.0
line,508路(西苑--地铁新街口站),20,900.0,6,bus_tapin_clusters,1290.0,900.0
line,508路(西苑--地铁新街口站),21,1020.0,4,bus_tapin_clusters,1020.0,1200.0
line,508路(西苑--地铁新街口站),11,900.0,9,bus_tapin_clusters,900.0,900.0
line,889路(德胜门西--昌平何营),6,1740.0,4,bus_tapin_clusters,1740.0,1800.0
line,889路(德胜门西--昌平何营),8,1800.0,5,bus_tapin_clusters,2040.0,1800.0
line,889路(德胜门西--昌平何营),12,1200.0,5,bus_tapin_clusters,2340.0,1200.0
line,889路(德胜门西--昌平何营),13,1080.0,3,bus_tapin_clusters,1080.0,1800.0
line,889路(德胜门西--昌平何营),16,900.0,7,bus_tapin_clusters,960.0,900.0
line,889路(德胜门西--昌平何营),17,960.0,6,bus_tapin_clusters,960.0,1200.0
line,889路(德胜门西--昌平何营),18,1200.0,5,bus_tapin_clusters,1680.0,1200.0
line,889路(德胜门西--昌平何营),19,1800.0,2,bus_tapin_clusters,2580.0,1800.0
line,889路(德胜门西--昌平何营),21,570.0,2,bus_tapin_clusters,570.0,1800.0
line,889路(德胜门西--昌平何营),10,330.0,4,bus_tapin_clusters,330.0,900.0
line,889路(德胜门西--昌平何营),11,1800.0,4,bus_tapin_clusters,2010.0,1800.0
line,889路(德胜门西--昌平何营),14,1560.0,2,bus_tapin_clusters,1560.0,1800.0
line,889路(德胜门西--昌平何营),15,900.0,5,bus_tapin_clusters,900.0,900.0
line,889路(德胜门西--昌平何营),7,840.0,3,bus_tapin_clusters,840.0,1200.0
line,889路(德胜门西--昌平何营),9,390.0,2,bus_tapin_clusters,390.0,1200.0
line,80路(新街口豁口--小红庙),7,720.0,20,bus_tapin_clusters,960.0,720.0
line,80路(新街口豁口--小红庙),8,900.0,15,bus_tapin_clusters,1020.0,900.0
line,80路(新街口豁口--小红庙),9,514.2857142857143,24,bus_tapin_clusters,705.0,514.2857142857143
line,80路(新街口豁口--小红庙),10,900.0,10,bus_tapin_clusters,1110.0,900.0
line,80路(新街口豁口--小红庙),12,900.0,15,bus_tapin_clusters,1080.0,900.0
line,80路(新街口豁口--小红庙),13,840.0,9,bus_tapin_clusters,840.0,1200.0
line,80路(新街口豁口--小红庙),14,1800.0,6,bus_tapin_clusters,1800.0,1800.0
line,80路(新街口豁口--小红庙),15,514.2857142857143,32,bus_tapin_clusters,630.0,514.2857142857143
line,80路(新街口豁口--小红庙),16,720.0,24,bus_tapin_clusters,870.0,720.0
line,80路(新街口豁口--小红庙),17,540.0,27,bus_tapin_clusters,540.0,600.0
line,80路(新街口豁口--小红庙),18,900.0,15,bus_tapin_clusters,960.0,900.0
line,80路(新街口豁口--小红庙),19,720.0,23,bus_tapin_clusters,960.0,720.0
line,80路(新街口豁口--小红庙),20,1140.0,9,bus_tapin_clusters,1140.0,1200.0
line,80路(新街口豁口--小红庙),21,810.0,6,bus_tapin_clusters,810.0,1200.0
line,80路(新街口豁口--小红庙),11,1200.0,9,bus_tapin_clusters,1860.0,1200.0
line,80路(新街口豁口--小红庙),6,1260.0,2,bus_tapin_clusters,1260.0,1800.0
line,664路(厢白旗桥--地铁苹果园站),6,1020.0,3,bus_tapin_clusters,1020.0,1200.0
line,664路(厢白旗桥--地铁苹果园站),7,720.0,9,bus_tapin_clusters,840.0,720.0
line,664路(厢白旗桥--地铁苹果园站),8,514.2857142857143,21,bus_tapin_clusters,600.0,514.2857142857143
line,664路(厢白旗桥--地铁苹果园站),9,600.0,18,bus_tapin_clusters,720.0,600.0
line,664路(厢白旗桥--地铁苹果园站),10,900.0,12,bus_tapin_clusters,900.0,900.0
line,664路(厢白旗桥--地铁苹果园站),11,570.0,8,bus_tapin_clusters,570.0,900.0
line,664路(厢白旗桥--地铁苹果园站),12,720.0,15,bus_tapin_clusters,1020.0,720.0
line,664路(厢白旗桥--地铁苹果园站),13,930.0,8,bus_tapin_clusters,930.0,1200.0
line,664路(厢白旗桥--地铁苹果园站),14,720.0,14,bus_tapin_clusters,750.0,720.0
line,664路(厢白旗桥--地铁苹果园站),15,720.0,9,bus_tapin_clusters,960.0,720.0
line,664路(厢白旗桥--地铁苹果园站),16,480.0,23,bus_tapin_clusters,480.0,514.2857142857143
line,664路(厢白旗桥--地铁苹果园站),17,720.0,15,bus_tapin_clusters,720.0,720.0
line,664路(厢白旗桥--地铁苹果园站),18,450.0,23,bus_tapin_clusters,480.0,450.0
line,664路(厢白旗桥--地铁苹果园站),19,720.0,12,bus_tapin_clusters,840.0,720.0
line,664路(厢白旗桥--地铁苹果园站),20,900.0,8,bus_tapin_clusters,990.0,900.0
line,854路(孙河公交场站--地铁望京西站),6,810.0,4,bus_tapin_clusters,810.0,900.0
line,854路(孙河公交场站--地铁望京西站),7,930.0,8,bus_tapin_clusters,930.0,1200.0
line,854路(孙河公交场站--地铁望京西站),8,720.0,11,bus_tapin_clusters,720.0,900.0
line,854路(孙河公交场站--地铁望京西站),9,720.0,8,bus_tapin_clusters,720.0,1200.0
line,854路(孙河公交场站--地铁望京西站),10,900.0,10,bus_tapin_clusters,1170.0,900.0
line,854路(孙河公交场站--地铁望京西站),11,720.0,8,bus_tapin_clusters,720.0,900.0
line,854路(孙河公交场站--地铁望京西站),12,1200.0,4,bus_tapin_clusters,1740.0,1200.0
line,854路(孙河公交场站--地铁望京西站),15,1200.0,5,bus_tapin_clusters,1560.0,1200.0
line,854路(孙河公交场站--地铁望京西站),16,900.0,12,bus_tapin_clusters,960.0,900.0
line,854路(孙河公交场站--地铁望京西站),17,720.0,11,bus_tapin_clusters,720.0,900.0
line,854路(孙河公交场站--地铁望京西站),18,900.0,14,bus_tapin_clusters,900.0,900.0
line,854路(孙河公交场站--地铁望京西站),19,720.0,8,bus_tapin_clusters,1020.0,720.0
line,854路(孙河公交场站--地铁望京西站),13,180.0,7,bus_tapin_clusters,180.0,720.0
line,854路(孙河公交场站--地铁望京西站),14,1200.0,5,bus_tapin_clusters,1590.0,1200.0
line,473路(六里桥北里--鲁谷公交场站),6,1200.0,3,bus_tapin_clusters,1500.0,1200.0
line,473路(六里桥北里--鲁谷公交场站),7,510.0,6,bus_tapin_clusters,510.0,1200.0
line,473路(六里桥北里--鲁谷公交场站),8,450.0,17,bus_tapin_clusters,540.0,450.0
line,473路(六里桥北里--鲁谷公交场站),9,300.0,15,bus_tapin_clusters,300.0,450.0
line,473路(六里桥北里--鲁谷公交场站),10,720.0,9,bus_tapin_clusters,720.0,720.0
line,473路(六里桥北里--鲁谷公交场站),11,660.0,7,bus_tapin_clusters,660.0,900.0
line,473路(六里桥北里--鲁谷公交场站),12,480.0,11,bus_tapin_clusters,480.0,720.0
line,473路(六里桥北里--鲁谷公交场站),13,960.0,5,bus_tapin_clusters,960.0,1200.0
line,473路(六里桥北里--鲁谷公交场站),14,720.0,11,bus_tapin_clusters,1320.0,720.0
line,473路(六里桥北里--鲁谷公交场站),15,360.0,12,bus_tapin_clusters,360.0,600.0
line,473路(六里桥北里--鲁谷公交场站),16,400.0,12,bus_tapin_clusters,570.0,400.0
line,473路(六里桥北里--鲁谷公交场站),17,330.0,12,bus_tapin_clusters,330.0,514.2857142857143
line,473路(六里桥北里--鲁谷公交场站),18,660.0,13,bus_tapin_clusters,660.0,720.0
line,473路(六里桥北里--鲁谷公交场站),19,450.0,17,bus_tapin_clusters,540.0,450.0
line,473路(六里桥北里--鲁谷公交场站),20,540.0,10,bus_tapin_clusters,540.0,900.0
line,473路(六里桥北里--鲁谷公交场站),21,330.0,8,bus_tapin_clusters,330.0,600.0
line,845路(狼垡--地铁东管头南站),6,720.0,12,bus_tapin_clusters,735.0,720.0
line,845路(狼垡--地铁东管头南站),7,900.0,15,bus_tapin_clusters,1140.0,900.0
line,845路(狼垡--地铁东管头南站),8,720.0,14,bus_tapin_clusters,840.0,720.0
line,845路(狼垡--地铁东管头南站),9,600.0,13,bus_tapin_clusters,840.0,600.0
line,845路(狼垡--地铁东管头南站),10,600.0,17,bus_tapin_clusters,720.0,600.0
line,845路(狼垡--地铁东管头南站),11,1020.0,11,bus_tapin_clusters,1020.0,1200.0
line,845路(狼垡--地铁东管头南站),12,900.0,15,bus_tapin_clusters,1200.0,900.0
line,845路(狼垡--地铁东管头南站),13,900.0,13,bus_tapin_clusters,1110.0,900.0
line,845路(狼垡--地铁东管头南站),14,900.0,18,bus_tapin_clusters,990.0,900.0
line,845路(狼垡--地铁东管头南站),15,1200.0,12,bus_tapin_clusters,1440.0,1200.0
line,845路(狼垡--地铁东管头南站),16,600.0,26,bus_tapin_clusters,765.0,600.0
line,845路(狼垡--地铁东管头南站),17,514.2857142857143,26,bus_tapin_clusters,600.0,514.2857142857143
line,845路(狼垡--地铁东管头南站),18,660.0,19,bus_tapin_clusters,660.0,900.0
line,845路(狼垡--地铁东管头南站),19,600.0,29,bus_tapin_clusters,720.0,600.0
line,845路(狼垡--地铁东管头南站),20,1200.0,13,bus_tapin_clusters,1740.0,1200.0
line,845路(狼垡--地铁东管头南站),21,900.0,8,bus_tapin_clusters,930.0,900.0
line,839路(东坟公交场站--赵公口桥南),6,900.0,9,bus_tapin_clusters,1260.0,900.0
line,839路(东坟公交场站--赵公口桥南),7,420.0,21,bus_tapin_clusters,420.0,514.2857142857143
line,839路(东坟公交场站--赵公口桥南),8,300.0,39,bus_tapin_clusters,360.0,300.0
line,839路(东坟公交场站--赵公口桥南),9,514.2857142857143,22,bus_tapin_clusters,570.0,514.2857142857143
line,839路(东坟公交场站--赵公口桥南),10,720.0,12,bus_tapin_clusters,1170.0,720.0
line,839路(东坟公交场站--赵公口桥南),11,660.0,15,bus_tapin_clusters,660.0,720.0
line,839路(东坟公交场站--赵公口桥南),12,810.0,10,bus_tapin_clusters,810.0,900.0
line,839路(东坟公交场站--赵公口桥南),13,900.0,9,bus_tapin_clusters,900.0,900.0
line,839路(东坟公交场站--赵公口桥南),14,660.0,17,bus_tapin_clusters,660.0,720.0
line,839路(东坟公交场站--赵公口桥南),15,600.0,15,bus_tapin_clusters,720.0,600.0
line,839路(东坟公交场站--赵公口桥南),16,420.0,15,bus_tapin_clusters,420.0,600.0
line,839路(东坟公交场站--赵公口桥南),17,600.0,20,bus_tapin_clusters,690.0,600.0
line,839路(东坟公交场站--赵公口桥南),18,840.0,11,bus_tapin_clusters,840.0,900.0
line,839路(东坟公交场站--赵公口桥南),19,514.2857142857143,20,bus_tapin_clusters,600.0,514.2857142857143
line,839路(东坟公交场站--赵公口桥南),20,900.0,5,bus_tapin_clusters,930.0,900.0
line,343路(北京南站南广场--地铁新宫站),6,1200.0,5,bus_tapin_clusters,1200.0,1800.0
line,343路(北京南站南广场--地铁新宫站),7,780.0,3,bus_tapin_clusters,780.0,1800.0
line,343路(北京南站南广场--地铁新宫站),8,780.0,12,bus_tapin_clusters,780.0,900.0
line,343路(北京南站南广场--地铁新宫站),9,1200.0,9,bus_tapin_clusters,1200.0,1200.0
line,343路(北京南站南广场--地铁新宫站),10,720.0,9,bus_tapin_clusters,960.0,720.0
line,343路(北京南站南广场--地铁新宫站),11,900.0,9,bus_tapin_clusters,960.0,900.0
line,343路(北京南站南广场--地铁新宫站),15,1200.0,8,bus_tapin_clusters,2250.0,1200.0
line,343路(北京南站南广场--地铁新宫站),16,1200.0,4,bus_tapin_clusters,1410.0,1200.0
line,343路(北京南站南广场--地铁新宫站),17,1050.0,6,bus_tapin_clusters,1050.0,1800.0
line,343路(北京南站南广场--地铁新宫站),18,1200.0,9,bus_tapin_clusters,1740.0,1200.0
line,343路(北京南站南广场--地铁新宫站),20,1020.0,11,bus_tapin_clusters,1020.0,1200.0
line,343路(北京南站南广场--地铁新宫站),21,900.0,10,bus_tapin_clusters,1500.0,900.0
line,343路(北京南站南广场--地铁新宫站),13,840.0,8,bus_tapin_clusters,840.0,900.0
line,343路(北京南站南广场--地铁新宫站),19,1410.0,2,bus_tapin_clusters,1410.0,1800.0
line,138路(石佛营西里--唐家村),6,1800.0,3,bus_tapin_clusters,1800.0,1800.0
line,138路(石佛营西里--唐家村),8,600.0,15,bus_tapin_clusters,720.0,600.0
line,138路(石佛营西里--唐家村),10,900.0,7,bus_tapin_clusters,900.0,1200.0
line,138路(石佛营西里--唐家村),11,840.0,3,bus_tapin_clusters,840.0,1800.0
line,138路(石佛营西里--唐家村),7,840.0,2,bus_tapin_clusters,840.0,1800.0
line,138路(石佛营西里--唐家村),15,1800.0,2,bus_tapin_clusters,1890.0,1800.0
line,138路(石佛营西里--唐家村),16,720.0,5,bus_tapin_clusters,840.0,720.0
line,95路(惠新西街南口--康家沟),6,525.0,14,bus_tapin_clusters,525.0,900.0
line,95路(惠新西街南口--康家沟),7,514.2857142857143,32,bus_tapin_clusters,720.0,514.2857142857143
line,95路(惠新西街南口--康家沟),8,600.0,29,bus_tapin_clusters,780.0,600.0
line,95路(惠新西街南口--康家沟),9,420.0,30,bus_tapin_clusters,420.0,514.2857142857143
line,95路(惠新西街南口--康家沟),10,514.2857142857143,37,bus_tapin_clusters,540.0,514.2857142857143
line,95路(惠新西街南口--康家沟),11,720.0,24,bus_tapin_clusters,720.0,720.0
line,95路(惠新西街南口--康家沟),12,600.0,22,bus_tapin_clusters,630.0,600.0
line,95路(惠新西街南口--康家沟),13,705.0,18,bus_tapin_clusters,705.0,900.0
line,95路(惠新西街南口--康家沟),14,570.0,30,bus_tapin_clusters,570.0,600.0
line,95路(惠新西街南口--康家沟),15,450.0,29,bus_tapin_clusters,540.0,450.0
line,95路(惠新西街南口--康家沟),16,585.0,28,bus_tapin_clusters,585.0,600.0
line,95路(惠新西街南口--康家沟),17,450.0,33,bus_tapin_clusters,480.0,450.0
line,95路(惠新西街南口--康家沟),18,495.0,26,bus_tapin_clusters,495.0,514.2857142857143
line,95路(惠新西街南口--康家沟),19,514.2857142857143,24,bus_tapin_clusters,930.0,514.2857142857143
line,95路(惠新西街南口--康家沟),20,1200.0,7,bus_tapin_clusters,1980.0,1200.0
line,95路(惠新西街南口--康家沟),21,780.0,3,bus_tapin_clusters,780.0,1800.0
line,95路(惠新西街南口--康家沟),23,180.0,2,bus_tapin_clusters,180.0,1200.0
line,630路(香泉环岛--大运村公交场站),7,720.0,17,bus_tapin_clusters,840.0,720.0
line,630路(香泉环岛--大运村公交场站),8,600.0,24,bus_tapin_clusters,615.0,600.0
line,630路(香泉环岛--大运村公交场站),9,720.0,16,bus_tapin_clusters,1020.0,720.0
line,630路(香泉环岛--大运村公交场站),10,600.0,14,bus_tapin_clusters,900.0,600.0
line,630路(香泉环岛--大运村公交场站),11,1200.0,8,bus_tapin_clusters,1320.0,1200.0
line,630路(香泉环岛--大运村公交场站),12,1200.0,6,bus_tapin_clusters,1980.0,1200.0
line,630路(香泉环岛--大运村公交场站),13,1200.0,8,bus_tapin_clusters,1830.0,1200.0
line,630路(香泉环岛--大运村公交场站),15,720.0,14,bus_tapin_clusters,810.0,720.0
line,630路(香泉环岛--大运村公交场站),16,900.0,16,bus_tapin_clusters,1080.0,900.0
line,630路(香泉环岛--大运村公交场站),17,540.0,21,bus_tapin_clusters,540.0,600.0
line,630路(香泉环岛--大运村公交场站),18,1125.0,8,bus_tapin_clusters,1125.0,1200.0
line,630路(香泉环岛--大运村公交场站),19,1320.0,2,bus_tapin_clusters,1320.0,1800.0
line,630路(香泉环岛--大运村公交场站),20,720.0,11,bus_tapin_clusters,900.0,720.0
line,630路(香泉环岛--大运村公交场站),21,1560.0,6,bus_tapin_clusters,1560.0,1800.0
line,630路(香泉环岛--大运村公交场站),14,1140.0,7,bus_tapin_clusters,1140.0,1200.0
line,630路(香泉环岛--大运村公交场站),6,1260.0,2,bus_tapin_clusters,1260.0,1800.0
line,74路(颐和园新建宫门--菜户营西路),6,510.0,18,bus_tapin_clusters,510.0,514.2857142857143
line,74路(颐和园新建宫门--菜户营西路),7,480.0,33,bus_tapin_clusters,480.0,514.2857142857143
line,74路(颐和园新建宫门--菜户营西路),8,420.0,21,bus_tapin_clusters,420.0,514.2857142857143
line,74路(颐和园新建宫门--菜户营西路),9,400.0,37,bus_tapin_clusters,540.0,400.0
line,74路(颐和园新建宫门--菜户营西路),10,514.2857142857143,36,bus_tapin_clusters,540.0,514.2857142857143
line,74路(颐和园新建宫门--菜户营西路),11,327.27272727272725,37,bus_tapin_clusters,480.0,327.27272727272725
line,74路(颐和园新建宫门--菜户营西路),12,327.27272727272725,35,bus_tapin_clusters,360.0,327.27272727272725
line,74路(颐和园新建宫门--菜户营西路),13,514.2857142857143,22,bus_tapin_clusters,840.0,514.2857142857143
line,74路(颐和园新建宫门--菜户营西路),14,514.2857142857143,26,bus_tapin_clusters,660.0,514.2857142857143
line,74路(颐和园新建宫门--菜户营西路),15,360.0,35,bus_tapin_clusters,600.0,360.0
line,74路(颐和园新建宫门--菜户营西路),16,514.2857142857143,30,bus_tapin_clusters,600.0,514.2857142857143
line,74路(颐和园新建宫门--菜户营西路),17,375.0,42,bus_tapin_clusters,375.0,400.0
line,74路(颐和园新建宫门--菜户营西路),18,450.0,31,bus_tapin_clusters,660.0,450.0
line,74路(颐和园新建宫门--菜户营西路),19,450.0,31,bus_tapin_clusters,780.0,450.0
line,74路(颐和园新建宫门--菜户营西路),20,1200.0,5,bus_tapin_clusters,1500.0,1200.0
line,74路(颐和园新建宫门--菜户营西路),21,900.0,16,bus_tapin_clusters,960.0,900.0
line,74路(颐和园新建宫门--菜户营西路),22,750.0,6,bus_tapin_clusters,750.0,1200.0
line,584路(大钟寺--颐和山庄),6,960.0,5,bus_tapin_clusters,960.0,1200.0
line,584路(大钟寺--颐和山庄),7,720.0,16,bus_tapin_clusters,900.0,720.0
line,584路(大钟寺--颐和山庄),8,400.0,33,bus_tapin_clusters,420.0,400.0
line,584路(大钟寺--颐和山庄),9,600.0,23,bus_tapin_clusters,780.0,600.0
line,584路(大钟寺--颐和山庄),10,514.2857142857143,22,bus_tapin_clusters,780.0,514.2857142857143
line,584路(大钟寺--颐和山庄),11,514.2857142857143,22,bus_tapin_clusters,600.0,514.2857142857143
line,584路(大钟寺--颐和山庄),12,600.0,16,bus_tapin_clusters,750.0,600.0
line,584路(大钟寺--颐和山庄),13,480.0,19,bus_tapin_clusters,480.0,600.0
line,584路(大钟寺--颐和山庄),14,450.0,25,bus_tapin_clusters,720.0,450.0
line,584路(大钟寺--颐和山庄),15,720.0,19,bus_tapin_clusters,810.0,720.0
line,584路(大钟寺--颐和山庄),16,360.0,26,bus_tapin_clusters,360.0,400.0
line,584路(大钟寺--颐和山庄),17,450.0,27,bus_tapin_clusters,540.0,450.0
line,584路(大钟寺--颐和山庄),18,450.0,28,bus_tapin_clusters,555.0,450.0
line,584路(大钟寺--颐和山庄),19,400.0,21,bus_tapin_clusters,480.0,400.0
line,584路(大钟寺--颐和山庄),20,600.0,17,bus_tapin_clusters,960.0,600.0
line,584路(大钟寺--颐和山庄),21,900.0,9,bus_tapin_clusters,1320.0,900.0
line,584路(大钟寺--颐和山庄),22,1200.0,2,bus_tapin_clusters,1350.0,1200.0
line,829路(刘家窑桥西--思邈路),6,660.0,6,bus_tapin_clusters,660.0,1200.0
line,829路(刘家窑桥西--思邈路),7,660.0,13,bus_tapin_clusters,660.0,720.0
line,829路(刘家窑桥西--思邈路),8,600.0,15,bus_tapin_clusters,720.0,600.0
line,829路(刘家窑桥西--思邈路),9,514.2857142857143,14,bus_tapin_clusters,750.0,514.2857142857143
line,829路(刘家窑桥西--思邈路),10,900.0,9,bus_tapin_clusters,1260.0,900.0
line,829路(刘家窑桥西--思邈路),11,720.0,8,bus_tapin_clusters,960.0,720.0
line,829路(刘家窑桥西--思邈路),12,900.0,6,bus_tapin_clusters,1020.0,900.0
line,829路(刘家窑桥西--思邈路),13,900.0,7,bus_tapin_clusters,960.0,900.0
line,829路(刘家窑桥西--思邈路),14,900.0,8,bus_tapin_clusters,1050.0,900.0
line,829路(刘家窑桥西--思邈路),15,960.0,7,bus_tapin_clusters,960.0,1200.0
line,829路(刘家窑桥西--思邈路),16,720.0,12,bus_tapin_clusters,780.0,720.0
line,829路(刘家窑桥西--思邈路),17,514.2857142857143,17,bus_tapin_clusters,660.0,514.2857142857143
line,829路(刘家窑桥西--思邈路),18,720.0,10,bus_tapin_clusters,900.0,720.0
line,829路(刘家窑桥西--思邈路),19,1200.0,8,bus_tapin_clusters,1830.0,1200.0
line,829路(刘家窑桥西--思邈路),20,1410.0,4,bus_tapin_clusters,1410.0,1800.0
line,474路(大观园公交场站--西红门公交场站),6,900.0,15,bus_tapin_clusters,900.0,1200.0
line,474路(大观园公交场站--西红门公交场站),7,600.0,28,bus_tapin_clusters,600.0,600.0
line,474路(大观园公交场站--西红门公交场站),8,420.0,30,bus_tapin_clusters,420.0,600.0
line,474路(大观园公交场站--西红门公交场站),9,360.0,56,bus_tapin_clusters,360.0,360.0
line,474路(大观园公交场站--西红门公交场站),10,720.0,18,bus_tapin_clusters,1140.0,720.0
line,474路(大观园公交场站--西红门公交场站),11,240.0,38,bus_tapin_clusters,240.0,400.0
line,474路(大观园公交场站--西红门公交场站),12,400.0,41,bus_tapin_clusters,480.0,400.0
line,474路(大观园公交场站--西红门公交场站),13,450.0,42,bus_tapin_clusters,510.0,450.0
line,474路(大观园公交场站--西红门公交场站),14,660.0,23,bus_tapin_clusters,660.0,720.0
line,474路(大观园公交场站--西红门公交场站),15,360.0,48,bus_tapin_clusters,360.0,400.0
line,474路(大观园公交场站--西红门公交场站),16,360.0,48,bus_tapin_clusters,360.0,360.0
line,474路(大观园公交场站--西红门公交场站),17,360.0,51,bus_tapin_clusters,360.0,360.0
line,474路(大观园公交场站--西红门公交场站),18,514.2857142857143,29,bus_tapin_clusters,600.0,514.2857142857143
line,474路(大观园公交场站--西红门公交场站),19,480.0,34,bus_tapin_clusters,480.0,514.2857142857143
line,474路(大观园公交场站--西红门公交场站),20,514.2857142857143,32,bus_tapin_clusters,600.0,514.2857142857143
line,474路(大观园公交场站--西红门公交场站),21,720.0,18,bus_tapin_clusters,930.0,720.0
line,488路(大北窑北--五里桥),6,780.0,3,bus_tapin_clusters,780.0,1200.0
line,488路(大北窑北--五里桥),7,1200.0,9,bus_tapin_clusters,1740.0,1200.0
line,488路(大北窑北--五里桥),8,540.0,10,bus_tapin_clusters,540.0,720.0
line,488路(大北窑北--五里桥),9,514.2857142857143,24,bus_tapin_clusters,750.0,514.2857142857143
line,488路(大北窑北--五里桥),10,900.0,10,bus_tapin_clusters,1650.0,900.0
line,488路(大北窑北--五里桥),12,900.0,9,bus_tapin_clusters,900.0,900.0
line,488路(大北窑北--五里桥),14,600.0,16,bus_tapin_clusters,720.0,600.0
line,488路(大北窑北--五里桥),15,600.0,17,bus_tapin_clusters,600.0,720.0
line,488路(大北窑北--五里桥),16,1200.0,11,bus_tapin_clusters,1500.0,1200.0
line,488路(大北窑北--五里桥),17,600.0,23,bus_tapin_clusters,900.0,600.0
line,488路(大北窑北--五里桥),18,600.0,19,bus_tapin_clusters,660.0,600.0
line,488路(大北窑北--五里桥),19,900.0,12,bus_tapin_clusters,1290.0,900.0
line,488路(大北窑北--五里桥),20,720.0,12,bus_tapin_clusters,1050.0,720.0
line,488路(大北窑北--五里桥),21,1200.0,8,bus_tapin_clusters,1380.0,1200.0
line,488路(大北窑北--五里桥),11,900.0,13,bus_tapin_clusters,1320.0,900.0
line,488路(大北窑北--五里桥),13,900.0,9,bus_tapin_clusters,1080.0,900.0
line,840路(七里庄--马村公交场站),8,900.0,11,bus_tapin_clusters,1200.0,900.0
line,840路(七里庄--马村公交场站),9,900.0,11,bus_tapin_clusters,1200.0,900.0
line,840路(七里庄--马村公交场站),10,720.0,12,bus_tapin_clusters,720.0,720.0
line,840路(七里庄--马村公交场站),11,780.0,5,bus_tapin_clusters,780.0,1200.0
line,840路(七里庄--马村公交场站),14,900.0,6,bus_tapin_clusters,1365.0,900.0
line,840路(七里庄--马村公交场站),15,1620.0,4,bus_tapin_clusters,1620.0,1800.0
line,840路(七里庄--马村公交场站),16,900.0,5,bus_tapin_clusters,900.0,900.0
line,840路(七里庄--马村公交场站),17,630.0,7,bus_tapin_clusters,630.0,720.0
line,840路(七里庄--马村公交场站),18,720.0,7,bus_tapin_clusters,750.0,720.0
line,840路(七里庄--马村公交场站),19,514.2857142857143,10,bus_tapin_clusters,720.0,514.2857142857143
line,840路(七里庄--马村公交场站),20,1200.0,5,bus_tapin_clusters,1560.0,1200.0
line,840路(七里庄--马村公交场站),21,1020.0,2,bus_tapin_clusters,1020.0,1200.0
line,840路(七里庄--马村公交场站),13,1080.0,3,bus_tapin_clusters,1080.0,1200.0
line,840路(七里庄--马村公交场站),7,1800.0,2,bus_tapin_clusters,1860.0,1800.0
line,690路(定辛庄公交场站--农业展览馆),6,870.0,6,bus_tapin_clusters,870.0,1200.0
line,690路(定辛庄公交场站--农业展览馆),7,420.0,9,bus_tapin_clusters,420.0,514.2857142857143
line,690路(定辛庄公交场站--农业展览馆),8,420.0,6,bus_tapin_clusters,420.0,600.0
line,690路(定辛庄公交场站--农业展览馆),9,480.0,10,bus_tapin_clusters,480.0,514.2857142857143
line,690路(定辛庄公交场站--农业展览馆),10,1800.0,4,bus_tapin_clusters,1920.0,1800.0
line,690路(定辛庄公交场站--农业展览馆),11,960.0,4,bus_tapin_clusters,960.0,1200.0
line,690路(定辛庄公交场站--农业展览馆),12,1800.0,2,bus_tapin_clusters,2490.0,1800.0
line,690路(定辛庄公交场站--农业展览馆),13,1260.0,4,bus_tapin_clusters,1260.0,1800.0
line,690路(定辛庄公交场站--农业展览馆),14,1140.0,3,bus_tapin_clusters,1140.0,1200.0
line,690路(定辛庄公交场站--农业展览馆),15,1200.0,5,bus_tapin_clusters,1620.0,1200.0
line,690路(定辛庄公交场站--农业展览馆),18,1080.0,4,bus_tapin_clusters,1080.0,1200.0
line,690路(定辛庄公交场站--农业展览馆),19,900.0,4,bus_tapin_clusters,1260.0,900.0
line,690路(定辛庄公交场站--农业展览馆),17,690.0,4,bus_tapin_clusters,690.0,900.0
line,专19路(肿瘤医院--华威路南口),6,900.0,5,bus_tapin_clusters,900.0,1200.0
line,专19路(肿瘤医院--华威路南口),7,780.0,12,bus_tapin_clusters,780.0,900.0
line,专19路(肿瘤医院--华威路南口),8,600.0,16,bus_tapin_clusters,750.0,600.0
line,专19路(肿瘤医院--华威路南口),9,600.0,14,bus_tapin_clusters,645.0,600.0
line,专19路(肿瘤医院--华威路南口),10,720.0,14,bus_tapin_clusters,1290.0,720.0
line,专19路(肿瘤医院--华威路南口),11,900.0,11,bus_tapin_clusters,900.0,900.0
line,专19路(肿瘤医院--华威路南口),12,720.0,12,bus_tapin_clusters,870.0,720.0
line,专19路(肿瘤医院--华威路南口),13,900.0,14,bus_tapin_clusters,1020.0,900.0
line,专19路(肿瘤医院--华威路南口),14,1200.0,8,bus_tapin_clusters,1230.0,1200.0
line,专19路(肿瘤医院--华威路南口),15,900.0,8,bus_tapin_clusters,900.0,1200.0
line,专19路(肿瘤医院--华威路南口),16,990.0,8,bus_tapin_clusters,990.0,1200.0
line,专19路(肿瘤医院--华威路南口),17,600.0,13,bus_tapin_clusters,600.0,720.0
line,专19路(肿瘤医院--华威路南口),18,780.0,7,bus_tapin_clusters,780.0,900.0
line,专19路(肿瘤医院--华威路南口),19,1200.0,5,bus_tapin_clusters,2100.0,1200.0
line,431路(东四十条桥东--单店北站),6,720.0,13,bus_tapin_clusters,1260.0,720.0
line,431路(东四十条桥东--单店北站),7,360.0,25,bus_tapin_clusters,360.0,450.0
line,431路(东四十条桥东--单店北站),8,720.0,21,bus_tapin_clusters,1020.0,720.0
line,431路(东四十条桥东--单店北站),9,300.0,34,bus_tapin_clusters,300.0,300.0
line,431路(东四十条桥东--单店北站),10,720.0,21,bus_tapin_clusters,960.0,720.0
line,431路(东四十条桥东--单店北站),11,600.0,20,bus_tapin_clusters,840.0,600.0
line,431路(东四十条桥东--单店北站),12,600.0,23,bus_tapin_clusters,720.0,600.0
line,431路(东四十条桥东--单店北站),13,600.0,13,bus_tapin_clusters,720.0,600.0
line,431路(东四十条桥东--单店北站),14,600.0,23,bus_tapin_clusters,840.0,600.0
line,431路(东四十条桥东--单店北站),15,900.0,18,bus_tapin_clusters,930.0,900.0
line,431路(东四十条桥东--单店北站),16,360.0,40,bus_tapin_clusters,390.0,360.0
line,431路(东四十条桥东--单店北站),17,360.0,38,bus_tapin_clusters,375.0,360.0
line,431路(东四十条桥东--单店北站),18,450.0,34,bus_tapin_clusters,675.0,450.0
line,431路(东四十条桥东--单店北站),19,720.0,19,bus_tapin_clusters,900.0,720.0
line,431路(东四十条桥东--单店北站),20,450.0,31,bus_tapin_clusters,780.0,450.0
line,431路(东四十条桥东--单店北站),21,1770.0,6,bus_tapin_clusters,1770.0,1800.0
line,328路(龙泉驾校公交场站--和平东桥),6,720.0,8,bus_tapin_clusters,810.0,720.0
line,328路(龙泉驾校公交场站--和平东桥),7,600.0,12,bus_tapin_clusters,660.0,600.0
line,328路(龙泉驾校公交场站--和平东桥),8,450.0,17,bus_tapin_clusters,480.0,450.0
line,328路(龙泉驾校公交场站--和平东桥),9,420.0,11,bus_tapin_clusters,420.0,720.0
line,328路(龙泉驾校公交场站--和平东桥),10,780.0,3,bus_tapin_clusters,780.0,1200.0
line,328路(龙泉驾校公交场站--和平东桥),11,1200.0,4,bus_tapin_clusters,1545.0,1200.0
line,328路(龙泉驾校公交场站--和平东桥),12,570.0,6,bus_tapin_clusters,570.0,600.0
line,328路(龙泉驾校公交场站--和平东桥),13,1140.0,4,bus_tapin_clusters,1140.0,1200.0
line,328路(龙泉驾校公交场站--和平东桥),14,1200.0,3,bus_tapin_clusters,2100.0,1200.0
line,328路(龙泉驾校公交场站--和平东桥),15,420.0,5,bus_tapin_clusters,420.0,1200.0
line,328路(龙泉驾校公交场站--和平东桥),16,720.0,10,bus_tapin_clusters,990.0,720.0
line,328路(龙泉驾校公交场站--和平东桥),17,630.0,12,bus_tapin_clusters,630.0,720.0
line,328路(龙泉驾校公交场站--和平东桥),18,514.2857142857143,13,bus_tapin_clusters,1140.0,514.2857142857143
line,328路(龙泉驾校公交场站--和平东桥),20,1515.0,2,bus_tapin_clusters,1515.0,1800.0
line,328路(龙泉驾校公交场站--和平东桥),19,1620.0,2,bus_tapin_clusters,1620.0,1800.0
line,45路(阜成门内--三路居公交场站),6,630.0,10,bus_tapin_clusters,630.0,1200.0
line,45路(阜成门内--三路居公交场站),7,450.0,24,bus_tapin_clusters,630.0,450.0
line,45路(阜成门内--三路居公交场站),8,450.0,32,bus_tapin_clusters,600.0,450.0
line,45路(阜成门内--三路居公交场站),9,514.2857142857143,33,bus_tapin_clusters,540.0,514.2857142857143
line,45路(阜成门内--三路居公交场站),10,660.0,23,bus_tapin_clusters,660.0,720.0
line,45路(阜成门内--三路居公交场站),11,600.0,31,bus_tapin_clusters,660.0,600.0
line,45路(阜成门内--三路居公交场站),12,514.2857142857143,31,bus_tapin_clusters,540.0,514.2857142857143
line,45路(阜成门内--三路居公交场站),13,514.2857142857143,26,bus_tapin_clusters,660.0,514.2857142857143
line,45路(阜成门内--三路居公交场站),14,900.0,13,bus_tapin_clusters,1440.0,900.0
line,45路(阜成门内--三路居公交场站),15,720.0,20,bus_tapin_clusters,840.0,720.0
line,45路(阜成门内--三路居公交场站),16,600.0,24,bus_tapin_clusters,630.0,600.0
line,45路(阜成门内--三路居公交场站),17,600.0,25,bus_tapin_clusters,720.0,600.0
line,45路(阜成门内--三路居公交场站),18,600.0,22,bus_tapin_clusters,1065.0,600.0
line,45路(阜成门内--三路居公交场站),19,514.2857142857143,24,bus_tapin_clusters,690.0,514.2857142857143
line,45路(阜成门内--三路居公交场站),20,660.0,8,bus_tapin_clusters,660.0,1200.0
line,45路(阜成门内--三路居公交场站),21,1080.0,9,bus_tapin_clusters,1080.0,1200.0
line,488路(五里桥--大北窑北),6,840.0,6,bus_tapin_clusters,840.0,900.0
line,488路(五里桥--大北窑北),7,1200.0,7,bus_tapin_clusters,1560.0,1200.0
line,488路(五里桥--大北窑北),8,514.2857142857143,14,bus_tapin_clusters,540.0,514.2857142857143
line,488路(五里桥--大北窑北),9,514.2857142857143,17,bus_tapin_clusters,540.0,514.2857142857143
line,488路(五里桥--大北窑北),10,1140.0,9,bus_tapin_clusters,1140.0,1200.0
line,488路(五里桥--大北窑北),11,720.0,12,bus_tapin_clusters,1050.0,720.0
line,488路(五里桥--大北窑北),12,840.0,5,bus_tapin_clusters,840.0,1200.0
line,488路(五里桥--大北窑北),13,900.0,8,bus_tapin_clusters,990.0,900.0
line,488路(五里桥--大北窑北),14,900.0,6,bus_tapin_clusters,960.0,900.0
line,488路(五里桥--大北窑北),15,514.2857142857143,16,bus_tapin_clusters,660.0,514.2857142857143
line,488路(五里桥--大北窑北),17,514.2857142857143,15,bus_tapin_clusters,600.0,514.2857142857143
line,488路(五里桥--大北窑北),18,900.0,9,bus_tapin_clusters,1140.0,900.0
line,488路(五里桥--大北窑北),19,1200.0,3,bus_tapin_clusters,1320.0,1200.0
line,488路(五里桥--大北窑北),20,1500.0,2,bus_tapin_clusters,1500.0,1800.0
line,488路(五里桥--大北窑北),16,1200.0,3,bus_tapin_clusters,1260.0,1200.0
line,839路(刘家窑桥西--东坟公交场站),6,720.0,16,bus_tapin_clusters,810.0,720.0
line,839路(刘家窑桥西--东坟公交场站),7,720.0,20,bus_tapin_clusters,975.0,720.0
line,839路(刘家窑桥西--东坟公交场站),8,240.0,57,bus_tapin_clusters,240.0,327.27272727272725
line,839路(刘家窑桥西--东坟公交场站),9,514.2857142857143,36,bus_tapin_clusters,630.0,514.2857142857143
line,839路(刘家窑桥西--东坟公交场站),10,720.0,19,bus_tapin_clusters,840.0,720.0
line,839路(刘家窑桥西--东坟公交场站),11,600.0,24,bus_tapin_clusters,840.0,600.0
line,839路(刘家窑桥西--东坟公交场站),12,720.0,21,bus_tapin_clusters,960.0,720.0
line,839路(刘家窑桥西--东坟公交场站),13,600.0,19,bus_tapin_clusters,840.0,600.0
line,839路(刘家窑桥西--东坟公交场站),14,720.0,25,bus_tapin_clusters,720.0,720.0
line,839路(刘家窑桥西--东坟公交场站),15,720.0,24,bus_tapin_clusters,720.0,720.0
line,839路(刘家窑桥西--东坟公交场站),16,514.2857142857143,29,bus_tapin_clusters,540.0,514.2857142857143
line,839路(刘家窑桥西--东坟公交场站),17,360.0,38,bus_tapin_clusters,360.0,360.0
line,839路(刘家窑桥西--东坟公交场站),18,570.0,29,bus_tapin_clusters,570.0,600.0
line,839路(刘家窑桥西--东坟公交场站),19,514.2857142857143,26,bus_tapin_clusters,945.0,514.2857142857143
line,839路(刘家窑桥西--东坟公交场站),20,720.0,14,bus_tapin_clusters,915.0,720.0
line,334路(动物园枢纽站--吴庄公交场站),8,780.0,5,bus_tapin_clusters,780.0,1200.0
line,334路(动物园枢纽站--吴庄公交场站),9,345.0,16,bus_tapin_clusters,345.0,514.2857142857143
line,334路(动物园枢纽站--吴庄公交场站),10,720.0,12,bus_tapin_clusters,1020.0,720.0
line,334路(动物园枢纽站--吴庄公交场站),11,720.0,9,bus_tapin_clusters,720.0,1200.0
line,334路(动物园枢纽站--吴庄公交场站),12,720.0,13,bus_tapin_clusters,1020.0,720.0
line,334路(动物园枢纽站--吴庄公交场站),13,400.0,14,bus_tapin_clusters,420.0,400.0
line,334路(动物园枢纽站--吴庄公交场站),14,600.0,15,bus_tapin_clusters,720.0,600.0
line,334路(动物园枢纽站--吴庄公交场站),15,1440.0,5,bus_tapin_clusters,1440.0,1800.0
line,334路(动物园枢纽站--吴庄公交场站),16,330.0,18,bus_tapin_clusters,330.0,450.0
line,334路(动物园枢纽站--吴庄公交场站),17,360.0,21,bus_tapin_clusters,480.0,360.0
line,334路(动物园枢纽站--吴庄公交场站),18,240.0,13,bus_tapin_clusters,240.0,400.0
line,334路(动物园枢纽站--吴庄公交场站),19,720.0,10,bus_tapin_clusters,870.0,720.0
line,334路(动物园枢纽站--吴庄公交场站),21,420.0,5,bus_tapin_clusters,420.0,720.0
line,334路(动物园枢纽站--吴庄公交场站),6,660.0,7,bus_tapin_clusters,660.0,1200.0
line,334路(动物园枢纽站--吴庄公交场站),7,300.0,18,bus_tapin_clusters,300.0,327.27272727272725
line,334路(动物园枢纽站--吴庄公交场站),20,360.0,2,bus_tapin_clusters,360.0,1800.0
line,457路(劲松--豆各庄公交场站),7,900.0,6,bus_tapin_clusters,1470.0,900.0
line,457路(劲松--豆各庄公交场站),8,1110.0,6,bus_tapin_clusters,1110.0,1200.0
line,457路(劲松--豆各庄公交场站),9,600.0,11,bus_tapin_clusters,600.0,900.0
line,457路(劲松--豆各庄公交场站),10,450.0,15,bus_tapin_clusters,600.0,450.0
line,457路(劲松--豆各庄公交场站),11,600.0,10,bus_tapin_clusters,600.0,600.0
line,457路(劲松--豆各庄公交场站),12,720.0,7,bus_tapin_clusters,720.0,720.0
line,457路(劲松--豆各庄公交场站),13,1800.0,4,bus_tapin_clusters,2520.0,1800.0
line,457路(劲松--豆各庄公交场站),15,720.0,8,bus_tapin_clusters,720.0,720.0
line,457路(劲松--豆各庄公交场站),16,540.0,14,bus_tapin_clusters,540.0,600.0
line,457路(劲松--豆各庄公交场站),17,360.0,18,bus_tapin_clusters,420.0,360.0
line,457路(劲松--豆各庄公交场站),18,900.0,9,bus_tapin_clusters,1320.0,900.0
line,457路(劲松--豆各庄公交场站),19,480.0,15,bus_tapin_clusters,480.0,514.2857142857143
line,457路(劲松--豆各庄公交场站),20,900.0,10,bus_tapin_clusters,1080.0,900.0
line,457路(劲松--豆各庄公交场站),21,1290.0,4,bus_tapin_clusters,1290.0,1800.0
line,457路(劲松--豆各庄公交场站),22,240.0,4,bus_tapin_clusters,240.0,1200.0
line,457路(劲松--豆各庄公交场站),6,960.0,3,bus_tapin_clusters,960.0,1800.0
line,457路(劲松--豆各庄公交场站),14,900.0,4,bus_tapin_clusters,900.0,900.0
line,483路(丰台路口--西红门西站),6,1080.0,15,bus_tapin_clusters,1080.0,1200.0
line,483路(丰台路口--西红门西站),7,510.0,24,bus_tapin_clusters,510.0,514.2857142857143
line,483路(丰台路口--西红门西站),8,514.2857142857143,36,bus_tapin_clusters,540.0,514.2857142857143
line,483路(丰台路口--西红门西站),9,514.2857142857143,28,bus_tapin_clusters,600.0,514.2857142857143
line,483路(丰台路口--西红门西站),10,720.0,23,bus_tapin_clusters,780.0,720.0
line,483路(丰台路口--西红门西站),11,720.0,23,bus_tapin_clusters,780.0,720.0
line,483路(丰台路口--西红门西站),12,720.0,21,bus_tapin_clusters,780.0,720.0
line,483路(丰台路口--西红门西站),14,720.0,21,bus_tapin_clusters,900.0,720.0
line,483路(丰台路口--西红门西站),15,900.0,17,bus_tapin_clusters,960.0,900.0
line,483路(丰台路口--西红门西站),16,514.2857142857143,28,bus_tapin_clusters,630.0,514.2857142857143
line,483路(丰台路口--西红门西站),17,600.0,21,bus_tapin_clusters,900.0,600.0
line,483路(丰台路口--西红门西站),18,600.0,24,bus_tapin_clusters,630.0,600.0
line,483路(丰台路口--西红门西站),13,885.0,16,bus_tapin_clusters,885.0,900.0
line,483路(丰台路口--西红门西站),19,720.0,15,bus_tapin_clusters,720.0,720.0
line,483路(丰台路口--西红门西站),20,900.0,5,bus_tapin_clusters,1740.0,900.0
line,618路(龙锦苑东五区南门--月坛体育场),6,780.0,16,bus_tapin_clusters,780.0,900.0
line,618路(龙锦苑东五区南门--月坛体育场),7,514.2857142857143,27,bus_tapin_clusters,720.0,514.2857142857143
line,618路(龙锦苑东五区南门--月坛体育场),8,300.0,32,bus_tapin_clusters,300.0,450.0
line,618路(龙锦苑东五区南门--月坛体育场),9,600.0,32,bus_tapin_clusters,690.0,600.0
line,618路(龙锦苑东五区南门--月坛体育场),10,720.0,21,bus_tapin_clusters,840.0,720.0
line,618路(龙锦苑东五区南门--月坛体育场),11,660.0,19,bus_tapin_clusters,660.0,720.0
line,618路(龙锦苑东五区南门--月坛体育场),12,514.2857142857143,32,bus_tapin_clusters,600.0,514.2857142857143
line,618路(龙锦苑东五区南门--月坛体育场),13,600.0,27,bus_tapin_clusters,720.0,600.0
line,618路(龙锦苑东五区南门--月坛体育场),14,600.0,24,bus_tapin_clusters,750.0,600.0
line,618路(龙锦苑东五区南门--月坛体育场),15,720.0,17,bus_tapin_clusters,1020.0,720.0
line,618路(龙锦苑东五区南门--月坛体育场),16,720.0,19,bus_tapin_clusters,1020.0,720.0
line,618路(龙锦苑东五区南门--月坛体育场),17,900.0,23,bus_tapin_clusters,900.0,900.0
line,618路(龙锦苑东五区南门--月坛体育场),18,900.0,20,bus_tapin_clusters,1020.0,900.0
line,618路(龙锦苑东五区南门--月坛体育场),19,900.0,14,bus_tapin_clusters,1005.0,900.0
line,618路(龙锦苑东五区南门--月坛体育场),20,900.0,9,bus_tapin_clusters,1320.0,900.0
line,618路(龙锦苑东五区南门--月坛体育场),21,1470.0,2,bus_tapin_clusters,1470.0,1800.0
line,549路(四通桥东--厢白旗桥),7,514.2857142857143,25,bus_tapin_clusters,660.0,514.2857142857143
line,549路(四通桥东--厢白旗桥),8,600.0,21,bus_tapin_clusters,630.0,600.0
line,549路(四通桥东--厢白旗桥),9,514.2857142857143,22,bus_tapin_clusters,720.0,514.2857142857143
line,549路(四通桥东--厢白旗桥),10,514.2857142857143,25,bus_tapin_clusters,720.0,514.2857142857143
line,549路(四通桥东--厢白旗桥),11,900.0,15,bus_tapin_clusters,1380.0,900.0
line,549路(四通桥东--厢白旗桥),12,600.0,18,bus_tapin_clusters,690.0,600.0
line,549路(四通桥东--厢白旗桥),13,660.0,13,bus_tapin_clusters,660.0,900.0
line,549路(四通桥东--厢白旗桥),14,720.0,21,bus_tapin_clusters,1200.0,720.0
line,549路(四通桥东--厢白旗桥),15,540.0,19,bus_tapin_clusters,540.0,720.0
line,549路(四通桥东--厢白旗桥),16,600.0,15,bus_tapin_clusters,780.0,600.0
line,549路(四通桥东--厢白旗桥),17,900.0,21,bus_tapin_clusters,1200.0,900.0
line,549路(四通桥东--厢白旗桥),18,1020.0,6,bus_tapin_clusters,1020.0,1800.0
line,549路(四通桥东--厢白旗桥),19,720.0,12,bus_tapin_clusters,750.0,720.0
line,549路(四通桥东--厢白旗桥),21,405.0,6,bus_tapin_clusters,405.0,900.0
line,549路(四通桥东--厢白旗桥),6,1200.0,3,bus_tapin_clusters,1440.0,1200.0
line,602路(老君堂北站--丰台路口),7,540.0,18,bus_tapin_clusters,540.0,720.0
line,602路(老君堂北站--丰台路口),8,720.0,19,bus_tapin_clusters,1020.0,720.0
line,602路(老君堂北站--丰台路口),9,540.0,24,bus_tapin_clusters,540.0,600.0
line,602路(老君堂北站--丰台路口),10,1200.0,14,bus_tapin_clusters,1275.0,1200.0
line,602路(老君堂北站--丰台路口),11,1200.0,11,bus_tapin_clusters,1470.0,1200.0
line,602路(老君堂北站--丰台路口),12,1200.0,10,bus_tapin_clusters,1320.0,1200.0
line,602路(老君堂北站--丰台路口),13,1200.0,10,bus_tapin_clusters,1770.0,1200.0
line,602路(老君堂北站--丰台路口),14,840.0,14,bus_tapin_clusters,840.0,900.0
line,602路(老君堂北站--丰台路口),15,720.0,17,bus_tapin_clusters,780.0,720.0
line,602路(老君堂北站--丰台路口),16,720.0,18,bus_tapin_clusters,780.0,720.0
line,602路(老君堂北站--丰台路口),17,720.0,19,bus_tapin_clusters,960.0,720.0
line,602路(老君堂北站--丰台路口),18,720.0,17,bus_tapin_clusters,900.0,720.0
line,602路(老君堂北站--丰台路口),19,585.0,12,bus_tapin_clusters,585.0,900.0
line,602路(老君堂北站--丰台路口),20,1140.0,4,bus_tapin_clusters,1140.0,1200.0
line,480路(丽泽桥--明春苑),6,1020.0,7,bus_tapin_clusters,1020.0,1200.0
line,480路(丽泽桥--明春苑),7,900.0,12,bus_tapin_clusters,1500.0,900.0
line,480路(丽泽桥--明春苑),8,480.0,15,bus_tapin_clusters,480.0,720.0
line,480路(丽泽桥--明春苑),13,720.0,8,bus_tapin_clusters,1020.0,720.0
line,480路(丽泽桥--明春苑),16,1140.0,12,bus_tapin_clusters,1140.0,1200.0
line,480路(丽泽桥--明春苑),18,900.0,7,bus_tapin_clusters,1380.0,900.0
line,480路(丽泽桥--明春苑),21,900.0,5,bus_tapin_clusters,900.0,900.0
line,480路(丽泽桥--明春苑),12,1530.0,4,bus_tapin_clusters,1530.0,1800.0
line,480路(丽泽桥--明春苑),14,1545.0,2,bus_tapin_clusters,1545.0,1800.0
line,480路(丽泽桥--明春苑),15,1800.0,4,bus_tapin_clusters,2400.0,1800.0
line,480路(丽泽桥--明春苑),17,720.0,9,bus_tapin_clusters,1080.0,720.0
line,480路(丽泽桥--明春苑),20,810.0,6,bus_tapin_clusters,810.0,900.0
line,622路(北京站东--成和园小区),6,600.0,4,bus_tapin_clusters,600.0,900.0
line,622路(北京站东--成和园小区),7,690.0,22,bus_tapin_clusters,690.0,720.0
line,622路(北京站东--成和园小区),8,600.0,31,bus_tapin_clusters,720.0,600.0
line,622路(北京站东--成和园小区),9,780.0,21,bus_tapin_clusters,780.0,900.0
line,622路(北京站东--成和园小区),10,720.0,20,bus_tapin_clusters,1170.0,720.0
line,622路(北京站东--成和园小区),11,720.0,21,bus_tapin_clusters,960.0,720.0
line,622路(北京站东--成和园小区),12,400.0,23,bus_tapin_clusters,780.0,400.0
line,622路(北京站东--成和园小区),13,780.0,21,bus_tapin_clusters,780.0,900.0
line,622路(北京站东--成和园小区),14,900.0,20,bus_tapin_clusters,960.0,900.0
line,622路(北京站东--成和园小区),15,720.0,23,bus_tapin_clusters,960.0,720.0
line,622路(北京站东--成和园小区),16,514.2857142857143,31,bus_tapin_clusters,540.0,514.2857142857143
line,622路(北京站东--成和园小区),17,450.0,37,bus_tapin_clusters,540.0,450.0
line,622路(北京站东--成和园小区),18,514.2857142857143,25,bus_tapin_clusters,600.0,514.2857142857143
line,622路(北京站东--成和园小区),19,600.0,26,bus_tapin_clusters,780.0,600.0
line,622路(北京站东--成和园小区),20,720.0,16,bus_tapin_clusters,900.0,720.0
line,622路(北京站东--成和园小区),21,720.0,11,bus_tapin_clusters,840.0,720.0
line,624路(槐树岭公交场站--航天桥南),7,1020.0,9,bus_tapin_clusters,1020.0,1200.0
line,624路(槐树岭公交场站--航天桥南),8,585.0,20,bus_tapin_clusters,585.0,600.0
line,624路(槐树岭公交场站--航天桥南),9,1200.0,6,bus_tapin_clusters,2250.0,1200.0
line,624路(槐树岭公交场站--航天桥南),11,1200.0,7,bus_tapin_clusters,1380.0,1200.0
line,624路(槐树岭公交场站--航天桥南),12,600.0,17,bus_tapin_clusters,840.0,600.0
line,624路(槐树岭公交场站--航天桥南),13,600.0,15,bus_tapin_clusters,930.0,600.0
line,624路(槐树岭公交场站--航天桥南),14,1290.0,4,bus_tapin_clusters,1290.0,1800.0
line,624路(槐树岭公交场站--航天桥南),15,1200.0,12,bus_tapin_clusters,1830.0,1200.0
line,624路(槐树岭公交场站--航天桥南),16,900.0,11,bus_tapin_clusters,1020.0,900.0
line,624路(槐树岭公交场站--航天桥南),17,720.0,14,bus_tapin_clusters,810.0,720.0
line,624路(槐树岭公交场站--航天桥南),18,1200.0,2,bus_tapin_clusters,1200.0,1800.0
line,624路(槐树岭公交场站--航天桥南),19,450.0,13,bus_tapin_clusters,600.0,450.0
line,624路(槐树岭公交场站--航天桥南),20,885.0,6,bus_tapin_clusters,885.0,900.0
line,624路(槐树岭公交场站--航天桥南),10,300.0,9,bus_tapin_clusters,300.0,720.0
line,624路(槐树岭公交场站--航天桥南),6,1230.0,2,bus_tapin_clusters,1230.0,1800.0
line,827路(刘家窑桥西--大兴西庄),6,1170.0,2,bus_tapin_clusters,1170.0,1800.0
line,827路(刘家窑桥西--大兴西庄),7,1200.0,3,bus_tapin_clusters,2040.0,1200.0
line,827路(刘家窑桥西--大兴西庄),8,1410.0,2,bus_tapin_clusters,1410.0,1800.0
line,827路(刘家窑桥西--大兴西庄),9,870.0,3,bus_tapin_clusters,870.0,1200.0
line,827路(刘家窑桥西--大兴西庄),10,1200.0,3,bus_tapin_clusters,1380.0,1200.0
line,827路(刘家窑桥西--大兴西庄),12,1230.0,2,bus_tapin_clusters,1230.0,1800.0
line,827路(刘家窑桥西--大兴西庄),13,1800.0,2,bus_tapin_clusters,2220.0,1800.0
line,827路(刘家窑桥西--大兴西庄),15,720.0,4,bus_tapin_clusters,720.0,900.0
line,827路(刘家窑桥西--大兴西庄),16,1200.0,3,bus_tapin_clusters,1740.0,1200.0
line,827路(刘家窑桥西--大兴西庄),17,615.0,4,bus_tapin_clusters,615.0,900.0
line,827路(刘家窑桥西--大兴西庄),18,900.0,4,bus_tapin_clusters,1080.0,900.0
line,827路(刘家窑桥西--大兴西庄),19,1500.0,2,bus_tapin_clusters,1500.0,1800.0
line,508路(地铁新街口站--西苑),6,495.0,8,bus_tapin_clusters,495.0,720.0
line,508路(地铁新街口站--西苑),7,540.0,13,bus_tapin_clusters,540.0,720.0
line,508路(地铁新街口站--西苑),8,900.0,10,bus_tapin_clusters,1080.0,900.0
line,508路(地铁新街口站--西苑),9,720.0,14,bus_tapin_clusters,930.0,720.0
line,508路(地铁新街口站--西苑),10,720.0,9,bus_tapin_clusters,720.0,900.0
line,508路(地铁新街口站--西苑),11,645.0,10,bus_tapin_clusters,645.0,900.0
line,508路(地铁新街口站--西苑),12,1200.0,4,bus_tapin_clusters,1380.0,1200.0
line,508路(地铁新街口站--西苑),13,1200.0,5,bus_tapin_clusters,1200.0,1200.0
line,508路(地铁新街口站--西苑),14,1200.0,7,bus_tapin_clusters,1440.0,1200.0
line,508路(地铁新街口站--西苑),15,900.0,8,bus_tapin_clusters,1110.0,900.0
line,508路(地铁新街口站--西苑),16,420.0,19,bus_tapin_clusters,420.0,600.0
line,508路(地铁新街口站--西苑),17,600.0,10,bus_tapin_clusters,735.0,600.0
line,508路(地铁新街口站--西苑),18,570.0,12,bus_tapin_clusters,570.0,600.0
line,508路(地铁新街口站--西苑),19,780.0,9,bus_tapin_clusters,780.0,1200.0
line,508路(地铁新街口站--西苑),20,900.0,3,bus_tapin_clusters,900.0,1800.0
line,508路(地铁新街口站--西苑),22,480.0,3,bus_tapin_clusters,480.0,900.0
line,419路(国家体育场东--甘露园北),6,660.0,16,bus_tapin_clusters,660.0,900.0
line,419路(国家体育场东--甘露园北),7,514.2857142857143,34,bus_tapin_clusters,600.0,514.2857142857143
line,419路(国家体育场东--甘露园北),8,420.0,41,bus_tapin_clusters,420.0,450.0
line,419路(国家体育场东--甘露园北),9,450.0,32,bus_tapin_clusters,600.0,450.0
line,419路(国家体育场东--甘露园北),10,400.0,38,bus_tapin_clusters,480.0,400.0
line,419路(国家体育场东--甘露园北),11,600.0,31,bus_tapin_clusters,660.0,600.0
line,419路(国家体育场东--甘露园北),12,900.0,24,bus_tapin_clusters,915.0,900.0
line,419路(国家体育场东--甘露园北),13,720.0,24,bus_tapin_clusters,930.0,720.0
line,419路(国家体育场东--甘露园北),14,600.0,24,bus_tapin_clusters,840.0,600.0
line,419路(国家体育场东--甘露园北),15,514.2857142857143,38,bus_tapin_clusters,585.0,514.2857142857143
line,419路(国家体育场东--甘露园北),16,514.2857142857143,33,bus_tapin_clusters,600.0,514.2857142857143
line,419路(国家体育场东--甘露园北),17,420.0,37,bus_tapin_clusters,420.0,450.0
line,419路(国家体育场东--甘露园北),18,360.0,41,bus_tapin_clusters,480.0,360.0
line,419路(国家体育场东--甘露园北),19,450.0,34,bus_tapin_clusters,720.0,450.0
line,419路(国家体育场东--甘露园北),20,720.0,21,bus_tapin_clusters,960.0,720.0
line,419路(国家体育场东--甘露园北),21,600.0,22,bus_tapin_clusters,600.0,720.0
line,419路(国家体育场东--甘露园北),22,990.0,6,bus_tapin_clusters,990.0,1200.0
line,852路(平谷汽车站--东直门枢纽站),6,570.0,4,bus_tapin_clusters,570.0,900.0
line,852路(平谷汽车站--东直门枢纽站),7,450.0,8,bus_tapin_clusters,450.0,450.0
line,852路(平谷汽车站--东直门枢纽站),8,405.0,8,bus_tapin_clusters,405.0,450.0
line,852路(平谷汽车站--东直门枢纽站),9,1080.0,3,bus_tapin_clusters,1080.0,1200.0
line,852路(平谷汽车站--东直门枢纽站),10,810.0,4,bus_tapin_clusters,810.0,900.0
line,852路(平谷汽车站--东直门枢纽站),11,675.0,4,bus_tapin_clusters,675.0,900.0
line,852路(平谷汽车站--东直门枢纽站),13,900.0,4,bus_tapin_clusters,1050.0,900.0
line,852路(平谷汽车站--东直门枢纽站),15,450.0,2,bus_tapin_clusters,450.0,1200.0
line,852路(平谷汽车站--东直门枢纽站),17,510.0,3,bus_tapin_clusters,510.0,1200.0
line,852路(平谷汽车站--东直门枢纽站),18,1200.0,3,bus_tapin_clusters,1440.0,1200.0
line,365路(永丰公交场站--闵庄南里),7,720.0,21,bus_tapin_clusters,1020.0,720.0
line,365路(永丰公交场站--闵庄南里),8,600.0,23,bus_tapin_clusters,720.0,600.0
line,365路(永丰公交场站--闵庄南里),9,420.0,5,bus_tapin_clusters,420.0,1800.0
line,365路(永丰公交场站--闵庄南里),10,570.0,16,bus_tapin_clusters,570.0,900.0
line,365路(永丰公交场站--闵庄南里),11,600.0,23,bus_tapin_clusters,840.0,600.0
line,365路(永丰公交场站--闵庄南里),12,900.0,13,bus_tapin_clusters,960.0,900.0
line,365路(永丰公交场站--闵庄南里),13,1020.0,11,bus_tapin_clusters,1020.0,1200.0
line,365路(永丰公交场站--闵庄南里),14,900.0,16,bus_tapin_clusters,1260.0,900.0
line,365路(永丰公交场站--闵庄南里),15,514.2857142857143,31,bus_tapin_clusters,660.0,514.2857142857143
line,365路(永丰公交场站--闵庄南里),16,765.0,18,bus_tapin_clusters,765.0,900.0
line,365路(永丰公交场站--闵庄南里),17,720.0,26,bus_tapin_clusters,750.0,720.0
line,365路(永丰公交场站--闵庄南里),18,600.0,29,bus_tapin_clusters,720.0,600.0
line,365路(永丰公交场站--闵庄南里),19,720.0,20,bus_tapin_clusters,930.0,720.0
line,365路(永丰公交场站--闵庄南里),20,600.0,22,bus_tapin_clusters,810.0,600.0
line,365路(永丰公交场站--闵庄南里),21,390.0,4,bus_tapin_clusters,390.0,1200.0
line,345路(昌平北站--德胜门西),8,900.0,8,bus_tapin_clusters,1005.0,900.0
line,345路(昌平北站--德胜门西),9,1200.0,3,bus_tapin_clusters,1860.0,1200.0
line,345路(昌平北站--德胜门西),14,1200.0,3,bus_tapin_clusters,1200.0,1200.0
line,345路(昌平北站--德胜门西),15,1710.0,2,bus_tapin_clusters,1710.0,1800.0
line,345路(昌平北站--德胜门西),16,900.0,6,bus_tapin_clusters,960.0,900.0
line,345路(昌平北站--德胜门西),17,600.0,7,bus_tapin_clusters,600.0,720.0
line,345路(昌平北站--德胜门西),6,870.0,3,bus_tapin_clusters,870.0,1200.0
line,345路(昌平北站--德胜门西),7,660.0,5,bus_tapin_clusters,660.0,720.0
line,345路(昌平北站--德胜门西),11,960.0,3,bus_tapin_clusters,960.0,1200.0
line,345路(昌平北站--德胜门西),12,840.0,3,bus_tapin_clusters,840.0,1200.0
line,345路(昌平北站--德胜门西),18,1770.0,2,bus_tapin_clusters,1770.0,1800.0
line,345路(昌平北站--德胜门西),19,1410.0,2,bus_tapin_clusters,1410.0,1800.0
line,567路(惠新西街北口--东湖),6,1290.0,4,bus_tapin_clusters,1290.0,1800.0
line,567路(惠新西街北口--东湖),7,600.0,17,bus_tapin_clusters,720.0,600.0
line,567路(惠新西街北口--东湖),8,420.0,29,bus_tapin_clusters,420.0,514.2857142857143
line,567路(惠新西街北口--东湖),9,600.0,29,bus_tapin_clusters,660.0,600.0
line,567路(惠新西街北口--东湖),10,514.2857142857143,23,bus_tapin_clusters,1080.0,514.2857142857143
line,567路(惠新西街北口--东湖),11,1200.0,15,bus_tapin_clusters,1260.0,1200.0
line,567路(惠新西街北口--东湖),12,780.0,11,bus_tapin_clusters,780.0,900.0
line,567路(惠新西街北口--东湖),13,960.0,13,bus_tapin_clusters,960.0,1200.0
line,567路(惠新西街北口--东湖),14,600.0,23,bus_tapin_clusters,720.0,600.0
line,567路(惠新西街北口--东湖),15,900.0,15,bus_tapin_clusters,900.0,1200.0
line,567路(惠新西街北口--东湖),16,720.0,12,bus_tapin_clusters,720.0,720.0
line,567路(惠新西街北口--东湖),17,450.0,34,bus_tapin_clusters,780.0,450.0
line,567路(惠新西街北口--东湖),18,900.0,14,bus_tapin_clusters,1320.0,900.0
line,567路(惠新西街北口--东湖),19,900.0,6,bus_tapin_clusters,1950.0,900.0
line,567路(惠新西街北口--东湖),20,1170.0,2,bus_tapin_clusters,1170.0,1800.0
line,567路(惠新西街北口--东湖),21,1800.0,2,bus_tapin_clusters,1800.0,1800.0
line,专165路(八王坟南--广和里中街),6,1080.0,2,bus_tapin_clusters,1080.0,1800.0
line,专165路(八王坟南--广和里中街),7,600.0,6,bus_tapin_clusters,630.0,600.0
line,专165路(八王坟南--广和里中街),8,1200.0,3,bus_tapin_clusters,1500.0,1200.0
line,专165路(八王坟南--广和里中街),17,870.0,4,bus_tapin_clusters,870.0,900.0
line,专165路(八王坟南--广和里中街),18,1140.0,3,bus_tapin_clusters,1140.0,1200.0
line,专165路(八王坟南--广和里中街),19,900.0,3,bus_tapin_clusters,900.0,900.0
line,301路(天通北苑--安定门),7,900.0,6,bus_tapin_clusters,990.0,900.0
line,301路(天通北苑--安定门),8,900.0,8,bus_tapin_clusters,900.0,900.0
line,301路(天通北苑--安定门),9,900.0,7,bus_tapin_clusters,1020.0,900.0
line,301路(天通北苑--安定门),10,540.0,9,bus_tapin_clusters,540.0,720.0
line,301路(天通北苑--安定门),14,1200.0,6,bus_tapin_clusters,1680.0,1200.0
line,301路(天通北苑--安定门),15,1560.0,2,bus_tapin_clusters,1560.0,1800.0
line,301路(天通北苑--安定门),17,1200.0,6,bus_tapin_clusters,1350.0,1200.0
line,301路(天通北苑--安定门),18,840.0,6,bus_tapin_clusters,840.0,900.0
line,301路(天通北苑--安定门),11,1800.0,2,bus_tapin_clusters,1890.0,1800.0
line,301路(天通北苑--安定门),21,1200.0,2,bus_tapin_clusters,1200.0,1200.0
line,71路(友谊医院东--红寺桥),7,1800.0,5,bus_tapin_clusters,2580.0,1800.0
line,71路(友谊医院东--红寺桥),8,1200.0,10,bus_tapin_clusters,1500.0,1200.0
line,71路(友谊医院东--红寺桥),9,720.0,16,bus_tapin_clusters,1410.0,720.0
line,71路(友谊医院东--红寺桥),10,1200.0,5,bus_tapin_clusters,2100.0,1200.0
line,71路(友谊医院东--红寺桥),11,900.0,17,bus_tapin_clusters,1800.0,900.0
line,71路(友谊医院东--红寺桥),13,1200.0,6,bus_tapin_clusters,1860.0,1200.0
line,71路(友谊医院东--红寺桥),15,1200.0,5,bus_tapin_clusters,3000.0,1200.0
line,71路(友谊医院东--红寺桥),17,1200.0,9,bus_tapin_clusters,2400.0,1200.0
line,71路(友谊医院东--红寺桥),18,1350.0,2,bus_tapin_clusters,1350.0,1800.0
line,71路(友谊医院东--红寺桥),19,1710.0,2,bus_tapin_clusters,1710.0,1800.0
line,71路(友谊医院东--红寺桥),12,1800.0,5,bus_tapin_clusters,2460.0,1800.0
line,71路(友谊医院东--红寺桥),16,1200.0,8,bus_tapin_clusters,2670.0,1200.0
line,651路(柳林村--西直门),6,480.0,12,bus_tapin_clusters,480.0,1200.0
line,651路(柳林村--西直门),7,600.0,27,bus_tapin_clusters,660.0,600.0
line,651路(柳林村--西直门),8,300.0,51,bus_tapin_clusters,420.0,300.0
line,651路(柳林村--西直门),9,327.27272727272725,54,bus_tapin_clusters,330.0,327.27272727272725
line,651路(柳林村--西直门),10,720.0,23,bus_tapin_clusters,750.0,720.0
line,651路(柳林村--西直门),11,450.0,37,bus_tapin_clusters,480.0,450.0
line,651路(柳林村--西直门),12,600.0,34,bus_tapin_clusters,660.0,600.0
line,651路(柳林村--西直门),13,480.0,30,bus_tapin_clusters,480.0,600.0
line,651路(柳林村--西直门),14,514.2857142857143,34,bus_tapin_clusters,540.0,514.2857142857143
line,651路(柳林村--西直门),15,514.2857142857143,29,bus_tapin_clusters,720.0,514.2857142857143
line,651路(柳林村--西直门),16,327.27272727272725,56,bus_tapin_clusters,420.0,327.27272727272725
line,651路(柳林村--西直门),17,360.0,53,bus_tapin_clusters,480.0,360.0
line,651路(柳林村--西直门),18,450.0,39,bus_tapin_clusters,600.0,450.0
line,651路(柳林村--西直门),19,514.2857142857143,29,bus_tapin_clusters,600.0,514.2857142857143
line,651路(柳林村--西直门),20,600.0,27,bus_tapin_clusters,660.0,600.0
line,651路(柳林村--西直门),21,600.0,23,bus_tapin_clusters,660.0,600.0
line,93路(前门--吕家营),7,720.0,17,bus_tapin_clusters,1020.0,720.0
line,93路(前门--吕家营),8,720.0,20,bus_tapin_clusters,855.0,720.0
line,93路(前门--吕家营),9,510.0,34,bus_tapin_clusters,510.0,514.2857142857143
line,93路(前门--吕家营),10,720.0,24,bus_tapin_clusters,780.0,720.0
line,93路(前门--吕家营),11,720.0,23,bus_tapin_clusters,1020.0,720.0
line,93路(前门--吕家营),12,600.0,21,bus_tapin_clusters,1140.0,600.0
line,93路(前门--吕家营),13,540.0,25,bus_tapin_clusters,540.0,600.0
line,93路(前门--吕家营),14,514.2857142857143,26,bus_tapin_clusters,780.0,514.2857142857143
line,93路(前门--吕家营),15,514.2857142857143,28,bus_tapin_clusters,660.0,514.2857142857143
line,93路(前门--吕家营),16,360.0,38,bus_tapin_clusters,360.0,360.0
line,93路(前门--吕家营),17,405.0,30,bus_tapin_clusters,405.0,450.0
line,93路(前门--吕家营),18,276.9230769230769,46,bus_tapin_clusters,300.0,276.9230769230769
line,93路(前门--吕家营),19,450.0,20,bus_tapin_clusters,870.0,450.0
line,93路(前门--吕家营),20,720.0,21,bus_tapin_clusters,900.0,720.0
line,93路(前门--吕家营),21,360.0,24,bus_tapin_clusters,600.0,360.0
line,93路(前门--吕家营),6,420.0,8,bus_tapin_clusters,420.0,720.0
line,93路(前门--吕家营),22,1140.0,2,bus_tapin_clusters,1140.0,1200.0
line,专19路(华威路南口--肿瘤医院),6,1350.0,2,bus_tapin_clusters,1350.0,1800.0
line,专19路(华威路南口--肿瘤医院),7,900.0,7,bus_tapin_clusters,900.0,900.0
line,专19路(华威路南口--肿瘤医院),8,840.0,7,bus_tapin_clusters,840.0,900.0
line,专19路(华威路南口--肿瘤医院),9,810.0,6,bus_tapin_clusters,810.0,1200.0
line,专19路(华威路南口--肿瘤医院),10,600.0,9,bus_tapin_clusters,780.0,600.0
line,专19路(华威路南口--肿瘤医院),11,900.0,8,bus_tapin_clusters,1020.0,900.0
line,专19路(华威路南口--肿瘤医院),12,1020.0,3,bus_tapin_clusters,1020.0,1200.0
line,专19路(华威路南口--肿瘤医院),13,720.0,8,bus_tapin_clusters,960.0,720.0
line,专19路(华威路南口--肿瘤医院),14,1800.0,4,bus_tapin_clusters,2220.0,1800.0
line,专19路(华威路南口--肿瘤医院),16,1200.0,6,bus_tapin_clusters,1200.0,1200.0
line,专19路(华威路南口--肿瘤医院),17,1200.0,5,bus_tapin_clusters,1500.0,1200.0
line,专19路(华威路南口--肿瘤医院),18,840.0,5,bus_tapin_clusters,840.0,1200.0
line,专19路(华威路南口--肿瘤医院),19,1200.0,3,bus_tapin_clusters,2070.0,1200.0
line,61路(西山国家森林公园--阜成门内),6,1410.0,6,bus_tapin_clusters,1410.0,1800.0
line,61路(西山国家森林公园--阜成门内),7,600.0,29,bus_tapin_clusters,600.0,600.0
line,61路(西山国家森林公园--阜成门内),8,600.0,32,bus_tapin_clusters,900.0,600.0
line,61路(西山国家森林公园--阜成门内),9,360.0,27,bus_tapin_clusters,360.0,514.2857142857143
line,61路(西山国家森林公园--阜成门内),10,450.0,28,bus_tapin_clusters,720.0,450.0
line,61路(西山国家森林公园--阜成门内),11,450.0,30,bus_tapin_clusters,450.0,514.2857142857143
line,61路(西山国家森林公园--阜成门内),12,900.0,15,bus_tapin_clusters,1050.0,900.0
line,61路(西山国家森林公园--阜成门内),13,720.0,25,bus_tapin_clusters,780.0,720.0
line,61路(西山国家森林公园--阜成门内),14,900.0,17,bus_tapin_clusters,1200.0,900.0
line,61路(西山国家森林公园--阜成门内),15,600.0,26,bus_tapin_clusters,660.0,600.0
line,61路(西山国家森林公园--阜成门内),16,510.0,31,bus_tapin_clusters,510.0,514.2857142857143
line,61路(西山国家森林公园--阜成门内),17,514.2857142857143,31,bus_tapin_clusters,570.0,514.2857142857143
line,61路(西山国家森林公园--阜成门内),18,514.2857142857143,33,bus_tapin_clusters,540.0,514.2857142857143
line,61路(西山国家森林公园--阜成门内),19,360.0,36,bus_tapin_clusters,510.0,360.0
line,61路(西山国家森林公园--阜成门内),20,720.0,21,bus_tapin_clusters,1020.0,720.0
line,61路(西山国家森林公园--阜成门内),21,720.0,19,bus_tapin_clusters,1320.0,720.0
line,61路(西山国家森林公园--阜成门内),22,1200.0,8,bus_tapin_clusters,1230.0,1200.0
line,883路(德胜门西--南口西站),7,870.0,6,bus_tapin_clusters,870.0,1200.0
line,883路(德胜门西--南口西站),8,600.0,7,bus_tapin_clusters,600.0,720.0
line,883路(德胜门西--南口西站),9,600.0,10,bus_tapin_clusters,600.0,600.0
line,883路(德胜门西--南口西站),10,780.0,5,bus_tapin_clusters,780.0,900.0
line,883路(德胜门西--南口西站),16,900.0,7,bus_tapin_clusters,1290.0,900.0
line,883路(德胜门西--南口西站),19,1410.0,2,bus_tapin_clusters,1410.0,1800.0
line,883路(德胜门西--南口西站),13,1200.0,3,bus_tapin_clusters,1290.0,1200.0
line,883路(德胜门西--南口西站),14,1215.0,2,bus_tapin_clusters,1215.0,1800.0
line,883路(德胜门西--南口西站),15,1800.0,2,bus_tapin_clusters,1815.0,1800.0
line,81路(清河小营东路东口--北土城公交场站),7,514.2857142857143,11,bus_tapin_clusters,600.0,514.2857142857143
line,81路(清河小营东路东口--北土城公交场站),8,400.0,16,bus_tapin_clusters,450.0,400.0
line,81路(清河小营东路东口--北土城公交场站),9,660.0,11,bus_tapin_clusters,660.0,720.0
line,81路(清河小营东路东口--北土城公交场站),12,900.0,6,bus_tapin_clusters,1320.0,900.0
line,81路(清河小营东路东口--北土城公交场站),13,1200.0,5,bus_tapin_clusters,1440.0,1200.0
line,81路(清河小营东路东口--北土城公交场站),14,900.0,4,bus_tapin_clusters,900.0,1200.0
line,81路(清河小营东路东口--北土城公交场站),16,720.0,5,bus_tapin_clusters,720.0,1200.0
line,81路(清河小营东路东口--北土城公交场站),17,360.0,15,bus_tapin_clusters,360.0,514.2857142857143
line,81路(清河小营东路东口--北土城公交场站),18,795.0,8,bus_tapin_clusters,795.0,900.0
line,81路(清河小营东路东口--北土城公交场站),19,210.0,7,bus_tapin_clusters,210.0,720.0
line,81路(清河小营东路东口--北土城公交场站),10,900.0,4,bus_tapin_clusters,960.0,900.0
line,81路(清河小营东路东口--北土城公交场站),11,1680.0,2,bus_tapin_clusters,1680.0,1800.0
line,627路(航天桥西--郭公庄西),7,900.0,14,bus_tapin_clusters,1035.0,900.0
line,627路(航天桥西--郭公庄西),8,420.0,26,bus_tapin_clusters,420.0,514.2857142857143
line,627路(航天桥西--郭公庄西),9,600.0,29,bus_tapin_clusters,720.0,600.0
line,627路(航天桥西--郭公庄西),10,720.0,24,bus_tapin_clusters,750.0,720.0
line,627路(航天桥西--郭公庄西),11,900.0,19,bus_tapin_clusters,960.0,900.0
line,627路(航天桥西--郭公庄西),12,900.0,16,bus_tapin_clusters,930.0,900.0
line,627路(航天桥西--郭公庄西),13,720.0,21,bus_tapin_clusters,1020.0,720.0
line,627路(航天桥西--郭公庄西),14,900.0,20,bus_tapin_clusters,1005.0,900.0
line,627路(航天桥西--郭公庄西),15,810.0,20,bus_tapin_clusters,810.0,900.0
line,627路(航天桥西--郭公庄西),16,720.0,25,bus_tapin_clusters,900.0,720.0
line,627路(航天桥西--郭公庄西),17,720.0,23,bus_tapin_clusters,1020.0,720.0
line,627路(航天桥西--郭公庄西),18,600.0,21,bus_tapin_clusters,900.0,600.0
line,627路(航天桥西--郭公庄西),19,900.0,17,bus_tapin_clusters,1080.0,900.0
line,627路(航天桥西--郭公庄西),20,600.0,22,bus_tapin_clusters,1080.0,600.0
line,627路(航天桥西--郭公庄西),22,1080.0,5,bus_tapin_clusters,1080.0,1200.0
line,627路(航天桥西--郭公庄西),6,1320.0,2,bus_tapin_clusters,1320.0,1800.0
line,627路(航天桥西--郭公庄西),21,240.0,5,bus_tapin_clusters,240.0,1200.0
line,547路(和平西桥--地铁善各庄站),6,840.0,3,bus_tapin_clusters,840.0,1200.0
line,547路(和平西桥--地铁善各庄站),7,660.0,4,bus_tapin_clusters,660.0,900.0
line,547路(和平西桥--地铁善各庄站),8,390.0,9,bus_tapin_clusters,390.0,400.0
line,547路(和平西桥--地铁善各庄站),9,360.0,6,bus_tapin_clusters,360.0,600.0
line,547路(和平西桥--地铁善各庄站),10,1020.0,3,bus_tapin_clusters,1020.0,1200.0
line,547路(和平西桥--地铁善各庄站),11,1200.0,2,bus_tapin_clusters,1395.0,1200.0
line,547路(和平西桥--地铁善各庄站),13,1590.0,2,bus_tapin_clusters,1590.0,1800.0
line,547路(和平西桥--地铁善各庄站),14,1200.0,3,bus_tapin_clusters,1440.0,1200.0
line,547路(和平西桥--地铁善各庄站),15,1140.0,2,bus_tapin_clusters,1140.0,1800.0
line,547路(和平西桥--地铁善各庄站),16,600.0,6,bus_tapin_clusters,780.0,600.0
line,547路(和平西桥--地铁善各庄站),17,255.0,8,bus_tapin_clusters,255.0,450.0
line,547路(和平西桥--地铁善各庄站),18,390.0,6,bus_tapin_clusters,390.0,600.0
line,547路(和平西桥--地铁善各庄站),19,405.0,6,bus_tapin_clusters,405.0,600.0
line,547路(和平西桥--地铁善各庄站),20,900.0,4,bus_tapin_clusters,990.0,900.0
line,413路(东直门--北京朝阳站),6,480.0,15,bus_tapin_clusters,480.0,900.0
line,413路(东直门--北京朝阳站),7,360.0,36,bus_tapin_clusters,600.0,360.0
line,413路(东直门--北京朝阳站),8,360.0,42,bus_tapin_clusters,420.0,360.0
line,413路(东直门--北京朝阳站),9,327.27272727272725,40,bus_tapin_clusters,360.0,327.27272727272725
line,413路(东直门--北京朝阳站),16,780.0,9,bus_tapin_clusters,780.0,1200.0
line,413路(东直门--北京朝阳站),17,400.0,39,bus_tapin_clusters,480.0,400.0
line,413路(东直门--北京朝阳站),18,400.0,40,bus_tapin_clusters,480.0,400.0
line,413路(东直门--北京朝阳站),19,600.0,29,bus_tapin_clusters,600.0,600.0
line,607路(和平东桥--宏福苑小区西),6,1500.0,2,bus_tapin_clusters,1500.0,1800.0
line,607路(和平东桥--宏福苑小区西),7,450.0,18,bus_tapin_clusters,510.0,450.0
line,607路(和平东桥--宏福苑小区西),8,514.2857142857143,27,bus_tapin_clusters,600.0,514.2857142857143
line,607路(和平东桥--宏福苑小区西),9,720.0,20,bus_tapin_clusters,810.0,720.0
line,607路(和平东桥--宏福苑小区西),10,720.0,19,bus_tapin_clusters,840.0,720.0
line,607路(和平东桥--宏福苑小区西),11,600.0,22,bus_tapin_clusters,720.0,600.0
line,607路(和平东桥--宏福苑小区西),12,1200.0,9,bus_tapin_clusters,1830.0,1200.0
line,607路(和平东桥--宏福苑小区西),13,1410.0,10,bus_tapin_clusters,1410.0,1800.0
line,607路(和平东桥--宏福苑小区西),14,1200.0,9,bus_tapin_clusters,1500.0,1200.0
line,607路(和平东桥--宏福苑小区西),15,900.0,20,bus_tapin_clusters,900.0,900.0
line,607路(和平东桥--宏福苑小区西),16,720.0,17,bus_tapin_clusters,900.0,720.0
line,607路(和平东桥--宏福苑小区西),17,450.0,25,bus_tapin_clusters,540.0,450.0
line,607路(和平东桥--宏福苑小区西),18,900.0,14,bus_tapin_clusters,900.0,900.0
line,607路(和平东桥--宏福苑小区西),19,720.0,16,bus_tapin_clusters,1050.0,720.0
line,607路(和平东桥--宏福苑小区西),20,900.0,5,bus_tapin_clusters,900.0,1200.0
line,607路(和平东桥--宏福苑小区西),21,1770.0,2,bus_tapin_clusters,1770.0,1800.0
line,672路(燕莎桥南--郁金香花园南门),7,690.0,13,bus_tapin_clusters,690.0,720.0
line,672路(燕莎桥南--郁金香花园南门),8,900.0,12,bus_tapin_clusters,1095.0,900.0
line,672路(燕莎桥南--郁金香花园南门),9,720.0,15,bus_tapin_clusters,720.0,720.0
line,672路(燕莎桥南--郁金香花园南门),10,900.0,11,bus_tapin_clusters,1020.0,900.0
line,672路(燕莎桥南--郁金香花园南门),11,900.0,8,bus_tapin_clusters,960.0,900.0
line,672路(燕莎桥南--郁金香花园南门),12,1200.0,10,bus_tapin_clusters,1290.0,1200.0
line,672路(燕莎桥南--郁金香花园南门),13,660.0,6,bus_tapin_clusters,660.0,1200.0
line,672路(燕莎桥南--郁金香花园南门),14,1200.0,10,bus_tapin_clusters,1335.0,1200.0
line,672路(燕莎桥南--郁金香花园南门),15,1170.0,10,bus_tapin_clusters,1170.0,1200.0
line,672路(燕莎桥南--郁金香花园南门),16,900.0,10,bus_tapin_clusters,1170.0,900.0
line,672路(燕莎桥南--郁金香花园南门),17,450.0,20,bus_tapin_clusters,540.0,450.0
line,672路(燕莎桥南--郁金香花园南门),18,720.0,16,bus_tapin_clusters,840.0,720.0
line,672路(燕莎桥南--郁金香花园南门),19,1320.0,5,bus_tapin_clusters,1320.0,1800.0
line,672路(燕莎桥南--郁金香花园南门),20,1800.0,4,bus_tapin_clusters,1800.0,1800.0
line,672路(燕莎桥南--郁金香花园南门),21,1770.0,4,bus_tapin_clusters,1770.0,1800.0
line,672路(燕莎桥南--郁金香花园南门),6,540.0,4,bus_tapin_clusters,540.0,900.0
line,672路(燕莎桥南--郁金香花园南门),22,840.0,2,bus_tapin_clusters,840.0,1200.0
line,72路(大北窑南--城南嘉园北),6,600.0,13,bus_tapin_clusters,600.0,1200.0
line,72路(大北窑南--城南嘉园北),7,600.0,30,bus_tapin_clusters,630.0,600.0
line,72路(大北窑南--城南嘉园北),8,600.0,30,bus_tapin_clusters,750.0,600.0
line,72路(大北窑南--城南嘉园北),9,360.0,45,bus_tapin_clusters,420.0,360.0
line,72路(大北窑南--城南嘉园北),10,450.0,39,bus_tapin_clusters,480.0,450.0
line,72路(大北窑南--城南嘉园北),11,420.0,30,bus_tapin_clusters,420.0,514.2857142857143
line,72路(大北窑南--城南嘉园北),12,600.0,30,bus_tapin_clusters,600.0,600.0
line,72路(大北窑南--城南嘉园北),13,514.2857142857143,32,bus_tapin_clusters,540.0,514.2857142857143
line,72路(大北窑南--城南嘉园北),14,600.0,27,bus_tapin_clusters,660.0,600.0
line,72路(大北窑南--城南嘉园北),15,400.0,32,bus_tapin_clusters,510.0,400.0
line,72路(大北窑南--城南嘉园北),16,450.0,35,bus_tapin_clusters,480.0,450.0
line,72路(大北窑南--城南嘉园北),17,514.2857142857143,33,bus_tapin_clusters,540.0,514.2857142857143
line,72路(大北窑南--城南嘉园北),18,360.0,42,bus_tapin_clusters,420.0,360.0
line,72路(大北窑南--城南嘉园北),19,514.2857142857143,22,bus_tapin_clusters,720.0,514.2857142857143
line,72路(大北窑南--城南嘉园北),20,514.2857142857143,32,bus_tapin_clusters,540.0,514.2857142857143
line,72路(大北窑南--城南嘉园北),21,660.0,17,bus_tapin_clusters,660.0,900.0
line,72路(大北窑南--城南嘉园北),22,900.0,12,bus_tapin_clusters,900.0,900.0
line,830路(菜户营桥西--怪村公交场站),6,930.0,2,bus_tapin_clusters,930.0,1800.0
line,830路(菜户营桥西--怪村公交场站),7,720.0,5,bus_tapin_clusters,900.0,720.0
line,830路(菜户营桥西--怪村公交场站),8,1350.0,2,bus_tapin_clusters,1350.0,1800.0
line,830路(菜户营桥西--怪村公交场站),9,660.0,5,bus_tapin_clusters,660.0,720.0
line,830路(菜户营桥西--怪村公交场站),10,1200.0,3,bus_tapin_clusters,1440.0,1200.0
line,830路(菜户营桥西--怪村公交场站),12,1800.0,2,bus_tapin_clusters,1800.0,1800.0
line,830路(菜户营桥西--怪村公交场站),13,1200.0,2,bus_tapin_clusters,1200.0,1800.0
line,830路(菜户营桥西--怪村公交场站),14,1800.0,2,bus_tapin_clusters,1830.0,1800.0
line,830路(菜户营桥西--怪村公交场站),15,1200.0,3,bus_tapin_clusters,1200.0,1200.0
line,830路(菜户营桥西--怪村公交场站),16,1500.0,2,bus_tapin_clusters,1500.0,1800.0
line,830路(菜户营桥西--怪村公交场站),17,600.0,5,bus_tapin_clusters,600.0,720.0
line,830路(菜户营桥西--怪村公交场站),18,720.0,5,bus_tapin_clusters,780.0,720.0
line,830路(菜户营桥西--怪村公交场站),19,900.0,4,bus_tapin_clusters,930.0,900.0
line,830路(菜户营桥西--怪村公交场站),20,1200.0,2,bus_tapin_clusters,1200.0,1200.0
line,332路(前门--地铁北宫门站),7,900.0,15,bus_tapin_clusters,1020.0,900.0
line,332路(前门--地铁北宫门站),8,900.0,10,bus_tapin_clusters,1260.0,900.0
line,332路(前门--地铁北宫门站),9,720.0,20,bus_tapin_clusters,1020.0,720.0
line,332路(前门--地铁北宫门站),10,600.0,20,bus_tapin_clusters,1020.0,600.0
line,332路(前门--地铁北宫门站),11,900.0,20,bus_tapin_clusters,1050.0,900.0
line,332路(前门--地铁北宫门站),12,600.0,17,bus_tapin_clusters,900.0,600.0
line,332路(前门--地铁北宫门站),14,720.0,18,bus_tapin_clusters,1425.0,720.0
line,332路(前门--地铁北宫门站),16,840.0,15,bus_tapin_clusters,840.0,900.0
line,332路(前门--地铁北宫门站),17,514.2857142857143,15,bus_tapin_clusters,960.0,514.2857142857143
line,332路(前门--地铁北宫门站),18,600.0,14,bus_tapin_clusters,1050.0,600.0
line,332路(前门--地铁北宫门站),19,720.0,10,bus_tapin_clusters,1470.0,720.0
line,332路(前门--地铁北宫门站),21,1200.0,6,bus_tapin_clusters,1395.0,1200.0
line,332路(前门--地铁北宫门站),15,1155.0,10,bus_tapin_clusters,1155.0,1200.0
line,332路(前门--地铁北宫门站),20,870.0,6,bus_tapin_clusters,870.0,1800.0
line,332路(前门--地铁北宫门站),13,1200.0,10,bus_tapin_clusters,1230.0,1200.0
line,332路(前门--地铁北宫门站),22,1200.0,3,bus_tapin_clusters,1200.0,1200.0
line,366路(宋家庄枢纽站--黄村火车站),6,1050.0,4,bus_tapin_clusters,1050.0,1800.0
line,366路(宋家庄枢纽站--黄村火车站),7,720.0,7,bus_tapin_clusters,720.0,900.0
line,366路(宋家庄枢纽站--黄村火车站),8,600.0,11,bus_tapin_clusters,600.0,600.0
line,366路(宋家庄枢纽站--黄村火车站),9,480.0,8,bus_tapin_clusters,480.0,720.0
line,366路(宋家庄枢纽站--黄村火车站),10,900.0,4,bus_tapin_clusters,1125.0,900.0
line,366路(宋家庄枢纽站--黄村火车站),11,900.0,7,bus_tapin_clusters,960.0,900.0
line,366路(宋家庄枢纽站--黄村火车站),12,1200.0,6,bus_tapin_clusters,1200.0,1200.0
line,366路(宋家庄枢纽站--黄村火车站),13,1200.0,5,bus_tapin_clusters,1860.0,1200.0
line,366路(宋家庄枢纽站--黄村火车站),14,765.0,6,bus_tapin_clusters,765.0,900.0
line,366路(宋家庄枢纽站--黄村火车站),15,690.0,8,bus_tapin_clusters,690.0,900.0
line,366路(宋家庄枢纽站--黄村火车站),16,1320.0,4,bus_tapin_clusters,1320.0,1800.0
line,366路(宋家庄枢纽站--黄村火车站),17,900.0,7,bus_tapin_clusters,960.0,900.0
line,366路(宋家庄枢纽站--黄村火车站),18,1020.0,4,bus_tapin_clusters,1020.0,1200.0
line,366路(宋家庄枢纽站--黄村火车站),19,480.0,3,bus_tapin_clusters,480.0,900.0
line,366路(宋家庄枢纽站--黄村火车站),21,1050.0,2,bus_tapin_clusters,1050.0,1800.0
line,366路(宋家庄枢纽站--黄村火车站),22,180.0,3,bus_tapin_clusters,180.0,900.0
line,394路(韩家川--北京西站),6,720.0,5,bus_tapin_clusters,720.0,1200.0
line,394路(韩家川--北京西站),7,990.0,4,bus_tapin_clusters,990.0,1200.0
line,394路(韩家川--北京西站),8,514.2857142857143,9,bus_tapin_clusters,720.0,514.2857142857143
line,394路(韩家川--北京西站),9,514.2857142857143,15,bus_tapin_clusters,720.0,514.2857142857143
line,394路(韩家川--北京西站),10,300.0,17,bus_tapin_clusters,300.0,600.0
line,394路(韩家川--北京西站),11,900.0,4,bus_tapin_clusters,900.0,900.0
line,394路(韩家川--北京西站),12,780.0,4,bus_tapin_clusters,780.0,900.0
line,394路(韩家川--北京西站),13,690.0,7,bus_tapin_clusters,690.0,720.0
line,394路(韩家川--北京西站),14,1470.0,4,bus_tapin_clusters,1470.0,1800.0
line,394路(韩家川--北京西站),15,514.2857142857143,8,bus_tapin_clusters,660.0,514.2857142857143
line,394路(韩家川--北京西站),16,480.0,10,bus_tapin_clusters,480.0,514.2857142857143
line,394路(韩家川--北京西站),17,480.0,15,bus_tapin_clusters,480.0,600.0
line,394路(韩家川--北京西站),18,570.0,10,bus_tapin_clusters,570.0,600.0
line,394路(韩家川--北京西站),19,450.0,13,bus_tapin_clusters,720.0,450.0
line,394路(韩家川--北京西站),20,555.0,10,bus_tapin_clusters,555.0,720.0
line,394路(韩家川--北京西站),21,900.0,7,bus_tapin_clusters,1500.0,900.0
line,394路(韩家川--北京西站),22,660.0,4,bus_tapin_clusters,660.0,1200.0
line,854路(地铁望京西站--孙河公交场站),6,990.0,2,bus_tapin_clusters,990.0,1800.0
line,854路(地铁望京西站--孙河公交场站),7,900.0,10,bus_tapin_clusters,930.0,900.0
line,854路(地铁望京西站--孙河公交场站),8,514.2857142857143,20,bus_tapin_clusters,660.0,514.2857142857143
line,854路(地铁望京西站--孙河公交场站),9,570.0,18,bus_tapin_clusters,570.0,720.0
line,854路(地铁望京西站--孙河公交场站),10,720.0,13,bus_tapin_clusters,1260.0,720.0
line,854路(地铁望京西站--孙河公交场站),11,1020.0,10,bus_tapin_clusters,1020.0,1200.0
line,854路(地铁望京西站--孙河公交场站),12,750.0,8,bus_tapin_clusters,750.0,900.0
line,854路(地铁望京西站--孙河公交场站),13,900.0,12,bus_tapin_clusters,1230.0,900.0
line,854路(地铁望京西站--孙河公交场站),14,1650.0,6,bus_tapin_clusters,1650.0,1800.0
line,854路(地铁望京西站--孙河公交场站),15,900.0,9,bus_tapin_clusters,1320.0,900.0
line,854路(地铁望京西站--孙河公交场站),16,720.0,10,bus_tapin_clusters,780.0,720.0
line,854路(地铁望京西站--孙河公交场站),17,720.0,8,bus_tapin_clusters,1230.0,720.0
line,854路(地铁望京西站--孙河公交场站),18,1680.0,5,bus_tapin_clusters,1680.0,1800.0
line,854路(地铁望京西站--孙河公交场站),19,1200.0,5,bus_tapin_clusters,1560.0,1200.0
line,77路(外文印刷厂西门--晓月苑小区),6,645.0,16,bus_tapin_clusters,645.0,720.0
line,77路(外文印刷厂西门--晓月苑小区),7,450.0,26,bus_tapin_clusters,615.0,450.0
line,77路(外文印刷厂西门--晓月苑小区),8,480.0,30,bus_tapin_clusters,480.0,600.0
line,77路(外文印刷厂西门--晓月苑小区),9,276.9230769230769,48,bus_tapin_clusters,300.0,276.9230769230769
line,77路(外文印刷厂西门--晓月苑小区),10,450.0,28,bus_tapin_clusters,450.0,600.0
line,77路(外文印刷厂西门--晓月苑小区),11,600.0,21,bus_tapin_clusters,780.0,600.0
line,77路(外文印刷厂西门--晓月苑小区),12,450.0,31,bus_tapin_clusters,600.0,450.0
line,77路(外文印刷厂西门--晓月苑小区),13,600.0,26,bus_tapin_clusters,660.0,600.0
line,77路(外文印刷厂西门--晓月苑小区),14,480.0,31,bus_tapin_clusters,480.0,514.2857142857143
line,77路(外文印刷厂西门--晓月苑小区),15,450.0,34,bus_tapin_clusters,600.0,450.0
line,77路(外文印刷厂西门--晓月苑小区),16,600.0,27,bus_tapin_clusters,840.0,600.0
line,77路(外文印刷厂西门--晓月苑小区),17,600.0,24,bus_tapin_clusters,930.0,600.0
line,77路(外文印刷厂西门--晓月苑小区),18,450.0,40,bus_tapin_clusters,465.0,450.0
line,77路(外文印刷厂西门--晓月苑小区),19,450.0,27,bus_tapin_clusters,750.0,450.0
line,77路(外文印刷厂西门--晓月苑小区),21,514.2857142857143,16,bus_tapin_clusters,960.0,514.2857142857143
line,77路(外文印刷厂西门--晓月苑小区),22,1590.0,2,bus_tapin_clusters,1590.0,1800.0
line,77路(外文印刷厂西门--晓月苑小区),20,1020.0,3,bus_tapin_clusters,1020.0,1200.0
line,641路(和平西桥--金盏村),6,600.0,9,bus_tapin_clusters,600.0,1200.0
line,641路(和平西桥--金盏村),7,600.0,33,bus_tapin_clusters,660.0,600.0
line,641路(和平西桥--金盏村),8,450.0,38,bus_tapin_clusters,450.0,450.0
line,641路(和平西桥--金盏村),9,400.0,45,bus_tapin_clusters,420.0,400.0
line,641路(和平西桥--金盏村),10,514.2857142857143,31,bus_tapin_clusters,540.0,514.2857142857143
line,641路(和平西桥--金盏村),11,720.0,19,bus_tapin_clusters,780.0,720.0
line,641路(和平西桥--金盏村),12,600.0,18,bus_tapin_clusters,690.0,600.0
line,641路(和平西桥--金盏村),13,514.2857142857143,25,bus_tapin_clusters,540.0,514.2857142857143
line,641路(和平西桥--金盏村),14,540.0,23,bus_tapin_clusters,540.0,600.0
line,641路(和平西桥--金盏村),15,600.0,22,bus_tapin_clusters,660.0,600.0
line,641路(和平西桥--金盏村),16,600.0,21,bus_tapin_clusters,750.0,600.0
line,641路(和平西桥--金盏村),17,400.0,42,bus_tapin_clusters,420.0,400.0
line,641路(和平西桥--金盏村),18,514.2857142857143,34,bus_tapin_clusters,600.0,514.2857142857143
line,641路(和平西桥--金盏村),19,600.0,26,bus_tapin_clusters,780.0,600.0
line,641路(和平西桥--金盏村),20,720.0,22,bus_tapin_clusters,1050.0,720.0
line,641路(和平西桥--金盏村),21,720.0,15,bus_tapin_clusters,720.0,900.0
line,641路(和平西桥--金盏村),22,720.0,5,bus_tapin_clusters,720.0,900.0
line,678路(海户屯--永合庄),6,675.0,12,bus_tapin_clusters,675.0,1200.0
line,678路(海户屯--永合庄),7,600.0,33,bus_tapin_clusters,660.0,600.0
line,678路(海户屯--永合庄),8,360.0,39,bus_tapin_clusters,360.0,450.0
line,678路(海户屯--永合庄),9,400.0,44,bus_tapin_clusters,420.0,400.0
line,678路(海户屯--永合庄),10,450.0,34,bus_tapin_clusters,540.0,450.0
line,678路(海户屯--永合庄),11,400.0,32,bus_tapin_clusters,480.0,400.0
line,678路(海户屯--永合庄),12,450.0,30,bus_tapin_clusters,720.0,450.0
line,678路(海户屯--永合庄),13,514.2857142857143,30,bus_tapin_clusters,660.0,514.2857142857143
line,678路(海户屯--永合庄),14,600.0,31,bus_tapin_clusters,660.0,600.0
line,678路(海户屯--永合庄),15,450.0,30,bus_tapin_clusters,600.0,450.0
line,678路(海户屯--永合庄),16,450.0,38,bus_tapin_clusters,570.0,450.0
line,678路(海户屯--永合庄),17,400.0,42,bus_tapin_clusters,480.0,400.0
line,678路(海户屯--永合庄),18,450.0,39,bus_tapin_clusters,480.0,450.0
line,678路(海户屯--永合庄),19,400.0,43,bus_tapin_clusters,420.0,400.0
line,678路(海户屯--永合庄),20,600.0,26,bus_tapin_clusters,780.0,600.0
line,678路(海户屯--永合庄),21,840.0,7,bus_tapin_clusters,840.0,1200.0
line,679路(木樨园--桂村),6,525.0,12,bus_tapin_clusters,525.0,900.0
line,679路(木樨园--桂村),7,420.0,21,bus_tapin_clusters,420.0,450.0
line,679路(木樨园--桂村),8,360.0,30,bus_tapin_clusters,360.0,360.0
line,679路(木樨园--桂村),9,450.0,20,bus_tapin_clusters,450.0,514.2857142857143
line,679路(木樨园--桂村),10,645.0,16,bus_tapin_clusters,645.0,720.0
line,679路(木樨园--桂村),11,600.0,14,bus_tapin_clusters,690.0,600.0
line,679路(木樨园--桂村),12,600.0,14,bus_tapin_clusters,630.0,600.0
line,679路(木樨园--桂村),13,600.0,18,bus_tapin_clusters,600.0,600.0
line,679路(木樨园--桂村),14,570.0,20,bus_tapin_clusters,570.0,600.0
line,679路(木樨园--桂村),15,660.0,14,bus_tapin_clusters,660.0,900.0
line,679路(木樨园--桂村),16,327.27272727272725,32,bus_tapin_clusters,360.0,327.27272727272725
line,679路(木樨园--桂村),17,450.0,24,bus_tapin_clusters,480.0,450.0
line,679路(木樨园--桂村),18,360.0,37,bus_tapin_clusters,360.0,360.0
line,679路(木樨园--桂村),19,480.0,21,bus_tapin_clusters,480.0,600.0
line,679路(木樨园--桂村),20,900.0,10,bus_tapin_clusters,1095.0,900.0
line,679路(木樨园--桂村),21,780.0,5,bus_tapin_clusters,780.0,1200.0
line,942路快车(东直门外--茶坞火车站),7,900.0,3,bus_tapin_clusters,900.0,1200.0
line,942路快车(东直门外--茶坞火车站),8,540.0,6,bus_tapin_clusters,540.0,600.0
line,942路快车(东直门外--茶坞火车站),9,540.0,3,bus_tapin_clusters,540.0,900.0
line,942路快车(东直门外--茶坞火车站),11,1200.0,3,bus_tapin_clusters,1860.0,1200.0
line,942路快车(东直门外--茶坞火车站),14,660.0,3,bus_tapin_clusters,660.0,1200.0
line,942路快车(东直门外--茶坞火车站),15,1530.0,2,bus_tapin_clusters,1530.0,1800.0
line,942路快车(东直门外--茶坞火车站),16,900.0,4,bus_tapin_clusters,1110.0,900.0
line,942路快车(东直门外--茶坞火车站),17,570.0,5,bus_tapin_clusters,570.0,720.0
line,942路快车(东直门外--茶坞火车站),18,615.0,4,bus_tapin_clusters,615.0,900.0
line,634路(保福寺桥西--郭庄子公交场站),6,600.0,8,bus_tapin_clusters,600.0,1800.0
line,634路(保福寺桥西--郭庄子公交场站),7,720.0,22,bus_tapin_clusters,1080.0,720.0
line,634路(保福寺桥西--郭庄子公交场站),8,900.0,21,bus_tapin_clusters,1020.0,900.0
line,634路(保福寺桥西--郭庄子公交场站),9,400.0,30,bus_tapin_clusters,600.0,400.0
line,634路(保福寺桥西--郭庄子公交场站),10,400.0,39,bus_tapin_clusters,540.0,400.0
line,634路(保福寺桥西--郭庄子公交场站),11,720.0,26,bus_tapin_clusters,855.0,720.0
line,634路(保福寺桥西--郭庄子公交场站),12,600.0,24,bus_tapin_clusters,600.0,720.0
line,634路(保福寺桥西--郭庄子公交场站),13,600.0,25,bus_tapin_clusters,840.0,600.0
line,634路(保福寺桥西--郭庄子公交场站),14,720.0,19,bus_tapin_clusters,1020.0,720.0
line,634路(保福寺桥西--郭庄子公交场站),15,720.0,22,bus_tapin_clusters,900.0,720.0
line,634路(保福寺桥西--郭庄子公交场站),16,540.0,29,bus_tapin_clusters,540.0,600.0
line,634路(保福寺桥西--郭庄子公交场站),17,400.0,37,bus_tapin_clusters,420.0,400.0
line,634路(保福寺桥西--郭庄子公交场站),18,420.0,35,bus_tapin_clusters,420.0,450.0
line,634路(保福寺桥西--郭庄子公交场站),19,600.0,30,bus_tapin_clusters,660.0,600.0
line,634路(保福寺桥西--郭庄子公交场站),20,514.2857142857143,25,bus_tapin_clusters,720.0,514.2857142857143
line,634路(保福寺桥西--郭庄子公交场站),21,600.0,26,bus_tapin_clusters,660.0,600.0
line,634路(保福寺桥西--郭庄子公交场站),22,780.0,12,bus_tapin_clusters,780.0,900.0
line,634路(保福寺桥西--郭庄子公交场站),23,840.0,2,bus_tapin_clusters,840.0,1200.0
line,392路(海淀桥东--西二旗北站),6,630.0,6,bus_tapin_clusters,630.0,900.0
line,392路(海淀桥东--西二旗北站),7,330.0,12,bus_tapin_clusters,330.0,450.0
line,392路(海淀桥东--西二旗北站),8,600.0,14,bus_tapin_clusters,600.0,600.0
line,392路(海淀桥东--西二旗北站),9,600.0,13,bus_tapin_clusters,1320.0,600.0
line,392路(海淀桥东--西二旗北站),11,720.0,8,bus_tapin_clusters,1020.0,720.0
line,392路(海淀桥东--西二旗北站),12,900.0,5,bus_tapin_clusters,1080.0,900.0
line,392路(海淀桥东--西二旗北站),14,300.0,7,bus_tapin_clusters,300.0,900.0
line,392路(海淀桥东--西二旗北站),15,900.0,4,bus_tapin_clusters,930.0,900.0
line,392路(海淀桥东--西二旗北站),16,690.0,6,bus_tapin_clusters,690.0,900.0
line,392路(海淀桥东--西二旗北站),17,240.0,15,bus_tapin_clusters,240.0,300.0
line,392路(海淀桥东--西二旗北站),18,900.0,8,bus_tapin_clusters,1110.0,900.0
line,392路(海淀桥东--西二旗北站),19,514.2857142857143,7,bus_tapin_clusters,540.0,514.2857142857143
line,392路(海淀桥东--西二旗北站),20,210.0,10,bus_tapin_clusters,210.0,514.2857142857143
line,392路(海淀桥东--西二旗北站),21,360.0,5,bus_tapin_clusters,360.0,720.0
line,392路(海淀桥东--西二旗北站),22,720.0,7,bus_tapin_clusters,780.0,720.0
line,392路(海淀桥东--西二旗北站),10,720.0,3,bus_tapin_clusters,720.0,1200.0
line,392路(海淀桥东--西二旗北站),13,960.0,2,bus_tapin_clusters,960.0,1200.0
line,676路(长椿街路口西--振亚庄),7,630.0,2,bus_tapin_clusters,630.0,1800.0
line,676路(长椿街路口西--振亚庄),8,720.0,20,bus_tapin_clusters,1230.0,720.0
line,676路(长椿街路口西--振亚庄),9,900.0,15,bus_tapin_clusters,1020.0,900.0
line,676路(长椿街路口西--振亚庄),10,900.0,10,bus_tapin_clusters,1050.0,900.0
line,676路(长椿街路口西--振亚庄),11,900.0,9,bus_tapin_clusters,900.0,900.0
line,676路(长椿街路口西--振亚庄),12,600.0,7,bus_tapin_clusters,600.0,900.0
line,676路(长椿街路口西--振亚庄),13,1020.0,5,bus_tapin_clusters,1020.0,1200.0
line,676路(长椿街路口西--振亚庄),14,870.0,12,bus_tapin_clusters,870.0,900.0
line,676路(长椿街路口西--振亚庄),15,840.0,12,bus_tapin_clusters,840.0,900.0
line,676路(长椿街路口西--振亚庄),16,675.0,18,bus_tapin_clusters,675.0,720.0
line,676路(长椿街路口西--振亚庄),17,600.0,27,bus_tapin_clusters,780.0,600.0
line,676路(长椿街路口西--振亚庄),18,600.0,24,bus_tapin_clusters,930.0,600.0
line,676路(长椿街路口西--振亚庄),19,900.0,12,bus_tapin_clusters,1050.0,900.0
line,676路(长椿街路口西--振亚庄),20,840.0,9,bus_tapin_clusters,840.0,1200.0
line,676路(长椿街路口西--振亚庄),21,900.0,5,bus_tapin_clusters,1080.0,900.0
line,579路(杏坛路南口--西苑),6,780.0,5,bus_tapin_clusters,780.0,1200.0
line,579路(杏坛路南口--西苑),7,600.0,25,bus_tapin_clusters,900.0,600.0
line,579路(杏坛路南口--西苑),8,360.0,37,bus_tapin_clusters,360.0,360.0
line,579路(杏坛路南口--西苑),9,514.2857142857143,31,bus_tapin_clusters,720.0,514.2857142857143
line,579路(杏坛路南口--西苑),10,600.0,25,bus_tapin_clusters,780.0,600.0
line,579路(杏坛路南口--西苑),11,720.0,29,bus_tapin_clusters,780.0,720.0
line,579路(杏坛路南口--西苑),12,720.0,20,bus_tapin_clusters,870.0,720.0
line,579路(杏坛路南口--西苑),13,720.0,22,bus_tapin_clusters,960.0,720.0
line,579路(杏坛路南口--西苑),14,1800.0,6,bus_tapin_clusters,2250.0,1800.0
line,579路(杏坛路南口--西苑),15,840.0,22,bus_tapin_clusters,840.0,900.0
line,579路(杏坛路南口--西苑),16,660.0,21,bus_tapin_clusters,660.0,720.0
line,579路(杏坛路南口--西苑),17,514.2857142857143,31,bus_tapin_clusters,600.0,514.2857142857143
line,579路(杏坛路南口--西苑),18,690.0,21,bus_tapin_clusters,690.0,900.0
line,579路(杏坛路南口--西苑),19,900.0,20,bus_tapin_clusters,1170.0,900.0
line,579路(杏坛路南口--西苑),20,900.0,14,bus_tapin_clusters,1620.0,900.0
line,579路(杏坛路南口--西苑),21,420.0,5,bus_tapin_clusters,420.0,720.0
line,610路(鲁谷公交场站--西苑),6,1020.0,6,bus_tapin_clusters,1020.0,1800.0
line,610路(鲁谷公交场站--西苑),7,600.0,19,bus_tapin_clusters,1380.0,600.0
line,610路(鲁谷公交场站--西苑),8,420.0,37,bus_tapin_clusters,420.0,450.0
line,610路(鲁谷公交场站--西苑),9,510.0,22,bus_tapin_clusters,510.0,720.0
line,610路(鲁谷公交场站--西苑),10,720.0,19,bus_tapin_clusters,960.0,720.0
line,610路(鲁谷公交场站--西苑),11,1200.0,9,bus_tapin_clusters,1680.0,1200.0
line,610路(鲁谷公交场站--西苑),12,720.0,15,bus_tapin_clusters,1320.0,720.0
line,610路(鲁谷公交场站--西苑),13,720.0,19,bus_tapin_clusters,960.0,720.0
line,610路(鲁谷公交场站--西苑),14,600.0,27,bus_tapin_clusters,720.0,600.0
line,610路(鲁谷公交场站--西苑),15,900.0,17,bus_tapin_clusters,960.0,900.0
line,610路(鲁谷公交场站--西苑),16,600.0,20,bus_tapin_clusters,810.0,600.0
line,610路(鲁谷公交场站--西苑),17,514.2857142857143,31,bus_tapin_clusters,600.0,514.2857142857143
line,610路(鲁谷公交场站--西苑),18,900.0,16,bus_tapin_clusters,1080.0,900.0
line,610路(鲁谷公交场站--西苑),19,600.0,12,bus_tapin_clusters,810.0,600.0
line,610路(鲁谷公交场站--西苑),20,900.0,14,bus_tapin_clusters,1290.0,900.0
line,610路(鲁谷公交场站--西苑),21,480.0,3,bus_tapin_clusters,480.0,1200.0
line,481路(紫竹院北门--吴庄公交场站),6,660.0,5,bus_tapin_clusters,660.0,1200.0
line,481路(紫竹院北门--吴庄公交场站),7,300.0,9,bus_tapin_clusters,300.0,514.2857142857143
line,481路(紫竹院北门--吴庄公交场站),8,720.0,8,bus_tapin_clusters,720.0,900.0
line,481路(紫竹院北门--吴庄公交场站),9,900.0,3,bus_tapin_clusters,900.0,900.0
line,481路(紫竹院北门--吴庄公交场站),16,1200.0,5,bus_tapin_clusters,1560.0,1200.0
line,481路(紫竹院北门--吴庄公交场站),17,1050.0,4,bus_tapin_clusters,1050.0,1800.0
line,481路(紫竹院北门--吴庄公交场站),18,1080.0,3,bus_tapin_clusters,1080.0,1800.0
line,377路(永定门汽车站--西红门西站),7,900.0,11,bus_tapin_clusters,1680.0,900.0
line,377路(永定门汽车站--西红门西站),8,1260.0,8,bus_tapin_clusters,1260.0,1800.0
line,377路(永定门汽车站--西红门西站),9,400.0,22,bus_tapin_clusters,900.0,400.0
line,377路(永定门汽车站--西红门西站),10,720.0,14,bus_tapin_clusters,1080.0,720.0
line,377路(永定门汽车站--西红门西站),11,720.0,18,bus_tapin_clusters,1050.0,720.0
line,377路(永定门汽车站--西红门西站),12,900.0,17,bus_tapin_clusters,1200.0,900.0
line,377路(永定门汽车站--西红门西站),13,900.0,11,bus_tapin_clusters,1200.0,900.0
line,377路(永定门汽车站--西红门西站),14,900.0,14,bus_tapin_clusters,1200.0,900.0
line,377路(永定门汽车站--西红门西站),15,720.0,14,bus_tapin_clusters,1020.0,720.0
line,377路(永定门汽车站--西红门西站),16,600.0,21,bus_tapin_clusters,900.0,600.0
line,377路(永定门汽车站--西红门西站),17,450.0,26,bus_tapin_clusters,900.0,450.0
line,377路(永定门汽车站--西红门西站),18,600.0,22,bus_tapin_clusters,780.0,600.0
line,377路(永定门汽车站--西红门西站),19,900.0,18,bus_tapin_clusters,1200.0,900.0
line,377路(永定门汽车站--西红门西站),20,900.0,8,bus_tapin_clusters,1050.0,900.0
line,631路(黄村火车站--菜户营桥西),6,840.0,5,bus_tapin_clusters,840.0,1200.0
line,631路(黄村火车站--菜户营桥西),7,1200.0,5,bus_tapin_clusters,2280.0,1200.0
line,631路(黄村火车站--菜户营桥西),8,1560.0,4,bus_tapin_clusters,1560.0,1800.0
line,631路(黄村火车站--菜户营桥西),12,540.0,3,bus_tapin_clusters,540.0,1200.0
line,631路(黄村火车站--菜户营桥西),13,810.0,4,bus_tapin_clusters,810.0,1200.0
line,631路(黄村火车站--菜户营桥西),14,960.0,3,bus_tapin_clusters,960.0,1200.0
line,631路(黄村火车站--菜户营桥西),15,960.0,6,bus_tapin_clusters,960.0,1200.0
line,631路(黄村火车站--菜户营桥西),17,840.0,6,bus_tapin_clusters,840.0,1200.0
line,631路(黄村火车站--菜户营桥西),18,900.0,2,bus_tapin_clusters,900.0,1200.0
line,631路(黄村火车站--菜户营桥西),20,1500.0,2,bus_tapin_clusters,1500.0,1800.0
line,485路(北京南站--振亚庄),7,420.0,25,bus_tapin_clusters,420.0,514.2857142857143
line,485路(北京南站--振亚庄),8,600.0,24,bus_tapin_clusters,870.0,600.0
line,485路(北京南站--振亚庄),9,720.0,18,bus_tapin_clusters,1380.0,720.0
line,485路(北京南站--振亚庄),10,600.0,18,bus_tapin_clusters,600.0,600.0
line,485路(北京南站--振亚庄),11,600.0,18,bus_tapin_clusters,840.0,600.0
line,485路(北京南站--振亚庄),12,720.0,16,bus_tapin_clusters,840.0,720.0
line,485路(北京南站--振亚庄),13,720.0,20,bus_tapin_clusters,990.0,720.0
line,485路(北京南站--振亚庄),14,840.0,11,bus_tapin_clusters,840.0,900.0
line,485路(北京南站--振亚庄),15,900.0,13,bus_tapin_clusters,1200.0,900.0
line,485路(北京南站--振亚庄),16,720.0,19,bus_tapin_clusters,720.0,720.0
line,485路(北京南站--振亚庄),17,720.0,20,bus_tapin_clusters,750.0,720.0
line,485路(北京南站--振亚庄),18,720.0,19,bus_tapin_clusters,1200.0,720.0
line,485路(北京南站--振亚庄),19,514.2857142857143,21,bus_tapin_clusters,660.0,514.2857142857143
line,485路(北京南站--振亚庄),20,720.0,8,bus_tapin_clusters,960.0,720.0
line,485路(北京南站--振亚庄),6,1200.0,2,bus_tapin_clusters,1200.0,1800.0
line,620路(新街口豁口--天通北苑),6,900.0,8,bus_tapin_clusters,900.0,1800.0
line,620路(新街口豁口--天通北苑),7,600.0,26,bus_tapin_clusters,765.0,600.0
line,620路(新街口豁口--天通北苑),8,600.0,26,bus_tapin_clusters,780.0,600.0
line,620路(新街口豁口--天通北苑),9,514.2857142857143,34,bus_tapin_clusters,540.0,514.2857142857143
line,620路(新街口豁口--天通北苑),10,600.0,23,bus_tapin_clusters,660.0,600.0
line,620路(新街口豁口--天通北苑),11,645.0,18,bus_tapin_clusters,645.0,720.0
line,620路(新街口豁口--天通北苑),12,600.0,26,bus_tapin_clusters,660.0,600.0
line,620路(新街口豁口--天通北苑),13,690.0,22,bus_tapin_clusters,690.0,720.0
line,620路(新街口豁口--天通北苑),14,600.0,28,bus_tapin_clusters,600.0,600.0
line,620路(新街口豁口--天通北苑),15,600.0,25,bus_tapin_clusters,720.0,600.0
line,620路(新街口豁口--天通北苑),16,720.0,26,bus_tapin_clusters,720.0,720.0
line,620路(新街口豁口--天通北苑),17,514.2857142857143,33,bus_tapin_clusters,600.0,514.2857142857143
line,620路(新街口豁口--天通北苑),18,600.0,30,bus_tapin_clusters,630.0,600.0
line,620路(新街口豁口--天通北苑),19,600.0,25,bus_tapin_clusters,720.0,600.0
line,620路(新街口豁口--天通北苑),20,720.0,23,bus_tapin_clusters,750.0,720.0
line,620路(新街口豁口--天通北苑),21,840.0,16,bus_tapin_clusters,840.0,900.0
line,620路(新街口豁口--天通北苑),22,870.0,4,bus_tapin_clusters,870.0,900.0
line,652路(北京南站南广场--开发区交通服务中心),7,900.0,6,bus_tapin_clusters,1005.0,900.0
line,652路(北京南站南广场--开发区交通服务中心),8,1110.0,6,bus_tapin_clusters,1110.0,1200.0
line,652路(北京南站南广场--开发区交通服务中心),9,1440.0,4,bus_tapin_clusters,1440.0,1800.0
line,652路(北京南站南广场--开发区交通服务中心),17,900.0,7,bus_tapin_clusters,900.0,900.0
line,652路(北京南站南广场--开发区交通服务中心),18,900.0,5,bus_tapin_clusters,1080.0,900.0
line,652路(北京南站南广场--开发区交通服务中心),19,1200.0,3,bus_tapin_clusters,1200.0,1200.0
line,652路(北京南站南广场--开发区交通服务中心),6,1560.0,2,bus_tapin_clusters,1560.0,1800.0
line,459路(丽泽桥--南宫迎宾路),7,900.0,15,bus_tapin_clusters,1080.0,900.0
line,459路(丽泽桥--南宫迎宾路),8,600.0,28,bus_tapin_clusters,780.0,600.0
line,459路(丽泽桥--南宫迎宾路),9,720.0,21,bus_tapin_clusters,780.0,720.0
line,459路(丽泽桥--南宫迎宾路),10,600.0,24,bus_tapin_clusters,735.0,600.0
line,459路(丽泽桥--南宫迎宾路),11,720.0,16,bus_tapin_clusters,990.0,720.0
line,459路(丽泽桥--南宫迎宾路),12,660.0,17,bus_tapin_clusters,660.0,720.0
line,459路(丽泽桥--南宫迎宾路),13,720.0,16,bus_tapin_clusters,720.0,720.0
line,459路(丽泽桥--南宫迎宾路),14,720.0,13,bus_tapin_clusters,720.0,720.0
line,459路(丽泽桥--南宫迎宾路),15,514.2857142857143,20,bus_tapin_clusters,720.0,514.2857142857143
line,459路(丽泽桥--南宫迎宾路),16,450.0,35,bus_tapin_clusters,480.0,450.0
line,459路(丽泽桥--南宫迎宾路),17,300.0,46,bus_tapin_clusters,420.0,300.0
line,459路(丽泽桥--南宫迎宾路),18,420.0,36,bus_tapin_clusters,420.0,450.0
line,459路(丽泽桥--南宫迎宾路),19,420.0,31,bus_tapin_clusters,420.0,450.0
line,459路(丽泽桥--南宫迎宾路),20,810.0,18,bus_tapin_clusters,810.0,900.0
line,459路(丽泽桥--南宫迎宾路),21,570.0,12,bus_tapin_clusters,570.0,600.0
line,459路(丽泽桥--南宫迎宾路),6,810.0,4,bus_tapin_clusters,810.0,1800.0
line,918路(兴谷路公交场站--东直门枢纽站),6,540.0,3,bus_tapin_clusters,540.0,1200.0
line,918路(兴谷路公交场站--东直门枢纽站),7,1740.0,2,bus_tapin_clusters,1740.0,1800.0
line,918路(兴谷路公交场站--东直门枢纽站),8,540.0,5,bus_tapin_clusters,540.0,720.0
line,918路(兴谷路公交场站--东直门枢纽站),9,1200.0,3,bus_tapin_clusters,1740.0,1200.0
line,918路(兴谷路公交场站--东直门枢纽站),10,1650.0,2,bus_tapin_clusters,1650.0,1800.0
line,918路(兴谷路公交场站--东直门枢纽站),11,1200.0,3,bus_tapin_clusters,1200.0,1200.0
line,918路(兴谷路公交场站--东直门枢纽站),12,1200.0,3,bus_tapin_clusters,1320.0,1200.0
line,918路(兴谷路公交场站--东直门枢纽站),14,840.0,3,bus_tapin_clusters,840.0,900.0
line,918路(兴谷路公交场站--东直门枢纽站),16,1200.0,3,bus_tapin_clusters,1380.0,1200.0
line,918路(兴谷路公交场站--东直门枢纽站),17,840.0,4,bus_tapin_clusters,840.0,900.0
line,918路(兴谷路公交场站--东直门枢纽站),19,900.0,4,bus_tapin_clusters,900.0,900.0
line,918路(兴谷路公交场站--东直门枢纽站),20,870.0,2,bus_tapin_clusters,870.0,1200.0
line,528路(巴沟村--天香颐北里),7,1200.0,8,bus_tapin_clusters,1320.0,1200.0
line,528路(巴沟村--天香颐北里),8,1200.0,6,bus_tapin_clusters,1320.0,1200.0
line,528路(巴沟村--天香颐北里),9,1200.0,4,bus_tapin_clusters,1260.0,1200.0
line,528路(巴沟村--天香颐北里),16,1200.0,7,bus_tapin_clusters,1380.0,1200.0
line,528路(巴沟村--天香颐北里),18,900.0,7,bus_tapin_clusters,1140.0,900.0
line,528路(巴沟村--天香颐北里),19,1185.0,6,bus_tapin_clusters,1185.0,1200.0
line,528路(巴沟村--天香颐北里),20,120.0,3,bus_tapin_clusters,120.0,900.0
line,528路(巴沟村--天香颐北里),14,180.0,4,bus_tapin_clusters,180.0,720.0
line,528路(巴沟村--天香颐北里),17,540.0,11,bus_tapin_clusters,540.0,600.0
line,130路(北官厅--东湖),7,900.0,20,bus_tapin_clusters,1050.0,900.0
line,130路(北官厅--东湖),8,600.0,32,bus_tapin_clusters,705.0,600.0
line,130路(北官厅--东湖),9,600.0,33,bus_tapin_clusters,720.0,600.0
line,130路(北官厅--东湖),10,514.2857142857143,32,bus_tapin_clusters,690.0,514.2857142857143
line,130路(北官厅--东湖),11,450.0,27,bus_tapin_clusters,780.0,450.0
line,130路(北官厅--东湖),12,720.0,24,bus_tapin_clusters,780.0,720.0
line,130路(北官厅--东湖),13,514.2857142857143,22,bus_tapin_clusters,780.0,514.2857142857143
line,130路(北官厅--东湖),15,720.0,17,bus_tapin_clusters,780.0,720.0
line,130路(北官厅--东湖),16,400.0,26,bus_tapin_clusters,780.0,400.0
line,130路(北官厅--东湖),17,540.0,24,bus_tapin_clusters,540.0,600.0
line,130路(北官厅--东湖),18,720.0,23,bus_tapin_clusters,840.0,720.0
line,130路(北官厅--东湖),19,720.0,17,bus_tapin_clusters,960.0,720.0
line,130路(北官厅--东湖),20,720.0,17,bus_tapin_clusters,780.0,720.0
line,130路(北官厅--东湖),21,1200.0,8,bus_tapin_clusters,1770.0,1200.0
line,130路(北官厅--东湖),6,690.0,6,bus_tapin_clusters,690.0,1800.0
line,130路(北官厅--东湖),14,690.0,12,bus_tapin_clusters,690.0,900.0
line,612路(北官厅--张仪村东站),6,870.0,6,bus_tapin_clusters,870.0,1800.0
line,612路(北官厅--张仪村东站),7,600.0,27,bus_tapin_clusters,780.0,600.0
line,612路(北官厅--张仪村东站),8,514.2857142857143,22,bus_tapin_clusters,630.0,514.2857142857143
line,612路(北官厅--张仪村东站),9,300.0,48,bus_tapin_clusters,300.0,360.0
line,612路(北官厅--张仪村东站),10,420.0,36,bus_tapin_clusters,420.0,450.0
line,612路(北官厅--张仪村东站),11,514.2857142857143,31,bus_tapin_clusters,600.0,514.2857142857143
line,612路(北官厅--张仪村东站),12,514.2857142857143,31,bus_tapin_clusters,600.0,514.2857142857143
line,612路(北官厅--张仪村东站),13,720.0,19,bus_tapin_clusters,780.0,720.0
line,612路(北官厅--张仪村东站),14,720.0,26,bus_tapin_clusters,750.0,720.0
line,612路(北官厅--张仪村东站),15,900.0,17,bus_tapin_clusters,1320.0,900.0
line,612路(北官厅--张仪村东站),16,450.0,32,bus_tapin_clusters,600.0,450.0
line,612路(北官厅--张仪村东站),17,450.0,36,bus_tapin_clusters,510.0,450.0
line,612路(北官厅--张仪村东站),18,400.0,35,bus_tapin_clusters,420.0,400.0
line,612路(北官厅--张仪村东站),19,480.0,31,bus_tapin_clusters,480.0,600.0
line,612路(北官厅--张仪村东站),20,720.0,21,bus_tapin_clusters,780.0,720.0
line,612路(北官厅--张仪村东站),21,600.0,16,bus_tapin_clusters,630.0,600.0
line,612路(北官厅--张仪村东站),22,240.0,8,bus_tapin_clusters,240.0,450.0
line,350路(焦庄桥北--东大桥公交场站),6,885.0,2,bus_tapin_clusters,885.0,1800.0
line,350路(焦庄桥北--东大桥公交场站),7,900.0,4,bus_tapin_clusters,930.0,900.0
line,350路(焦庄桥北--东大桥公交场站),10,900.0,4,bus_tapin_clusters,900.0,900.0
line,350路(焦庄桥北--东大桥公交场站),11,1260.0,2,bus_tapin_clusters,1260.0,1800.0
line,350路(焦庄桥北--东大桥公交场站),12,1200.0,3,bus_tapin_clusters,1380.0,1200.0
line,350路(焦庄桥北--东大桥公交场站),14,1200.0,2,bus_tapin_clusters,1200.0,1200.0
line,350路(焦庄桥北--东大桥公交场站),16,960.0,3,bus_tapin_clusters,960.0,1200.0
line,350路(焦庄桥北--东大桥公交场站),17,1200.0,3,bus_tapin_clusters,1320.0,1200.0
line,350路(焦庄桥北--东大桥公交场站),18,900.0,2,bus_tapin_clusters,900.0,1800.0
line,916路(东直门--怀柔汽车站),7,720.0,12,bus_tapin_clusters,945.0,720.0
line,916路(东直门--怀柔汽车站),8,514.2857142857143,20,bus_tapin_clusters,750.0,514.2857142857143
line,916路(东直门--怀柔汽车站),9,600.0,20,bus_tapin_clusters,630.0,600.0
line,916路(东直门--怀柔汽车站),10,450.0,23,bus_tapin_clusters,480.0,450.0
line,916路(东直门--怀柔汽车站),11,675.0,10,bus_tapin_clusters,675.0,720.0
line,916路(东直门--怀柔汽车站),12,900.0,10,bus_tapin_clusters,900.0,900.0
line,916路(东直门--怀柔汽车站),13,840.0,10,bus_tapin_clusters,840.0,900.0
line,916路(东直门--怀柔汽车站),14,660.0,11,bus_tapin_clusters,660.0,720.0
line,916路(东直门--怀柔汽车站),15,1200.0,3,bus_tapin_clusters,1320.0,1200.0
line,916路(东直门--怀柔汽车站),17,600.0,13,bus_tapin_clusters,660.0,600.0
line,916路(东直门--怀柔汽车站),18,514.2857142857143,18,bus_tapin_clusters,570.0,514.2857142857143
line,916路(东直门--怀柔汽车站),19,540.0,11,bus_tapin_clusters,540.0,600.0
line,916路(东直门--怀柔汽车站),20,840.0,3,bus_tapin_clusters,840.0,900.0
line,916路(东直门--怀柔汽车站),16,1800.0,2,bus_tapin_clusters,2070.0,1800.0
line,571路(地铁望京西站--朝新嘉园),7,600.0,16,bus_tapin_clusters,870.0,600.0
line,571路(地铁望京西站--朝新嘉园),8,450.0,25,bus_tapin_clusters,600.0,450.0
line,571路(地铁望京西站--朝新嘉园),9,1200.0,11,bus_tapin_clusters,1470.0,1200.0
line,571路(地铁望京西站--朝新嘉园),10,750.0,8,bus_tapin_clusters,750.0,900.0
line,571路(地铁望京西站--朝新嘉园),11,1080.0,7,bus_tapin_clusters,1080.0,1200.0
line,571路(地铁望京西站--朝新嘉园),12,780.0,5,bus_tapin_clusters,780.0,900.0
line,571路(地铁望京西站--朝新嘉园),15,900.0,10,bus_tapin_clusters,1050.0,900.0
line,571路(地铁望京西站--朝新嘉园),16,450.0,19,bus_tapin_clusters,480.0,450.0
line,571路(地铁望京西站--朝新嘉园),17,720.0,11,bus_tapin_clusters,780.0,720.0
line,571路(地铁望京西站--朝新嘉园),13,810.0,8,bus_tapin_clusters,810.0,900.0
line,571路(地铁望京西站--朝新嘉园),14,900.0,6,bus_tapin_clusters,1200.0,900.0
line,571路(地铁望京西站--朝新嘉园),18,300.0,4,bus_tapin_clusters,300.0,1200.0
line,571路(地铁望京西站--朝新嘉园),19,1800.0,4,bus_tapin_clusters,2160.0,1800.0
line,571路(地铁望京西站--朝新嘉园),20,1350.0,4,bus_tapin_clusters,1350.0,1800.0
line,571路(地铁望京西站--朝新嘉园),6,450.0,2,bus_tapin_clusters,450.0,1800.0
line,976路(十里河桥北--盛林苑公交场站),6,870.0,2,bus_tapin_clusters,870.0,1800.0
line,976路(十里河桥北--盛林苑公交场站),7,600.0,8,bus_tapin_clusters,600.0,600.0
line,976路(十里河桥北--盛林苑公交场站),8,690.0,10,bus_tapin_clusters,690.0,720.0
line,976路(十里河桥北--盛林苑公交场站),9,900.0,7,bus_tapin_clusters,900.0,900.0
line,976路(十里河桥北--盛林苑公交场站),10,720.0,10,bus_tapin_clusters,735.0,720.0
line,976路(十里河桥北--盛林苑公交场站),11,600.0,8,bus_tapin_clusters,690.0,600.0
line,976路(十里河桥北--盛林苑公交场站),12,1140.0,6,bus_tapin_clusters,1140.0,1200.0
line,976路(十里河桥北--盛林苑公交场站),13,1200.0,3,bus_tapin_clusters,1260.0,1200.0
line,976路(十里河桥北--盛林苑公交场站),14,1200.0,5,bus_tapin_clusters,2340.0,1200.0
line,976路(十里河桥北--盛林苑公交场站),15,1080.0,3,bus_tapin_clusters,1080.0,1200.0
line,976路(十里河桥北--盛林苑公交场站),16,780.0,5,bus_tapin_clusters,780.0,900.0
line,976路(十里河桥北--盛林苑公交场站),17,765.0,6,bus_tapin_clusters,765.0,900.0
line,976路(十里河桥北--盛林苑公交场站),18,1800.0,4,bus_tapin_clusters,1830.0,1800.0
line,976路(十里河桥北--盛林苑公交场站),19,514.2857142857143,9,bus_tapin_clusters,600.0,514.2857142857143
line,976路(十里河桥北--盛林苑公交场站),20,750.0,4,bus_tapin_clusters,750.0,1200.0
line,916路(怀柔汽车站--东直门枢纽站),6,660.0,5,bus_tapin_clusters,660.0,1200.0
line,916路(怀柔汽车站--东直门枢纽站),7,1200.0,5,bus_tapin_clusters,1440.0,1200.0
line,916路(怀柔汽车站--东直门枢纽站),8,480.0,7,bus_tapin_clusters,480.0,514.2857142857143
line,916路(怀柔汽车站--东直门枢纽站),10,900.0,5,bus_tapin_clusters,1080.0,900.0
line,916路(怀柔汽车站--东直门枢纽站),11,1290.0,2,bus_tapin_clusters,1290.0,1800.0
line,916路(怀柔汽车站--东直门枢纽站),13,1800.0,2,bus_tapin_clusters,2010.0,1800.0
line,916路(怀柔汽车站--东直门枢纽站),15,750.0,4,bus_tapin_clusters,750.0,900.0
line,916路(怀柔汽车站--东直门枢纽站),16,840.0,7,bus_tapin_clusters,840.0,900.0
line,916路(怀柔汽车站--东直门枢纽站),17,514.2857142857143,11,bus_tapin_clusters,660.0,514.2857142857143
line,916路(怀柔汽车站--东直门枢纽站),18,390.0,14,bus_tapin_clusters,390.0,514.2857142857143
line,916路(怀柔汽车站--东直门枢纽站),19,630.0,8,bus_tapin_clusters,630.0,720.0
line,916路(怀柔汽车站--东直门枢纽站),9,900.0,4,bus_tapin_clusters,1140.0,900.0
line,355路(育新小区--三义庙),8,1020.0,5,bus_tapin_clusters,1020.0,1200.0
line,355路(育新小区--三义庙),9,900.0,10,bus_tapin_clusters,900.0,900.0
line,355路(育新小区--三义庙),10,900.0,6,bus_tapin_clusters,1650.0,900.0
line,355路(育新小区--三义庙),12,900.0,5,bus_tapin_clusters,900.0,900.0
line,355路(育新小区--三义庙),14,1200.0,7,bus_tapin_clusters,1200.0,1200.0
line,355路(育新小区--三义庙),15,720.0,13,bus_tapin_clusters,720.0,720.0
line,355路(育新小区--三义庙),16,720.0,14,bus_tapin_clusters,780.0,720.0
line,355路(育新小区--三义庙),17,360.0,5,bus_tapin_clusters,360.0,1200.0
line,355路(育新小区--三义庙),18,900.0,8,bus_tapin_clusters,1215.0,900.0
line,355路(育新小区--三义庙),19,1200.0,8,bus_tapin_clusters,1830.0,1200.0
line,355路(育新小区--三义庙),20,1020.0,8,bus_tapin_clusters,1020.0,1200.0
line,355路(育新小区--三义庙),21,900.0,7,bus_tapin_clusters,1020.0,900.0
line,355路(育新小区--三义庙),7,1200.0,6,bus_tapin_clusters,1710.0,1200.0
line,355路(育新小区--三义庙),11,240.0,6,bus_tapin_clusters,240.0,720.0
line,639路(黎各庄--北京站东街),6,1260.0,2,bus_tapin_clusters,1260.0,1800.0
line,639路(黎各庄--北京站东街),7,1710.0,2,bus_tapin_clusters,1710.0,1800.0
line,639路(黎各庄--北京站东街),8,390.0,10,bus_tapin_clusters,390.0,720.0
line,639路(黎各庄--北京站东街),9,1275.0,4,bus_tapin_clusters,1275.0,1800.0
line,639路(黎各庄--北京站东街),10,900.0,8,bus_tapin_clusters,1140.0,900.0
line,639路(黎各庄--北京站东街),11,900.0,4,bus_tapin_clusters,900.0,900.0
line,639路(黎各庄--北京站东街),12,660.0,7,bus_tapin_clusters,660.0,900.0
line,639路(黎各庄--北京站东街),13,1800.0,2,bus_tapin_clusters,2100.0,1800.0
line,639路(黎各庄--北京站东街),15,1080.0,6,bus_tapin_clusters,1080.0,1200.0
line,639路(黎各庄--北京站东街),16,1800.0,3,bus_tapin_clusters,1920.0,1800.0
line,639路(黎各庄--北京站东街),17,1050.0,4,bus_tapin_clusters,1050.0,1800.0
line,639路(黎各庄--北京站东街),18,1200.0,3,bus_tapin_clusters,1440.0,1200.0
line,607路(宏福苑小区西--和平东桥),8,900.0,9,bus_tapin_clusters,1080.0,900.0
line,607路(宏福苑小区西--和平东桥),9,540.0,7,bus_tapin_clusters,540.0,900.0
line,607路(宏福苑小区西--和平东桥),10,900.0,11,bus_tapin_clusters,1080.0,900.0
line,607路(宏福苑小区西--和平东桥),12,1200.0,5,bus_tapin_clusters,1560.0,1200.0
line,607路(宏福苑小区西--和平东桥),13,1560.0,4,bus_tapin_clusters,1560.0,1800.0
line,607路(宏福苑小区西--和平东桥),14,1140.0,6,bus_tapin_clusters,1140.0,1200.0
line,607路(宏福苑小区西--和平东桥),15,1200.0,4,bus_tapin_clusters,1245.0,1200.0
line,607路(宏福苑小区西--和平东桥),17,480.0,15,bus_tapin_clusters,480.0,514.2857142857143
line,607路(宏福苑小区西--和平东桥),19,1200.0,3,bus_tapin_clusters,1740.0,1200.0
line,607路(宏福苑小区西--和平东桥),20,870.0,4,bus_tapin_clusters,870.0,1200.0
line,607路(宏福苑小区西--和平东桥),16,810.0,4,bus_tapin_clusters,810.0,1800.0
line,607路(宏福苑小区西--和平东桥),18,1800.0,2,bus_tapin_clusters,2820.0,1800.0
line,977路快(冯村公交场站--公主坟北),6,510.0,2,bus_tapin_clusters,510.0,1800.0
line,977路快(冯村公交场站--公主坟北),7,840.0,4,bus_tapin_clusters,840.0,900.0
line,977路快(冯村公交场站--公主坟北),8,720.0,4,bus_tapin_clusters,840.0,720.0
line,977路快(冯村公交场站--公主坟北),16,1800.0,2,bus_tapin_clusters,1890.0,1800.0
line,977路快(冯村公交场站--公主坟北),17,600.0,5,bus_tapin_clusters,600.0,720.0
line,977路快(冯村公交场站--公主坟北),18,900.0,4,bus_tapin_clusters,945.0,900.0
line,646路(阎村桥公交场站--城南嘉园北),7,645.0,8,bus_tapin_clusters,645.0,720.0
line,646路(阎村桥公交场站--城南嘉园北),8,720.0,8,bus_tapin_clusters,780.0,720.0
line,646路(阎村桥公交场站--城南嘉园北),9,720.0,7,bus_tapin_clusters,1140.0,720.0
line,646路(阎村桥公交场站--城南嘉园北),10,390.0,2,bus_tapin_clusters,390.0,1800.0
line,646路(阎村桥公交场站--城南嘉园北),11,1800.0,2,bus_tapin_clusters,2280.0,1800.0
line,646路(阎村桥公交场站--城南嘉园北),12,840.0,3,bus_tapin_clusters,840.0,1200.0
line,646路(阎村桥公交场站--城南嘉园北),14,750.0,4,bus_tapin_clusters,750.0,900.0
line,646路(阎村桥公交场站--城南嘉园北),16,1200.0,3,bus_tapin_clusters,1350.0,1200.0
line,646路(阎村桥公交场站--城南嘉园北),17,720.0,5,bus_tapin_clusters,720.0,900.0
line,646路(阎村桥公交场站--城南嘉园北),19,1800.0,2,bus_tapin_clusters,2850.0,1800.0
line,646路(阎村桥公交场站--城南嘉园北),15,1200.0,2,bus_tapin_clusters,1530.0,1200.0
line,885路(德胜门西--昌平何营),7,480.0,5,bus_tapin_clusters,480.0,720.0
line,885路(德胜门西--昌平何营),8,690.0,3,bus_tapin_clusters,690.0,1200.0
line,885路(德胜门西--昌平何营),9,600.0,6,bus_tapin_clusters,630.0,600.0
line,885路(德胜门西--昌平何营),10,1245.0,2,bus_tapin_clusters,1245.0,1800.0
line,885路(德胜门西--昌平何营),11,1800.0,2,bus_tapin_clusters,1815.0,1800.0
line,885路(德胜门西--昌平何营),12,1200.0,3,bus_tapin_clusters,1320.0,1200.0
line,885路(德胜门西--昌平何营),13,900.0,4,bus_tapin_clusters,1110.0,900.0
line,885路(德胜门西--昌平何营),15,1800.0,2,bus_tapin_clusters,2025.0,1800.0
line,885路(德胜门西--昌平何营),16,1200.0,3,bus_tapin_clusters,1650.0,1200.0
line,885路(德胜门西--昌平何营),17,780.0,3,bus_tapin_clusters,780.0,1200.0
line,885路(德胜门西--昌平何营),18,870.0,2,bus_tapin_clusters,870.0,1200.0
line,885路(德胜门西--昌平何营),20,1800.0,2,bus_tapin_clusters,2100.0,1800.0
line,470路(看丹桥--西红门公交场站),7,1800.0,2,bus_tapin_clusters,2550.0,1800.0
line,470路(看丹桥--西红门公交场站),16,1800.0,2,bus_tapin_clusters,2010.0,1800.0
line,470路(看丹桥--西红门公交场站),17,210.0,7,bus_tapin_clusters,210.0,514.2857142857143
line,专27路(丽泽桥--达官营),7,720.0,16,bus_tapin_clusters,720.0,720.0
line,专27路(丽泽桥--达官营),8,450.0,21,bus_tapin_clusters,540.0,450.0
line,专27路(丽泽桥--达官营),16,990.0,8,bus_tapin_clusters,990.0,1200.0
line,专27路(丽泽桥--达官营),17,900.0,11,bus_tapin_clusters,1020.0,900.0
line,专27路(丽泽桥--达官营),18,450.0,17,bus_tapin_clusters,480.0,450.0
line,专27路(丽泽桥--达官营),19,690.0,8,bus_tapin_clusters,690.0,1200.0
line,专27路(丽泽桥--达官营),6,630.0,2,bus_tapin_clusters,630.0,1800.0
line,616路(北潞园公交场站--北京西站南广场),6,360.0,3,bus_tapin_clusters,360.0,1200.0
line,616路(北潞园公交场站--北京西站南广场),7,600.0,5,bus_tapin_clusters,600.0,720.0
line,616路(北潞园公交场站--北京西站南广场),8,360.0,10,bus_tapin_clusters,390.0,360.0
line,616路(北潞园公交场站--北京西站南广场),9,480.0,6,bus_tapin_clusters,480.0,600.0
line,616路(北潞园公交场站--北京西站南广场),10,420.0,7,bus_tapin_clusters,420.0,514.2857142857143
line,616路(北潞园公交场站--北京西站南广场),11,420.0,5,bus_tapin_clusters,420.0,720.0
line,616路(北潞园公交场站--北京西站南广场),12,900.0,4,bus_tapin_clusters,930.0,900.0
line,616路(北潞园公交场站--北京西站南广场),13,660.0,5,bus_tapin_clusters,660.0,720.0
line,616路(北潞园公交场站--北京西站南广场),14,765.0,4,bus_tapin_clusters,765.0,900.0
line,616路(北潞园公交场站--北京西站南广场),15,585.0,6,bus_tapin_clusters,585.0,600.0
line,616路(北潞园公交场站--北京西站南广场),16,555.0,4,bus_tapin_clusters,555.0,900.0
line,616路(北潞园公交场站--北京西站南广场),17,400.0,9,bus_tapin_clusters,420.0,400.0
line,616路(北潞园公交场站--北京西站南广场),18,720.0,4,bus_tapin_clusters,720.0,900.0
line,616路(北潞园公交场站--北京西站南广场),19,1800.0,2,bus_tapin_clusters,2490.0,1800.0
line,690路(农业展览馆--定辛庄公交场站),6,510.0,2,bus_tapin_clusters,510.0,1800.0
line,690路(农业展览馆--定辛庄公交场站),7,720.0,18,bus_tapin_clusters,840.0,720.0
line,690路(农业展览馆--定辛庄公交场站),8,720.0,18,bus_tapin_clusters,780.0,720.0
line,690路(农业展览馆--定辛庄公交场站),9,450.0,32,bus_tapin_clusters,540.0,450.0
line,690路(农业展览馆--定辛庄公交场站),10,900.0,17,bus_tapin_clusters,1200.0,900.0
line,690路(农业展览馆--定辛庄公交场站),11,750.0,8,bus_tapin_clusters,750.0,1200.0
line,690路(农业展览馆--定辛庄公交场站),12,900.0,13,bus_tapin_clusters,900.0,900.0
line,690路(农业展览馆--定辛庄公交场站),13,900.0,13,bus_tapin_clusters,1260.0,900.0
line,690路(农业展览馆--定辛庄公交场站),14,900.0,14,bus_tapin_clusters,1290.0,900.0
line,690路(农业展览馆--定辛庄公交场站),15,720.0,18,bus_tapin_clusters,1200.0,720.0
line,690路(农业展览馆--定辛庄公交场站),16,720.0,16,bus_tapin_clusters,1110.0,720.0
line,690路(农业展览馆--定辛庄公交场站),17,514.2857142857143,27,bus_tapin_clusters,750.0,514.2857142857143
line,690路(农业展览馆--定辛庄公交场站),18,600.0,20,bus_tapin_clusters,960.0,600.0
line,690路(农业展览馆--定辛庄公交场站),19,300.0,23,bus_tapin_clusters,300.0,360.0
line,690路(农业展览馆--定辛庄公交场站),20,1200.0,12,bus_tapin_clusters,1770.0,1200.0
line,690路(农业展览馆--定辛庄公交场站),21,1080.0,4,bus_tapin_clusters,1080.0,1800.0
line,690路(农业展览馆--定辛庄公交场站),22,1020.0,3,bus_tapin_clusters,1020.0,1200.0
line,637路(次渠--北京站东街),7,900.0,18,bus_tapin_clusters,1050.0,900.0
line,637路(次渠--北京站东街),8,510.0,12,bus_tapin_clusters,510.0,720.0
line,637路(次渠--北京站东街),11,900.0,13,bus_tapin_clusters,1140.0,900.0
line,637路(次渠--北京站东街),12,720.0,15,bus_tapin_clusters,780.0,720.0
line,637路(次渠--北京站东街),13,1200.0,4,bus_tapin_clusters,1650.0,1200.0
line,637路(次渠--北京站东街),15,720.0,22,bus_tapin_clusters,780.0,720.0
line,637路(次渠--北京站东街),16,900.0,18,bus_tapin_clusters,1140.0,900.0
line,637路(次渠--北京站东街),17,480.0,6,bus_tapin_clusters,480.0,900.0
line,637路(次渠--北京站东街),19,720.0,18,bus_tapin_clusters,1020.0,720.0
line,637路(次渠--北京站东街),10,720.0,11,bus_tapin_clusters,1200.0,720.0
line,637路(次渠--北京站东街),18,900.0,11,bus_tapin_clusters,900.0,900.0
line,637路(次渠--北京站东街),20,390.0,4,bus_tapin_clusters,390.0,1200.0
line,637路(次渠--北京站东街),9,480.0,2,bus_tapin_clusters,480.0,1200.0
line,637路(次渠--北京站东街),14,1320.0,2,bus_tapin_clusters,1320.0,1800.0
line,670路(德胜门西--百善公交场站),7,600.0,13,bus_tapin_clusters,780.0,600.0
line,670路(德胜门西--百善公交场站),8,360.0,22,bus_tapin_clusters,360.0,400.0
line,670路(德胜门西--百善公交场站),9,720.0,12,bus_tapin_clusters,975.0,720.0
line,670路(德胜门西--百善公交场站),10,1200.0,5,bus_tapin_clusters,1740.0,1200.0
line,670路(德胜门西--百善公交场站),11,840.0,3,bus_tapin_clusters,840.0,1800.0
line,670路(德胜门西--百善公交场站),12,1230.0,2,bus_tapin_clusters,1230.0,1800.0
line,670路(德胜门西--百善公交场站),16,900.0,7,bus_tapin_clusters,900.0,900.0
line,670路(德胜门西--百善公交场站),17,720.0,9,bus_tapin_clusters,720.0,720.0
line,670路(德胜门西--百善公交场站),18,480.0,12,bus_tapin_clusters,480.0,514.2857142857143
line,670路(德胜门西--百善公交场站),19,450.0,12,bus_tapin_clusters,450.0,600.0
line,670路(德胜门西--百善公交场站),20,720.0,8,bus_tapin_clusters,720.0,900.0
line,670路(德胜门西--百善公交场站),13,540.0,2,bus_tapin_clusters,540.0,1200.0
line,670路(德胜门西--百善公交场站),15,1080.0,3,bus_tapin_clusters,1080.0,1200.0
line,64路(公主坟西--青塔小区),7,660.0,9,bus_tapin_clusters,660.0,720.0
line,64路(公主坟西--青塔小区),10,1800.0,5,bus_tapin_clusters,2280.0,1800.0
line,64路(公主坟西--青塔小区),11,930.0,4,bus_tapin_clusters,930.0,1200.0
line,64路(公主坟西--青塔小区),13,180.0,5,bus_tapin_clusters,180.0,900.0
line,64路(公主坟西--青塔小区),14,690.0,4,bus_tapin_clusters,690.0,1800.0
line,64路(公主坟西--青塔小区),15,514.2857142857143,16,bus_tapin_clusters,900.0,514.2857142857143
line,64路(公主坟西--青塔小区),17,400.0,19,bus_tapin_clusters,480.0,400.0
line,64路(公主坟西--青塔小区),18,480.0,16,bus_tapin_clusters,480.0,514.2857142857143
line,64路(公主坟西--青塔小区),19,720.0,10,bus_tapin_clusters,1020.0,720.0
line,64路(公主坟西--青塔小区),20,1200.0,5,bus_tapin_clusters,1200.0,1200.0
line,64路(公主坟西--青塔小区),9,1200.0,3,bus_tapin_clusters,1380.0,1200.0
line,64路(公主坟西--青塔小区),16,660.0,11,bus_tapin_clusters,660.0,720.0
line,64路(公主坟西--青塔小区),21,1200.0,4,bus_tapin_clusters,1410.0,1200.0
line,680路(金蝉南里--上林苑小区),7,720.0,22,bus_tapin_clusters,990.0,720.0
line,680路(金蝉南里--上林苑小区),8,600.0,25,bus_tapin_clusters,780.0,600.0
line,680路(金蝉南里--上林苑小区),9,600.0,24,bus_tapin_clusters,720.0,600.0
line,680路(金蝉南里--上林苑小区),10,720.0,22,bus_tapin_clusters,810.0,720.0
line,680路(金蝉南里--上林苑小区),11,900.0,18,bus_tapin_clusters,1020.0,900.0
line,680路(金蝉南里--上林苑小区),12,900.0,14,bus_tapin_clusters,1050.0,900.0
line,680路(金蝉南里--上林苑小区),13,1050.0,11,bus_tapin_clusters,1050.0,1200.0
line,680路(金蝉南里--上林苑小区),14,900.0,13,bus_tapin_clusters,1080.0,900.0
line,680路(金蝉南里--上林苑小区),15,900.0,18,bus_tapin_clusters,1020.0,900.0
line,680路(金蝉南里--上林苑小区),16,720.0,20,bus_tapin_clusters,780.0,720.0
line,680路(金蝉南里--上林苑小区),17,600.0,24,bus_tapin_clusters,870.0,600.0
line,680路(金蝉南里--上林苑小区),18,720.0,26,bus_tapin_clusters,735.0,720.0
line,680路(金蝉南里--上林苑小区),19,900.0,16,bus_tapin_clusters,1080.0,900.0
line,680路(金蝉南里--上林苑小区),20,900.0,15,bus_tapin_clusters,1200.0,900.0
line,680路(金蝉南里--上林苑小区),21,900.0,15,bus_tapin_clusters,960.0,900.0
line,680路(金蝉南里--上林苑小区),22,1020.0,7,bus_tapin_clusters,1020.0,1200.0
line,466路(中关村南--地铁北苑站),8,240.0,8,bus_tapin_clusters,240.0,450.0
line,466路(中关村南--地铁北苑站),9,360.0,5,bus_tapin_clusters,360.0,720.0
line,466路(中关村南--地铁北苑站),10,225.0,8,bus_tapin_clusters,225.0,450.0
line,466路(中关村南--地铁北苑站),11,660.0,5,bus_tapin_clusters,660.0,720.0
line,466路(中关村南--地铁北苑站),12,1530.0,2,bus_tapin_clusters,1530.0,1800.0
line,466路(中关村南--地铁北苑站),13,1800.0,2,bus_tapin_clusters,2220.0,1800.0
line,466路(中关村南--地铁北苑站),14,600.0,3,bus_tapin_clusters,600.0,1200.0
line,466路(中关村南--地铁北苑站),15,540.0,5,bus_tapin_clusters,540.0,720.0
line,466路(中关村南--地铁北苑站),16,600.0,5,bus_tapin_clusters,600.0,720.0
line,466路(中关村南--地铁北苑站),17,900.0,4,bus_tapin_clusters,960.0,900.0
line,466路(中关村南--地铁北苑站),18,150.0,6,bus_tapin_clusters,150.0,600.0
line,466路(中关村南--地铁北苑站),20,1260.0,2,bus_tapin_clusters,1260.0,1800.0
line,370路(公主坟西--圈门),7,720.0,11,bus_tapin_clusters,900.0,720.0
line,370路(公主坟西--圈门),8,900.0,9,bus_tapin_clusters,1200.0,900.0
line,370路(公主坟西--圈门),9,900.0,9,bus_tapin_clusters,1260.0,900.0
line,370路(公主坟西--圈门),10,720.0,4,bus_tapin_clusters,720.0,900.0
line,370路(公主坟西--圈门),11,960.0,2,bus_tapin_clusters,960.0,1200.0
line,370路(公主坟西--圈门),16,1200.0,8,bus_tapin_clusters,1230.0,1200.0
line,370路(公主坟西--圈门),17,1200.0,8,bus_tapin_clusters,1470.0,1200.0
line,370路(公主坟西--圈门),18,1200.0,7,bus_tapin_clusters,1680.0,1200.0
line,370路(公主坟西--圈门),19,900.0,4,bus_tapin_clusters,930.0,900.0
line,370路(公主坟西--圈门),12,1800.0,2,bus_tapin_clusters,2280.0,1800.0
line,370路(公主坟西--圈门),13,1350.0,2,bus_tapin_clusters,1350.0,1800.0
line,370路(公主坟西--圈门),15,1650.0,2,bus_tapin_clusters,1650.0,1800.0
line,499路(地铁草房站--燕莎桥南),9,1020.0,2,bus_tapin_clusters,1020.0,1800.0
line,499路(地铁草房站--燕莎桥南),12,960.0,3,bus_tapin_clusters,960.0,1200.0
line,499路(地铁草房站--燕莎桥南),15,840.0,2,bus_tapin_clusters,840.0,1200.0
line,499路(地铁草房站--燕莎桥南),17,1350.0,2,bus_tapin_clusters,1350.0,1800.0
line,499路(地铁草房站--燕莎桥南),18,900.0,3,bus_tapin_clusters,960.0,900.0
line,499路(地铁草房站--燕莎桥南),20,810.0,4,bus_tapin_clusters,810.0,900.0
line,311路(大运村公交场站--来广营西桥东),8,1380.0,2,bus_tapin_clusters,1380.0,1800.0
line,311路(大运村公交场站--来广营西桥东),9,900.0,4,bus_tapin_clusters,960.0,900.0
line,311路(大运村公交场站--来广营西桥东),10,720.0,3,bus_tapin_clusters,720.0,900.0
line,311路(大运村公交场站--来广营西桥东),12,1290.0,2,bus_tapin_clusters,1290.0,1800.0
line,311路(大运村公交场站--来广营西桥东),13,1800.0,2,bus_tapin_clusters,2280.0,1800.0
line,311路(大运村公交场站--来广营西桥东),14,1770.0,2,bus_tapin_clusters,1770.0,1800.0
line,311路(大运村公交场站--来广营西桥东),15,870.0,2,bus_tapin_clusters,870.0,1800.0
line,311路(大运村公交场站--来广营西桥东),16,600.0,3,bus_tapin_clusters,600.0,900.0
line,311路(大运村公交场站--来广营西桥东),18,720.0,2,bus_tapin_clusters,720.0,1800.0
line,311路(大运村公交场站--来广营西桥东),19,1200.0,3,bus_tapin_clusters,2460.0,1200.0
line,616路(北京西站南广场--北潞园公交场站),7,1800.0,2,bus_tapin_clusters,2085.0,1800.0
line,616路(北京西站南广场--北潞园公交场站),8,885.0,8,bus_tapin_clusters,885.0,900.0
line,616路(北京西站南广场--北潞园公交场站),9,1140.0,5,bus_tapin_clusters,1140.0,1200.0
line,616路(北京西站南广场--北潞园公交场站),10,1800.0,2,bus_tapin_clusters,2220.0,1800.0
line,616路(北京西站南广场--北潞园公交场站),11,570.0,4,bus_tapin_clusters,570.0,900.0
line,616路(北京西站南广场--北潞园公交场站),12,900.0,7,bus_tapin_clusters,1140.0,900.0
line,616路(北京西站南广场--北潞园公交场站),13,780.0,5,bus_tapin_clusters,780.0,1200.0
line,616路(北京西站南广场--北潞园公交场站),14,1200.0,5,bus_tapin_clusters,1560.0,1200.0
line,616路(北京西站南广场--北潞园公交场站),15,465.0,8,bus_tapin_clusters,465.0,720.0
line,616路(北京西站南广场--北潞园公交场站),16,600.0,5,bus_tapin_clusters,600.0,720.0
line,616路(北京西站南广场--北潞园公交场站),17,420.0,9,bus_tapin_clusters,420.0,514.2857142857143
line,616路(北京西站南广场--北潞园公交场站),18,510.0,9,bus_tapin_clusters,510.0,514.2857142857143
line,616路(北京西站南广场--北潞园公交场站),19,720.0,5,bus_tapin_clusters,780.0,720.0
line,616路(北京西站南广场--北潞园公交场站),20,1020.0,5,bus_tapin_clusters,1020.0,1200.0
line,616路(北京西站南广场--北潞园公交场站),21,1200.0,4,bus_tapin_clusters,1230.0,1200.0
line,专27路(达官营--丽泽桥),7,540.0,15,bus_tapin_clusters,540.0,720.0
line,专27路(达官营--丽泽桥),8,600.0,15,bus_tapin_clusters,600.0,600.0
line,专27路(达官营--丽泽桥),9,480.0,5,bus_tapin_clusters,480.0,1800.0
line,专27路(达官营--丽泽桥),17,780.0,15,bus_tapin_clusters,780.0,900.0
line,专27路(达官营--丽泽桥),18,900.0,13,bus_tapin_clusters,1350.0,900.0
line,专27路(达官营--丽泽桥),19,930.0,8,bus_tapin_clusters,930.0,1200.0
line,专27路(达官营--丽泽桥),16,1605.0,2,bus_tapin_clusters,1605.0,1800.0
line,666路(大北窑东--郝家府公交场站),7,900.0,4,bus_tapin_clusters,1350.0,900.0
line,666路(大北窑东--郝家府公交场站),8,480.0,4,bus_tapin_clusters,480.0,900.0
line,666路(大北窑东--郝家府公交场站),9,420.0,7,bus_tapin_clusters,420.0,450.0
line,666路(大北窑东--郝家府公交场站),11,1230.0,2,bus_tapin_clusters,1230.0,1800.0
line,666路(大北窑东--郝家府公交场站),12,1140.0,3,bus_tapin_clusters,1140.0,1200.0
line,666路(大北窑东--郝家府公交场站),13,1770.0,2,bus_tapin_clusters,1770.0,1800.0
line,666路(大北窑东--郝家府公交场站),14,1200.0,3,bus_tapin_clusters,1530.0,1200.0
line,666路(大北窑东--郝家府公交场站),15,1695.0,2,bus_tapin_clusters,1695.0,1800.0
line,666路(大北窑东--郝家府公交场站),16,660.0,4,bus_tapin_clusters,660.0,900.0
line,666路(大北窑东--郝家府公交场站),17,420.0,5,bus_tapin_clusters,420.0,720.0
line,666路(大北窑东--郝家府公交场站),18,900.0,4,bus_tapin_clusters,900.0,900.0
line,666路(大北窑东--郝家府公交场站),19,1080.0,3,bus_tapin_clusters,1080.0,1200.0
line,25路(友谊医院--红寺桥),8,1200.0,9,bus_tapin_clusters,2790.0,1200.0
line,25路(友谊医院--红寺桥),16,300.0,4,bus_tapin_clusters,300.0,1200.0
line,25路(友谊医院--红寺桥),13,1440.0,2,bus_tapin_clusters,1440.0,1800.0
line,25路(友谊医院--红寺桥),7,270.0,2,bus_tapin_clusters,270.0,1200.0
line,25路(友谊医院--红寺桥),9,300.0,9,bus_tapin_clusters,300.0,600.0
line,25路(友谊医院--红寺桥),14,660.0,2,bus_tapin_clusters,660.0,1200.0
line,25路(友谊医院--红寺桥),12,750.0,2,bus_tapin_clusters,750.0,1800.0
line,695路(时代庄园北站--动物园枢纽站),7,510.0,12,bus_tapin_clusters,510.0,900.0
line,695路(时代庄园北站--动物园枢纽站),8,600.0,32,bus_tapin_clusters,600.0,600.0
line,695路(时代庄园北站--动物园枢纽站),9,514.2857142857143,31,bus_tapin_clusters,540.0,514.2857142857143
line,695路(时代庄园北站--动物园枢纽站),10,720.0,19,bus_tapin_clusters,900.0,720.0
line,695路(时代庄园北站--动物园枢纽站),11,765.0,14,bus_tapin_clusters,765.0,900.0
line,695路(时代庄园北站--动物园枢纽站),12,1200.0,12,bus_tapin_clusters,1200.0,1200.0
line,695路(时代庄园北站--动物园枢纽站),13,900.0,15,bus_tapin_clusters,1200.0,900.0
line,695路(时代庄园北站--动物园枢纽站),15,1200.0,13,bus_tapin_clusters,1380.0,1200.0
line,695路(时代庄园北站--动物园枢纽站),16,400.0,27,bus_tapin_clusters,780.0,400.0
line,695路(时代庄园北站--动物园枢纽站),17,514.2857142857143,26,bus_tapin_clusters,780.0,514.2857142857143
line,695路(时代庄园北站--动物园枢纽站),18,600.0,22,bus_tapin_clusters,975.0,600.0
line,695路(时代庄园北站--动物园枢纽站),19,720.0,13,bus_tapin_clusters,1260.0,720.0
line,695路(时代庄园北站--动物园枢纽站),20,514.2857142857143,24,bus_tapin_clusters,660.0,514.2857142857143
line,695路(时代庄园北站--动物园枢纽站),21,900.0,9,bus_tapin_clusters,1200.0,900.0
line,695路(时代庄园北站--动物园枢纽站),14,720.0,15,bus_tapin_clusters,1020.0,720.0
line,695路(时代庄园北站--动物园枢纽站),22,990.0,2,bus_tapin_clusters,990.0,1200.0
line,681路(海淀中街--龙锦苑公交场站),7,1200.0,3,bus_tapin_clusters,1200.0,1200.0
line,681路(海淀中街--龙锦苑公交场站),10,615.0,4,bus_tapin_clusters,615.0,900.0
line,681路(海淀中街--龙锦苑公交场站),16,720.0,4,bus_tapin_clusters,720.0,900.0
line,681路(海淀中街--龙锦苑公交场站),17,1800.0,2,bus_tapin_clusters,2250.0,1800.0
line,478路(学知桥北--小辛庄村),7,720.0,4,bus_tapin_clusters,720.0,900.0
line,478路(学知桥北--小辛庄村),8,240.0,7,bus_tapin_clusters,240.0,514.2857142857143
line,478路(学知桥北--小辛庄村),9,480.0,5,bus_tapin_clusters,480.0,720.0
line,478路(学知桥北--小辛庄村),10,660.0,5,bus_tapin_clusters,660.0,720.0
line,478路(学知桥北--小辛庄村),11,720.0,5,bus_tapin_clusters,840.0,720.0
line,478路(学知桥北--小辛庄村),12,1020.0,3,bus_tapin_clusters,1020.0,1200.0
line,478路(学知桥北--小辛庄村),13,705.0,2,bus_tapin_clusters,705.0,1200.0
line,478路(学知桥北--小辛庄村),16,900.0,4,bus_tapin_clusters,1020.0,900.0
line,478路(学知桥北--小辛庄村),18,585.0,4,bus_tapin_clusters,585.0,900.0
line,478路(学知桥北--小辛庄村),19,660.0,3,bus_tapin_clusters,660.0,1200.0
line,478路(学知桥北--小辛庄村),20,1200.0,2,bus_tapin_clusters,1440.0,1200.0
line,456路(思邈路--菜户营桥东),7,1800.0,2,bus_tapin_clusters,2220.0,1800.0
line,456路(思邈路--菜户营桥东),8,1380.0,2,bus_tapin_clusters,1380.0,1800.0
line,456路(思邈路--菜户营桥东),9,1200.0,3,bus_tapin_clusters,1500.0,1200.0
line,456路(思邈路--菜户营桥东),10,1560.0,2,bus_tapin_clusters,1560.0,1800.0
line,456路(思邈路--菜户营桥东),13,1515.0,2,bus_tapin_clusters,1515.0,1800.0
line,456路(思邈路--菜户营桥东),15,1800.0,2,bus_tapin_clusters,1950.0,1800.0
line,456路(思邈路--菜户营桥东),19,900.0,4,bus_tapin_clusters,975.0,900.0
line,456路(思邈路--菜户营桥东),20,1200.0,3,bus_tapin_clusters,1620.0,1200.0
line,625路(二拨子新村--德胜门),7,780.0,4,bus_tapin_clusters,780.0,900.0
line,625路(二拨子新村--德胜门),8,840.0,4,bus_tapin_clusters,840.0,900.0
line,625路(二拨子新村--德胜门),9,840.0,4,bus_tapin_clusters,840.0,900.0
line,625路(二拨子新村--德胜门),10,720.0,5,bus_tapin_clusters,900.0,720.0
line,625路(二拨子新村--德胜门),11,300.0,5,bus_tapin_clusters,300.0,720.0
line,625路(二拨子新村--德胜门),12,330.0,8,bus_tapin_clusters,330.0,450.0
line,625路(二拨子新村--德胜门),13,1200.0,3,bus_tapin_clusters,1200.0,1200.0
line,625路(二拨子新村--德胜门),14,660.0,5,bus_tapin_clusters,660.0,720.0
line,625路(二拨子新村--德胜门),15,1440.0,2,bus_tapin_clusters,1440.0,1800.0
line,625路(二拨子新村--德胜门),16,1020.0,3,bus_tapin_clusters,1020.0,1200.0
line,625路(二拨子新村--德胜门),17,900.0,4,bus_tapin_clusters,1230.0,900.0
line,625路(二拨子新村--德胜门),18,1470.0,2,bus_tapin_clusters,1470.0,1800.0
line,625路(二拨子新村--德胜门),19,480.0,5,bus_tapin_clusters,480.0,720.0
line,625路(二拨子新村--德胜门),20,690.0,2,bus_tapin_clusters,690.0,1200.0
line,640路(岗山村南站--小庄路口北),7,1140.0,3,bus_tapin_clusters,1140.0,1200.0
line,640路(岗山村南站--小庄路口北),9,570.0,5,bus_tapin_clusters,570.0,720.0
line,640路(岗山村南站--小庄路口北),10,615.0,4,bus_tapin_clusters,615.0,900.0
line,640路(岗山村南站--小庄路口北),13,900.0,4,bus_tapin_clusters,990.0,900.0
line,640路(岗山村南站--小庄路口北),16,1200.0,3,bus_tapin_clusters,1320.0,1200.0
line,640路(岗山村南站--小庄路口北),17,1200.0,3,bus_tapin_clusters,1260.0,1200.0
line,307路(龙域北街东口--巴沟村),7,1470.0,2,bus_tapin_clusters,1470.0,1800.0
line,307路(龙域北街东口--巴沟村),11,1170.0,2,bus_tapin_clusters,1170.0,1800.0
line,307路(龙域北街东口--巴沟村),12,1200.0,2,bus_tapin_clusters,1200.0,1200.0
line,307路(龙域北街东口--巴沟村),14,840.0,3,bus_tapin_clusters,840.0,1200.0
line,307路(龙域北街东口--巴沟村),17,960.0,2,bus_tapin_clusters,960.0,1800.0
line,专62路(地铁宋家庄站--宣颐家园),8,900.0,7,bus_tapin_clusters,900.0,900.0
line,专62路(地铁宋家庄站--宣颐家园),9,660.0,8,bus_tapin_clusters,660.0,900.0
line,专62路(地铁宋家庄站--宣颐家园),10,720.0,9,bus_tapin_clusters,840.0,720.0
line,专62路(地铁宋家庄站--宣颐家园),11,990.0,5,bus_tapin_clusters,990.0,1200.0
line,专62路(地铁宋家庄站--宣颐家园),12,1800.0,2,bus_tapin_clusters,1905.0,1800.0
line,专62路(地铁宋家庄站--宣颐家园),13,1800.0,2,bus_tapin_clusters,1920.0,1800.0
line,专62路(地铁宋家庄站--宣颐家园),14,720.0,5,bus_tapin_clusters,720.0,1200.0
line,专62路(地铁宋家庄站--宣颐家园),15,720.0,7,bus_tapin_clusters,720.0,720.0
line,专62路(地铁宋家庄站--宣颐家园),16,720.0,5,bus_tapin_clusters,780.0,720.0
line,专62路(地铁宋家庄站--宣颐家园),17,1620.0,2,bus_tapin_clusters,1620.0,1800.0
line,专62路(地铁宋家庄站--宣颐家园),18,660.0,5,bus_tapin_clusters,660.0,720.0
line,专62路(地铁宋家庄站--宣颐家园),19,1800.0,3,bus_tapin_clusters,2280.0,1800.0
line,专62路(地铁宋家庄站--宣颐家园),7,1800.0,2,bus_tapin_clusters,2040.0,1800.0
line,985路(甜水园西里--牌坊村东口),8,900.0,13,bus_tapin_clusters,960.0,900.0
line,985路(甜水园西里--牌坊村东口),9,900.0,13,bus_tapin_clusters,1200.0,900.0
line,985路(甜水园西里--牌坊村东口),10,900.0,12,bus_tapin_clusters,1050.0,900.0
line,985路(甜水园西里--牌坊村东口),11,900.0,10,bus_tapin_clusters,1080.0,900.0
line,985路(甜水园西里--牌坊村东口),13,1470.0,10,bus_tapin_clusters,1470.0,1800.0
line,985路(甜水园西里--牌坊村东口),14,900.0,16,bus_tapin_clusters,1410.0,900.0
line,985路(甜水园西里--牌坊村东口),15,1200.0,11,bus_tapin_clusters,1350.0,1200.0
line,985路(甜水园西里--牌坊村东口),16,1200.0,10,bus_tapin_clusters,1590.0,1200.0
line,985路(甜水园西里--牌坊村东口),18,900.0,14,bus_tapin_clusters,1740.0,900.0
line,985路(甜水园西里--牌坊村东口),19,900.0,18,bus_tapin_clusters,960.0,900.0
line,985路(甜水园西里--牌坊村东口),21,570.0,8,bus_tapin_clusters,570.0,900.0
line,985路(甜水园西里--牌坊村东口),20,1770.0,6,bus_tapin_clusters,1770.0,1800.0
line,985路(甜水园西里--牌坊村东口),12,1770.0,6,bus_tapin_clusters,1770.0,1800.0
line,985路(甜水园西里--牌坊村东口),17,1800.0,2,bus_tapin_clusters,1980.0,1800.0
line,985路(甜水园西里--牌坊村东口),22,420.0,2,bus_tapin_clusters,420.0,1200.0
line,593路(地铁北苑路北站--环行铁道),8,1260.0,2,bus_tapin_clusters,1260.0,1800.0
line,593路(地铁北苑路北站--环行铁道),9,900.0,4,bus_tapin_clusters,1080.0,900.0
line,593路(地铁北苑路北站--环行铁道),11,1800.0,2,bus_tapin_clusters,2520.0,1800.0
mode,subway,all,300.0,566249,subway_prior,,
mode,subway,7,180.0,149145,subway_prior,,
mode,subway,8,180.0,149145,subway_prior,,
mode,subway,17,180.0,116912,subway_prior,,
mode,subway,18,180.0,116912,subway_prior,,
mode,subway,5,360.0,291482,subway_prior,,
mode,subway,6,360.0,291482,subway_prior,,
mode,subway,9,360.0,291482,subway_prior,,
mode,subway,10,360.0,291482,subway_prior,,
mode,subway,11,360.0,291482,subway_prior,,
mode,subway,12,360.0,291482,subway_prior,,
mode,subway,13,360.0,291482,subway_prior,,
mode,subway,14,360.0,291482,subway_prior,,
mode,subway,15,360.0,291482,subway_prior,,
mode,subway,16,360.0,291482,subway_prior,,
mode,subway,19,360.0,291482,subway_prior,,
mode,subway,20,360.0,291482,subway_prior,,
mode,subway,21,360.0,291482,subway_prior,,
mode,subway,22,480.0,8710,subway_prior,,
mode,subway,23,480.0,8710,subway_prior,,
mode,subway,0,480.0,8710,subway_prior,,
mode,subway,1,480.0,8710,subway_prior,,
mode,subway,2,480.0,8710,subway_prior,,
mode,subway,3,480.0,8710,subway_prior,,
mode,subway,4,480.0,8710,subway_prior,,
line,地铁10号线内环(巴沟--巴沟),all,300.0,114606,subway_prior,,
line,地铁10号线内环(巴沟--巴沟),7,180.0,29534,subway_prior,,
line,地铁10号线内环(巴沟--巴沟),8,180.0,29534,subway_prior,,
line,地铁10号线内环(巴沟--巴沟),17,180.0,26216,subway_prior,,
line,地铁10号线内环(巴沟--巴沟),18,180.0,26216,subway_prior,,
line,地铁10号线内环(巴沟--巴沟),5,360.0,56881,subway_prior,,
line,地铁10号线内环(巴沟--巴沟),6,360.0,56881,subway_prior,,
line,地铁10号线内环(巴沟--巴沟),9,360.0,56881,subway_prior,,
line,地铁10号线内环(巴沟--巴沟),10,360.0,56881,subway_prior,,
line,地铁10号线内环(巴沟--巴沟),11,360.0,56881,subway_prior,,
line,地铁10号线内环(巴沟--巴沟),12,360.0,56881,subway_prior,,
line,地铁10号线内环(巴沟--巴沟),13,360.0,56881,subway_prior,,
line,地铁10号线内环(巴沟--巴沟),14,360.0,56881,subway_prior,,
line,地铁10号线内环(巴沟--巴沟),15,360.0,56881,subway_prior,,
line,地铁10号线内环(巴沟--巴沟),16,360.0,56881,subway_prior,,
line,地铁10号线内环(巴沟--巴沟),19,360.0,56881,subway_prior,,
line,地铁10号线内环(巴沟--巴沟),20,360.0,56881,subway_prior,,
line,地铁10号线内环(巴沟--巴沟),21,360.0,56881,subway_prior,,
line,地铁10号线内环(巴沟--巴沟),22,480.0,1975,subway_prior,,
line,地铁10号线内环(巴沟--巴沟),23,480.0,1975,subway_prior,,
line,地铁10号线内环(巴沟--巴沟),0,480.0,1975,subway_prior,,
line,地铁10号线内环(巴沟--巴沟),1,480.0,1975,subway_prior,,
line,地铁10号线内环(巴沟--巴沟),2,480.0,1975,subway_prior,,
line,地铁10号线内环(巴沟--巴沟),3,480.0,1975,subway_prior,,
line,地铁10号线内环(巴沟--巴沟),4,480.0,1975,subway_prior,,
line,地铁10号线外环(车道沟--车道沟),all,300.0,114730,subway_prior,,
line,地铁10号线外环(车道沟--车道沟),7,180.0,35560,subway_prior,,
line,地铁10号线外环(车道沟--车道沟),8,180.0,35560,subway_prior,,
line,地铁10号线外环(车道沟--车道沟),17,180.0,22091,subway_prior,,
line,地铁10号线外环(车道沟--车道沟),18,180.0,22091,subway_prior,,
line,地铁10号线外环(车道沟--车道沟),5,360.0,55660,subway_prior,,
line,地铁10号线外环(车道沟--车道沟),6,360.0,55660,subway_prior,,
line,地铁10号线外环(车道沟--车道沟),9,360.0,55660,subway_prior,,
line,地铁10号线外环(车道沟--车道沟),10,360.0,55660,subway_prior,,
line,地铁10号线外环(车道沟--车道沟),11,360.0,55660,subway_prior,,
line,地铁10号线外环(车道沟--车道沟),12,360.0,55660,subway_prior,,
line,地铁10号线外环(车道沟--车道沟),13,360.0,55660,subway_prior,,
line,地铁10号线外环(车道沟--车道沟),14,360.0,55660,subway_prior,,
line,地铁10号线外环(车道沟--车道沟),15,360.0,55660,subway_prior,,
line,地铁10号线外环(车道沟--车道沟),16,360.0,55660,subway_prior,,
line,地铁10号线外环(车道沟--车道沟),19,360.0,55660,subway_prior,,
line,地铁10号线外环(车道沟--车道沟),20,360.0,55660,subway_prior,,
line,地铁10号线外环(车道沟--车道沟),21,360.0,55660,subway_prior,,
line,地铁10号线外环(车道沟--车道沟),22,480.0,1419,subway_prior,,
line,地铁10号线外环(车道沟--车道沟),23,480.0,1419,subway_prior,,
line,地铁10号线外环(车道沟--车道沟),0,480.0,1419,subway_prior,,
line,地铁10号线外环(车道沟--车道沟),1,480.0,1419,subway_prior,,
line,地铁10号线外环(车道沟--车道沟),2,480.0,1419,subway_prior,,
line,地铁10号线外环(车道沟--车道沟),3,480.0,1419,subway_prior,,
line,地铁10号线外环(车道沟--车道沟),4,480.0,1419,subway_prior,,
line,地铁13号线(东直门--西直门),all,300.0,2509,subway_prior,,
line,地铁13号线(东直门--西直门),7,180.0,591,subway_prior,,
line,地铁13号线(东直门--西直门),8,180.0,591,subway_prior,,
line,地铁13号线(东直门--西直门),17,180.0,606,subway_prior,,
line,地铁13号线(东直门--西直门),18,180.0,606,subway_prior,,
line,地铁13号线(东直门--西直门),5,360.0,1279,subway_prior,,
line,地铁13号线(东直门--西直门),6,360.0,1279,subway_prior,,
line,地铁13号线(东直门--西直门),9,360.0,1279,subway_prior,,
line,地铁13号线(东直门--西直门),10,360.0,1279,subway_prior,,
line,地铁13号线(东直门--西直门),11,360.0,1279,subway_prior,,
line,地铁13号线(东直门--西直门),12,360.0,1279,subway_prior,,
line,地铁13号线(东直门--西直门),13,360.0,1279,subway_prior,,
line,地铁13号线(东直门--西直门),14,360.0,1279,subway_prior,,
line,地铁13号线(东直门--西直门),15,360.0,1279,subway_prior,,
line,地铁13号线(东直门--西直门),16,360.0,1279,subway_prior,,
line,地铁13号线(东直门--西直门),19,360.0,1279,subway_prior,,
line,地铁13号线(东直门--西直门),20,360.0,1279,subway_prior,,
line,地铁13号线(东直门--西直门),21,360.0,1279,subway_prior,,
line,地铁13号线(西直门--东直门),all,300.0,2700,subway_prior,,
line,地铁13号线(西直门--东直门),7,180.0,713,subway_prior,,
line,地铁13号线(西直门--东直门),8,180.0,713,subway_prior,,
line,地铁13号线(西直门--东直门),17,180.0,579,subway_prior,,
line,地铁13号线(西直门--东直门),18,180.0,579,subway_prior,,
line,地铁13号线(西直门--东直门),5,360.0,1373,subway_prior,,
line,地铁13号线(西直门--东直门),6,360.0,1373,subway_prior,,
line,地铁13号线(西直门--东直门),9,360.0,1373,subway_prior,,
line,地铁13号线(西直门--东直门),10,360.0,1373,subway_prior,,
line,地铁13号线(西直门--东直门),11,360.0,1373,subway_prior,,
line,地铁13号线(西直门--东直门),12,360.0,1373,subway_prior,,
line,地铁13号线(西直门--东直门),13,360.0,1373,subway_prior,,
line,地铁13号线(西直门--东直门),14,360.0,1373,subway_prior,,
line,地铁13号线(西直门--东直门),15,360.0,1373,subway_prior,,
line,地铁13号线(西直门--东直门),16,360.0,1373,subway_prior,,
line,地铁13号线(西直门--东直门),19,360.0,1373,subway_prior,,
line,地铁13号线(西直门--东直门),20,360.0,1373,subway_prior,,
line,地铁13号线(西直门--东直门),21,360.0,1373,subway_prior,,
line,地铁14号线(善各庄--张郭庄)_seg1,all,300.0,18649,subway_prior,,
line,地铁14号线(善各庄--张郭庄)_seg1,7,180.0,3091,subway_prior,,
line,地铁14号线(善各庄--张郭庄)_seg1,8,180.0,3091,subway_prior,,
line,地铁14号线(善各庄--张郭庄)_seg1,17,180.0,4743,subway_prior,,
line,地铁14号线(善各庄--张郭庄)_seg1,18,180.0,4743,subway_prior,,
line,地铁14号线(善各庄--张郭庄)_seg1,5,360.0,10418,subway_prior,,
line,地铁14号线(善各庄--张郭庄)_seg1,6,360.0,10418,subway_prior,,
line,地铁14号线(善各庄--张郭庄)_seg1,9,360.0,10418,subway_prior,,
line,地铁14号线(善各庄--张郭庄)_seg1,10,360.0,10418,subway_prior,,
line,地铁14号线(善各庄--张郭庄)_seg1,11,360.0,10418,subway_prior,,
line,地铁14号线(善各庄--张郭庄)_seg1,12,360.0,10418,subway_prior,,
line,地铁14号线(善各庄--张郭庄)_seg1,13,360.0,10418,subway_prior,,
line,地铁14号线(善各庄--张郭庄)_seg1,14,360.0,10418,subway_prior,,
line,地铁14号线(善各庄--张郭庄)_seg1,15,360.0,10418,subway_prior,,
line,地铁14号线(善各庄--张郭庄)_seg1,16,360.0,10418,subway_prior,,
line,地铁14号线(善各庄--张郭庄)_seg1,19,360.0,10418,subway_prior,,
line,地铁14号线(善各庄--张郭庄)_seg1,20,360.0,10418,subway_prior,,
line,地铁14号线(善各庄--张郭庄)_seg1,21,360.0,10418,subway_prior,,
line,地铁14号线(善各庄--张郭庄)_seg1,22,480.0,397,subway_prior,,
line,地铁14号线(善各庄--张郭庄)_seg1,23,480.0,397,subway_prior,,
line,地铁14号线(善各庄--张郭庄)_seg1,0,480.0,397,subway_prior,,
line,地铁14号线(善各庄--张郭庄)_seg1,1,480.0,397,subway_prior,,
line,地铁14号线(善各庄--张郭庄)_seg1,2,480.0,397,subway_prior,,
line,地铁14号线(善各庄--张郭庄)_seg1,3,480.0,397,subway_prior,,
line,地铁14号线(善各庄--张郭庄)_seg1,4,480.0,397,subway_prior,,
line,地铁14号线(张郭庄--善各庄)_seg2,all,300.0,19572,subway_prior,,
line,地铁14号线(张郭庄--善各庄)_seg2,7,180.0,6135,subway_prior,,
line,地铁14号线(张郭庄--善各庄)_seg2,8,180.0,6135,subway_prior,,
line,地铁14号线(张郭庄--善各庄)_seg2,17,180.0,2707,subway_prior,,
line,地铁14号线(张郭庄--善各庄)_seg2,18,180.0,2707,subway_prior,,
line,地铁14号线(张郭庄--善各庄)_seg2,5,360.0,10437,subway_prior,,
line,地铁14号线(张郭庄--善各庄)_seg2,6,360.0,10437,subway_prior,,
line,地铁14号线(张郭庄--善各庄)_seg2,9,360.0,10437,subway_prior,,
line,地铁14号线(张郭庄--善各庄)_seg2,10,360.0,10437,subway_prior,,
line,地铁14号线(张郭庄--善各庄)_seg2,11,360.0,10437,subway_prior,,
line,地铁14号线(张郭庄--善各庄)_seg2,12,360.0,10437,subway_prior,,
line,地铁14号线(张郭庄--善各庄)_seg2,13,360.0,10437,subway_prior,,
line,地铁14号线(张郭庄--善各庄)_seg2,14,360.0,10437,subway_prior,,
line,地铁14号线(张郭庄--善各庄)_seg2,15,360.0,10437,subway_prior,,
line,地铁14号线(张郭庄--善各庄)_seg2,16,360.0,10437,subway_prior,,
line,地铁14号线(张郭庄--善各庄)_seg2,19,360.0,10437,subway_prior,,
line,地铁14号线(张郭庄--善各庄)_seg2,20,360.0,10437,subway_prior,,
line,地铁14号线(张郭庄--善各庄)_seg2,21,360.0,10437,subway_prior,,
line,地铁14号线(张郭庄--善各庄)_seg2,22,480.0,293,subway_prior,,
line,地铁14号线(张郭庄--善各庄)_seg2,23,480.0,293,subway_prior,,
line,地铁14号线(张郭庄--善各庄)_seg2,0,480.0,293,subway_prior,,
line,地铁14号线(张郭庄--善各庄)_seg2,1,480.0,293,subway_prior,,
line,地铁14号线(张郭庄--善各庄)_seg2,2,480.0,293,subway_prior,,
line,地铁14号线(张郭庄--善各庄)_seg2,3,480.0,293,subway_prior,,
line,地铁14号线(张郭庄--善各庄)_seg2,4,480.0,293,subway_prior,,
line,地铁1号线八通线(古城--环球度假区),all,300.0,17118,subway_prior,,
line,地铁1号线八通线(古城--环球度假区),7,180.0,4058,subway_prior,,
line,地铁1号线八通线(古城--环球度假区),8,180.0,4058,subway_prior,,
line,地铁1号线八通线(古城--环球度假区),17,180.0,3300,subway_prior,,
line,地铁1号线八通线(古城--环球度假区),18,180.0,3300,subway_prior,,
line,地铁1号线八通线(古城--环球度假区),5,360.0,9536,subway_prior,,
line,地铁1号线八通线(古城--环球度假区),6,360.0,9536,subway_prior,,
line,地铁1号线八通线(古城--环球度假区),9,360.0,9536,subway_prior,,
line,地铁1号线八通线(古城--环球度假区),10,360.0,9536,subway_prior,,
line,地铁1号线八通线(古城--环球度假区),11,360.0,9536,subway_prior,,
line,地铁1号线八通线(古城--环球度假区),12,360.0,9536,subway_prior,,
line,地铁1号线八通线(古城--环球度假区),13,360.0,9536,subway_prior,,
line,地铁1号线八通线(古城--环球度假区),14,360.0,9536,subway_prior,,
line,地铁1号线八通线(古城--环球度假区),15,360.0,9536,subway_prior,,
line,地铁1号线八通线(古城--环球度假区),16,360.0,9536,subway_prior,,
line,地铁1号线八通线(古城--环球度假区),19,360.0,9536,subway_prior,,
line,地铁1号线八通线(古城--环球度假区),20,360.0,9536,subway_prior,,
line,地铁1号线八通线(古城--环球度假区),21,360.0,9536,subway_prior,,
line,地铁1号线八通线(古城--环球度假区),22,480.0,224,subway_prior,,
line,地铁1号线八通线(古城--环球度假区),23,480.0,224,subway_prior,,
line,地铁1号线八通线(古城--环球度假区),0,480.0,224,subway_prior,,
line,地铁1号线八通线(古城--环球度假区),1,480.0,224,subway_prior,,
line,地铁1号线八通线(古城--环球度假区),2,480.0,224,subway_prior,,
line,地铁1号线八通线(古城--环球度假区),3,480.0,224,subway_prior,,
line,地铁1号线八通线(古城--环球度假区),4,480.0,224,subway_prior,,
line,地铁1号线八通线(环球度假区--古城),all,300.0,16048,subway_prior,,
line,地铁1号线八通线(环球度假区--古城),7,180.0,3069,subway_prior,,
line,地铁1号线八通线(环球度假区--古城),8,180.0,3069,subway_prior,,
line,地铁1号线八通线(环球度假区--古城),17,180.0,3611,subway_prior,,
line,地铁1号线八通线(环球度假区--古城),18,180.0,3611,subway_prior,,
line,地铁1号线八通线(环球度假区--古城),5,360.0,9098,subway_prior,,
line,地铁1号线八通线(环球度假区--古城),6,360.0,9098,subway_prior,,
line,地铁1号线八通线(环球度假区--古城),9,360.0,9098,subway_prior,,
line,地铁1号线八通线(环球度假区--古城),10,360.0,9098,subway_prior,,
line,地铁1号线八通线(环球度假区--古城),11,360.0,9098,subway_prior,,
line,地铁1号线八通线(环球度假区--古城),12,360.0,9098,subway_prior,,
line,地铁1号线八通线(环球度假区--古城),13,360.0,9098,subway_prior,,
line,地铁1号线八通线(环球度假区--古城),14,360.0,9098,subway_prior,,
line,地铁1号线八通线(环球度假区--古城),15,360.0,9098,subway_prior,,
line,地铁1号线八通线(环球度假区--古城),16,360.0,9098,subway_prior,,
line,地铁1号线八通线(环球度假区--古城),19,360.0,9098,subway_prior,,
line,地铁1号线八通线(环球度假区--古城),20,360.0,9098,subway_prior,,
line,地铁1号线八通线(环球度假区--古城),21,360.0,9098,subway_prior,,
line,地铁1号线八通线(环球度假区--古城),22,480.0,270,subway_prior,,
line,地铁1号线八通线(环球度假区--古城),23,480.0,270,subway_prior,,
line,地铁1号线八通线(环球度假区--古城),0,480.0,270,subway_prior,,
line,地铁1号线八通线(环球度假区--古城),1,480.0,270,subway_prior,,
line,地铁1号线八通线(环球度假区--古城),2,480.0,270,subway_prior,,
line,地铁1号线八通线(环球度假区--古城),3,480.0,270,subway_prior,,
line,地铁1号线八通线(环球度假区--古城),4,480.0,270,subway_prior,,
line,地铁2号线内环(积水潭--积水潭),all,300.0,52628,subway_prior,,
line,地铁2号线内环(积水潭--积水潭),7,180.0,13973,subway_prior,,
line,地铁2号线内环(积水潭--积水潭),8,180.0,13973,subway_prior,,
line,地铁2号线内环(积水潭--积水潭),17,180.0,11108,subway_prior,,
line,地铁2号线内环(积水潭--积水潭),18,180.0,11108,subway_prior,,
line,地铁2号线内环(积水潭--积水潭),5,360.0,27017,subway_prior,,
line,地铁2号线内环(积水潭--积水潭),6,360.0,27017,subway_prior,,
line,地铁2号线内环(积水潭--积水潭),9,360.0,27017,subway_prior,,
line,地铁2号线内环(积水潭--积水潭),10,360.0,27017,subway_prior,,
line,地铁2号线内环(积水潭--积水潭),11,360.0,27017,subway_prior,,
line,地铁2号线内环(积水潭--积水潭),12,360.0,27017,subway_prior,,
line,地铁2号线内环(积水潭--积水潭),13,360.0,27017,subway_prior,,
line,地铁2号线内环(积水潭--积水潭),14,360.0,27017,subway_prior,,
line,地铁2号线内环(积水潭--积水潭),15,360.0,27017,subway_prior,,
line,地铁2号线内环(积水潭--积水潭),16,360.0,27017,subway_prior,,
line,地铁2号线内环(积水潭--积水潭),19,360.0,27017,subway_prior,,
line,地铁2号线内环(积水潭--积水潭),20,360.0,27017,subway_prior,,
line,地铁2号线内环(积水潭--积水潭),21,360.0,27017,subway_prior,,
line,地铁2号线内环(积水潭--积水潭),22,480.0,530,subway_prior,,
line,地铁2号线内环(积水潭--积水潭),23,480.0,530,subway_prior,,
line,地铁2号线内环(积水潭--积水潭),0,480.0,530,subway_prior,,
line,地铁2号线内环(积水潭--积水潭),1,480.0,530,subway_prior,,
line,地铁2号线内环(积水潭--积水潭),2,480.0,530,subway_prior,,
line,地铁2号线内环(积水潭--积水潭),3,480.0,530,subway_prior,,
line,地铁2号线内环(积水潭--积水潭),4,480.0,530,subway_prior,,
line,地铁2号线外环(西直门--西直门),all,300.0,45804,subway_prior,,
line,地铁2号线外环(西直门--西直门),7,180.0,12427,subway_prior,,
line,地铁2号线外环(西直门--西直门),8,180.0,12427,subway_prior,,
line,地铁2号线外环(西直门--西直门),17,180.0,9409,subway_prior,,
line,地铁2号线外环(西直门--西直门),18,180.0,9409,subway_prior,,
line,地铁2号线外环(西直门--西直门),5,360.0,23469,subway_prior,,
line,地铁2号线外环(西直门--西直门),6,360.0,23469,subway_prior,,
line,地铁2号线外环(西直门--西直门),9,360.0,23469,subway_prior,,
line,地铁2号线外环(西直门--西直门),10,360.0,23469,subway_prior,,
line,地铁2号线外环(西直门--西直门),11,360.0,23469,subway_prior,,
line,地铁2号线外环(西直门--西直门),12,360.0,23469,subway_prior,,
line,地铁2号线外环(西直门--西直门),13,360.0,23469,subway_prior,,
line,地铁2号线外环(西直门--西直门),14,360.0,23469,subway_prior,,
line,地铁2号线外环(西直门--西直门),15,360.0,23469,subway_prior,,
line,地铁2号线外环(西直门--西直门),16,360.0,23469,subway_prior,,
line,地铁2号线外环(西直门--西直门),19,360.0,23469,subway_prior,,
line,地铁2号线外环(西直门--西直门),20,360.0,23469,subway_prior,,
line,地铁2号线外环(西直门--西直门),21,360.0,23469,subway_prior,,
line,地铁2号线外环(西直门--西直门),22,480.0,499,subway_prior,,
line,地铁2号线外环(西直门--西直门),23,480.0,499,subway_prior,,
line,地铁2号线外环(西直门--西直门),0,480.0,499,subway_prior,,
line,地铁2号线外环(西直门--西直门),1,480.0,499,subway_prior,,
line,地铁2号线外环(西直门--西直门),2,480.0,499,subway_prior,,
line,地铁2号线外环(西直门--西直门),3,480.0,499,subway_prior,,
line,地铁2号线外环(西直门--西直门),4,480.0,499,subway_prior,,
line,地铁4号线大兴线(天宫院--安河桥北),all,300.0,26523,subway_prior,,
line,地铁4号线大兴线(天宫院--安河桥北),7,180.0,8016,subway_prior,,
line,地铁4号线大兴线(天宫院--安河桥北),8,180.0,8016,subway_prior,,
line,地铁4号线大兴线(天宫院--安河桥北),17,180.0,3517,subway_prior,,
line,地铁4号线大兴线(天宫院--安河桥北),18,180.0,3517,subway_prior,,
line,地铁4号线大兴线(天宫院--安河桥北),5,360.0,14519,subway_prior,,
line,地铁4号线大兴线(天宫院--安河桥北),6,360.0,14519,subway_prior,,
line,地铁4号线大兴线(天宫院--安河桥北),9,360.0,14519,subway_prior,,
line,地铁4号线大兴线(天宫院--安河桥北),10,360.0,14519,subway_prior,,
line,地铁4号线大兴线(天宫院--安河桥北),11,360.0,14519,subway_prior,,
line,地铁4号线大兴线(天宫院--安河桥北),12,360.0,14519,subway_prior,,
line,地铁4号线大兴线(天宫院--安河桥北),13,360.0,14519,subway_prior,,
line,地铁4号线大兴线(天宫院--安河桥北),14,360.0,14519,subway_prior,,
line,地铁4号线大兴线(天宫院--安河桥北),15,360.0,14519,subway_prior,,
line,地铁4号线大兴线(天宫院--安河桥北),16,360.0,14519,subway_prior,,
line,地铁4号线大兴线(天宫院--安河桥北),19,360.0,14519,subway_prior,,
line,地铁4号线大兴线(天宫院--安河桥北),20,360.0,14519,subway_prior,,
line,地铁4号线大兴线(天宫院--安河桥北),21,360.0,14519,subway_prior,,
line,地铁4号线大兴线(天宫院--安河桥北),22,480.0,471,subway_prior,,
line,地铁4号线大兴线(天宫院--安河桥北),23,480.0,471,subway_prior,,
line,地铁4号线大兴线(天宫院--安河桥北),0,480.0,471,subway_prior,,
line,地铁4号线大兴线(天宫院--安河桥北),1,480.0,471,subway_prior,,
line,地铁4号线大兴线(天宫院--安河桥北),2,480.0,471,subway_prior,,
line,地铁4号线大兴线(天宫院--安河桥北),3,480.0,471,subway_prior,,
line,地铁4号线大兴线(天宫院--安河桥北),4,480.0,471,subway_prior,,
line,地铁4号线大兴线(安河桥北--天宫院),all,300.0,25256,subway_prior,,
line,地铁4号线大兴线(安河桥北--天宫院),7,180.0,3642,subway_prior,,
line,地铁4号线大兴线(安河桥北--天宫院),8,180.0,3642,subway_prior,,
line,地铁4号线大兴线(安河桥北--天宫院),17,180.0,6338,subway_prior,,
line,地铁4号线大兴线(安河桥北--天宫院),18,180.0,6338,subway_prior,,
line,地铁4号线大兴线(安河桥北--天宫院),5,360.0,14632,subway_prior,,
line,地铁4号线大兴线(安河桥北--天宫院),6,360.0,14632,subway_prior,,
line,地铁4号线大兴线(安河桥北--天宫院),9,360.0,14632,subway_prior,,
line,地铁4号线大兴线(安河桥北--天宫院),10,360.0,14632,subway_prior,,
line,地铁4号线大兴线(安河桥北--天宫院),11,360.0,14632,subway_prior,,
line,地铁4号线大兴线(安河桥北--天宫院),12,360.0,14632,subway_prior,,
line,地铁4号线大兴线(安河桥北--天宫院),13,360.0,14632,subway_prior,,
line,地铁4号线大兴线(安河桥北--天宫院),14,360.0,14632,subway_prior,,
line,地铁4号线大兴线(安河桥北--天宫院),15,360.0,14632,subway_prior,,
line,地铁4号线大兴线(安河桥北--天宫院),16,360.0,14632,subway_prior,,
line,地铁4号线大兴线(安河桥北--天宫院),19,360.0,14632,subway_prior,,
line,地铁4号线大兴线(安河桥北--天宫院),20,360.0,14632,subway_prior,,
line,地铁4号线大兴线(安河桥北--天宫院),21,360.0,14632,subway_prior,,
line,地铁4号线大兴线(安河桥北--天宫院),22,480.0,644,subway_prior,,
line,地铁4号线大兴线(安河桥北--天宫院),23,480.0,644,subway_prior,,
line,地铁4号线大兴线(安河桥北--天宫院),0,480.0,644,subway_prior,,
line,地铁4号线大兴线(安河桥北--天宫院),1,480.0,644,subway_prior,,
line,地铁4号线大兴线(安河桥北--天宫院),2,480.0,644,subway_prior,,
line,地铁4号线大兴线(安河桥北--天宫院),3,480.0,644,subway_prior,,
line,地铁4号线大兴线(安河桥北--天宫院),4,480.0,644,subway_prior,,
line,地铁5号线(天通苑北--宋家庄),all,300.0,22260,subway_prior,,
line,地铁5号线(天通苑北--宋家庄),7,180.0,3640,subway_prior,,
line,地铁5号线(天通苑北--宋家庄),8,180.0,3640,subway_prior,,
line,地铁5号线(天通苑北--宋家庄),17,180.0,6089,subway_prior,,
line,地铁5号线(天通苑北--宋家庄),18,180.0,6089,subway_prior,,
line,地铁5号线(天通苑北--宋家庄),5,360.0,11987,subway_prior,,
line,地铁5号线(天通苑北--宋家庄),6,360.0,11987,subway_prior,,
line,地铁5号线(天通苑北--宋家庄),9,360.0,11987,subway_prior,,
line,地铁5号线(天通苑北--宋家庄),10,360.0,11987,subway_prior,,
line,地铁5号线(天通苑北--宋家庄),11,360.0,11987,subway_prior,,
line,地铁5号线(天通苑北--宋家庄),12,360.0,11987,subway_prior,,
line,地铁5号线(天通苑北--宋家庄),13,360.0,11987,subway_prior,,
line,地铁5号线(天通苑北--宋家庄),14,360.0,11987,subway_prior,,
line,地铁5号线(天通苑北--宋家庄),15,360.0,11987,subway_prior,,
line,地铁5号线(天通苑北--宋家庄),16,360.0,11987,subway_prior,,
line,地铁5号线(天通苑北--宋家庄),19,360.0,11987,subway_prior,,
line,地铁5号线(天通苑北--宋家庄),20,360.0,11987,subway_prior,,
line,地铁5号线(天通苑北--宋家庄),21,360.0,11987,subway_prior,,
line,地铁5号线(天通苑北--宋家庄),22,480.0,544,subway_prior,,
line,地铁5号线(天通苑北--宋家庄),23,480.0,544,subway_prior,,
line,地铁5号线(天通苑北--宋家庄),0,480.0,544,subway_prior,,
line,地铁5号线(天通苑北--宋家庄),1,480.0,544,subway_prior,,
line,地铁5号线(天通苑北--宋家庄),2,480.0,544,subway_prior,,
line,地铁5号线(天通苑北--宋家庄),3,480.0,544,subway_prior,,
line,地铁5号线(天通苑北--宋家庄),4,480.0,544,subway_prior,,
line,地铁5号线(宋家庄--天通苑北),all,300.0,24001,subway_prior,,
line,地铁5号线(宋家庄--天通苑北),7,180.0,8678,subway_prior,,
line,地铁5号线(宋家庄--天通苑北),8,180.0,8678,subway_prior,,
line,地铁5号线(宋家庄--天通苑北),17,180.0,3196,subway_prior,,
line,地铁5号线(宋家庄--天通苑北),18,180.0,3196,subway_prior,,
line,地铁5号线(宋家庄--天通苑北),5,360.0,11865,subway_prior,,
line,地铁5号线(宋家庄--天通苑北),6,360.0,11865,subway_prior,,
line,地铁5号线(宋家庄--天通苑北),9,360.0,11865,subway_prior,,
line,地铁5号线(宋家庄--天通苑北),10,360.0,11865,subway_prior,,
line,地铁5号线(宋家庄--天通苑北),11,360.0,11865,subway_prior,,
line,地铁5号线(宋家庄--天通苑北),12,360.0,11865,subway_prior,,
line,地铁5号线(宋家庄--天通苑北),13,360.0,11865,subway_prior,,
line,地铁5号线(宋家庄--天通苑北),14,360.0,11865,subway_prior,,
line,地铁5号线(宋家庄--天通苑北),15,360.0,11865,subway_prior,,
line,地铁5号线(宋家庄--天通苑北),16,360.0,11865,subway_prior,,
line,地铁5号线(宋家庄--天通苑北),19,360.0,11865,subway_prior,,
line,地铁5号线(宋家庄--天通苑北),20,360.0,11865,subway_prior,,
line,地铁5号线(宋家庄--天通苑北),21,360.0,11865,subway_prior,,
line,地铁5号线(宋家庄--天通苑北),22,480.0,262,subway_prior,,
line,地铁5号线(宋家庄--天通苑北),23,480.0,262,subway_prior,,
line,地铁5号线(宋家庄--天通苑北),0,480.0,262,subway_prior,,
line,地铁5号线(宋家庄--天通苑北),1,480.0,262,subway_prior,,
line,地铁5号线(宋家庄--天通苑北),2,480.0,262,subway_prior,,
line,地铁5号线(宋家庄--天通苑北),3,480.0,262,subway_prior,,
line,地铁5号线(宋家庄--天通苑北),4,480.0,262,subway_prior,,
line,地铁6号线(潞城--金安桥),all,300.0,10093,subway_prior,,
line,地铁6号线(潞城--金安桥),7,180.0,2083,subway_prior,,
line,地铁6号线(潞城--金安桥),8,180.0,2083,subway_prior,,
line,地铁6号线(潞城--金安桥),17,180.0,2675,subway_prior,,
line,地铁6号线(潞城--金安桥),18,180.0,2675,subway_prior,,
line,地铁6号线(潞城--金安桥),5,360.0,5145,subway_prior,,
line,地铁6号线(潞城--金安桥),6,360.0,5145,subway_prior,,
line,地铁6号线(潞城--金安桥),9,360.0,5145,subway_prior,,
line,地铁6号线(潞城--金安桥),10,360.0,5145,subway_prior,,
line,地铁6号线(潞城--金安桥),11,360.0,5145,subway_prior,,
line,地铁6号线(潞城--金安桥),12,360.0,5145,subway_prior,,
line,地铁6号线(潞城--金安桥),13,360.0,5145,subway_prior,,
line,地铁6号线(潞城--金安桥),14,360.0,5145,subway_prior,,
line,地铁6号线(潞城--金安桥),15,360.0,5145,subway_prior,,
line,地铁6号线(潞城--金安桥),16,360.0,5145,subway_prior,,
line,地铁6号线(潞城--金安桥),19,360.0,5145,subway_prior,,
line,地铁6号线(潞城--金安桥),20,360.0,5145,subway_prior,,
line,地铁6号线(潞城--金安桥),21,360.0,5145,subway_prior,,
line,地铁6号线(潞城--金安桥),22,480.0,190,subway_prior,,
line,地铁6号线(潞城--金安桥),23,480.0,190,subway_prior,,
line,地铁6号线(潞城--金安桥),0,480.0,190,subway_prior,,
line,地铁6号线(潞城--金安桥),1,480.0,190,subway_prior,,
line,地铁6号线(潞城--金安桥),2,480.0,190,subway_prior,,
line,地铁6号线(潞城--金安桥),3,480.0,190,subway_prior,,
line,地铁6号线(潞城--金安桥),4,480.0,190,subway_prior,,
line,地铁6号线(金安桥--潞城),all,300.0,10172,subway_prior,,
line,地铁6号线(金安桥--潞城),7,180.0,3108,subway_prior,,
line,地铁6号线(金安桥--潞城),8,180.0,3108,subway_prior,,
line,地铁6号线(金安桥--潞城),17,180.0,1896,subway_prior,,
line,地铁6号线(金安桥--潞城),18,180.0,1896,subway_prior,,
line,地铁6号线(金安桥--潞城),5,360.0,5024,subway_prior,,
line,地铁6号线(金安桥--潞城),6,360.0,5024,subway_prior,,
line,地铁6号线(金安桥--潞城),9,360.0,5024,subway_prior,,
line,地铁6号线(金安桥--潞城),10,360.0,5024,subway_prior,,
line,地铁6号线(金安桥--潞城),11,360.0,5024,subway_prior,,
line,地铁6号线(金安桥--潞城),12,360.0,5024,subway_prior,,
line,地铁6号线(金安桥--潞城),13,360.0,5024,subway_prior,,
line,地铁6号线(金安桥--潞城),14,360.0,5024,subway_prior,,
line,地铁6号线(金安桥--潞城),15,360.0,5024,subway_prior,,
line,地铁6号线(金安桥--潞城),16,360.0,5024,subway_prior,,
line,地铁6号线(金安桥--潞城),19,360.0,5024,subway_prior,,
line,地铁6号线(金安桥--潞城),20,360.0,5024,subway_prior,,
line,地铁6号线(金安桥--潞城),21,360.0,5024,subway_prior,,
line,地铁7号线(北京西站--环球度假区),all,300.0,11313,subway_prior,,
line,地铁7号线(北京西站--环球度假区),7,180.0,2972,subway_prior,,
line,地铁7号线(北京西站--环球度假区),8,180.0,2972,subway_prior,,
line,地铁7号线(北京西站--环球度假区),17,180.0,2101,subway_prior,,
line,地铁7号线(北京西站--环球度假区),18,180.0,2101,subway_prior,,
line,地铁7号线(北京西站--环球度假区),5,360.0,5891,subway_prior,,
line,地铁7号线(北京西站--环球度假区),6,360.0,5891,subway_prior,,
line,地铁7号线(北京西站--环球度假区),9,360.0,5891,subway_prior,,
line,地铁7号线(北京西站--环球度假区),10,360.0,5891,subway_prior,,
line,地铁7号线(北京西站--环球度假区),11,360.0,5891,subway_prior,,
line,地铁7号线(北京西站--环球度假区),12,360.0,5891,subway_prior,,
line,地铁7号线(北京西站--环球度假区),13,360.0,5891,subway_prior,,
line,地铁7号线(北京西站--环球度假区),14,360.0,5891,subway_prior,,
line,地铁7号线(北京西站--环球度假区),15,360.0,5891,subway_prior,,
line,地铁7号线(北京西站--环球度假区),16,360.0,5891,subway_prior,,
line,地铁7号线(北京西站--环球度假区),19,360.0,5891,subway_prior,,
line,地铁7号线(北京西站--环球度假区),20,360.0,5891,subway_prior,,
line,地铁7号线(北京西站--环球度假区),21,360.0,5891,subway_prior,,
line,地铁7号线(北京西站--环球度假区),22,480.0,349,subway_prior,,
line,地铁7号线(北京西站--环球度假区),23,480.0,349,subway_prior,,
line,地铁7号线(北京西站--环球度假区),0,480.0,349,subway_prior,,
line,地铁7号线(北京西站--环球度假区),1,480.0,349,subway_prior,,
line,地铁7号线(北京西站--环球度假区),2,480.0,349,subway_prior,,
line,地铁7号线(北京西站--环球度假区),3,480.0,349,subway_prior,,
line,地铁7号线(北京西站--环球度假区),4,480.0,349,subway_prior,,
line,地铁7号线(环球度假区--北京西站),all,300.0,11016,subway_prior,,
line,地铁7号线(环球度假区--北京西站),7,180.0,2667,subway_prior,,
line,地铁7号线(环球度假区--北京西站),8,180.0,2667,subway_prior,,
line,地铁7号线(环球度假区--北京西站),17,180.0,2391,subway_prior,,
line,地铁7号线(环球度假区--北京西站),18,180.0,2391,subway_prior,,
line,地铁7号线(环球度假区--北京西站),5,360.0,5851,subway_prior,,
line,地铁7号线(环球度假区--北京西站),6,360.0,5851,subway_prior,,
line,地铁7号线(环球度假区--北京西站),9,360.0,5851,subway_prior,,
line,地铁7号线(环球度假区--北京西站),10,360.0,5851,subway_prior,,
line,地铁7号线(环球度假区--北京西站),11,360.0,5851,subway_prior,,
line,地铁7号线(环球度假区--北京西站),12,360.0,5851,subway_prior,,
line,地铁7号线(环球度假区--北京西站),13,360.0,5851,subway_prior,,
line,地铁7号线(环球度假区--北京西站),14,360.0,5851,subway_prior,,
line,地铁7号线(环球度假区--北京西站),15,360.0,5851,subway_prior,,
line,地铁7号线(环球度假区--北京西站),16,360.0,5851,subway_prior,,
line,地铁7号线(环球度假区--北京西站),19,360.0,5851,subway_prior,,
line,地铁7号线(环球度假区--北京西站),20,360.0,5851,subway_prior,,
line,地铁7号线(环球度假区--北京西站),21,360.0,5851,subway_prior,,
line,地铁8号线(朱辛庄--瀛海)_seg1,all,300.0,1656,subway_prior,,
line,地铁8号线(朱辛庄--瀛海)_seg1,7,180.0,398,subway_prior,,
line,地铁8号线(朱辛庄--瀛海)_seg1,8,180.0,398,subway_prior,,
line,地铁8号线(朱辛庄--瀛海)_seg1,17,180.0,326,subway_prior,,
line,地铁8号线(朱辛庄--瀛海)_seg1,18,180.0,326,subway_prior,,
line,地铁8号线(朱辛庄--瀛海)_seg1,5,360.0,925,subway_prior,,
line,地铁8号线(朱辛庄--瀛海)_seg1,6,360.0,925,subway_prior,,
line,地铁8号线(朱辛庄--瀛海)_seg1,9,360.0,925,subway_prior,,
line,地铁8号线(朱辛庄--瀛海)_seg1,10,360.0,925,subway_prior,,
line,地铁8号线(朱辛庄--瀛海)_seg1,11,360.0,925,subway_prior,,
line,地铁8号线(朱辛庄--瀛海)_seg1,12,360.0,925,subway_prior,,
line,地铁8号线(朱辛庄--瀛海)_seg1,13,360.0,925,subway_prior,,
line,地铁8号线(朱辛庄--瀛海)_seg1,14,360.0,925,subway_prior,,
line,地铁8号线(朱辛庄--瀛海)_seg1,15,360.0,925,subway_prior,,
line,地铁8号线(朱辛庄--瀛海)_seg1,16,360.0,925,subway_prior,,
line,地铁8号线(朱辛庄--瀛海)_seg1,19,360.0,925,subway_prior,,
line,地铁8号线(朱辛庄--瀛海)_seg1,20,360.0,925,subway_prior,,
line,地铁8号线(朱辛庄--瀛海)_seg1,21,360.0,925,subway_prior,,
line,地铁8号线(朱辛庄--瀛海)_seg2,all,300.0,547,subway_prior,,
line,地铁8号线(朱辛庄--瀛海)_seg2,5,360.0,357,subway_prior,,
line,地铁8号线(朱辛庄--瀛海)_seg2,6,360.0,357,subway_prior,,
line,地铁8号线(朱辛庄--瀛海)_seg2,9,360.0,357,subway_prior,,
line,地铁8号线(朱辛庄--瀛海)_seg2,10,360.0,357,subway_prior,,
line,地铁8号线(朱辛庄--瀛海)_seg2,11,360.0,357,subway_prior,,
line,地铁8号线(朱辛庄--瀛海)_seg2,12,360.0,357,subway_prior,,
line,地铁8号线(朱辛庄--瀛海)_seg2,13,360.0,357,subway_prior,,
line,地铁8号线(朱辛庄--瀛海)_seg2,14,360.0,357,subway_prior,,
line,地铁8号线(朱辛庄--瀛海)_seg2,15,360.0,357,subway_prior,,
line,地铁8号线(朱辛庄--瀛海)_seg2,16,360.0,357,subway_prior,,
line,地铁8号线(朱辛庄--瀛海)_seg2,19,360.0,357,subway_prior,,
line,地铁8号线(朱辛庄--瀛海)_seg2,20,360.0,357,subway_prior,,
line,地铁8号线(朱辛庄--瀛海)_seg2,21,360.0,357,subway_prior,,
line,地铁8号线(瀛海--朱辛庄)_seg1,all,300.0,636,subway_prior,,
line,地铁8号线(瀛海--朱辛庄)_seg1,7,180.0,178,subway_prior,,
line,地铁8号线(瀛海--朱辛庄)_seg1,8,180.0,178,subway_prior,,
line,地铁8号线(瀛海--朱辛庄)_seg1,5,360.0,378,subway_prior,,
line,地铁8号线(瀛海--朱辛庄)_seg1,6,360.0,378,subway_prior,,
line,地铁8号线(瀛海--朱辛庄)_seg1,9,360.0,378,subway_prior,,
line,地铁8号线(瀛海--朱辛庄)_seg1,10,360.0,378,subway_prior,,
line,地铁8号线(瀛海--朱辛庄)_seg1,11,360.0,378,subway_prior,,
line,地铁8号线(瀛海--朱辛庄)_seg1,12,360.0,378,subway_prior,,
line,地铁8号线(瀛海--朱辛庄)_seg1,13,360.0,378,subway_prior,,
line,地铁8号线(瀛海--朱辛庄)_seg1,14,360.0,378,subway_prior,,
line,地铁8号线(瀛海--朱辛庄)_seg1,15,360.0,378,subway_prior,,
line,地铁8号线(瀛海--朱辛庄)_seg1,16,360.0,378,subway_prior,,
line,地铁8号线(瀛海--朱辛庄)_seg1,19,360.0,378,subway_prior,,
line,地铁8号线(瀛海--朱辛庄)_seg1,20,360.0,378,subway_prior,,
line,地铁8号线(瀛海--朱辛庄)_seg1,21,360.0,378,subway_prior,,
line,地铁8号线(瀛海--朱辛庄)_seg2,all,300.0,1474,subway_prior,,
line,地铁8号线(瀛海--朱辛庄)_seg2,7,180.0,230,subway_prior,,
line,地铁8号线(瀛海--朱辛庄)_seg2,8,180.0,230,subway_prior,,
line,地铁8号线(瀛海--朱辛庄)_seg2,17,180.0,431,subway_prior,,
line,地铁8号线(瀛海--朱辛庄)_seg2,18,180.0,431,subway_prior,,
line,地铁8号线(瀛海--朱辛庄)_seg2,5,360.0,789,subway_prior,,
line,地铁8号线(瀛海--朱辛庄)_seg2,6,360.0,789,subway_prior,,
line,地铁8号线(瀛海--朱辛庄)_seg2,9,360.0,789,subway_prior,,
line,地铁8号线(瀛海--朱辛庄)_seg2,10,360.0,789,subway_prior,,
line,地铁8号线(瀛海--朱辛庄)_seg2,11,360.0,789,subway_prior,,
line,地铁8号线(瀛海--朱辛庄)_seg2,12,360.0,789,subway_prior,,
line,地铁8号线(瀛海--朱辛庄)_seg2,13,360.0,789,subway_prior,,
line,地铁8号线(瀛海--朱辛庄)_seg2,14,360.0,789,subway_prior,,
line,地铁8号线(瀛海--朱辛庄)_seg2,15,360.0,789,subway_prior,,
line,地铁8号线(瀛海--朱辛庄)_seg2,16,360.0,789,subway_prior,,
line,地铁8号线(瀛海--朱辛庄)_seg2,19,360.0,789,subway_prior,,
line,地铁8号线(瀛海--朱辛庄)_seg2,20,360.0,789,subway_prior,,
line,地铁8号线(瀛海--朱辛庄)_seg2,21,360.0,789,subway_prior,,
line,地铁9号线(国家图书馆--郭公庄),all,300.0,8180,subway_prior,,
line,地铁9号线(国家图书馆--郭公庄),7,180.0,1144,subway_prior,,
line,地铁9号线(国家图书馆--郭公庄),8,180.0,1144,subway_prior,,
line,地铁9号线(国家图书馆--郭公庄),17,180.0,2446,subway_prior,,
line,地铁9号线(国家图书馆--郭公庄),18,180.0,2446,subway_prior,,
line,地铁9号线(国家图书馆--郭公庄),5,360.0,4387,subway_prior,,
line,地铁9号线(国家图书馆--郭公庄),6,360.0,4387,subway_prior,,
line,地铁9号线(国家图书馆--郭公庄),9,360.0,4387,subway_prior,,
line,地铁9号线(国家图书馆--郭公庄),10,360.0,4387,subway_prior,,
line,地铁9号线(国家图书馆--郭公庄),11,360.0,4387,subway_prior,,
line,地铁9号线(国家图书馆--郭公庄),12,360.0,4387,subway_prior,,
line,地铁9号线(国家图书馆--郭公庄),13,360.0,4387,subway_prior,,
line,地铁9号线(国家图书馆--郭公庄),14,360.0,4387,subway_prior,,
line,地铁9号线(国家图书馆--郭公庄),15,360.0,4387,subway_prior,,
line,地铁9号线(国家图书馆--郭公庄),16,360.0,4387,subway_prior,,
line,地铁9号线(国家图书馆--郭公庄),19,360.0,4387,subway_prior,,
line,地铁9号线(国家图书馆--郭公庄),20,360.0,4387,subway_prior,,
line,地铁9号线(国家图书馆--郭公庄),21,360.0,4387,subway_prior,,
line,地铁9号线(国家图书馆--郭公庄),22,480.0,203,subway_prior,,
line,地铁9号线(国家图书馆--郭公庄),23,480.0,203,subway_prior,,
line,地铁9号线(国家图书馆--郭公庄),0,480.0,203,subway_prior,,
line,地铁9号线(国家图书馆--郭公庄),1,480.0,203,subway_prior,,
line,地铁9号线(国家图书馆--郭公庄),2,480.0,203,subway_prior,,
line,地铁9号线(国家图书馆--郭公庄),3,480.0,203,subway_prior,,
line,地铁9号线(国家图书馆--郭公庄),4,480.0,203,subway_prior,,
line,地铁9号线(郭公庄--国家图书馆),all,300.0,8489,subway_prior,,
line,地铁9号线(郭公庄--国家图书馆),7,180.0,3148,subway_prior,,
line,地铁9号线(郭公庄--国家图书馆),8,180.0,3148,subway_prior,,
line,地铁9号线(郭公庄--国家图书馆),17,180.0,884,subway_prior,,
line,地铁9号线(郭公庄--国家图书馆),18,180.0,884,subway_prior,,
line,地铁9号线(郭公庄--国家图书馆),5,360.0,4388,subway_prior,,
line,地铁9号线(郭公庄--国家图书馆),6,360.0,4388,subway_prior,,
line,地铁9号线(郭公庄--国家图书馆),9,360.0,4388,subway_prior,,
line,地铁9号线(郭公庄--国家图书馆),10,360.0,4388,subway_prior,,
line,地铁9号线(郭公庄--国家图书馆),11,360.0,4388,subway_prior,,
line,地铁9号线(郭公庄--国家图书馆),12,360.0,4388,subway_prior,,
line,地铁9号线(郭公庄--国家图书馆),13,360.0,4388,subway_prior,,
line,地铁9号线(郭公庄--国家图书馆),14,360.0,4388,subway_prior,,
line,地铁9号线(郭公庄--国家图书馆),15,360.0,4388,subway_prior,,
line,地铁9号线(郭公庄--国家图书馆),16,360.0,4388,subway_prior,,
line,地铁9号线(郭公庄--国家图书馆),19,360.0,4388,subway_prior,,
line,地铁9号线(郭公庄--国家图书馆),20,360.0,4388,subway_prior,,
line,地铁9号线(郭公庄--国家图书馆),21,360.0,4388,subway_prior,,
